hotel_name,destination,address,latitude,longitude,phone,rating,price_per_night,currency,booking_status,booking_url,data_quality_score,price_category
Kathmandu Marriott Hotel,Kathmandu,Manakamana Marg Naxal Kathmandu Nepal,27.7172,85.324,+97715970000,4.7,180,USD,Available,https://www.marriott.com,100.0,Luxury
The Dwarika'S Hotel,Kathmandu,Battisputali Kathmandu Nepal,27.7048,85.3386,+97714479488,4.8,300,USD,Available,https://www.dwarikas.com,100.0,Luxury
Hyatt Regency Kathmandu,Kathmandu,Boudha Kathmandu Nepal,27.7215,85.3605,+97715171234,4.5,150,USD,Available,https://www.hyatt.com,100.0,Luxury
Hotel Yak And Yeti,Kathmandu,Durbar Marg Kathmandu Nepal,27.7114,85.3188,+97714248999,4.4,120,USD,Available,https://www.yakandyeti.com,100.0,Mid Range
Radisson Hotel Kathmandu,Kathmandu,Lazimpat Kathmandu Nepal,27.7186,85.3172,+97714411818,4.3,110,USD,Available,https://www.radissonhotels.com,100.0,Mid Range
Aloft Kathmandu Thamel,Kathmandu,Chhaya Devi Complex Thamel Kathmandu Nepal,27.7148,85.3121,+97715252000,4.5,130,USD,Available,https://www.marriott.com,100.0,Mid Range
Hotel Mulberry,Kathmandu,Thamel Kathmandu Nepal,27.7159,85.3138,+97714700927,4.4,95,USD,Available,https://www.hotelmulberry.com,100.0,Mid Range
Fairfield By Marriott Kathmandu,Kathmandu,Tridevi Marg Kathmandu Nepal,27.714,85.3127,+97714217999,4.3,90,USD,Available,https://www.marriott.com,100.0,Mid Range
Hotel Shambala,Kathmandu,Bansbari Kathmandu Nepal,27.7345,85.342,+97714650250,4.4,80,USD,Available,https://www.shambalahotel.com,100.0,Mid Range
Gokarna Forest Resort,Kathmandu,Gokarna Kathmandu Nepal,27.734,85.405,+97714451212,4.6,170,USD,Available,https://www.gokarna.com,100.0,Luxury
Temple Tree Resort & Spa,Pokhara,Gaurighat Lakeside Pokhara Nepal,28.2096,83.9595,+97761465819,4.6,140,USD,Available,https://www.templetreenepal.com,100.0,Mid Range
Fishtail Lodge,Pokhara,Lakeside Pokhara Nepal,28.2145,83.948,+97761465071,4.5,130,USD,Available,https://www.fishtail-lodge.com,100.0,Mid Range
Hotel Barahi,Pokhara,Lakeside Pokhara Nepal,28.2097,83.9588,+97761460617,4.4,100,USD,Available,https://www.hotelbarahi.com,100.0,Mid Range
Mount Kailash Resort,Pokhara,Lakeside Pokhara Nepal,28.211,83.9565,+97761465096,4.3,85,USD,Available,https://www.mountkailashresort.com,100.0,Mid Range
Pokhara Grande,Pokhara,Birauta Pokhara Nepal,28.1985,83.984,+97761460560,4.5,120,USD,Available,https://www.pokharagrande.com,100.0,Mid Range
Hotel Landmark Pokhara,Pokhara,Lakeside Pokhara Nepal,28.2115,83.959,+97761463720,4.2,75,USD,Available,https://www.hotellandmarkpokhara.com,100.0,Budget
Waterfront Resort,Pokhara,Lakeside Pokhara Nepal,28.212,83.945,+97761465162,4.4,95,USD,Available,https://www.waterfrontpokhara.com,100.0,Mid Range
The Pavilions Himalayas,Pokhara,Pumdi Bhumdi Pokhara Nepal,28.145,83.93,+97761621000,4.8,220,USD,Available,https://www.pavilionshimalayas.com,100.0,Luxury
Hotel Sarowar,Pokhara,Lakeside Pokhara Nepal,28.2102,83.9581,+97761590123,4.3,85,USD,Available,https://www.hotelsarowar.com,100.0,Mid Range
Bar Peepal Resort,Pokhara,Lakeside Pokhara Nepal,28.2118,83.9557,+97761467800,4.6,110,USD,Available,https://www.barpeepalresort.com,100.0,Mid Range
Soaltee Kathmandu,Kathmandu,Tahachal Kathmandu Nepal,27.7,85.292,+97714273999,4.5,140,USD,Available,https://www.soaltee.com,100.0,Mid Range
Aakash By The Lake,Pokhara,Lakeside Pokhara Nepal,28.2105,83.956,+97761462999,4.1,60,USD,Available,https://www.aakashbythelake.com,100.0,Budget
Hotel Pokhara Choice Inn,Pokhara,Lakeside Pokhara Nepal,28.2108,83.9592,+97761465900,4.2,65,USD,Available,https://www.pokharachoiceinn.com,100.0,Budget
Hotel Middle Path,Pokhara,Lakeside Pokhara Nepal,28.21,83.958,+97761465522,4.4,70,USD,Available,https://www.hotelmiddlepath.com,100.0,Budget
Hotel Crystal Palace,Pokhara,Lakeside Pokhara Nepal,28.2122,83.957,+97761465456,4.1,55,USD,Available,https://www.crystalpalacepokhara.com,100.0,Budget
Tigerland Safari Resort,Chitwan,Sauraha Chitwan Nepal,27.582,84.495,+97756580123,4.5,120,USD,Available,https://www.tigerland.com.np,100.0,Mid Range
Barahi Jungle Lodge,Chitwan,Andrauli Chitwan Nepal,27.61,84.45,+97756580500,4.7,180,USD,Available,https://www.barahijunglelodge.com,100.0,Luxury
Green Park Chitwan,Chitwan,Sauraha Chitwan Nepal,27.5805,84.4935,+97756580555,4.6,110,USD,Available,https://www.greenparkchitwan.com,100.0,Mid Range
Kasara Chitwan,Chitwan,Patihani Chitwan Nepal,27.566,84.42,+97756590999,4.7,200,USD,Available,https://www.kasararesort.com,100.0,Luxury
Jungle World Resort,Chitwan,Sauraha Chitwan Nepal,27.581,84.496,+97756580800,4.3,75,USD,Available,https://www.jungleworldresort.com,100.0,Budget
Lumbini Hokke Hotel,Lumbini,Lumbini Nepal,27.469,83.276,+97771580111,4.2,80,USD,Available,https://www.hokkehotel.com,100.0,Mid Range
Buddha Maya Garden Hotel,Lumbini,Lumbini Nepal,27.47,83.275,+97771580111,4.3,90,USD,Available,https://www.buddhamaya.com,100.0,Mid Range
Lumbini Bamboo Resort,Lumbini,Lumbini Nepal,27.4705,83.2735,+97771580222,4.0,55,USD,Available,https://www.lumbinibamboo.com,100.0,Budget
The Fort Resort,Nagarkot,Nagarkot Bhaktapur Nepal,27.7167,85.52,+97716680080,4.5,130,USD,Available,https://www.thefortresort.com,100.0,Mid Range
Club Himalaya,Nagarkot,Nagarkot Nepal,27.717,85.5205,+97714423900,4.4,120,USD,Available,https://www.clubhimalaya.com,100.0,Mid Range
Hotel Mystic Mountain,Nagarkot,Nagarkot Nepal,27.715,85.53,+97714425000,4.6,150,USD,Available,https://www.mysticmountain.com.np,100.0,Luxury
Nagarkot Resort,Nagarkot,Nagarkot Nepal,27.716,85.518,+97716680011,4.1,70,USD,Available,https://www.nagarkotresort.com,100.0,Budget
Everest Manla Resort,Nagarkot,Nagarkot Nepal,27.72,85.525,+97716680200,4.2,90,USD,Available,https://www.everestmanla.com,100.0,Mid Range
Hotel Country Villa,Nagarkot,Nagarkot Nepal,27.7165,85.5175,+97716680120,4.3,100,USD,Available,https://www.hotelcountryvilla.com,100.0,Mid Range
Hotel Annapurna,Kathmandu,Durbar Marg Kathmandu Nepal,27.711,85.318,+97714221711,4.3,130,USD,Available,https://www.hotelannapurna.com,100.0,Mid Range
Thamel Boutique Hotel,Kathmandu,Thamel Kathmandu Nepal,27.716,85.312,+97714701234,4.2,65,USD,Available,https://www.thamelboutiquehotel.com,100.0,Budget
Kantipur Temple House,Kathmandu,Chusyabahal Thamel Kathmandu Nepal,27.7145,85.3125,+97714700679,4.5,100,USD,Available,https://www.kantipurtemplehouse.com,100.0,Mid Range
Hotel Marshyangdi,Kathmandu,Thamel Kathmandu Nepal,27.715,85.3128,+97714700245,4.0,60,USD,Available,https://www.hotelmarshyangdi.com,100.0,Budget
Hotel Arts Kathmandu,Kathmandu,Chaksibari Thamel Nepal,27.7155,85.3122,+97714700440,4.1,75,USD,Available,https://www.hotelartskathmandu.com,100.0,Budget
Shangri-La Kathmandu,Kathmandu,Lazimpat Kathmandu Nepal,27.7188,85.3165,+97714412999,4.5,145,USD,Available,https://www.shangri-la.com,100.0,Mid Range
Kumari Boutique Hotel,Kathmandu,Thamel Kathmandu Nepal,27.7152,85.3124,+97714700062,4.4,85,USD,Available,https://www.kumariboutiquehotel.com,100.0,Mid Range
Hotel Buddha,Kathmandu,Chaksibari Thamel Kathmandu Nepal,27.7147,85.312,+97714700930,4.2,60,USD,Available,https://www.hotelbuddha.com.np,100.0,Budget
Maya Manor Boutique Hotel,Kathmandu,Pobox 12345 Thamel Nepal,27.7162,85.3132,+97714700455,4.3,75,USD,Available,https://www.mayamanor.com,100.0,Budget
Hotel Friends Home,Kathmandu,Chaksibari Thamel Nepal,27.7158,85.3127,+97714700036,4.1,50,USD,Available,https://www.hotelfriendshome.com,100.0,Budget
Hotel Moonlight,Kathmandu,Paknajol Thamel Nepal,27.718,85.31,+97714383568,4.3,70,USD,Available,https://www.hotelmoonlight.com.np,100.0,Budget
Hotel Marshyangdi Plaza,Kathmandu,Thamel Kathmandu Nepal,27.7153,85.313,+97714700389,4.0,55,USD,Available,https://www.marshyangdi.com,100.0,Budget
Hotel Manaslu,Kathmandu,Lazimpat Kathmandu Nepal,27.719,85.316,+97714410071,4.2,95,USD,Available,https://www.hotelmanaslu.com,100.0,Mid Range
Shakya House,Lalitpur,Patan Durbar Square Lalitpur Nepal,27.672,85.325,+97715539852,4.5,90,USD,Available,https://www.shakyahouse.com,100.0,Mid Range
Vivanta Kathmandu,Lalitpur,Jhamsikhel Lalitpur Nepal,27.681,85.314,+97715970033,4.5,140,USD,Available,https://www.tajhotels.com,100.0,Mid Range
Himalayan Front Hotel,Pokhara,Sedibagar Pokhara Nepal,28.226,83.94,+97761465600,4.5,100,USD,Available,https://www.himalayanfront.com,100.0,Mid Range
Sarangkot Mountain Lodge,Pokhara,Sarangkot Pokhara Nepal,28.247,83.946,+97761621111,4.4,110,USD,Available,https://www.sarangkotmountainlodge.com,100.0,Mid Range
Raniban Retreat,Pokhara,World Peace Pagoda Pokhara Nepal,28.197,83.937,+97761460033,4.6,130,USD,Available,https://www.ranibanretreat.com,100.0,Mid Range
Pokhara Batika,Pokhara,Lakeside Pokhara Nepal,28.211,83.9575,+97761463760,4.2,65,USD,Available,https://www.pokharabatika.com,100.0,Budget
Hotel Adam,Pokhara,Lakeside Pokhara Nepal,28.2114,83.9585,+97761465422,4.3,70,USD,Available,https://www.hoteladam.com.np,100.0,Budget
Hotel Orchid,Pokhara,Lakeside Pokhara Nepal,28.2105,83.9578,+97761464700,4.1,60,USD,Available,https://www.hotelorchidpokhara.com,100.0,Budget
Hotel Splendid View,Pokhara,Lakeside Pokhara Nepal,28.213,83.957,+97761466123,4.4,80,USD,Available,https://www.splendidviewpokhara.com,100.0,Mid Range
Glacier Hotel & Spa,Pokhara,Lakeside Pokhara Nepal,28.21,83.9584,+97761462999,4.3,90,USD,Available,https://www.glacierhotelpokhara.com,100.0,Mid Range
Hotel City Inn,Pokhara,Lakeside Pokhara Nepal,28.2108,83.9594,+97761462222,4.0,50,USD,Available,https://www.cityinnpokhara.com,100.0,Budget
Hotel Crystal Palace Deluxe,Pokhara,Lakeside Pokhara Nepal,28.212,83.9568,+97761465456,4.2,75,USD,Available,https://www.crystalpalacepokhara.com,100.0,Budget
Chitwan Paradise Hotel,Chitwan,Sauraha Chitwan Nepal,27.5815,84.4955,+97756580300,4.1,65,USD,Available,https://www.chitwanparadisehotel.com,100.0,Budget
Parkland Resort,Chitwan,Sauraha Chitwan Nepal,27.5825,84.4965,+97756580400,4.4,95,USD,Available,https://www.parklandchitwan.com,100.0,Mid Range
Hotel Jungle Crown,Chitwan,Sauraha Chitwan Nepal,27.58,84.494,+97756580700,4.5,100,USD,Available,https://www.junglecrown.com,100.0,Mid Range
Rhino Lodge & Hotel,Chitwan,Sauraha Chitwan Nepal,27.582,84.497,+97756580600,4.0,55,USD,Available,https://www.rhinolodge.com,100.0,Budget
Sauraha Resort,Chitwan,Sauraha Nepal,27.5808,84.4938,+97756580888,4.2,70,USD,Available,https://www.sauraharesort.com,100.0,Budget
Buddha Jungle Resort,Chitwan,Sauraha Nepal,27.5812,84.4952,+97756580909,4.3,80,USD,Available,https://www.buddhajungleresort.com,100.0,Mid Range
Lumbini Buddha Garden Resort,Lumbini,Lumbini Nepal,27.4702,83.2765,+97771580333,4.4,75,USD,Available,https://www.lumbinibuddhagarden.com,100.0,Budget
Lumbini Village Lodge,Lumbini,Lumbini Nepal,27.4698,83.277,+97771580444,4.0,45,USD,Available,https://www.lumbinivillagelodge.com,100.0,Budget
Hotel Peace Palace,Lumbini,Lumbini Nepal,27.4695,83.2745,+97771580555,4.1,50,USD,Available,https://www.hotelpeacepalace.com,100.0,Budget
Pawan International Hotel,Lumbini,Bhairahawa Nepal,27.505,83.453,+97771520111,4.0,60,USD,Available,https://www.pawaninternational.com,100.0,Budget
Tiger Palace Resort,Bhairahawa,Rupandehi Nepal,27.52,83.45,+97771590111,4.6,160,USD,Available,https://www.tigerpalaceresort.com,100.0,Luxury
Dreamland Gold Resort,Bhairahawa,Rupandehi Nepal,27.51,83.46,+97771590222,4.2,85,USD,Available,https://www.dreamlandgold.com,100.0,Mid Range
Nagarkot Sunshine Hotel,Nagarkot,Nagarkot Nepal,27.7158,85.521,+97716680222,4.1,65,USD,Available,https://www.nagarkotsunshine.com,100.0,Budget
Hotel At The End Of The Universe,Nagarkot,Nagarkot Nepal,27.7175,85.5235,+97716680101,4.4,90,USD,Available,https://www.attheendoftheuniverse.com,100.0,Mid Range
Peaceful Cottage & Cafe,Nagarkot,Nagarkot Nepal,27.7172,85.5202,+97716680055,4.2,70,USD,Available,https://www.peacefulcottage.com,100.0,Budget
Hotel View Point,Nagarkot,Nagarkot Nepal,27.7168,85.5198,+97716680300,4.3,85,USD,Available,https://www.hotelviewpointnagarkot.com,100.0,Mid Range
Everest Window View Hotel,Nagarkot,Nagarkot Nepal,27.718,85.522,+97716680400,4.0,60,USD,Available,https://www.everestwindowview.com,100.0,Budget
Hotel Country Villa Annex,Nagarkot,Nagarkot Nepal,27.7162,85.517,+97716680121,4.2,95,USD,Available,https://www.hotelcountryvilla.com,100.0,Mid Range
Summit Residency,Kathmandu,Gairidhara Kathmandu Nepal,27.714,85.32,+97714443333,4.1,70,USD,Available,https://www.summitresidency.com,100.0,Budget
Hotel Le Himalaya,Kathmandu,Lazimpat Kathmandu Nepal,27.72,85.3168,+97714004000,4.3,100,USD,Available,https://www.hotellehimalaya.com,100.0,Mid Range
Grand Hotel,Kathmandu,Solu Marg Kathmandu Nepal,27.699,85.291,+97714282482,4.2,90,USD,Available,https://www.grandhotelnepal.com,100.0,Mid Range
Airport Hotel Kathmandu,Kathmandu,Sinamangal Kathmandu Nepal,27.6965,85.355,+97714470400,4.0,75,USD,Available,https://www.airporthotelnepal.com,100.0,Budget
Hotel Meridian Suite,Kathmandu,Sinamangal Kathmandu Nepal,27.6968,85.354,+97714111111,4.1,65,USD,Available,https://www.meridiansuite.com,100.0,Budget
The Everest Hotel,Kathmandu,New Baneshwor Kathmandu Nepal,27.6905,85.3325,+97714780100,4.4,120,USD,Available,https://www.theeveresthotel.com.np,100.0,Mid Range
Shambala Heritage,Kathmandu,Lazimpat Kathmandu Nepal,27.7195,85.3165,+97714442222,4.3,85,USD,Available,https://www.shambalaheritage.com,100.0,Mid Range
Hotel Ambassador Kathmandu,Kathmandu,Lazimpat Kathmandu Nepal,27.72,85.318,+97714424900,4.2,90,USD,Available,https://www.hotelambassador.com.np,100.0,Mid Range
Royal Penguin Boutique Hotel,Kathmandu,Thamel Kathmandu Nepal,27.7155,85.3125,+97714701355,4.3,75,USD,Available,https://www.royalpenguin.com.np,100.0,Budget
Dalai-La Boutique Hotel,Kathmandu,Thamel Kathmandu Nepal,27.716,85.313,+97714701532,4.5,110,USD,Available,https://www.dalailaboutiquehotel.com,100.0,Mid Range
Hotel Arts Kathmandu,Kathmandu,Thamel Kathmandu Nepal,27.7157,85.3118,+97714700440,4.1,70,USD,Available,https://www.hotelartskathmandu.com,100.0,Budget
Hotel Nepalaya,Kathmandu,Thamel Kathmandu Nepal,27.715,85.3115,+97714700929,4.0,55,USD,Available,https://www.hotelnepalaya.com,100.0,Budget
Hotel Access Nepal,Kathmandu,Thamel Kathmandu Nepal,27.7149,85.3129,+97714700567,4.1,50,USD,Available,https://www.hotelaccessnepal.com,100.0,Budget
Hotel Family Home,Kathmandu,Thamel Kathmandu Nepal,27.7163,85.3124,+97714700987,4.0,45,USD,Available,https://www.hotelfamilyhome.com,100.0,Budget
Hotel Holy Himalaya,Kathmandu,Kamaladi Kathmandu Nepal,27.7105,85.3205,+97714221478,4.2,80,USD,Available,https://www.holyhimalaya.com,100.0,Mid Range
Kantipur Inn,Kathmandu,Thamel Kathmandu Nepal,27.7154,85.3135,+97714700500,4.0,60,USD,Available,https://www.kantipurinn.com,100.0,Budget
Hotel Himalaya House,Kathmandu,Thamel Kathmandu Nepal,27.7148,85.3126,+97714700555,4.1,65,USD,Available,https://www.himalayahouse.com,100.0,Budget
Hotel Pleasure Home,Kathmandu,Thamel Kathmandu Nepal,27.7157,85.3131,+97714700666,4.0,55,USD,Available,https://www.hotelpleasurehome.com,100.0,Budget
Hotel Blue Horizon,Kathmandu,Kantipath Kathmandu Nepal,27.713,85.319,+97714222040,4.1,70,USD,Available,https://www.hotelbluehorizon.com,100.0,Budget
Hotel Tibet International,Kathmandu,Boudha Kathmandu Nepal,27.7218,85.36,+97714488181,4.4,120,USD,Available,https://www.hoteltibetintl.com,100.0,Mid Range
Pema Boutique Hotel,Kathmandu,Boudha Kathmandu Nepal,27.7225,85.359,+97715911111,4.5,95,USD,Available,https://www.pemahotel.com,100.0,Mid Range
Hotel Vajra,Kathmandu,Swayambhu Kathmandu Nepal,27.715,85.29,+97714271545,4.3,100,USD,Available,https://www.hotelvajra.com,100.0,Mid Range
Swayambhu Peace Zone Hotel,Kathmandu,Swayambhu Kathmandu Nepal,27.714,85.288,+97714281111,4.0,60,USD,Available,https://www.peacezonehotel.com,100.0,Budget
Hotel Marshyangdi View,Kathmandu,Thamel Kathmandu Nepal,27.7152,85.3133,+97714700245,4.0,65,USD,Available,https://www.hotelmarshyangdi.com,100.0,Budget
The Life Story Guest House,Kathmandu,Patan Lalitpur Nepal,27.673,85.324,+97715533000,4.4,70,USD,Available,https://www.lifestoryguesthouse.com,100.0,Budget
The Begnas Lake Resort,Pokhara,Begnas Lake Pokhara Nepal,28.16,84.09,+97761560123,4.6,140,USD,Available,https://www.begnaslakeresort.com,100.0,Mid Range
Fish Tail Lodge Heritage,Pokhara,Lakeside Pokhara Nepal,28.214,83.9475,+97761465071,4.5,135,USD,Available,https://www.fishtail-lodge.com,100.0,Mid Range
Hotel Crystal Palace Inn,Pokhara,Lakeside Pokhara Nepal,28.2121,83.9569,+97761465456,4.1,65,USD,Available,https://www.crystalpalacepokhara.com,100.0,Budget
Hotel Trekkers Inn,Pokhara,Lakeside Pokhara Nepal,28.2112,83.9587,+97761464600,4.2,55,USD,Available,https://www.trekkersinn.com,100.0,Budget
Hotel Lake Shore,Pokhara,Lakeside Pokhara Nepal,28.2104,83.9572,+97761465333,4.4,90,USD,Available,https://www.lakeshorepokhara.com,100.0,Mid Range
Hotel Point,Pokhara,Lakeside Pokhara Nepal,28.211,83.9578,+97761465222,4.0,50,USD,Available,https://www.hotelpointpokhara.com,100.0,Budget
Hotel Snow Peak,Pokhara,Lakeside Pokhara Nepal,28.212,83.958,+97761463333,4.1,60,USD,Available,https://www.snowspeakpokhara.com,100.0,Budget
Hotel Golden Inn,Pokhara,Lakeside Pokhara Nepal,28.2109,83.9591,+97761462111,4.0,55,USD,Available,https://www.goldenninnpokhara.com,100.0,Budget
Hotel Orchid Garden,Pokhara,Lakeside Pokhara Nepal,28.2115,83.9566,+97761464444,4.2,75,USD,Available,https://www.orchidgardenpokhara.com,100.0,Budget
Lake View Resort,Pokhara,Lakeside Pokhara Nepal,28.2125,83.9585,+97761465888,4.3,85,USD,Available,https://www.lakeviewpokhara.com,100.0,Mid Range
Chitwan Safari Camp,Chitwan,Sauraha Chitwan Nepal,27.5818,84.4962,+97756580700,4.3,90,USD,Available,https://www.chitwansafaricamp.com,100.0,Mid Range
River Bank Jungle Resort,Chitwan,Sauraha Nepal,27.5795,84.4925,+97756580755,4.2,80,USD,Available,https://www.riverbankjungle.com,100.0,Mid Range
Wildlife Adventure Resort,Chitwan,Sauraha Nepal,27.5808,84.4948,+97756580777,4.4,100,USD,Available,https://www.wildlifeadventure.com,100.0,Mid Range
Jungle Safari Resort,Chitwan,Sauraha Nepal,27.581,84.495,+97756580888,4.1,70,USD,Available,https://www.junglesafariresort.com,100.0,Budget
Chitwan Village Resort,Chitwan,Sauraha Nepal,27.5822,84.4968,+97756580999,4.2,65,USD,Available,https://www.chitwanvillageresort.com,100.0,Budget
Sauraha Central Park Resort,Chitwan,Sauraha Nepal,27.5805,84.4932,+97756580111,4.3,85,USD,Available,https://www.centralparkresort.com,100.0,Mid Range
Chitwan Riverside Resort,Chitwan,Sauraha Nepal,27.5798,84.4918,+97756580222,4.1,75,USD,Available,https://www.chitwanriverside.com,100.0,Budget
Jungle Wildlife Camp,Chitwan,Sauraha Nepal,27.5817,84.4964,+97756580333,4.0,60,USD,Available,https://www.junglewildlifecamp.com,100.0,Budget
Elephant Safari Lodge,Chitwan,Sauraha Nepal,27.582,84.4945,+97756580444,4.2,80,USD,Available,https://www.elephantsafarilodge.com,100.0,Mid Range
Green Mansions Jungle Resort,Chitwan,Sauraha Nepal,27.58,84.493,+97756580555,4.4,110,USD,Available,https://www.greenmansions.com,100.0,Mid Range
Hotel Himalayan Horizon,Dhulikhel,Dhulikhel Kavre Nepal,27.622,85.543,+97711490500,4.3,95,USD,Available,https://www.himalayanhorizon.com,100.0,Mid Range
Dhulikhel Lodge Resort,Dhulikhel,Dhulikhel Kavre Nepal,27.625,85.54,+97711490700,4.2,80,USD,Available,https://www.dhulikhellodge.com,100.0,Mid Range
Dhulikhel Mountain Resort,Dhulikhel,Dhulikhel Nepal,27.6205,85.545,+97711490800,4.4,120,USD,Available,https://www.dhulikhelmountainresort.com,100.0,Mid Range
Mirabel Resort,Dhulikhel,Dhulikhel Nepal,27.6215,85.5425,+97711490900,4.1,75,USD,Available,https://www.mirabelresort.com,100.0,Budget
Gaia Holiday Home,Dhulikhel,Dhulikhel Nepal,27.624,85.541,+97711491000,4.3,70,USD,Available,https://www.gaiaholidayhome.com,100.0,Budget
Namo Buddha Resort,Dhulikhel,Namo Buddha Kavre Nepal,27.568,85.62,+97711401200,4.6,130,USD,Available,https://www.namobuddharesort.com,100.0,Mid Range
Himalayan Drishya Resort,Dhulikhel,Dhulikhel Nepal,27.62,85.5455,+97711490600,4.5,110,USD,Available,https://www.himalayandrishya.com,100.0,Mid Range
The Last Resort,Bhotekoshi,Bhotekoshi Nepal,27.95,85.95,+97714700525,4.5,150,USD,Available,https://www.thelastresort.com,100.0,Luxury
Borderlands Eco Adventure Resort,Sindhupalchok,Bhotekoshi Nepal,27.9505,85.96,+97714433999,4.4,120,USD,Available,https://www.borderland-resorts.com,100.0,Mid Range
Summit River Lodge,Bhotekoshi,Balephi Nepal,27.85,85.75,+97714425000,4.2,90,USD,Available,https://www.summitriverlodge.com,100.0,Mid Range
Hotel Everest View,Syangboche,Everest Region Nepal,27.96,86.82,+97738540026,4.6,250,USD,Available,https://www.hoteleverestview.com,100.0,Luxury
Yeti Mountain Home,Lukla,Lukla Solukhumbu Nepal,27.687,86.728,+97738540200,4.4,180,USD,Available,https://www.yetimountainhome.com,100.0,Luxury
Mountain Lodges Of Nepal,Namche Bazaar,Solukhumbu Nepal,27.805,86.71,+97714425000,4.7,220,USD,Available,https://www.mountainlodgesofnepal.com,100.0,Luxury
Hotel Sherwi Khangba,Namche Bazaar,Solukhumbu Nepal,27.8055,86.713,+97738540500,4.3,100,USD,Available,https://www.sherwikhangba.com,100.0,Mid Range
Khumbu Resort,Namche Bazaar,Solukhumbu Nepal,27.806,86.712,+97738540600,4.2,90,USD,Available,https://www.khumburesort.com,100.0,Mid Range
Hotel Peaceful Cottage,Bandipur,Bandipur Tanahun Nepal,27.936,84.406,+97765560400,4.4,85,USD,Available,https://www.peacefulcottagebandipur.com,100.0,Mid Range
The Old Inn,Bandipur,Bandipur Nepal,27.937,84.4065,+97765560500,4.5,120,USD,Available,https://www.theoldinnbandipur.com,100.0,Mid Range
Bandipur Mountain Resort,Bandipur,Bandipur Nepal,27.938,84.407,+97765560600,4.2,90,USD,Available,https://www.bandipurresort.com,100.0,Mid Range
Gaun Ghar,Bandipur,Bandipur Nepal,27.9365,84.4068,+97765560700,4.6,130,USD,Available,https://www.gaunghar.com,100.0,Mid Range
Bandipur Chhen,Bandipur,Bandipur Nepal,27.9375,84.4062,+97765560800,4.3,75,USD,Available,https://www.bandipurchhen.com,100.0,Budget
Hotel Riverside,Besisahar,Lamjung Nepal,28.232,84.372,+97766520400,4.0,60,USD,Available,https://www.riversidebesisahar.com,100.0,Budget
Lamjung Himalaya View,Lamjung,Lamjung Nepal,28.24,84.38,+97766520500,4.2,80,USD,Available,https://www.himalayaviewlamjung.com,100.0,Mid Range
Manaslu Guest House,Gorkha,Gorkha Nepal,28.0,84.633,+97764420500,4.1,65,USD,Available,https://www.mansaluguesthouse.com,100.0,Budget
Gorkha Gaun Resort,Gorkha,Gorkha Nepal,28.002,84.635,+97764420600,4.3,90,USD,Available,https://www.gorkhagaunresort.com,100.0,Mid Range
Barpak Village Resort,Gorkha,Barpak Nepal,28.2,84.75,+97764430700,4.5,100,USD,Available,https://www.barpakresort.com,100.0,Mid Range
Royal Mustang Resort,Mustang,Jomsom Mustang Nepal,28.78,83.73,+97769440500,4.4,140,USD,Available,https://www.royalmustangresort.com,100.0,Mid Range
Hotel Om'S Home,Mustang,Jomsom Nepal,28.7805,83.731,+97769440600,4.1,75,USD,Available,https://www.omshome.com,100.0,Budget
Mustang Eco Resort,Mustang,Muktinath Nepal,28.82,83.87,+97769440700,4.3,110,USD,Available,https://www.mustangecoresort.com,100.0,Mid Range
Muktinath Hotel,Muktinath,Muktinath Mustang Nepal,28.8205,83.8705,+97769440800,4.0,70,USD,Available,https://www.muktinathhotel.com,100.0,Budget
Jomsom Mountain Resort,Mustang,Jomsom Nepal,28.7802,83.7298,+97769440900,4.2,95,USD,Available,https://www.jomsomresort.com,100.0,Mid Range
Hotel Grand Shambala,Muktinath,Muktinath Nepal,28.819,83.871,+97769441000,4.3,100,USD,Available,https://www.grandshambala.com,100.0,Mid Range
Hotel Annapurna View,Dhulikhel,Dhulikhel Nepal,27.623,85.544,+97711490300,4.2,85,USD,Available,https://www.annapurnaviewhotel.com,100.0,Mid Range
Panauti Community Homestay,Panauti,Panauti Kavre Nepal,27.584,85.512,+97711440500,4.4,60,USD,Available,https://www.panautihomestay.com,100.0,Budget
Panauti Boutique Hotel,Panauti,Panauti Nepal,27.5835,85.513,+97711440600,4.1,70,USD,Available,https://www.panautiboutique.com,100.0,Budget
Indreni Suites,Kathmandu,Baneshwor Kathmandu Nepal,27.69,85.33,+97714787000,4.2,80,USD,Available,https://www.indrenisuites.com,100.0,Mid Range
Akama Hotel,Kathmandu,Dhumbarahi Kathmandu Nepal,27.718,85.35,+97715910000,4.4,100,USD,Available,https://www.akamahotel.com,100.0,Mid Range
Aloft Kathmandu Thamel,Kathmandu,Thamel Kathmandu Nepal,27.7148,85.3121,+97715252000,4.5,130,USD,Available,https://www.marriott.com,100.0,Mid Range
Dusit Thani Himalayan Resort,Dhulikhel,Dhulikhel Nepal,27.6225,85.5455,+97711490000,4.6,180,USD,Available,https://www.dusit.com,100.0,Luxury
Soaltee Westend Resort,Chitwan,Chitwan Nepal,27.56,84.42,+97756590500,4.5,150,USD,Available,https://www.soaltee.com,100.0,Luxury
Barahi Jungle Lodge Extension,Chitwan,Chitwan Nepal,27.6105,84.4505,+97756580500,4.7,180,USD,Available,https://www.barahijunglelodge.com,100.0,Luxury
Lumbini Palace Resort,Lumbini,Lumbini Nepal,27.47,83.2775,+97771580700,4.3,95,USD,Available,https://www.lumbinipalace.com,100.0,Mid Range
Hotel Moonlight View,Kathmandu,Thamel Kathmandu Nepal,27.717,85.3118,+97714383568,4.2,75,USD,Available,https://www.hotelmoonlight.com.np,100.0,Budget
Kathmandu Eco Hotel,Kathmandu,Thamel Kathmandu Nepal,27.7165,85.312,+97714700632,4.4,65,USD,Available,https://www.kathmanduecohotel.com,100.0,Budget
Taleju Boutique Hotel,Kathmandu,Thamel Kathmandu Nepal,27.716,85.3135,+97714701234,4.3,70,USD,Available,https://www.talejuboutiquehotel.com,100.0,Budget
Hotel Jampa,Kathmandu,Thamel Kathmandu Nepal,27.7145,85.3123,+97715352900,4.5,80,USD,Available,https://www.hoteljampa.com,100.0,Mid Range
Arushi Boutique Hotel,Kathmandu,Thamel Kathmandu Nepal,27.7152,85.3119,+97714700999,4.4,85,USD,Available,https://www.arushihotel.com,100.0,Mid Range
Hotel Mums Home,Kathmandu,Thamel Kathmandu Nepal,27.7158,85.3128,+97714700400,4.2,55,USD,Available,https://www.mumshome.com,100.0,Budget
Hotel Osho Home,Kathmandu,Thamel Kathmandu Nepal,27.7154,85.3132,+97714700890,4.1,50,USD,Available,https://www.oshohome.com,100.0,Budget
Hotel Ganesh Himal,Kathmandu,Thamel Kathmandu Nepal,27.7148,85.3105,+97714261265,4.2,60,USD,Available,https://www.ganeshhimalhotel.com,100.0,Budget
Hotel Ambassador,Kathmandu,Lazimpat Kathmandu Nepal,27.7202,85.3178,+97714424900,4.3,95,USD,Available,https://www.hotelambassador.com.np,100.0,Mid Range
Hotel Vaishali,Kathmandu,Thamel Kathmandu Nepal,27.7156,85.3129,+97714700048,4.1,75,USD,Available,https://www.hotelvaishali.com,100.0,Budget
Hotel Annapurna View Point,Pokhara,Sarangkot Pokhara Nepal,28.248,83.947,+97761620300,4.4,120,USD,Available,https://www.annapurnaviewpoint.com,100.0,Mid Range
The Lakeside Retreat,Pokhara,Lakeside Pokhara Nepal,28.2117,83.9573,+97761466500,4.3,85,USD,Available,https://www.lakesideretreatpokhara.com,100.0,Mid Range
Hotel White Pearl,Pokhara,Lakeside Pokhara Nepal,28.2122,83.9588,+97761590600,4.5,90,USD,Available,https://www.hotelwhitepearlpokhara.com,100.0,Mid Range
Hotel Crystal Palace Boutique,Pokhara,Lakeside Pokhara Nepal,28.2118,83.9575,+97761465456,4.2,70,USD,Available,https://www.crystalpalacepokhara.com,100.0,Budget
Hotel Orchid Residency,Pokhara,Lakeside Pokhara Nepal,28.2106,83.959,+97761464800,4.1,65,USD,Available,https://www.orchidresidencypokhara.com,100.0,Budget
Hotel Lake Star,Pokhara,Lakeside Pokhara Nepal,28.211,83.9582,+97761463900,4.3,75,USD,Available,https://www.lakestarpokhara.com,100.0,Budget
Hotel Adam View,Pokhara,Lakeside Pokhara Nepal,28.212,83.958,+97761465422,4.2,70,USD,Available,https://www.hoteladampokhara.com,100.0,Budget
Hotel Landmark Pokhara Lakeside,Pokhara,Lakeside Pokhara Nepal,28.2115,83.959,+97761463720,4.2,80,USD,Available,https://www.hotellandmarkpokhara.com,100.0,Mid Range
Hotel City Park,Pokhara,Lakeside Pokhara Nepal,28.2109,83.9577,+97761465600,4.0,55,USD,Available,https://www.cityparkpokhara.com,100.0,Budget
Hotel View Point Pokhara,Pokhara,Lakeside Pokhara Nepal,28.2125,83.9595,+97761466000,4.1,60,USD,Available,https://www.viewpointpokhara.com,100.0,Budget
Jungle Wildlife Camp Resort,Chitwan,Sauraha Chitwan Nepal,27.5814,84.496,+97756580333,4.3,90,USD,Available,https://www.junglewildlifecamp.com,100.0,Mid Range
Chitwan Forest Resort,Chitwan,Sauraha Nepal,27.5806,84.4939,+97756580444,4.2,80,USD,Available,https://www.chitwanforestresort.com,100.0,Mid Range
River Park International Resort,Chitwan,Sauraha Nepal,27.582,84.4958,+97756580555,4.3,85,USD,Available,https://www.riverparkresort.com,100.0,Mid Range
Sauraha Sunset Resort,Chitwan,Sauraha Nepal,27.5802,84.4942,+97756580666,4.1,70,USD,Available,https://www.saurahasunset.com,100.0,Budget
Chitwan Riverside Lodge,Chitwan,Sauraha Nepal,27.5798,84.492,+97756580777,4.2,75,USD,Available,https://www.chitwanriversidelodge.com,100.0,Budget
Lumbini Garden Lodge,Lumbini,Lumbini Nepal,27.4698,83.2768,+97771580800,4.1,60,USD,Available,https://www.lumbinigardenlodge.com,100.0,Budget
Lumbini Guest House,Lumbini,Lumbini Nepal,27.4705,83.2755,+97771580900,4.0,45,USD,Available,https://www.lumbiniguesthouse.com,100.0,Budget
Sacred Garden Resort,Lumbini,Lumbini Nepal,27.47,83.274,+97771581000,4.3,85,USD,Available,https://www.sacredgardenresort.com,100.0,Mid Range
Peaceful Lumbini Hotel,Lumbini,Lumbini Nepal,27.4692,83.2762,+97771581100,4.2,55,USD,Available,https://www.peacefullumbini.com,100.0,Budget
Buddha Heritage Resort,Lumbini,Lumbini Nepal,27.4688,83.2772,+97771581200,4.4,90,USD,Available,https://www.buddhaheritage.com,100.0,Mid Range
Nagarkot Hill View Resort,Nagarkot,Nagarkot Nepal,27.7165,85.5205,+97716680500,4.2,80,USD,Available,https://www.nagarkothillview.com,100.0,Mid Range
Sunrise Cottage Nagarkot,Nagarkot,Nagarkot Nepal,27.7175,85.5215,+97716680600,4.1,65,USD,Available,https://www.sunrisecottage.com,100.0,Budget
Nagarkot Bed & Breakfast,Nagarkot,Nagarkot Nepal,27.7182,85.5225,+97716680700,4.0,55,USD,Available,https://www.nagarkotbnb.com,100.0,Budget
Himalayan Nature Resort,Nagarkot,Nagarkot Nepal,27.7168,85.5188,+97716680800,4.3,90,USD,Available,https://www.himalayannatureresort.com,100.0,Mid Range
Mountain View Hotel Nagarkot,Nagarkot,Nagarkot Nepal,27.7178,85.5195,+97716680900,4.2,75,USD,Available,https://www.mountainviewnagarkot.com,100.0,Budget
Dhulikhel Boutique Hotel,Dhulikhel,Dhulikhel Nepal,27.6235,85.542,+97711490200,4.3,85,USD,Available,https://www.dhulikhelboutique.com,100.0,Mid Range
Himalayan Horizon Resort,Dhulikhel,Dhulikhel Nepal,27.6225,85.5435,+97711490500,4.4,100,USD,Available,https://www.himalayanhorizon.com,100.0,Mid Range
Dhulikhel Village Resort,Dhulikhel,Dhulikhel Nepal,27.6245,85.5415,+97711490600,4.2,70,USD,Available,https://www.dhulikhelvillage.com,100.0,Budget
Panauti Peace Resort,Panauti,Panauti Nepal,27.583,85.5125,+97711440700,4.1,65,USD,Available,https://www.panautipeaceresort.com,100.0,Budget
Namo Buddha View Resort,Dhulikhel,Namo Buddha Nepal,27.5685,85.6205,+97711401300,4.5,130,USD,Available,https://www.namobuddhaview.com,100.0,Mid Range
Otel Mystic Mountain Resort,Nagarkot,Nagarkot Bhaktapur Nepal,27.715,85.53,+97714425000,4.6,150,USD,Available,https://www.mysticmountain.com.np,100.0,Luxury
Nagarkot View Tower Hotel,Nagarkot,Nagarkot Nepal,27.7169,85.5208,+97716681000,4.2,70,USD,Available,https://www.nagarkotviewtower.com,100.0,Budget
Himalayan Villa Resort,Nagarkot,Nagarkot Nepal,27.718,85.524,+97716681100,4.3,95,USD,Available,https://www.himalayanvilla.com,100.0,Mid Range
Club Himalaya Resort,Nagarkot,Nagarkot Nepal,27.717,85.5205,+97714423900,4.4,120,USD,Available,https://www.clubhimalaya.com,100.0,Mid Range
Hotel View Boudha,Kathmandu,Boudha Kathmandu Nepal,27.721,85.361,+97714480000,4.1,70,USD,Available,https://www.hotelviewboudha.com,100.0,Budget
Boudha Stupa View Guest House,Kathmandu,Boudha Kathmandu Nepal,27.7215,85.362,+97714481111,4.2,60,USD,Available,https://www.boudhastupaguest.com,100.0,Budget
Pashupati Boutique Hotel,Kathmandu,Gaushala Kathmandu Nepal,27.707,85.348,+97714490000,4.0,55,USD,Available,https://www.pashupatiboutique.com,100.0,Budget
Airport View Hotel,Kathmandu,Sinamangal Kathmandu Nepal,27.696,85.3535,+97714475000,4.1,65,USD,Available,https://www.airportviewhotel.com,100.0,Budget
Heritage Home Hotel,Lalitpur,Patan Lalitpur Nepal,27.6725,85.3255,+97715535000,4.4,80,USD,Available,https://www.heritagehomehotel.com,100.0,Mid Range
Shakya House Heritage,Lalitpur,Patan Nepal,27.672,85.325,+97715539852,4.5,90,USD,Available,https://www.shakyahouse.com,100.0,Mid Range
Patan Museum Guest House,Lalitpur,Patan Durbar Square Nepal,27.673,85.3258,+97715520000,4.2,60,USD,Available,https://www.patanguesthouse.com,100.0,Budget
Temple House Inn,Lalitpur,Patan Nepal,27.674,85.326,+97715540000,4.3,75,USD,Available,https://www.templehouseinn.com,100.0,Budget
Hotel Kutumba,Lalitpur,Jhamsikhel Lalitpur Nepal,27.68,85.315,+97715522222,4.4,85,USD,Available,https://www.hotelkutumba.com,100.0,Mid Range
Vivanta Kathmandu Heritage,Lalitpur,Jhamsikhel Nepal,27.681,85.314,+97715970033,4.5,140,USD,Available,https://www.tajhotels.com,100.0,Mid Range
Hotel Himalaya View,Lalitpur,Lalitpur Nepal,27.678,85.316,+97715524444,4.2,70,USD,Available,https://www.himalayaviewhotel.com,100.0,Budget
Summit Hotel,Lalitpur,Kupandole Lalitpur Nepal,27.684,85.3165,+97715521818,4.3,110,USD,Available,https://www.summithotel.com.np,100.0,Mid Range
Godavari Village Resort,Lalitpur,Godavari Nepal,27.59,85.39,+97715560675,4.2,95,USD,Available,https://www.godavarivillage.com,100.0,Mid Range
Hattiban Resort,Lalitpur,Champadevi Lalitpur Nepal,27.62,85.28,+97715201000,4.4,120,USD,Available,https://www.hattibanresort.com,100.0,Mid Range
Hotel Peace Palace,Bandipur,Bandipur Nepal,27.9365,84.4065,+97765560400,4.3,85,USD,Available,https://www.peacepalacebandipur.com,100.0,Mid Range
Bandipur Heritage Inn,Bandipur,Bandipur Nepal,27.937,84.4068,+97765560500,4.4,95,USD,Available,https://www.bandipurheritageinn.com,100.0,Mid Range
The Old Inn Bandipur,Bandipur,Bandipur Nepal,27.937,84.4065,+97765560500,4.5,120,USD,Available,https://www.theoldinnbandipur.com,100.0,Mid Range
Bandipur Samira Resort,Bandipur,Bandipur Nepal,27.938,84.4075,+97765560700,4.1,70,USD,Available,https://www.bandipursamira.com,100.0,Budget
Bandipur Mountain View,Bandipur,Bandipur Nepal,27.939,84.408,+97765560800,4.2,80,USD,Available,https://www.bandipurmountainview.com,100.0,Mid Range
Hotel Heritage Inn,Bhaktapur,Bhaktapur Durbar Square Nepal,27.671,85.4298,+97716611000,4.4,85,USD,Available,https://www.heritageinnbhaktapur.com,100.0,Mid Range
Peacock Guest House,Bhaktapur,Bhaktapur Nepal,27.6715,85.4295,+97716610300,4.5,75,USD,Available,https://www.peacockguesthouse.com,100.0,Budget
Kumari Guest House,Bhaktapur,Bhaktapur Nepal,27.672,85.43,+97716610000,4.2,55,USD,Available,https://www.kumariguesthouse.com,100.0,Budget
Hotel Bhadgaon,Bhaktapur,Bhaktapur Nepal,27.6725,85.429,+97716615000,4.3,100,USD,Available,https://www.hotelbhadgaon.com,100.0,Mid Range
Cosy Hotel,Bhaktapur,Bhaktapur Nepal,27.6718,85.4305,+97716612000,4.1,60,USD,Available,https://www.cosyhotel.com,100.0,Budget
Tiger Tops Tharu Lodge,Chitwan,Chitwan National Park Nepal,27.55,84.3,+97756580100,4.7,220,USD,Available,https://www.tigertops.com,100.0,Luxury
Island Jungle Resort,Chitwan,Chitwan Nepal,27.58,84.49,+97756580200,4.5,140,USD,Available,https://www.islandjungleresort.com,100.0,Mid Range
Chitwan Adventure Resort,Chitwan,Sauraha Nepal,27.582,84.495,+97756580300,4.2,80,USD,Available,https://www.chitwanadventure.com,100.0,Mid Range
Safari Adventure Lodge,Chitwan,Sauraha Nepal,27.581,84.494,+97756580400,4.3,90,USD,Available,https://www.safariadventurelodge.com,100.0,Mid Range
Royal Park Hotel Chitwan,Chitwan,Sauraha Nepal,27.5825,84.4965,+97756580500,4.2,85,USD,Available,https://www.royalparkchitwan.com,100.0,Mid Range
Green Park Resort Chitwan,Chitwan,Sauraha Chitwan Nepal,27.5805,84.4935,+97756580555,4.6,110,USD,Available,https://www.greenparkchitwan.com,100.0,Mid Range
Barahi Jungle Lodge Chitwan,Chitwan,Andrauli Chitwan Nepal,27.61,84.45,+97756580500,4.7,180,USD,Available,https://www.barahijunglelodge.com,100.0,Luxury
Kasara Jungle Resort,Chitwan,Patihani Chitwan Nepal,27.566,84.42,+97756590999,4.7,200,USD,Available,https://www.kasararesort.com,100.0,Luxury
Tigerland Safari Resort Chitwan,Chitwan,Chitwan National Park Nepal,27.582,84.495,+97756580123,4.5,120,USD,Available,https://www.tigerland.com.np,100.0,Mid Range
Chitwan Village Resort,Chitwan,Sauraha Chitwan Nepal,27.5822,84.4968,+97756580999,4.2,65,USD,Available,https://www.chitwanvillageresort.com,100.0,Budget
Hotel Parkland Chitwan,Chitwan,Sauraha Nepal,27.5825,84.4965,+97756580400,4.4,95,USD,Available,https://www.parklandchitwan.com,100.0,Mid Range
Jungle Crown Organic Resort,Chitwan,Sauraha Nepal,27.58,84.494,+97756580700,4.5,100,USD,Available,https://www.junglecrown.com,100.0,Mid Range
Wildlife Camp Resort,Chitwan,Sauraha Nepal,27.5817,84.4964,+97756580333,4.3,90,USD,Available,https://www.wildlifeadventure.com,100.0,Mid Range
Jungle Safari Resort Chitwan,Chitwan,Sauraha Nepal,27.581,84.495,+97756580888,4.1,70,USD,Available,https://www.junglesafariresort.com,100.0,Budget
Hotel Buddha Maya Garden,Lumbini,Lumbini Nepal,27.47,83.275,+97771580111,4.3,90,USD,Available,https://www.buddhamaya.com,100.0,Mid Range
Buddha Garden Resort,Lumbini,Lumbini Nepal,27.4702,83.2765,+97771580333,4.4,75,USD,Available,https://www.lumbinibuddhagarden.com,100.0,Budget
Pawan International Hotel,Bhairahawa,Rupandehi Nepal,27.505,83.453,+97771520111,4.0,60,USD,Available,https://www.pawaninternational.com,100.0,Budget
Hotel Annapurna Manang,Manang,Manang Nepal,28.6667,84.0167,+97766440500,4.4,120,USD,Available,https://www.annapurnamanang.com,100.0,Mid Range
Tilicho Guest House,Manang,Manang Nepal,28.667,84.0175,+97766440600,4.2,70,USD,Available,https://www.tilichoguesthouse.com,100.0,Budget
Yak Kharka Lodge,Manang,Annapurna Region Nepal,28.62,84.02,+97766440700,4.1,60,USD,Available,https://www.yakkharkalodge.com,100.0,Budget
Thorong Peak Lodge,Manang,Annapurna Circuit Nepal,28.79,84.14,+97766440800,4.0,55,USD,Available,https://www.thorongpeak.com,100.0,Budget
Hotel Yak & Yeti Mustang,Mustang,Jomsom Mustang Nepal,28.78,83.73,+97769440500,4.2,100,USD,Available,https://www.yakandyeti.com,100.0,Mid Range
Royal Mustang Resort,Mustang,Jomsom Nepal,28.78,83.73,+97769440500,4.4,140,USD,Available,https://www.royalmustangresort.com,100.0,Mid Range
Hotel Om'S Home Mustang,Mustang,Jomsom Nepal,28.7805,83.731,+97769440600,4.1,75,USD,Available,https://www.omshome.com,100.0,Budget
Muktinath Hotel,Muktinath,Muktinath Nepal,28.8205,83.8705,+97769440800,4.0,70,USD,Available,https://www.muktinathhotel.com,100.0,Budget
Hotel Peaceful Cottage Bandipur,Bandipur,Bandipur Nepal,27.936,84.406,+97765560400,4.4,85,USD,Available,https://www.peacefulcottagebandipur.com,100.0,Mid Range
The Last Resort,Bhotekoshi,Sindhupalchok Nepal,27.95,85.95,+97714700525,4.5,150,USD,Available,https://www.thelastresort.com,100.0,Luxury
Borderlands Eco Adventure Resort,Bhotekoshi,Bhotekoshi Nepal,27.9505,85.96,+97714433999,4.4,120,USD,Available,https://www.borderland-resorts.com,100.0,Mid Range
Yeti Mountain Home,Lukla,Solukhumbu Nepal,27.687,86.728,+97738540200,4.4,180,USD,Available,https://www.yetimountainhome.com,100.0,Luxury
Everest Summit Lodge,Namche Bazaar,Everest Region Nepal,27.8065,86.714,+97738540700,4.4,160,USD,Available,https://www.everestsummitlodge.com,100.0,Luxury
Manaslu Mountain Lodge,Gorkha,Manaslu Region Nepal,28.65,84.65,+97764420700,4.3,100,USD,Available,https://www.manaslumountainlodge.com,100.0,Mid Range
Gorkha Garden Hotel,Gorkha,Gorkha Nepal,27.998,84.63,+97764420800,4.1,65,USD,Available,https://www.gorkhagardenhotel.com,100.0,Budget
Hotel Manaslu View,Gorkha,Gorkha Nepal,28.001,84.634,+97764420900,4.2,75,USD,Available,https://www.manasluviewhotel.com,100.0,Budget
Hotel Riverside Besisahar,Besisahar,Lamjung Nepal,28.232,84.372,+97766520400,4.0,60,USD,Available,https://www.riversidebesisahar.com,100.0,Budget
Annapurna Guest House,Lamjung,Lamjung Nepal,28.235,84.375,+97766520600,4.1,65,USD,Available,https://www.annapurnaguesthouse.com,100.0,Budget
Mountain View Lodge,Lamjung,Lamjung Nepal,28.238,84.377,+97766520700,4.2,70,USD,Available,https://www.mountainviewlodge.com,100.0,Budget
Hotel Crystal Palace Mountain,Pokhara,Lakeside Pokhara Nepal,28.212,83.9568,+97761465456,4.2,75,USD,Available,https://www.crystalpalacepokhara.com,100.0,Budget
Temple Tree Resort,Pokhara,Gaurighat Lakeside Nepal,28.2096,83.9595,+97761465819,4.6,140,USD,Available,https://www.templetreenepal.com,100.0,Mid Range
Pokhara Choice Inn,Pokhara,Lakeside Pokhara Nepal,28.2108,83.9592,+97761465900,4.2,65,USD,Available,https://www.pokharachoiceinn.com,100.0,Budget
Hotel Orchid Pokhara,Pokhara,Lakeside Pokhara Nepal,28.2105,83.9578,+97761464700,4.1,60,USD,Available,https://www.hotelorchidpokhara.com,100.0,Budget
Hotel City Inn Pokhara,Pokhara,Lakeside Pokhara Nepal,28.2108,83.9594,+97761462222,4.0,50,USD,Available,https://www.cityinnpokhara.com,100.0,Budget
Raniban Retreat,Pokhara,World Peace Pagoda Nepal,28.197,83.937,+97761460033,4.6,130,USD,Available,https://www.ranibanretreat.com,100.0,Mid Range
Begnas Lake Resort,Pokhara,Begnas Lake Nepal,28.16,84.09,+97761560123,4.6,140,USD,Available,https://www.begnaslakeresort.com,100.0,Mid Range
Hotel View Point Nagarkot,Nagarkot,Nagarkot Nepal,27.7168,85.5198,+97716680300,4.3,85,USD,Available,https://www.hotelviewpointnagarkot.com,100.0,Mid Range
Peaceful Cottage Nagarkot,Nagarkot,Nagarkot Nepal,27.7172,85.5202,+97716680055,4.2,70,USD,Available,https://www.peacefulcottage.com,100.0,Budget
The Fort Resort,Nagarkot,Nagarkot Nepal,27.7167,85.52,+97716680080,4.5,130,USD,Available,https://www.thefortresort.com,100.0,Mid Range
Fairfield Kathmandu,Kathmandu,Thamel Kathmandu Nepal,27.714,85.3127,+97714217999,4.3,90,USD,Available,https://www.marriott.com,100.0,Mid Range
Kantipur Temple House,Kathmandu,Thamel Kathmandu Nepal,27.7145,85.3125,+97714700679,4.5,100,USD,Available,https://www.kantipurtemplehouse.com,100.0,Mid Range
Hotel Shanker,Kathmandu,Lazimpat Kathmandu Nepal,27.7205,85.3175,+97714410151,4.3,105,USD,Available,https://www.hotelshanker.com,100.0,Mid Range
Hotel Yak & Yeti Heritage,Kathmandu,Durbar Marg Kathmandu Nepal,27.7114,85.3188,+97714248999,4.4,120,USD,Available,https://www.yakandyeti.com,100.0,Mid Range
Maya Manor Boutique Hotel,Kathmandu,Thamel Kathmandu Nepal,27.7162,85.3132,+97714700455,4.3,75,USD,Available,https://www.mayamanor.com,100.0,Budget
Hotel Buddha,Kathmandu,Thamel Kathmandu Nepal,27.7147,85.312,+97714700930,4.2,60,USD,Available,https://www.hotelbuddha.com.np,100.0,Budget
Hotel Himalayan,Kathmandu,Kupondole Kathmandu Nepal,27.686,85.316,+97715523900,4.2,90,USD,Available,https://www.hotelhimalaya.com,100.0,Mid Range
Summit Hotel,Kathmandu,Kupondole Kathmandu Nepal,27.684,85.3165,+97715521818,4.3,110,USD,Available,https://www.summithotel.com.np,100.0,Mid Range
Hattiban Resort,Lalitpur,Champadevi Nepal,27.62,85.28,+97715201000,4.4,120,USD,Available,https://www.hattibanresort.com,100.0,Mid Range
Hotel Heritage Inn,Bhaktapur,Bhaktapur Nepal,27.671,85.4298,+97716611000,4.4,85,USD,Available,https://www.heritageinnbhaktapur.com,100.0,Mid Range
Temple Tree Resort Pokhara,Pokhara,Gaurighat Pokhara Nepal,28.2096,83.9595,+97761465819,4.6,140,USD,Available,https://www.templetreenepal.com,100.0,Mid Range
Fishtail Lodge Pokhara,Pokhara,Lakeside Pokhara Nepal,28.2145,83.948,+97761465071,4.5,130,USD,Available,https://www.fishtail-lodge.com,100.0,Mid Range
Hotel Barahi Pokhara,Pokhara,Lakeside Pokhara Nepal,28.2097,83.9588,+97761460617,4.4,100,USD,Available,https://www.hotelbarahi.com,100.0,Mid Range
Pokhara Grande Resort,Pokhara,Birauta Pokhara Nepal,28.1985,83.984,+97761460560,4.5,120,USD,Available,https://www.pokharagrande.com,100.0,Mid Range
Waterfront Resort Pokhara,Pokhara,Lakeside Pokhara Nepal,28.212,83.945,+97761465162,4.4,95,USD,Available,https://www.waterfrontpokhara.com,100.0,Mid Range
Bar Peepal Resort Pokhara,Pokhara,Lakeside Pokhara Nepal,28.2118,83.9557,+97761467800,4.6,110,USD,Available,https://www.barpeepalresort.com,100.0,Mid Range
Hotel Sarowar Pokhara,Pokhara,Lakeside Pokhara Nepal,28.2102,83.9581,+97761590123,4.3,85,USD,Available,https://www.hotelsarowar.com,100.0,Mid Range
Raniban Retreat Pokhara,Pokhara,World Peace Pagoda Nepal,28.197,83.937,+97761460033,4.6,130,USD,Available,https://www.ranibanretreat.com,100.0,Mid Range
Hotel Splendid View Pokhara,Pokhara,Lakeside Pokhara Nepal,28.213,83.957,+97761466123,4.4,80,USD,Available,https://www.splendidviewpokhara.com,100.0,Mid Range
Hotel Middle Path Pokhara,Pokhara,Lakeside Pokhara Nepal,28.21,83.958,+97761465522,4.4,70,USD,Available,https://www.hotelmiddlepath.com,100.0,Budget
Hotel Sarangkot Mountain View,Pokhara,Sarangkot Nepal,28.247,83.946,+97761621111,4.4,110,USD,Available,https://www.sarangkotmountainlodge.com,100.0,Mid Range
Sarangkot Panorama Inn,Pokhara,Sarangkot Nepal,28.248,83.9465,+97761621300,4.2,75,USD,Available,https://www.sarangkotpanorama.com,100.0,Budget
Peace Dragon Lodge,Pokhara,World Peace Pagoda Nepal,28.1965,83.9375,+97761460400,4.3,80,USD,Available,https://www.peacedragonlodge.com,100.0,Mid Range
Begnas Lake Front Resort,Pokhara,Begnas Lake Nepal,28.1605,84.0905,+97761560500,4.5,120,USD,Available,https://www.begnaslakefront.com,100.0,Mid Range
The Begnas Lake Resort,Pokhara,Begnas Lake Nepal,28.16,84.09,+97761560100,4.6,140,USD,Available,https://www.begnaslakeresort.com,100.0,Mid Range
Rupakot Resort,Pokhara,Rupakot Pokhara Nepal,28.165,84.12,+97761440500,4.7,180,USD,Available,https://www.rupakotresort.com,100.0,Luxury
Fish Tail Lodge Pokhara,Pokhara,Lakeside Pokhara Nepal,28.2145,83.948,+97761465071,4.5,130,USD,Available,https://www.fishtail-lodge.com,100.0,Mid Range
Mount View Pokhara,Pokhara,Lakeside Pokhara Nepal,28.2115,83.9585,+97761466400,4.2,70,USD,Available,https://www.mountviewpokhara.com,100.0,Budget
Hotel Peace Plaza,Pokhara,Lakeside Pokhara Nepal,28.2107,83.9588,+97761462000,4.1,60,USD,Available,https://www.peaceplazapokhara.com,100.0,Budget
Hotel Point Pokhara,Pokhara,Lakeside Pokhara Nepal,28.211,83.9579,+97761463500,4.0,55,USD,Available,https://www.hotelpointpokhara.com,100.0,Budget
Hotel City Park Pokhara,Pokhara,Lakeside Pokhara Nepal,28.2109,83.9577,+97761465600,4.0,55,USD,Available,https://www.cityparkpokhara.com,100.0,Budget
Chitwan Paradise Hotel,Chitwan,Sauraha Nepal,27.5808,84.4955,+97756580900,4.1,70,USD,Available,https://www.chitwanparadise.com,100.0,Budget
Jungle Safari Lodge,Chitwan,Sauraha Nepal,27.581,84.495,+97756580888,4.1,70,USD,Available,https://www.junglesafariresort.com,100.0,Budget
Kasara Chitwan Resort,Chitwan,Patihani Nepal,27.566,84.42,+97756590999,4.7,200,USD,Available,https://www.kasararesort.com,100.0,Luxury
Island Jungle Resort Chitwan,Chitwan,Sauraha Nepal,27.58,84.49,+97756580200,4.5,140,USD,Available,https://www.islandjungleresort.com,100.0,Mid Range
Green Park Chitwan,Chitwan,Sauraha Nepal,27.5805,84.4935,+97756580555,4.6,110,USD,Available,https://www.greenparkchitwan.com,100.0,Mid Range
Lumbini Buddha Garden,Lumbini,Lumbini Nepal,27.4702,83.2765,+97771580333,4.4,75,USD,Available,https://www.lumbinibuddhagarden.com,100.0,Budget
Buddha Maya Garden,Lumbini,Lumbini Nepal,27.47,83.275,+97771580111,4.3,90,USD,Available,https://www.buddhamaya.com,100.0,Mid Range
Hotel Yak & Yeti Mustang,Mustang,Jomsom Nepal,28.78,83.73,+97769440500,4.2,100,USD,Available,https://www.yakandyeti.com,100.0,Mid Range
Muktinath Hotel,Mustang,Muktinath Nepal,28.8205,83.8705,+97769440800,4.0,70,USD,Available,https://www.muktinathhotel.com,100.0,Budget
Panauti Boutique Hotel,Panauti,Panauti Kavre Nepal,27.5835,85.513,+97711440600,4.1,70,USD,Available,https://www.panautiboutique.com,100.0,Budget
Panauti Community Homestay,Panauti,Panauti Nepal,27.584,85.512,+97711440500,4.4,60,USD,Available,https://www.panautihomestay.com,100.0,Budget
Namo Buddha View Resort,Panauti,Namo Buddha Nepal,27.5685,85.6205,+97711401300,4.5,130,USD,Available,https://www.namobuddhaview.com,100.0,Mid Range
Borderlands Eco Adventure Resort,Bhotekoshi,Sindhupalchok Nepal,27.9505,85.96,+97714433999,4.4,120,USD,Available,https://www.borderland-resorts.com,100.0,Mid Range
Hotel Peaceful Cottage,Bandipur,Bandipur Nepal,27.936,84.406,+97765560400,4.4,85,USD,Available,https://www.peacefulcottagebandipur.com,100.0,Mid Range
Hotel Himalayan Gateway,Kathmandu,Thamel Kathmandu Nepal,27.716,85.312,+97714700600,4.2,70,USD,Available,https://www.himalayangateway.com,100.0,Budget
Thamel Grand Hotel,Kathmandu,Thamel Kathmandu Nepal,27.7155,85.3125,+97714700700,4.1,65,USD,Available,https://www.thamelgrandhotel.com,100.0,Budget
Kathmandu Suite Home,Kathmandu,Thamel Kathmandu Nepal,27.7145,85.313,+97714700800,4.3,75,USD,Available,https://www.kathmandusuitehome.com,100.0,Budget
Hotel Nana,Kathmandu,Thamel Kathmandu Nepal,27.715,85.3118,+97714700900,4.0,50,USD,Available,https://www.hotelnana.com,100.0,Budget
Thamel Eco Resort,Kathmandu,Thamel Kathmandu Nepal,27.7162,85.3122,+97714701000,4.2,60,USD,Available,https://www.thamelecoresort.com,100.0,Budget
Kathmandu Boutique Inn,Kathmandu,Thamel Kathmandu Nepal,27.717,85.313,+97714701100,4.3,80,USD,Available,https://www.kathmanduboutiqueinn.com,100.0,Mid Range
Hotel Green Horizon,Kathmandu,Thamel Kathmandu Nepal,27.7165,85.3115,+97714701200,4.1,55,USD,Available,https://www.greenhorizonhotel.com,100.0,Budget
Himalayan Suite Hotel,Kathmandu,Lazimpat Nepal,27.7195,85.317,+97714415000,4.3,95,USD,Available,https://www.himalayansuitehotel.com,100.0,Mid Range
Royal Empire Hotel,Kathmandu,Baneshwor Kathmandu Nepal,27.69,85.332,+97714785000,4.2,85,USD,Available,https://www.royalempirehotel.com,100.0,Mid Range
Capital View Hotel,Kathmandu,Sundhara Kathmandu Nepal,27.703,85.315,+97714245000,4.0,60,USD,Available,https://www.capitalviewhotel.com,100.0,Budget
Pashupati View Hotel,Kathmandu,Gaushala Kathmandu Nepal,27.7075,85.3485,+97714495000,4.1,65,USD,Available,https://www.pashupativiewhotel.com,100.0,Budget
Boudha Stupa Hotel,Kathmandu,Boudha Kathmandu Nepal,27.721,85.362,+97714485000,4.2,70,USD,Available,https://www.boudhastupahotel.com,100.0,Budget
Heritage Kathmandu Inn,Kathmandu,Bhaktapur Durbar Area Nepal,27.672,85.429,+97716615000,4.3,75,USD,Available,https://www.heritagekathmanduinn.com,100.0,Budget
Bhaktapur Heritage Hotel,Bhaktapur,Bhaktapur Nepal,27.672,85.43,+97716616000,4.4,90,USD,Available,https://www.bhaktapurheritagehotel.com,100.0,Mid Range
Golden Gate Guest House,Bhaktapur,Bhaktapur Nepal,27.6718,85.4298,+97716617000,4.2,60,USD,Available,https://www.goldengateguesthouse.com,100.0,Budget
Nyatapola Guest House,Bhaktapur,Bhaktapur Nepal,27.6722,85.4305,+97716618000,4.4,65,USD,Available,https://www.nyatapolaguesthouse.com,100.0,Budget
Bhaktapur Inn,Bhaktapur,Bhaktapur Nepal,27.6715,85.4295,+97716619000,4.1,55,USD,Available,https://www.bhaktapurinn.com,100.0,Budget
Heritage Home Patan,Lalitpur,Patan Nepal,27.6725,85.3255,+97715535000,4.4,80,USD,Available,https://www.heritagehomehotel.com,100.0,Mid Range
Patan Courtyard Hotel,Lalitpur,Patan Nepal,27.673,85.326,+97715536000,4.3,75,USD,Available,https://www.patancourtyard.com,100.0,Budget
Newa Chen Hotel,Lalitpur,Patan Nepal,27.674,85.3265,+97715537000,4.5,85,USD,Available,https://www.newachen.com,100.0,Mid Range
Hiranya Guest House,Lalitpur,Patan Nepal,27.6728,85.3258,+97715538000,4.2,65,USD,Available,https://www.hiranyaguesthouse.com,100.0,Budget
Kirtipur Hills Resort,Kirtipur,Kirtipur Kathmandu Nepal,27.678,85.277,+97714335000,4.3,90,USD,Available,https://www.kirtipurhills.com,100.0,Mid Range
Chandragiri Resort,Kathmandu,Chandragiri Nepal,27.69,85.2,+97714315000,4.5,130,USD,Available,https://www.chandragiriresort.com,100.0,Mid Range
Himalayan Heights Resort,Kathmandu,Chandragiri Nepal,27.691,85.201,+97714316000,4.2,100,USD,Available,https://www.himalayanheights.com,100.0,Mid Range
Godavari Forest Resort,Lalitpur,Godavari Nepal,27.5905,85.3905,+97715561000,4.2,100,USD,Available,https://www.godavariforestresort.com,100.0,Mid Range
Nagarkot Peace Resort,Nagarkot,Nagarkot Nepal,27.717,85.52,+97716682000,4.2,85,USD,Available,https://www.nagarkotpeace.com,100.0,Mid Range
Sunshine Hotel Nagarkot,Nagarkot,Nagarkot Nepal,27.716,85.521,+97716682100,4.1,65,USD,Available,https://www.sunshinenagarkot.com,100.0,Budget
Nagarkot Valley View,Nagarkot,Nagarkot Nepal,27.718,85.522,+97716682200,4.3,90,USD,Available,https://www.nagarkotvalleyview.com,100.0,Mid Range
Himalayan Nature Lodge,Nagarkot,Nagarkot Nepal,27.7168,85.5188,+97716682300,4.3,95,USD,Available,https://www.himalayannaturelodge.com,100.0,Mid Range
Dhulikhel View Lodge,Dhulikhel,Dhulikhel Nepal,27.624,85.542,+97711490300,4.2,70,USD,Available,https://www.dhulikhelviewlodge.com,100.0,Budget
Dhulikhel Heights Resort,Dhulikhel,Dhulikhel Nepal,27.6228,85.544,+97711490400,4.4,110,USD,Available,https://www.dhulikhelheights.com,100.0,Mid Range
Himalayan Sunrise Resort,Dhulikhel,Dhulikhel Nepal,27.623,85.5435,+97711490450,4.3,90,USD,Available,https://www.himalayansunrise.com,100.0,Mid Range
Panauti Heritage Inn,Panauti,Panauti Nepal,27.584,85.5125,+97711440800,4.3,70,USD,Available,https://www.panautiheritageinn.com,100.0,Budget
Panauti Riverside Resort,Panauti,Panauti Nepal,27.585,85.513,+97711440900,4.2,80,USD,Available,https://www.panautiriverside.com,100.0,Mid Range
Bandipur Panorama Inn,Bandipur,Bandipur Nepal,27.938,84.4075,+97765560900,4.3,85,USD,Available,https://www.bandipurpanorama.com,100.0,Mid Range
Bandipur Heritage Resort,Bandipur,Bandipur Nepal,27.9375,84.407,+97765561000,4.4,100,USD,Available,https://www.bandipurheritageresort.com,100.0,Mid Range
Bandipur Village Resort,Bandipur,Bandipur Tanahun Nepal,27.9368,84.4062,+97765561100,4.2,80,USD,Available,https://www.bandipurvillageresort.com,100.0,Mid Range
Bandipur Riverside Lodge,Bandipur,Bandipur Nepal,27.9358,84.4058,+97765561200,4.1,70,USD,Available,https://www.bandipurriverside.com,100.0,Budget
Hotel Mountain Ridge,Bandipur,Bandipur Nepal,27.9382,84.4078,+97765561300,4.3,90,USD,Available,https://www.mountainridgebandipur.com,100.0,Mid Range
Manakamana View Resort,Gorkha,Manakamana Nepal,27.948,84.59,+97765540500,4.3,100,USD,Available,https://www.manakamanaview.com,100.0,Mid Range
Manakamana Heritage Hotel,Gorkha,Manakamana Nepal,27.9475,84.5905,+97765540600,4.2,85,USD,Available,https://www.manakamanaheritage.com,100.0,Mid Range
Gorkha Palace Resort,Gorkha,Gorkha Nepal,28.0005,84.6335,+97764421000,4.4,110,USD,Available,https://www.gorkhapalaceresort.com,100.0,Mid Range
Gorkha Inn,Gorkha,Gorkha Nepal,28.0015,84.632,+97764421100,4.1,60,USD,Available,https://www.gorkhainn.com,100.0,Budget
Manaslu View Lodge,Gorkha,Soti Khola Nepal,28.65,84.65,+97764421200,4.3,95,USD,Available,https://www.manasluviewlodge.com,100.0,Mid Range
Manaslu Eco Lodge,Gorkha,Manaslu Region Nepal,28.655,84.655,+97764421300,4.2,90,USD,Available,https://www.manasluecolodge.com,100.0,Mid Range
Annapurna Circuit Lodge,Manang,Manang Nepal,28.666,84.016,+97766441000,4.2,75,USD,Available,https://www.annapurnacircuitlodge.com,100.0,Budget
Tilicho Lake Lodge,Manang,Manang Nepal,28.67,84.02,+97766441100,4.1,65,USD,Available,https://www.tilicholakelodge.com,100.0,Budget
Mountain View Manang,Manang,Manang Nepal,28.668,84.018,+97766441200,4.3,85,USD,Available,https://www.mountainviewmanang.com,100.0,Mid Range
Yak Hotel Manang,Manang,Manang Nepal,28.6675,84.017,+97766441300,4.2,70,USD,Available,https://www.yakhotelmanang.com,100.0,Budget
Thorong Peak View Lodge,Manang,Thorong La Nepal,28.79,84.14,+97766441400,4.0,60,USD,Available,https://www.thorongpeakview.com,100.0,Budget
Mustang Heritage Inn,Mustang,Jomsom Nepal,28.78,83.73,+97769441000,4.3,100,USD,Available,https://www.mustangheritageinn.com,100.0,Mid Range
Jomsom Plaza Hotel,Mustang,Jomsom Nepal,28.7805,83.7305,+97769441100,4.1,80,USD,Available,https://www.jomsomplaza.com,100.0,Mid Range
Muktinath View Lodge,Mustang,Muktinath Nepal,28.82,83.87,+97769441200,4.2,85,USD,Available,https://www.muktinathview.com,100.0,Mid Range
Kagbeni Riverside Lodge,Mustang,Kagbeni Nepal,28.835,83.782,+97769441300,4.4,95,USD,Available,https://www.kagbeniriverside.com,100.0,Mid Range
Marpha Apple Garden Lodge,Mustang,Marpha Nepal,28.75,83.69,+97769441400,4.3,90,USD,Available,https://www.marphaapplegarden.com,100.0,Mid Range
Hotel Annapurna View Mustang,Mustang,Mustang Nepal,28.7808,83.7312,+97769441500,4.2,110,USD,Available,https://www.annapurnaviewmustang.com,100.0,Mid Range
Everest Region Lodge,Solukhumbu,Lukla Nepal,27.687,86.728,+97738541000,4.3,120,USD,Available,https://www.everestregionlodge.com,100.0,Mid Range
Khumbu Valley Lodge,Solukhumbu,Namche Bazaar Nepal,27.805,86.71,+97738541100,4.4,150,USD,Available,https://www.khumbuvalleylodge.com,100.0,Luxury
Sherpa Heritage Lodge,Solukhumbu,Namche Bazaar Nepal,27.806,86.712,+97738541200,4.5,160,USD,Available,https://www.sherpaheritagelodge.com,100.0,Luxury
Everest View Guest House,Solukhumbu,Tengboche Nepal,27.836,86.764,+97738541300,4.2,90,USD,Available,https://www.everestviewguesthouse.com,100.0,Mid Range
Mountain Spirit Lodge,Solukhumbu,Everest Region Nepal,27.84,86.76,+97738541400,4.3,130,USD,Available,https://www.mountainspiritlodge.com,100.0,Mid Range
Sauraha Wildlife Lodge,Chitwan,Sauraha Nepal,27.581,84.495,+97756581100,4.3,85,USD,Available,https://www.saurahawildlife.com,100.0,Mid Range
Chitwan Nature Resort,Chitwan,Sauraha Nepal,27.5805,84.4938,+97756581200,4.4,95,USD,Available,https://www.chitwannatureresort.com,100.0,Mid Range
Jungle View Resort Chitwan,Chitwan,Sauraha Nepal,27.582,84.496,+97756581300,4.2,80,USD,Available,https://www.jungleviewchitwan.com,100.0,Mid Range
Elephant Safari Lodge,Chitwan,Chitwan Nepal,27.5815,84.4955,+97756581400,4.1,70,USD,Available,https://www.elephantsafarilodge.com,100.0,Budget
Lumbini Peace Resort,Lumbini,Lumbini Nepal,27.4695,83.276,+97771582000,4.2,65,USD,Available,https://www.lumbinipeaceresort.com,100.0,Budget
Buddha Heritage Hotel,Lumbini,Lumbini Nepal,27.4685,83.277,+97771582100,4.4,90,USD,Available,https://www.buddhaheritagehotel.com,100.0,Mid Range
Lumbini View Hotel,Lumbini,Lumbini Nepal,27.4708,83.2755,+97771582200,4.1,55,USD,Available,https://www.lumbiniviewhotel.com,100.0,Budget
Sacred Peace Lodge,Lumbini,Lumbini Nepal,27.4702,83.2745,+97771582300,4.2,60,USD,Available,https://www.sacredpeacelodge.com,100.0,Budget
Buddha Maya Resort,Lumbini,Lumbini Nepal,27.47,83.275,+97771580111,4.3,90,USD,Available,https://www.buddhamaya.com,100.0,Mid Range
Bhairahawa Garden Resort,Bhairahawa,Rupandehi Nepal,27.5105,83.455,+97771590300,4.1,70,USD,Available,https://www.bhairahawagarden.com,100.0,Budget
Hotel Siddhartha,Bhairahawa,Bhairahawa Nepal,27.5055,83.4555,+97771520500,4.3,90,USD,Available,https://www.hotelsiddhartha.com,100.0,Mid Range
Nansc Hotel,Bhairahawa,Bhairahawa Nepal,27.505,83.454,+97771590400,4.2,80,USD,Available,https://www.nanschotel.com,100.0,Mid Range
Galaxy Guest House,Bhairahawa,Bhairahawa Nepal,27.5045,83.4535,+97771590500,4.0,55,USD,Available,https://www.galaxyguesthouse.com,100.0,Budget
Lumbini Palace Resort,Bhairahawa,Rupandehi Nepal,27.52,83.4505,+97771590600,4.4,120,USD,Available,https://www.lumbinipalaceresort.com,100.0,Mid Range
Hotel Pawan International,Bhairahawa,Rupandehi Nepal,27.505,83.453,+97771520111,4.0,60,USD,Available,https://www.pawaninternational.com,100.0,Budget
Butwal Garden Resort,Butwal,Butwal Nepal,27.7,83.45,+97771540500,4.2,80,USD,Available,https://www.butwalgardenresort.com,100.0,Mid Range
Hotel Club De Novo,Butwal,Butwal Nepal,27.7005,83.4485,+97771540600,4.3,90,USD,Available,https://www.clubdenovo.com,100.0,Mid Range
Nana Hotel Butwal,Butwal,Butwal Nepal,27.7,83.449,+97771540700,4.1,65,USD,Available,https://www.nanahotelbutwal.com,100.0,Budget
Dream International Hotel,Butwal,Butwal Nepal,27.7008,83.4505,+97771540800,4.4,100,USD,Available,https://www.dreaminternationalhotel.com,100.0,Mid Range
Palpa Durbar Hotel,Tansen,Palpa Nepal,27.867,83.546,+97775520500,4.3,85,USD,Available,https://www.palpadurbarhotel.com,100.0,Mid Range
Srinagar Hotel,Tansen,Palpa Nepal,27.8675,83.5465,+97775520600,4.5,120,USD,Available,https://www.srinagarhotel.com,100.0,Mid Range
Hotel White Lake,Tansen,Palpa Nepal,27.868,83.547,+97775520700,4.2,75,USD,Available,https://www.whitelaketansen.com,100.0,Budget
Tansen View Resort,Tansen,Palpa Nepal,27.8665,83.5455,+97775520800,4.4,95,USD,Available,https://www.tansenview.com,100.0,Mid Range
Palpa Heritage Inn,Tansen,Palpa Nepal,27.8672,83.5462,+97775520900,4.3,80,USD,Available,https://www.palpaheritageinn.com,100.0,Mid Range
Janakpur Guest House,Janakpur,Janakpur Nepal,26.728,85.925,+97741520500,4.0,55,USD,Available,https://www.janakpurguesthouse.com,100.0,Budget
Hotel Welcome Janakpur,Janakpur,Janakpur Nepal,26.7285,85.926,+97741520600,4.2,75,USD,Available,https://www.hotelwelcomejanakpur.com,100.0,Budget
Sita Palace Hotel,Janakpur,Janakpur Nepal,26.7275,85.9245,+97741520700,4.1,70,USD,Available,https://www.sitapalacehotel.com,100.0,Budget
Mithila Yatri Niwas,Janakpur,Janakpur Nepal,26.728,85.9255,+97741520800,4.3,85,USD,Available,https://www.mithilayatri.com,100.0,Mid Range
Hotel Rama Inn,Janakpur,Janakpur Nepal,26.727,85.9235,+97741520900,4.0,60,USD,Available,https://www.ramainn.com,100.0,Budget
Ilam Green Resort,Ilam,Ilam Nepal,26.91,87.93,+97727520500,4.5,100,USD,Available,https://www.ilamgreenresort.com,100.0,Mid Range
Ilam Tea Garden Hotel,Ilam,Ilam Nepal,26.912,87.931,+97727520600,4.4,90,USD,Available,https://www.ilamteagarden.com,100.0,Mid Range
Kanyam View Resort,Ilam,Kanyam Nepal,26.88,87.92,+97727520700,4.6,120,USD,Available,https://www.kanyamviewresort.com,100.0,Mid Range
Ilam Hill Lodge,Ilam,Ilam Nepal,26.9105,87.9295,+97727520800,4.2,75,USD,Available,https://www.ilamhilllodge.com,100.0,Budget
Mai Valley Resort,Ilam,Ilam Nepal,26.915,87.935,+97727520900,4.3,95,USD,Available,https://www.maivalleyresort.com,100.0,Mid Range
Dharan Boutique Hotel,Dharan,Dharan Nepal,26.81,87.28,+97725520500,4.2,75,USD,Available,https://www.dharanboutiquehotel.com,100.0,Budget
Hotel Imperial Dharan,Dharan,Dharan Nepal,26.811,87.281,+97725520600,4.3,85,USD,Available,https://www.imperialdharan.com,100.0,Mid Range
Dharan View Resort,Dharan,Dharan Nepal,26.812,87.282,+97725520700,4.1,70,USD,Available,https://www.dharanviewresort.com,100.0,Budget
Hotel Gajur Palace,Dharan,Dharan Nepal,26.8105,87.2805,+97725520800,4.2,80,USD,Available,https://www.gajurpalace.com,100.0,Mid Range
Eastern Star Hotel,Dharan,Dharan Nepal,26.8095,87.2795,+97725520900,4.0,60,USD,Available,https://www.easternstarhotel.com,100.0,Budget
Hotel Makalu,Koshi Region,Biratnagar Nepal,26.4525,87.2718,+97721520500,4.1,65,USD,Available,https://www.hotelmakalu.com,100.0,Budget
Ratna Hotel,Biratnagar,Biratnagar Nepal,26.452,87.27,+97721520600,4.2,75,USD,Available,https://www.ratnahotel.com,100.0,Budget
Hotel Harrison Palace,Biratnagar,Biratnagar Nepal,26.453,87.272,+97721520700,4.3,90,USD,Available,https://www.harrisonpalace.com,100.0,Mid Range
Big Hotel Biratnagar,Biratnagar,Biratnagar Nepal,26.4515,87.271,+97721520800,4.0,60,USD,Available,https://www.bighotelbiratnagar.com,100.0,Budget
Royal Orchid Hotel,Biratnagar,Biratnagar Nepal,26.4522,87.2705,+97721520900,4.1,70,USD,Available,https://www.royalorchidhotel.com,100.0,Budget
Hotel Narayani,Narayangarh,Narayangarh Nepal,27.7,84.43,+97756520500,4.1,65,USD,Available,https://www.hotelnarayani.com,100.0,Budget
Central Palm Hotel,Narayangarh,Chitwan Nepal,27.68,84.43,+97756520600,4.4,100,USD,Available,https://www.centralpalmhotel.com,100.0,Mid Range
Hotel Royal Century,Narayangarh,Chitwan Nepal,27.7005,84.431,+97756520700,4.3,90,USD,Available,https://www.royalcentury.com,100.0,Mid Range
Barahi Jungle Lodge,Chitwan,Meghauli Nepal,27.58,84.25,+97756590200,4.7,220,USD,Available,https://www.barahijunglelodge.com,100.0,Luxury
Kasara Jungle Resort,Chitwan,Patihani Nepal,27.566,84.42,+97756590999,4.7,200,USD,Available,https://www.kasararesort.com,100.0,Luxury
Green Park Chitwan Resort,Chitwan,Sauraha Nepal,27.5805,84.4935,+97756580555,4.6,110,USD,Available,https://www.greenparkchitwan.com,100.0,Mid Range
Jungle World Resort,Chitwan,Sauraha Nepal,27.581,84.4945,+97756581500,4.3,90,USD,Available,https://www.jungleworldresort.com,100.0,Mid Range
Rhino Lodge Chitwan,Chitwan,Sauraha Nepal,27.5805,84.4925,+97756581800,4.1,70,USD,Available,https://www.rhinolodgechitwan.com,100.0,Budget
Machan Country Villa,Chitwan,Chitwan National Park Nepal,27.56,84.3,+97756590300,4.5,180,USD,Available,https://www.machancountryvilla.com,100.0,Luxury
Tigerland Safari Resort,Chitwan,Chitwan Nepal,27.575,84.28,+97756590400,4.4,150,USD,Available,https://www.tigerlandsafari.com,100.0,Luxury
Sauraha Resort Inn,Chitwan,Sauraha Nepal,27.5815,84.4955,+97756581900,4.0,60,USD,Available,https://www.sauraharesortinn.com,100.0,Budget
Rhino Residence Chitwan,Chitwan,Sauraha Nepal,27.5825,84.4965,+97756582100,4.1,65,USD,Available,https://www.rhinoresidence.com,100.0,Budget
Pokhara Boutique Hotel,Pokhara,Lakeside Pokhara Nepal,28.211,83.958,+97761467000,4.4,95,USD,Available,https://www.pokharaboutiquehotel.com,100.0,Mid Range
Lake View Resort Pokhara,Pokhara,Lakeside Pokhara Nepal,28.2105,83.9575,+97761467100,4.3,90,USD,Available,https://www.lakeviewpokhara.com,100.0,Mid Range
Mountain Glory Forest Resort,Pokhara,Pokhara Nepal,28.22,83.95,+97761467200,4.5,130,USD,Available,https://www.mountaingloryresort.com,100.0,Mid Range
Hotel Pokhara View,Pokhara,Lakeside Pokhara Nepal,28.2125,83.9585,+97761467300,4.1,65,USD,Available,https://www.hotelpokharaview.com,100.0,Budget
Trekkers Inn Pokhara,Pokhara,Lakeside Pokhara Nepal,28.2115,83.957,+97761467400,4.2,70,USD,Available,https://www.trekkersinnpokhara.com,100.0,Budget
Hotel Lakefront Pokhara,Pokhara,Lakeside Pokhara Nepal,28.212,83.9565,+97761467500,4.3,85,USD,Available,https://www.lakefrontpokhara.com,100.0,Mid Range
Annapurna Eco Resort,Pokhara,Pokhara Nepal,28.18,83.95,+97761467600,4.4,100,USD,Available,https://www.annapurnaecoresort.com,100.0,Mid Range
Pokhara Adventure Resort,Pokhara,Pokhara Nepal,28.215,83.955,+97761467700,4.2,80,USD,Available,https://www.pokharaadventure.com,100.0,Mid Range
Hotel Fewa Camp,Pokhara,Fewa Lake Nepal,28.21,83.956,+97761467800,4.1,60,USD,Available,https://www.fewacamp.com,100.0,Budget
Himalayan Lake Resort,Pokhara,Fewa Lake Nepal,28.212,83.959,+97761467900,4.3,90,USD,Available,https://www.himalayanlakeresort.com,100.0,Mid Range
Kathmandu Garden House,Kathmandu,Thamel Nepal,27.715,85.312,+97714702000,4.2,70,USD,Available,https://www.kathmandugardenhouse.com,100.0,Budget
Thamel View Hotel,Kathmandu,Thamel Nepal,27.716,85.313,+97714702100,4.1,60,USD,Available,https://www.thamelviewhotel.com,100.0,Budget
Kathmandu Guest House Annex,Kathmandu,Thamel Nepal,27.7148,85.3125,+97714702200,4.3,90,USD,Available,https://www.kathmanduguesthouse.com,100.0,Mid Range
Hotel Mandala,Kathmandu,Thamel Nepal,27.7152,85.3118,+97714702300,4.0,55,USD,Available,https://www.hotelmandala.com,100.0,Budget
Himalayan Retreat Kathmandu,Kathmandu,Lazimpat Nepal,27.719,85.317,+97714416000,4.4,120,USD,Available,https://www.himalayanretreat.com,100.0,Mid Range
Royal Kathmandu Hotel,Kathmandu,Durbarmarg Nepal,27.711,85.318,+97714226000,4.3,100,USD,Available,https://www.royalkathmandu.com,100.0,Mid Range
Valley View Hotel,Kathmandu,Kirtipur Nepal,27.6785,85.2765,+97714336000,4.2,75,USD,Available,https://www.valleyviewhotel.com,100.0,Budget
Kathmandu Palace Inn,Kathmandu,Balaju Nepal,27.735,85.305,+97714386000,4.1,65,USD,Available,https://www.kathmandupalaceinn.com,100.0,Budget
Heritage Valley Resort,Kathmandu,Godavari Nepal,27.59,85.39,+97715562000,4.3,100,USD,Available,https://www.heritagevalleyresort.com,100.0,Mid Range
Himalayan Panorama Resort,Nagarkot,Nagarkot Nepal,27.7175,85.5205,+97716683000,4.5,130,USD,Available,https://www.himalayanpanorama.com,100.0,Mid Range
Sunrise Mountain Resort,Nagarkot,Nagarkot Nepal,27.717,85.5185,+97716683200,4.2,85,USD,Available,https://www.sunrisemountainresort.com,100.0,Mid Range
Dhulikhel Panorama Resort,Dhulikhel,Dhulikhel Nepal,27.623,85.544,+97711491100,4.4,110,USD,Available,https://www.dhulikhelpanorama.com,100.0,Mid Range
Himalayan Retreat Dhulikhel,Dhulikhel,Dhulikhel Nepal,27.6245,85.542,+97711491200,4.3,95,USD,Available,https://www.himalayanretreatdhulikhel.com,100.0,Mid Range
Dhulikhel Heritage Inn,Dhulikhel,Dhulikhel Nepal,27.6225,85.5435,+97711491300,4.2,80,USD,Available,https://www.dhulikhelheritage.com,100.0,Mid Range
Bandipur Heritage Lodge,Bandipur,Bandipur Nepal,27.937,84.4065,+97765561500,4.5,120,USD,Available,https://www.bandipurheritagelodge.com,100.0,Mid Range
Bandipur Mountain View Hotel,Bandipur,Bandipur Nepal,27.938,84.407,+97765561600,4.3,90,USD,Available,https://www.bandipurmountainview.com,100.0,Mid Range
Bandipur Old Town Inn,Bandipur,Bandipur Nepal,27.9365,84.406,+97765561700,4.4,100,USD,Available,https://www.bandipuroldtown.com,100.0,Mid Range
Manakamana View Hotel,Gorkha,Manakamana Nepal,27.947,84.59,+97765541000,4.2,85,USD,Available,https://www.manakamanaviewhotel.com,100.0,Mid Range
Gorkha Heritage Resort,Gorkha,Gorkha Nepal,28.001,84.634,+97764421500,4.3,100,USD,Available,https://www.gorkhaheritage.com,100.0,Mid Range
Gorkha Palace View Hotel,Gorkha,Gorkha Nepal,28.0015,84.6345,+97764421600,4.3,95,USD,Available,https://www.gorkhapalaceview.com,100.0,Mid Range
Manaslu Heritage Lodge,Gorkha,Manaslu Region Nepal,28.6505,84.6505,+97764421700,4.4,110,USD,Available,https://www.manasluheritage.com,100.0,Mid Range
Barpak Mountain Lodge,Gorkha,Barpak Nepal,28.2005,84.7505,+97764431000,4.5,100,USD,Available,https://www.barpakmountainlodge.com,100.0,Mid Range
Annapurna Village Lodge,Lamjung,Lamjung Nepal,28.2355,84.376,+97766521000,4.2,70,USD,Available,https://www.annapurnavillagelodge.com,100.0,Budget
Lamjung Heritage Resort,Lamjung,Lamjung Nepal,28.2405,84.381,+97766521100,4.3,85,USD,Available,https://www.lamjungheritage.com,100.0,Mid Range
Besisahar Mountain View,Lamjung,Besisahar Nepal,28.2325,84.3725,+97766521200,4.1,65,USD,Available,https://www.besisaharmountainview.com,100.0,Budget
Manang Valley Resort,Manang,Manang Nepal,28.667,84.018,+97766442000,4.4,120,USD,Available,https://www.manangvalleyresort.com,100.0,Mid Range
Himalayan View Manang,Manang,Manang Nepal,28.668,84.019,+97766442100,4.2,90,USD,Available,https://www.himalayanviewmanang.com,100.0,Mid Range
Yak Palace Lodge,Manang,Manang Nepal,28.6675,84.0175,+97766442200,4.1,75,USD,Available,https://www.yakpalacelodge.com,100.0,Budget
Annapurna Trekker Lodge,Manang,Annapurna Region Nepal,28.67,84.02,+97766442300,4.3,95,USD,Available,https://www.annapurnatrekker.com,100.0,Mid Range
Mustang Valley Resort,Mustang,Jomsom Nepal,28.78,83.7305,+97769442000,4.3,110,USD,Available,https://www.mustangvalleyresort.com,100.0,Mid Range
Kali Gandaki Lodge,Mustang,Kagbeni Nepal,28.835,83.7825,+97769442100,4.4,100,USD,Available,https://www.kaligandaki.com,100.0,Mid Range
Marpha Heritage Hotel,Mustang,Marpha Nepal,28.7505,83.6905,+97769442200,4.5,120,USD,Available,https://www.marphaheritage.com,100.0,Mid Range
Lo Mustang Guest House,Mustang,Lo Manthang Nepal,29.18,83.95,+97769442300,4.2,90,USD,Available,https://www.lomustangguesthouse.com,100.0,Mid Range
Royal Mustang Lodge,Mustang,Lo Manthang Nepal,29.1805,83.951,+97769442400,4.4,150,USD,Available,https://www.royalmustanglodge.com,100.0,Luxury
Everest Base Camp Lodge,Solukhumbu,Everest Region Nepal,28.0,86.85,+97738542000,4.5,180,USD,Available,https://www.everestbasecamplodge.com,100.0,Luxury
Sherpa Village Lodge,Solukhumbu,Namche Nepal,27.8055,86.7115,+97738542100,4.4,130,USD,Available,https://www.sherpavillagelodge.com,100.0,Mid Range
Khumbu Mountain Resort,Solukhumbu,Khumbu Nepal,27.806,86.7125,+97738542200,4.3,120,USD,Available,https://www.khumbumountainresort.com,100.0,Mid Range
Lukla Airport Lodge,Solukhumbu,Lukla Nepal,27.6875,86.7285,+97738542300,4.1,85,USD,Available,https://www.luklaairportlodge.com,100.0,Mid Range
Everest Panorama Inn,Solukhumbu,Tengboche Nepal,27.8365,86.7645,+97738542400,4.3,140,USD,Available,https://www.everestpanoramainn.com,100.0,Mid Range
Jungle Wildlife Resort,Chitwan,Sauraha Nepal,27.58,84.494,+97756583000,4.4,100,USD,Available,https://www.junglewildliferesort.com,100.0,Mid Range
Chitwan Forest Lodge,Chitwan,Sauraha Nepal,27.581,84.495,+97756583100,4.2,80,USD,Available,https://www.chitwanforestlodge.com,100.0,Mid Range
Elephant Safari Camp,Chitwan,Chitwan National Park Nepal,27.5605,84.3005,+97756583200,4.3,130,USD,Available,https://www.elephantsafaricamp.com,100.0,Mid Range
Tharu Village Resort,Chitwan,Sauraha Nepal,27.582,84.496,+97756583300,4.5,110,USD,Available,https://www.tharuvillageresort.com,100.0,Mid Range
Chitwan Adventure Lodge,Chitwan,Sauraha Nepal,27.5805,84.493,+97756583400,4.1,70,USD,Available,https://www.chitwanadventurelodge.com,100.0,Budget
Buddha Peace Hotel,Lumbini,Lumbini Nepal,27.4695,83.2765,+97771583100,4.3,80,USD,Available,https://www.buddhapeacehotel.com,100.0,Mid Range
Lumbini Heritage Inn,Lumbini,Lumbini Nepal,27.4705,83.2745,+97771583200,4.4,90,USD,Available,https://www.lumbiniheritageinn.com,100.0,Mid Range
Sacred Garden View Resort,Lumbini,Lumbini Nepal,27.471,83.275,+97771583300,4.2,75,USD,Available,https://www.sacredgardenview.com,100.0,Budget
Maya Heritage Resort,Lumbini,Lumbini Nepal,27.4702,83.276,+97771583400,4.3,95,USD,Available,https://www.mayaheritageresort.com,100.0,Mid Range
Tiger Palace Luxury Resort,Bhairahawa,Rupandehi Nepal,27.52,83.45,+97771590111,4.6,160,USD,Available,https://www.tigerpalaceresort.com,100.0,Luxury
Siddhartha Cottage,Bhairahawa,Bhairahawa Nepal,27.5055,83.455,+97771521000,4.1,65,USD,Available,https://www.siddharthacottage.com,100.0,Budget
Bhairahawa Comfort Hotel,Bhairahawa,Rupandehi Nepal,27.506,83.454,+97771521100,4.2,70,USD,Available,https://www.bhairahawacomfort.com,100.0,Budget
Dreamland Resort,Bhairahawa,Rupandehi Nepal,27.51,83.46,+97771590222,4.2,85,USD,Available,https://www.dreamlandresort.com,100.0,Mid Range
Hotel Nansc,Bhairahawa,Bhairahawa Nepal,27.505,83.454,+97771590400,4.2,80,USD,Available,https://www.nanschotel.com,100.0,Mid Range
Dharan Hill Resort,Dharan,Dharan Nepal,26.8105,87.2805,+97725521000,4.3,90,USD,Available,https://www.dharanhillresort.com,100.0,Mid Range
Eastern Horizon Hotel,Dharan,Dharan Nepal,26.811,87.281,+97725521100,4.2,75,USD,Available,https://www.easternhorizonhotel.com,100.0,Budget
Dharan Riverside Resort,Dharan,Dharan Nepal,26.8095,87.2795,+97725521200,4.1,65,USD,Available,https://www.dharanriverside.com,100.0,Budget
Ilam Tea Garden Resort,Ilam,Ilam Nepal,26.9105,87.9305,+97727521000,4.5,110,USD,Available,https://www.ilamteagardenresort.com,100.0,Mid Range
Kanyam Hill Resort,Ilam,Kanyam Nepal,26.8805,87.9205,+97727521100,4.6,130,USD,Available,https://www.kanyamhillresort.com,100.0,Mid Range
Ilam Mountain View Hotel,Ilam,Ilam Nepal,26.911,87.931,+97727521200,4.3,90,USD,Available,https://www.ilammountainview.com,100.0,Mid Range
Mai Valley Lodge,Ilam,Mai Valley Nepal,26.915,87.935,+97727521300,4.4,100,USD,Available,https://www.maivalleylodge.com,100.0,Mid Range
Ilam Heritage Resort,Ilam,Ilam Nepal,26.912,87.932,+97727521400,4.2,85,USD,Available,https://www.ilamheritageresort.com,100.0,Mid Range
Kanyam Tea Garden Lodge,Ilam,Kanyam Nepal,26.88,87.92,+97727521500,4.5,120,USD,Available,https://www.kanyamteagarden.com,100.0,Mid Range
Dharan Grand Hotel,Dharan,Dharan Nepal,26.81,87.28,+97725521500,4.3,85,USD,Available,https://www.dharangrandhotel.com,100.0,Mid Range
Eastern Star Resort,Dharan,Dharan Nepal,26.8098,87.2798,+97725521600,4.1,70,USD,Available,https://www.easternstarresort.com,100.0,Budget
Biratnagar City Hotel,Biratnagar,Biratnagar Nepal,26.4525,87.2715,+97721521000,4.1,65,USD,Available,https://www.biratnagarcityhotel.com,100.0,Budget
Royal Orchid Biratnagar,Biratnagar,Biratnagar Nepal,26.452,87.2705,+97721521200,4.2,75,USD,Available,https://www.royalorchid.com,100.0,Budget
Ratna Hotel Biratnagar,Biratnagar,Biratnagar Nepal,26.4522,87.2708,+97721520600,4.2,75,USD,Available,https://www.ratnahotel.com,100.0,Budget
Janakpur Heritage Hotel,Janakpur,Janakpur Nepal,26.728,85.9255,+97741521000,4.3,80,USD,Available,https://www.janakpurheritagehotel.com,100.0,Mid Range
Mithila Guest House,Janakpur,Janakpur Nepal,26.7275,85.9245,+97741521100,4.1,60,USD,Available,https://www.mithilaguesthouse.com,100.0,Budget
Sita Palace Resort,Janakpur,Janakpur Nepal,26.7285,85.926,+97741521200,4.2,75,USD,Available,https://www.sitapalaceresort.com,100.0,Budget
Janaki Inn,Janakpur,Janakpur Nepal,26.727,85.9235,+97741521300,4.0,55,USD,Available,https://www.janakiinn.com,100.0,Budget
Hotel Rama Palace,Janakpur,Janakpur Nepal,26.7278,85.925,+97741521400,4.2,70,USD,Available,https://www.ramapalacehotel.com,100.0,Budget
Palpa Hill Resort,Tansen,Palpa Nepal,27.8675,83.5465,+97775521000,4.4,100,USD,Available,https://www.palpathillresort.com,100.0,Mid Range
Srinagar View Lodge,Tansen,Palpa Nepal,27.868,83.547,+97775521100,4.5,120,USD,Available,https://www.srinagarview.com,100.0,Mid Range
Tansen Heritage Inn,Tansen,Palpa Nepal,27.867,83.546,+97775521200,4.3,85,USD,Available,https://www.tansenheritageinn.com,100.0,Mid Range
Palpa Mountain View,Tansen,Palpa Nepal,27.8685,83.5475,+97775521300,4.2,80,USD,Available,https://www.palpamountainview.com,100.0,Mid Range
Rani Mahal Resort,Tansen,Palpa Nepal,27.79,83.44,+97775521400,4.6,130,USD,Available,https://www.ranimahalresort.com,100.0,Mid Range
Butwal Comfort Inn,Butwal,Butwal Nepal,27.7,83.45,+97771541000,4.1,65,USD,Available,https://www.butwalcomfortinn.com,100.0,Budget
Hotel Butwal Plaza,Butwal,Butwal Nepal,27.7005,83.4485,+97771541100,4.2,80,USD,Available,https://www.butwalplaza.com,100.0,Mid Range
Dream Palace Hotel,Butwal,Butwal Nepal,27.7008,83.4505,+97771541200,4.4,100,USD,Available,https://www.dreampalacehotel.com,100.0,Mid Range
Butwal Garden View,Butwal,Butwal Nepal,27.6995,83.4495,+97771541300,4.2,75,USD,Available,https://www.butwalgardenview.com,100.0,Budget
Hotel Avenue Butwal,Butwal,Butwal Nepal,27.701,83.451,+97771541400,4.1,70,USD,Available,https://www.hotelavenuebutwal.com,100.0,Budget
Pokhara Valley Resort,Pokhara,Pokhara Nepal,28.21,83.957,+97761468000,4.3,90,USD,Available,https://www.pokharavalleyresort.com,100.0,Mid Range
Fewa Lake View Hotel,Pokhara,Lakeside Pokhara Nepal,28.211,83.958,+97761468100,4.2,75,USD,Available,https://www.fewalakeview.com,100.0,Budget
Mountain Glory Resort,Pokhara,Pokhara Nepal,28.22,83.95,+97761468200,4.5,130,USD,Available,https://www.mountaingloryresort.com,100.0,Mid Range
Pokhara Lakeside Inn,Pokhara,Lakeside Pokhara Nepal,28.2105,83.9575,+97761468300,4.1,65,USD,Available,https://www.pokharalakesideinn.com,100.0,Budget
Adventure Lake Resort,Pokhara,Fewa Lake Nepal,28.212,83.9565,+97761468400,4.2,80,USD,Available,https://www.adventurelakeresort.com,100.0,Mid Range
Kathmandu Heritage Palace,Kathmandu,Thamel Nepal,27.715,85.312,+97714703000,4.3,90,USD,Available,https://www.kathmanduheritagepalace.com,100.0,Mid Range
Thamel Central Hotel,Kathmandu,Thamel Nepal,27.716,85.313,+97714703100,4.1,65,USD,Available,https://www.thamelcentralhotel.com,100.0,Budget
Valley Crown Hotel,Kathmandu,Kathmandu Nepal,27.71,85.315,+97714703200,4.2,80,USD,Available,https://www.valleycrownhotel.com,100.0,Mid Range
Royal Valley Inn,Kathmandu,Kathmandu Nepal,27.712,85.318,+97714703300,4.0,60,USD,Available,https://www.royalvalleyinn.com,100.0,Budget
Himalayan Crown Hotel,Kathmandu,Lazimpat Nepal,27.719,85.317,+97714417000,4.4,110,USD,Available,https://www.himalayancrownhotel.com,100.0,Mid Range
Nagarkot Sunrise Lodge,Nagarkot,Nagarkot Nepal,27.717,85.52,+97716684000,4.3,90,USD,Available,https://www.nagarkotsunriselodge.com,100.0,Mid Range
Nagarkot Nature Resort,Nagarkot,Nagarkot Nepal,27.7165,85.5195,+97716684100,4.4,110,USD,Available,https://www.nagarkotnatureresort.com,100.0,Mid Range
Dhulikhel Valley Resort,Dhulikhel,Dhulikhel Nepal,27.623,85.5435,+97711491500,4.3,95,USD,Available,https://www.dhulikhelvalleyresort.com,100.0,Mid Range
Dhulikhel Nature Lodge,Dhulikhel,Dhulikhel Nepal,27.624,85.542,+97711491600,4.2,80,USD,Available,https://www.dhulikhelnaturelodge.com,100.0,Mid Range
Bandipur Scenic Resort,Bandipur,Bandipur Nepal,27.9375,84.4065,+97765562000,4.4,100,USD,Available,https://www.bandipurscenicresort.com,100.0,Mid Range
Bandipur Panorama Resort,Bandipur,Bandipur Nepal,27.938,84.407,+97765562100,4.5,120,USD,Available,https://www.bandipurpanoramaresort.com,100.0,Mid Range
Bandipur Eco Cottage,Bandipur,Bandipur Nepal,27.9368,84.4062,+97765562200,4.2,75,USD,Available,https://www.bandipurecocottage.com,100.0,Budget
Old Village Inn,Bandipur,Bandipur Nepal,27.9372,84.4068,+97765562300,4.4,95,USD,Available,https://www.oldvillageinn.com,100.0,Mid Range
Himalayan Bandipur Lodge,Bandipur,Bandipur Nepal,27.9385,84.4075,+97765562400,4.3,100,USD,Available,https://www.himalayanbandipurlodge.com,100.0,Mid Range
Manakamana Hills Resort,Gorkha,Manakamana Nepal,27.9475,84.5905,+97765542000,4.4,110,USD,Available,https://www.manakamanahills.com,100.0,Mid Range
Gorkha Garden Palace,Gorkha,Gorkha Nepal,28.001,84.633,+97764422000,4.2,85,USD,Available,https://www.gorkhagardenpalace.com,100.0,Mid Range
Gorkha Durbar View Hotel,Gorkha,Gorkha Nepal,28.002,84.634,+97764422100,4.3,90,USD,Available,https://www.gorkhadurbarview.com,100.0,Mid Range
Manaslu Eco Retreat,Gorkha,Manaslu Region Nepal,28.651,84.651,+97764422200,4.5,130,USD,Available,https://www.manasluecoretreat.com,100.0,Mid Range
Annapurna Base Camp Lodge,Annapurna,Annapurna Region Nepal,28.53,84.56,+97766443000,4.5,150,USD,Available,https://www.annapurnabasecamplodge.com,100.0,Luxury
Annapurna Mountain View Lodge,Annapurna,Annapurna Region Nepal,28.54,84.55,+97766443100,4.4,120,USD,Available,https://www.annapurnamountainview.com,100.0,Mid Range
Machhapuchhre View Hotel,Pokhara,Pokhara Nepal,28.21,83.958,+97761469000,4.3,85,USD,Available,https://www.machhapuchhreview.com,100.0,Mid Range
Fishtail Garden Resort,Pokhara,Lakeside Pokhara Nepal,28.211,83.957,+97761469100,4.4,110,USD,Available,https://www.fishtailgardenresort.com,100.0,Mid Range
Lake Breeze Hotel,Pokhara,Lakeside Pokhara Nepal,28.212,83.9585,+97761469200,4.2,75,USD,Available,https://www.lakebreezehotel.com,100.0,Budget
Pokhara Mountain Retreat,Pokhara,Pokhara Nepal,28.215,83.955,+97761469300,4.5,125,USD,Available,https://www.pokharamountainretreat.com,100.0,Mid Range
Fewa Paradise Resort,Pokhara,Fewa Lake Nepal,28.2105,83.9565,+97761469400,4.3,90,USD,Available,https://www.fewaparadiseresort.com,100.0,Mid Range
Lakeside Heritage Inn,Pokhara,Lakeside Nepal,28.2115,83.9575,+97761469500,4.2,80,USD,Available,https://www.lakesideheritageinn.com,100.0,Mid Range
Himalayan Peace Hotel,Pokhara,Pokhara Nepal,28.213,83.959,+97761469600,4.4,100,USD,Available,https://www.himalayanpeacehotel.com,100.0,Mid Range
Summit View Lodge,Pokhara,Pokhara Nepal,28.22,83.96,+97761469700,4.1,70,USD,Available,https://www.summitviewlodge.com,100.0,Budget
Kathmandu Heritage Inn,Kathmandu,Thamel Nepal,27.7155,85.3125,+97714704000,4.3,85,USD,Available,https://www.kathmanduheritageinn.com,100.0,Mid Range
Thamel Grand View Hotel,Kathmandu,Thamel Nepal,27.7165,85.3135,+97714704100,4.2,75,USD,Available,https://www.thamelgrandview.com,100.0,Budget
Kathmandu Valley Resort,Kathmandu,Kathmandu Nepal,27.71,85.3155,+97714704200,4.3,95,USD,Available,https://www.kathmanduvalleyresort.com,100.0,Mid Range
Pashupati Heritage Hotel,Kathmandu,Gaushala Nepal,27.707,85.348,+97714496000,4.1,70,USD,Available,https://www.pashupatiheritage.com,100.0,Budget
Boudha View Hotel,Kathmandu,Boudha Nepal,27.721,85.362,+97714486000,4.3,85,USD,Available,https://www.boudhaviewhotel.com,100.0,Mid Range
Lalitpur Heritage Resort,Lalitpur,Patan Nepal,27.673,85.326,+97715539000,4.4,100,USD,Available,https://www.lalitpurheritage.com,100.0,Mid Range
Patan Valley Inn,Lalitpur,Patan Nepal,27.674,85.3255,+97715540000,4.2,75,USD,Available,https://www.patanvalleyinn.com,100.0,Budget
Newa Boutique Hotel,Lalitpur,Patan Nepal,27.6725,85.3265,+97715541000,4.5,120,USD,Available,https://www.newaboutiquehotel.com,100.0,Mid Range
Bhaktapur Durbar Resort,Bhaktapur,Bhaktapur Nepal,27.672,85.4295,+97716619500,4.4,110,USD,Available,https://www.bhaktapurdurbarresort.com,100.0,Mid Range
Bhaktapur Heritage Lodge,Bhaktapur,Bhaktapur Nepal,27.6715,85.43,+97716619600,4.3,90,USD,Available,https://www.bhaktapurheritagelodge.com,100.0,Mid Range
Nyatapola View Hotel,Bhaktapur,Bhaktapur Nepal,27.6722,85.4305,+97716619700,4.2,80,USD,Available,https://www.nyatapolaview.com,100.0,Mid Range
Nagarkot Mountain View,Nagarkot,Nagarkot Nepal,27.7175,85.5205,+97716685000,4.5,130,USD,Available,https://www.nagarkotmountainview.com,100.0,Mid Range
Nagarkot Horizon Resort,Nagarkot,Nagarkot Nepal,27.7168,85.5198,+97716685100,4.3,100,USD,Available,https://www.nagarkothorizon.com,100.0,Mid Range
Dhulikhel Himalayan Resort,Dhulikhel,Dhulikhel Nepal,27.6235,85.543,+97711491700,4.4,120,USD,Available,https://www.dhulikhelhimalayan.com,100.0,Mid Range
Dhulikhel View Palace,Dhulikhel,Dhulikhel Nepal,27.6225,85.544,+97711491800,4.3,100,USD,Available,https://www.dhulikhelviewpalace.com,100.0,Mid Range
Namo Buddha Retreat,Dhulikhel,Namo Buddha Nepal,27.5685,85.6205,+97711401500,4.6,140,USD,Available,https://www.namobuddharetreat.com,100.0,Mid Range
Chitwan Safari Paradise,Chitwan,Sauraha Nepal,27.5805,84.4945,+97756584000,4.4,105,USD,Available,https://www.chitwansafariparadise.com,100.0,Mid Range
Rhino Jungle Camp,Chitwan,Sauraha Nepal,27.581,84.4955,+97756584100,4.3,95,USD,Available,https://www.rhinojunglecamp.com,100.0,Mid Range
Tharu Eco Lodge,Chitwan,Sauraha Nepal,27.582,84.4965,+97756584200,4.5,115,USD,Available,https://www.tharuecolodge.com,100.0,Mid Range
Jungle Crown Resort,Chitwan,Sauraha Nepal,27.5795,84.4925,+97756584300,4.4,100,USD,Available,https://www.junglecrownresort.com,100.0,Mid Range
Chitwan Safari Village,Chitwan,Sauraha Nepal,27.5808,84.4948,+97756584400,4.3,90,USD,Available,https://www.chitwansafarivillage.com,100.0,Mid Range
Green Jungle Resort,Chitwan,Sauraha Nepal,27.5812,84.4952,+97756584500,4.4,100,USD,Available,https://www.greenjungleresort.com,100.0,Mid Range
Wildlife Paradise Lodge,Chitwan,Chitwan Nepal,27.5825,84.497,+97756584600,4.2,85,USD,Available,https://www.wildlifeparadiselodge.com,100.0,Mid Range
Sauraha Jungle View,Sauraha,Chitwan Nepal,27.58,84.493,+97756584700,4.1,75,USD,Available,https://www.saurahajungleview.com,100.0,Budget
Elephant Valley Resort,Chitwan,Sauraha Nepal,27.5798,84.4928,+97756584800,4.3,95,USD,Available,https://www.elephantvalleyresort.com,100.0,Mid Range
Lumbini Sacred Inn,Lumbini,Lumbini Nepal,27.4702,83.2762,+97771584100,4.2,75,USD,Available,https://www.lumbinisacredinn.com,100.0,Budget
Peaceful Buddha Lodge,Lumbini,Lumbini Nepal,27.4705,83.275,+97771584200,4.4,95,USD,Available,https://www.peacefulbuddhalodge.com,100.0,Mid Range
Maya Garden Hotel,Lumbini,Lumbini Nepal,27.4695,83.2765,+97771584300,4.3,90,USD,Available,https://www.mayagardenhotel.com,100.0,Mid Range
Lumbini Royal Retreat,Lumbini,Lumbini Nepal,27.471,83.277,+97771584400,4.5,120,USD,Available,https://www.lumbiniretyreat.com,100.0,Mid Range
Bhairahawa Grand Hotel,Bhairahawa,Bhairahawa Nepal,27.506,83.455,+97771522000,4.2,80,USD,Available,https://www.bhairahawagrandhotel.com,100.0,Mid Range
Airport View Hotel,Bhairahawa,Bhairahawa Nepal,27.5055,83.4535,+97771522100,4.1,65,USD,Available,https://www.airportviewhotel.com,100.0,Budget
Lumbini Gateway Hotel,Bhairahawa,Rupandehi Nepal,27.51,83.4555,+97771522200,4.3,90,USD,Available,https://www.lumbinigatewayhotel.com,100.0,Mid Range
Siddhartha Garden Inn,Bhairahawa,Bhairahawa Nepal,27.505,83.4545,+97771522300,4.2,75,USD,Available,https://www.siddharthagardeninn.com,100.0,Budget
Dharan Luxury Resort,Dharan,Dharan Nepal,26.81,87.2805,+97725522000,4.4,110,USD,Available,https://www.dharanluxuryresort.com,100.0,Mid Range
Dharan Hill View Hotel,Dharan,Dharan Nepal,26.8115,87.2815,+97725522100,4.2,85,USD,Available,https://www.dharanhillview.com,100.0,Mid Range
Eastern Hills Resort,Dharan,Dharan Nepal,26.812,87.282,+97725522200,4.3,95,USD,Available,https://www.easternhillsresort.com,100.0,Mid Range
Dharan City Lodge,Dharan,Dharan Nepal,26.8095,87.2795,+97725522300,4.0,60,USD,Available,https://www.dharancitylodge.com,100.0,Budget
Sunrise Dharan Hotel,Dharan,Dharan Nepal,26.8105,87.28,+97725522400,4.2,75,USD,Available,https://www.sunrisedharan.com,100.0,Budget
Ilam Green Valley Resort,Ilam,Ilam Nepal,26.91,87.93,+97727522000,4.5,120,USD,Available,https://www.ilamgreenvalley.com,100.0,Mid Range
Tea Garden View Hotel,Ilam,Ilam Nepal,26.912,87.932,+97727522100,4.4,100,USD,Available,https://www.teagardenview.com,100.0,Mid Range
Ilam Mountain Retreat,Ilam,Ilam Nepal,26.911,87.931,+97727522200,4.3,90,USD,Available,https://www.ilammountainretreat.com,100.0,Mid Range
Kanyam Nature Resort,Ilam,Kanyam Nepal,26.8805,87.9205,+97727522300,4.6,130,USD,Available,https://www.kanyamnatureresort.com,100.0,Mid Range
Mai Valley Heritage Inn,Ilam,Mai Valley Nepal,26.9155,87.9355,+97727522400,4.2,85,USD,Available,https://www.maivalleyheritage.com,100.0,Mid Range
Janakpur Royal Hotel,Janakpur,Janakpur Nepal,26.7285,85.9255,+97741522000,4.3,85,USD,Available,https://www.janakpurroyalhotel.com,100.0,Mid Range
Janaki Heritage Resort,Janakpur,Janakpur Nepal,26.7275,85.9245,+97741522100,4.4,95,USD,Available,https://www.janakiheritageresort.com,100.0,Mid Range
Mithila Palace Hotel,Janakpur,Janakpur Nepal,26.728,85.926,+97741522200,4.2,75,USD,Available,https://www.mithilapalacehotel.com,100.0,Budget
Sita Heritage Inn,Janakpur,Janakpur Nepal,26.727,85.9235,+97741522300,4.1,65,USD,Available,https://www.sitaheritageinn.com,100.0,Budget
Janakpur Comfort Lodge,Janakpur,Janakpur Nepal,26.7278,85.925,+97741522400,4.0,60,USD,Available,https://www.janakpurcomfort.com,100.0,Budget
Palpa Heritage Resort,Tansen,Palpa Nepal,27.8675,83.5465,+97775522000,4.5,110,USD,Available,https://www.palpaheritage.com,100.0,Mid Range
Tansen Hill View Hotel,Tansen,Palpa Nepal,27.868,83.547,+97775522100,4.3,90,USD,Available,https://www.tansenhillview.com,100.0,Mid Range
Rani Mahal View Lodge,Tansen,Palpa Nepal,27.7905,83.4405,+97775522200,4.4,120,USD,Available,https://www.ranimahalview.com,100.0,Mid Range
Palpa Valley Inn,Tansen,Palpa Nepal,27.867,83.546,+97775522300,4.2,80,USD,Available,https://www.palpavalleyinn.com,100.0,Mid Range
Srinagar Mountain Resort,Tansen,Palpa Nepal,27.8685,83.5475,+97775522400,4.6,140,USD,Available,https://www.srinagarmountain.com,100.0,Mid Range
Butwal Heritage Hotel,Butwal,Butwal Nepal,27.7,83.45,+97771542000,4.2,80,USD,Available,https://www.butwalheritagehotel.com,100.0,Mid Range
Butwal Palace Resort,Butwal,Butwal Nepal,27.7005,83.4485,+97771542100,4.4,100,USD,Available,https://www.butwalpalaceresort.com,100.0,Mid Range
Lumbini View Resort,Butwal,Rupandehi Nepal,27.5055,83.4545,+97771542200,4.3,90,USD,Available,https://www.lumbiniviewresort.com,100.0,Mid Range
Western Valley Hotel,Butwal,Butwal Nepal,27.701,83.451,+97771542300,4.1,70,USD,Available,https://www.westernvalleyhotel.com,100.0,Budget
Butwal Garden Palace,Butwal,Butwal Nepal,27.6995,83.4495,+97771542400,4.3,85,USD,Available,https://www.butwalgardenpalace.com,100.0,Mid Range
Pokhara Heritage Resort,Pokhara,Lakeside Pokhara Nepal,28.211,83.958,+97761470000,4.5,120,USD,Available,https://www.pokharaheritage.com,100.0,Mid Range
Fewa Lake Palace Hotel,Pokhara,Fewa Lake Nepal,28.2105,83.9575,+97761470100,4.4,110,USD,Available,https://www.fewalakepalace.com,100.0,Mid Range
Annapurna Garden Lodge,Pokhara,Pokhara Nepal,28.212,83.9565,+97761470200,4.3,95,USD,Available,https://www.annapurnagardenlodge.com,100.0,Mid Range
Mountain View Palace,Pokhara,Pokhara Nepal,28.215,83.955,+97761470300,4.5,130,USD,Available,https://www.mountainviewpalace.com,100.0,Mid Range
Pokhara Peace Resort,Pokhara,Pokhara Nepal,28.213,83.959,+97761470400,4.2,85,USD,Available,https://www.pokharapeaceresort.com,100.0,Mid Range
Kathmandu Valley Palace,Kathmandu,Thamel Nepal,27.715,85.312,+97714705000,4.3,90,USD,Available,https://www.kathmanduvalleypalace.com,100.0,Mid Range
Thamel Heritage Palace,Kathmandu,Thamel Nepal,27.716,85.313,+97714705100,4.4,100,USD,Available,https://www.thamelheritagepalace.com,100.0,Mid Range
Himalayan View Kathmandu,Kathmandu,Lazimpat Nepal,27.7195,85.3175,+97714418000,4.5,130,USD,Available,https://www.himalayanviewkathmandu.com,100.0,Mid Range
Capital Heritage Inn,Kathmandu,Kathmandu Nepal,27.71,85.315,+97714705200,4.2,80,USD,Available,https://www.capitalheritageinn.com,100.0,Mid Range
Royal Garden Kathmandu,Kathmandu,Kathmandu Nepal,27.712,85.318,+97714705300,4.3,95,USD,Available,https://www.royalgardenkathmandu.com,100.0,Mid Range
Nagarkot Sunrise Resort,Nagarkot,Nagarkot Nepal,27.717,85.52,+97716686000,4.5,130,USD,Available,https://www.nagarkotsunriseresort.com,100.0,Mid Range
Nagarkot Hill Palace,Nagarkot,Nagarkot Nepal,27.7165,85.5195,+97716686100,4.4,115,USD,Available,https://www.nagarkothillpalace.com,100.0,Mid Range
Nagarkot Valley Resort,Nagarkot,Nagarkot Nepal,27.718,85.521,+97716686200,4.3,100,USD,Available,https://www.nagarkotvalleyresort.com,100.0,Mid Range
Dhulikhel Heritage Resort,Dhulikhel,Dhulikhel Nepal,27.623,85.543,+97711491900,4.5,120,USD,Available,https://www.dhulikhelheritageresort.com,100.0,Mid Range
Himalayan Dhulikhel View,Dhulikhel,Dhulikhel Nepal,27.624,85.542,+97711492000,4.3,95,USD,Available,https://www.himalayandhulikhelview.com,100.0,Mid Range
Bandipur Mountain Palace,Bandipur,Bandipur Nepal,27.9375,84.4065,+97765562500,4.4,110,USD,Available,https://www.bandipurmountainpalace.com,100.0,Mid Range
Bandipur Valley Resort,Bandipur,Bandipur Nepal,27.938,84.407,+97765562600,4.3,95,USD,Available,https://www.bandipurvalleyresort.com,100.0,Mid Range
Gorkha Mountain Palace,Gorkha,Gorkha Nepal,28.001,84.6335,+97764423000,4.3,100,USD,Available,https://www.gorkhamountainpalace.com,100.0,Mid Range
Manaslu View Resort,Gorkha,Manaslu Region Nepal,28.651,84.651,+97764423100,4.5,130,USD,Available,https://www.manasluviewresort.com,100.0,Mid Range
Barpak Heritage Lodge,Gorkha,Barpak Nepal,28.2,84.75,+97764433000,4.4,105,USD,Available,https://www.barpakheritagelodge.com,100.0,Mid Range
Lamjung Mountain Resort,Lamjung,Lamjung Nepal,28.235,84.375,+97766522500,4.3,90,USD,Available,https://www.lamjungmountainresort.com,100.0,Mid Range
Besisahar Heritage Inn,Lamjung,Besisahar Nepal,28.232,84.372,+97766522600,4.2,75,USD,Available,https://www.besisaharheritage.com,100.0,Budget
Manang Mountain Palace,Manang,Manang Nepal,28.667,84.018,+97766444000,4.4,120,USD,Available,https://www.manangmountainpalace.com,100.0,Mid Range
Annapurna Valley Lodge,Manang,Annapurna Region Nepal,28.67,84.02,+97766444100,4.3,100,USD,Available,https://www.annapurnavalleylodge.com,100.0,Mid Range
Mustang Royal Lodge,Mustang,Jomsom Nepal,28.78,83.73,+97769443000,4.5,140,USD,Available,https://www.mustangroyallodge.com,100.0,Mid Range
Kagbeni Heritage Hotel,Mustang,Kagbeni Nepal,28.835,83.782,+97769443100,4.4,110,USD,Available,https://www.kagbeniheritage.com,100.0,Mid Range
Marpha Valley Resort,Mustang,Marpha Nepal,28.75,83.69,+97769443200,4.5,125,USD,Available,https://www.marphavalleyresort.com,100.0,Mid Range
Everest Mountain Lodge,Solukhumbu,Namche Nepal,27.805,86.71,+97738543000,4.6,170,USD,Available,https://www.everestmountainlodge.com,100.0,Luxury
Khumbu Heritage Hotel,Solukhumbu,Khumbu Nepal,27.806,86.712,+97738543100,4.4,150,USD,Available,https://www.khumbuheritagehotel.com,100.0,Luxury
Lukla Mountain View,Solukhumbu,Lukla Nepal,27.687,86.728,+97738543200,4.2,100,USD,Available,https://www.luklamountainview.com,100.0,Mid Range
Chitwan River Resort,Chitwan,Sauraha Nepal,27.5805,84.4935,+97756585000,4.4,105,USD,Available,https://www.chitwanriverresort.com,100.0,Mid Range
Jungle Safari Palace,Chitwan,Sauraha Nepal,27.5815,84.4955,+97756585100,4.5,120,USD,Available,https://www.junglesafaripalace.com,100.0,Mid Range
Tharu Heritage Resort,Chitwan,Sauraha Nepal,27.582,84.496,+97756585200,4.3,95,USD,Available,https://www.tharuheritageresort.com,100.0,Mid Range
Lumbini Heritage Palace,Lumbini,Lumbini Nepal,27.47,83.2755,+97771585000,4.4,100,USD,Available,https://www.lumbiniheritagepalace.com,100.0,Mid Range
Buddha Peace Resort,Lumbini,Lumbini Nepal,27.4705,83.276,+97771585100,4.3,90,USD,Available,https://www.buddhapeaceresort.com,100.0,Mid Range
Himalayan Crown Resort,Kathmandu,Lazimpat Kathmandu Nepal,27.719,85.317,+97714419000,4.5,130,USD,Available,https://www.himalayancrownresort.com,100.0,Mid Range
Kathmandu Grand Palace,Kathmandu,Durbarmarg Kathmandu Nepal,27.711,85.318,+97714227000,4.4,150,USD,Available,https://www.kathmandugrandpalace.com,100.0,Luxury
Valley Heritage Hotel,Kathmandu,Thamel Kathmandu Nepal,27.7155,85.3125,+97714706000,4.3,95,USD,Available,https://www.valleyheritagehotel.com,100.0,Mid Range
Everest View Boutique,Kathmandu,Thamel Kathmandu Nepal,27.716,85.313,+97714706100,4.2,85,USD,Available,https://www.everestviewboutique.com,100.0,Mid Range
Royal Himalayan Inn,Kathmandu,Kantipath Nepal,27.7105,85.3165,+97714706200,4.4,120,USD,Available,https://www.royalhimalayaninn.com,100.0,Mid Range
Thamel Garden Resort,Kathmandu,Thamel Nepal,27.715,85.3115,+97714706300,4.2,75,USD,Available,https://www.thamelgardenresort.com,100.0,Budget
Kathmandu Horizon Hotel,Kathmandu,Baluwatar Nepal,27.718,85.33,+97714419100,4.3,100,USD,Available,https://www.kathmanduhorizonhotel.com,100.0,Mid Range
Patan Royal Heritage,Lalitpur,Patan Nepal,27.673,85.326,+97715542000,4.5,130,USD,Available,https://www.patanroyalheritage.com,100.0,Mid Range
Newa Courtyard Hotel,Lalitpur,Patan Nepal,27.6725,85.3255,+97715542100,4.4,110,USD,Available,https://www.newacourtyard.com,100.0,Mid Range
Lalitpur Palace Inn,Lalitpur,Patan Nepal,27.674,85.3265,+97715542200,4.3,90,USD,Available,https://www.lalitpurpalaceinn.com,100.0,Mid Range
Bhaktapur Royal Courtyard,Bhaktapur,Bhaktapur Nepal,27.672,85.4295,+97716620000,4.5,125,USD,Available,https://www.bhaktapurroyalcourtyard.com,100.0,Mid Range
Durbar Square Heritage Hotel,Bhaktapur,Bhaktapur Nepal,27.6718,85.43,+97716620100,4.4,105,USD,Available,https://www.durbarheritagehotel.com,100.0,Mid Range
Golden Temple Lodge,Bhaktapur,Bhaktapur Nepal,27.6722,85.4305,+97716620200,4.3,85,USD,Available,https://www.goldentemplelodge.com,100.0,Mid Range
Nagarkot Mountain Palace,Nagarkot,Nagarkot Nepal,27.717,85.52,+97716687000,4.6,150,USD,Available,https://www.nagarkotmountainpalace.com,100.0,Luxury
Nagarkot Sunrise View,Nagarkot,Nagarkot Nepal,27.7165,85.5195,+97716687100,4.4,120,USD,Available,https://www.nagarkotsunriseview.com,100.0,Mid Range
Himalayan Panorama Lodge,Nagarkot,Nagarkot Nepal,27.718,85.521,+97716687200,4.3,100,USD,Available,https://www.himalayanpanoramalodge.com,100.0,Mid Range
Dhulikhel Grand Resort,Dhulikhel,Dhulikhel Nepal,27.623,85.543,+97711492100,4.5,135,USD,Available,https://www.dhulikhelgrandresort.com,100.0,Mid Range
Dhulikhel Mountain View,Dhulikhel,Dhulikhel Nepal,27.624,85.542,+97711492200,4.4,115,USD,Available,https://www.dhulikhelmountainview.com,100.0,Mid Range
Namo Buddha Heritage Resort,Dhulikhel,Namo Buddha Nepal,27.568,85.62,+97711401700,4.6,160,USD,Available,https://www.namobuddhaheritageresort.com,100.0,Luxury
Panauti Heritage Palace,Panauti,Panauti Nepal,27.584,85.5125,+97711441000,4.3,95,USD,Available,https://www.panautiheritagepalace.com,100.0,Mid Range
Pokhara Royal Lake Resort,Pokhara,Lakeside Pokhara Nepal,28.211,83.958,+97761471000,4.6,150,USD,Available,https://www.pokhararoyallakeresort.com,100.0,Luxury
Fewa Grand Hotel,Pokhara,Lakeside Pokhara Nepal,28.2105,83.9575,+97761471100,4.5,130,USD,Available,https://www.fewagrandhotel.com,100.0,Mid Range
Annapurna Lake View,Pokhara,Fewa Lake Nepal,28.212,83.9565,+97761471200,4.4,110,USD,Available,https://www.annapurnalakeview.com,100.0,Mid Range
Mountain Glory Palace,Pokhara,Pokhara Nepal,28.215,83.955,+97761471300,4.6,160,USD,Available,https://www.mountainglorypalace.com,100.0,Luxury
Peaceful Valley Resort,Pokhara,Pokhara Nepal,28.213,83.959,+97761471400,4.3,95,USD,Available,https://www.peacefulvalleyresort.com,100.0,Mid Range
Bandipur Heritage Palace,Bandipur,Bandipur Nepal,27.937,84.4065,+97765563000,4.5,125,USD,Available,https://www.bandipurheritagepalace.com,100.0,Mid Range
Bandipur Hill View Resort,Bandipur,Bandipur Nepal,27.938,84.407,+97765563100,4.4,110,USD,Available,https://www.bandipurhillview.com,100.0,Mid Range
Old Town Heritage Inn,Bandipur,Bandipur Nepal,27.9365,84.406,+97765563200,4.3,95,USD,Available,https://www.oldtownheritageinn.com,100.0,Mid Range
Gorkha Royal Palace,Gorkha,Gorkha Nepal,28.001,84.6335,+97764424000,4.5,120,USD,Available,https://www.gorkharoyalpalace.com,100.0,Mid Range
Manaslu Mountain Resort,Gorkha,Manaslu Nepal,28.651,84.651,+97764424100,4.6,150,USD,Available,https://www.manaslumountainresort.com,100.0,Luxury
Barpak View Lodge,Gorkha,Barpak Nepal,28.2,84.75,+97764434000,4.4,100,USD,Available,https://www.barpakviewlodge.com,100.0,Mid Range
Lamjung Valley Resort,Lamjung,Lamjung Nepal,28.235,84.375,+97766523000,4.3,95,USD,Available,https://www.lamjungvalleyresort.com,100.0,Mid Range
Besisahar Mountain Lodge,Lamjung,Besisahar Nepal,28.232,84.372,+97766523100,4.2,80,USD,Available,https://www.besisaharmountainlodge.com,100.0,Mid Range
Manang Himalayan Resort,Manang,Manang Nepal,28.667,84.018,+97766445000,4.5,140,USD,Available,https://www.mananghimalayanresort.com,100.0,Mid Range
Annapurna Trek Lodge,Manang,Annapurna Region Nepal,28.67,84.02,+97766445100,4.4,120,USD,Available,https://www.annapurnatreklodge.com,100.0,Mid Range
Mustang Heritage Palace,Mustang,Jomsom Nepal,28.78,83.73,+97769444000,4.5,145,USD,Available,https://www.mustangheritagepalace.com,100.0,Mid Range
Kali Gandaki Resort,Mustang,Kagbeni Nepal,28.835,83.782,+97769444100,4.4,125,USD,Available,https://www.kaligrandakiresort.com,100.0,Mid Range
Marpha Mountain Inn,Mustang,Marpha Nepal,28.75,83.69,+97769444200,4.5,130,USD,Available,https://www.marphamountaininn.com,100.0,Mid Range
Royal Himalayan Inn,Kathmandu,Kantipath Kathmandu Nepal,27.7105,85.3165,+97714706200,4.4,120,USD,Available,https://www.royalhimalayaninn.com,100.0,Mid Range
Thamel Garden Resort,Kathmandu,Thamel Kathmandu Nepal,27.715,85.3115,+97714706300,4.2,75,USD,Available,https://www.thamelgardenresort.com,100.0,Budget
Kathmandu Horizon Hotel,Kathmandu,Baluwatar Kathmandu Nepal,27.718,85.33,+97714419100,4.3,100,USD,Available,https://www.kathmanduhorizonhotel.com,100.0,Mid Range
Biratnagar Comfort Inn,Biratnagar,Biratnagar Nepal,26.4528,87.2718,+97721521300,4.2,70,USD,Available,https://www.biratnagarcomfortinn.com,100.0,Budget
Janakpur City Palace,Janakpur,Janakpur Nepal,26.7282,85.9258,+97741523000,4.2,80,USD,Available,https://www.janakpurcitypalace.com,100.0,Mid Range
Mithila Grand Resort,Janakpur,Janakpur Nepal,26.7272,85.9248,+97741523100,4.3,95,USD,Available,https://www.mithilagrandresort.com,100.0,Mid Range
Tansen Grand View,Tansen,Palpa Nepal,27.8678,83.5468,+97775523000,4.4,105,USD,Available,https://www.tansengrandview.com,100.0,Mid Range
Palpa Royal Inn,Tansen,Palpa Nepal,27.8682,83.5472,+97775523100,4.3,90,USD,Available,https://www.palparoyalinn.com,100.0,Mid Range
Butwal Royal Garden,Butwal,Butwal Nepal,27.7008,83.449,+97771543000,4.3,95,USD,Available,https://www.butwalroyalgarden.com,100.0,Mid Range
Butwal City Palace,Butwal,Butwal Nepal,27.6998,83.4502,+97771543100,4.2,80,USD,Available,https://www.butwalcitypalace.com,100.0,Mid Range
Pokhara Paradise Lodge,Pokhara,Lakeside Pokhara Nepal,28.2112,83.9578,+97761472000,4.3,100,USD,Available,https://www.pokharaparadiselodge.com,100.0,Mid Range
Fewa Mountain Resort,Pokhara,Fewa Lake Nepal,28.2108,83.9568,+97761472100,4.5,135,USD,Available,https://www.fewamountainresort.com,100.0,Mid Range
Annapurna View Palace,Pokhara,Pokhara Nepal,28.2125,83.9582,+97761472200,4.4,120,USD,Available,https://www.annapurnaviewpalace.com,100.0,Mid Range
Kathmandu Imperial Hotel,Kathmandu,Thamel Nepal,27.7158,85.3128,+97714707000,4.5,140,USD,Available,https://www.kathmanduimperialhotel.com,100.0,Mid Range
Royal Valley Palace,Kathmandu,Kathmandu Nepal,27.7115,85.3175,+97714707100,4.3,105,USD,Available,https://www.royalvalleypalace.com,100.0,Mid Range
Himalayan Garden Inn,Kathmandu,Kathmandu Nepal,27.713,85.3155,+97714707200,4.2,90,USD,Available,https://www.himalayangardeninn.com,100.0,Mid Range
Nagarkot Luxury View,Nagarkot,Nagarkot Nepal,27.7172,85.5202,+97716688000,4.6,160,USD,Available,https://www.nagarkotluxuryview.com,100.0,Luxury
Dhulikhel Royal Resort,Dhulikhel,Dhulikhel Nepal,27.6238,85.5438,+97711492300,4.5,140,USD,Available,https://www.dhulikhelroyalresort.com,100.0,Mid Range
Bandipur Scenic Palace,Bandipur,Bandipur Nepal,27.9378,84.4068,+97765564000,4.5,130,USD,Available,https://www.bandipurscenicpalace.com,100.0,Mid Range
Gorkha Heritage Palace,Gorkha,Gorkha Nepal,28.0015,84.634,+97764425000,4.4,110,USD,Available,https://www.gorkhaheritagepalace.com,100.0,Mid Range
Manang Valley View,Manang,Manang Nepal,28.6675,84.0185,+97766446000,4.4,130,USD,Available,https://www.manangvalleyview.com,100.0,Mid Range
Mustang Alpine Lodge,Mustang,Mustang Nepal,28.7805,83.7305,+97769445000,4.5,150,USD,Available,https://www.mustangalpinelodge.com,100.0,Luxury
Kathmandu Elite Residency,Kathmandu,Thamel Nepal,27.7152,85.3122,+97714707300,4.3,100,USD,Available,https://www.kathmandueliteresidency.com,100.0,Mid Range
Thamel Boutique Palace,Kathmandu,Thamel Nepal,27.7162,85.3132,+97714707400,4.4,120,USD,Available,https://www.thamelboutiquepalace.com,100.0,Mid Range
Himalayan Star Hotel,Kathmandu,Lazimpat Nepal,27.7192,85.3172,+97714419200,4.5,135,USD,Available,https://www.himalayanstarhotel.com,100.0,Mid Range
Kathmandu Comfort Suites,Kathmandu,Kathmandu Nepal,27.7102,85.3162,+97714707500,4.2,85,USD,Available,https://www.kathmanducomfortsuites.com,100.0,Mid Range
Valley Crown Resort,Kathmandu,Kathmandu Nepal,27.7125,85.3185,+97714707600,4.3,105,USD,Available,https://www.valleycrownresort.com,100.0,Mid Range
Patan Heritage Suites,Lalitpur,Patan Nepal,27.6732,85.3262,+97715542300,4.5,140,USD,Available,https://www.patanheritagesuites.com,100.0,Mid Range
Newa Heritage Palace,Lalitpur,Patan Nepal,27.6728,85.3258,+97715542400,4.4,125,USD,Available,https://www.newaheritagepalace.com,100.0,Mid Range
Lalitpur Garden Hotel,Lalitpur,Patan Nepal,27.6742,85.3268,+97715542500,4.2,90,USD,Available,https://www.lalitpurgardenhotel.com,100.0,Mid Range
Bhaktapur Heritage Suites,Bhaktapur,Bhaktapur Nepal,27.6725,85.4302,+97716620300,4.5,130,USD,Available,https://www.bhaktapurheritagesuites.com,100.0,Mid Range
Bhaktapur Garden Inn,Bhaktapur,Bhaktapur Nepal,27.6715,85.4298,+97716620400,4.3,95,USD,Available,https://www.bhaktapurgardeninn.com,100.0,Mid Range
Nagarkot Royal View,Nagarkot,Nagarkot Nepal,27.7173,85.5203,+97716687300,4.6,155,USD,Available,https://www.nagarkotroyalview.com,100.0,Luxury
Nagarkot Valley Palace,Nagarkot,Nagarkot Nepal,27.7168,85.5198,+97716687400,4.4,125,USD,Available,https://www.nagarkotvalleypalace.com,100.0,Mid Range
Dhulikhel Sunrise Hotel,Dhulikhel,Dhulikhel Nepal,27.6232,85.5432,+97711492400,4.3,100,USD,Available,https://www.dhulikhelsunrisehotel.com,100.0,Mid Range
Dhulikhel Nature Palace,Dhulikhel,Dhulikhel Nepal,27.6242,85.5422,+97711492500,4.5,130,USD,Available,https://www.dhulikhelnaturepalace.com,100.0,Mid Range
Pokhara Blue Lake Resort,Pokhara,Lakeside Pokhara Nepal,28.2113,83.9583,+97761473000,4.5,140,USD,Available,https://www.pokharabluelakeresort.com,100.0,Mid Range
Fewa Paradise Palace,Pokhara,Fewa Lake Nepal,28.2107,83.9577,+97761473100,4.4,125,USD,Available,https://www.fewaparadisepalace.com,100.0,Mid Range
Pokhara Mountain Crown,Pokhara,Pokhara Nepal,28.2155,83.9555,+97761473200,4.6,160,USD,Available,https://www.pokharamountaincrown.com,100.0,Luxury
Annapurna Lakeside Inn,Pokhara,Lakeside Nepal,28.2122,83.9568,+97761473300,4.3,95,USD,Available,https://www.annapurnalakesideinn.com,100.0,Mid Range
Bandipur Heritage View,Bandipur,Bandipur Nepal,27.9373,84.4067,+97765564100,4.4,115,USD,Available,https://www.bandipurheritageview.com,100.0,Mid Range
Bandipur Mountain Crown,Bandipur,Bandipur Nepal,27.9383,84.4073,+97765564200,4.5,135,USD,Available,https://www.bandipurmountaincrown.com,100.0,Mid Range
Gorkha Mountain View Hotel,Gorkha,Gorkha Nepal,28.0018,84.6345,+97764426000,4.3,100,USD,Available,https://www.gorkhamountainviewhotel.com,100.0,Mid Range
Gorkha Valley Resort,Gorkha,Gorkha Nepal,28.002,84.6338,+97764426100,4.4,115,USD,Available,https://www.gorkhavalleyresort.com,100.0,Mid Range
Barpak Mountain Resort,Gorkha,Barpak Nepal,28.2005,84.7505,+97764436000,4.4,110,USD,Available,https://www.barpakmountainresort.com,100.0,Mid Range
Lamjung Heritage Inn,Lamjung,Lamjung Nepal,28.2355,84.3755,+97766524000,4.2,85,USD,Available,https://www.lamjungheritageinn.com,100.0,Mid Range
Lamjung Mountain Palace,Lamjung,Lamjung Nepal,28.236,84.376,+97766524100,4.4,120,USD,Available,https://www.lamjungmountainpalace.com,100.0,Mid Range
Besisahar Valley Resort,Lamjung,Besisahar Nepal,28.2325,84.3725,+97766524200,4.3,95,USD,Available,https://www.besisaharvalleyresort.com,100.0,Mid Range
Manang Alpine Lodge,Manang,Manang Nepal,28.6678,84.0188,+97766447000,4.5,150,USD,Available,https://www.manangalpinelodge.com,100.0,Luxury
Annapurna View Lodge,Manang,Annapurna Region Nepal,28.6705,84.0205,+97766447100,4.4,130,USD,Available,https://www.annapurnaviewlodge.com,100.0,Mid Range
Mustang Himalayan Palace,Mustang,Jomsom Nepal,28.7808,83.7308,+97769446000,4.6,160,USD,Available,https://www.mustanghimalayanpalace.com,100.0,Luxury
Kagbeni Mountain Resort,Mustang,Kagbeni Nepal,28.8355,83.7825,+97769446100,4.5,140,USD,Available,https://www.kagbenimountainresort.com,100.0,Mid Range
Marpha Heritage Lodge,Mustang,Marpha Nepal,28.7505,83.6905,+97769446200,4.4,125,USD,Available,https://www.marphaheritagelodge.com,100.0,Mid Range
Everest Summit Lodge,Solukhumbu,Namche Nepal,27.8055,86.7105,+97738544000,4.6,180,USD,Available,https://www.everestsummitlodge.com,100.0,Luxury
Khumbu Mountain Palace,Solukhumbu,Khumbu Nepal,27.8065,86.7125,+97738544100,4.5,160,USD,Available,https://www.khumbumountainpalace.com,100.0,Luxury
Lukla Heritage Inn,Solukhumbu,Lukla Nepal,27.6875,86.7285,+97738544200,4.3,110,USD,Available,https://www.luklaheritageinn.com,100.0,Mid Range
Chitwan Wildlife Resort,Chitwan,Sauraha Nepal,27.5808,84.4948,+97756586000,4.5,115,USD,Available,https://www.chitwanwildliferesort.com,100.0,Mid Range
Sauraha Jungle Palace,Chitwan,Sauraha Nepal,27.5818,84.4958,+97756586100,4.4,105,USD,Available,https://www.saurahajunglepalace.com,100.0,Mid Range
Lumbini Peace Palace,Lumbini,Lumbini Nepal,27.4708,83.2763,+97771586000,4.4,100,USD,Available,https://www.lumbinipeacepalace.com,100.0,Mid Range
Buddha Heritage Inn,Lumbini,Lumbini Nepal,27.4692,83.2752,+97771586100,4.3,85,USD,Available,https://www.buddhaheritageinn.com,100.0,Mid Range
Lumbini Garden Palace,Lumbini,Lumbini Nepal,27.4696,83.2766,+97771586200,4.5,115,USD,Available,https://www.lumbinigardenpalace.com,100.0,Mid Range
Bhairahawa Royal Inn,Bhairahawa,Rupandehi Nepal,27.5065,83.4555,+97771523000,4.2,80,USD,Available,https://www.bhairahawaroyalinn.com,100.0,Mid Range
Siddhartha Palace Hotel,Bhairahawa,Bhairahawa Nepal,27.5058,83.4548,+97771523100,4.3,95,USD,Available,https://www.siddharthapalacehotel.com,100.0,Mid Range
Airport Grand Resort,Bhairahawa,Bhairahawa Nepal,27.5052,83.4532,+97771523200,4.1,70,USD,Available,https://www.airportgrandresort.com,100.0,Budget
Dharan Heritage Palace,Dharan,Dharan Nepal,26.8102,87.2802,+97725523000,4.3,90,USD,Available,https://www.dharanheritagepalace.com,100.0,Mid Range
Eastern Nepal Resort,Dharan,Dharan Nepal,26.8118,87.2818,+97725523100,4.4,110,USD,Available,https://www.easternnepalresort.com,100.0,Mid Range
Sunrise Hill Hotel,Dharan,Dharan Nepal,26.8108,87.2808,+97725523200,4.2,75,USD,Available,https://www.sunrisehillhotel.com,100.0,Budget
Ilam Tea Valley Resort,Ilam,Ilam Nepal,26.9105,87.9305,+97727523000,4.5,125,USD,Available,https://www.ilamteavalleyresort.com,100.0,Mid Range
Kanyam Tea Garden Inn,Ilam,Kanyam Nepal,26.881,87.921,+97727523100,4.4,110,USD,Available,https://www.kanyamteagardeninn.com,100.0,Mid Range
Mai River Resort,Ilam,Mai Valley Nepal,26.9158,87.9358,+97727523200,4.3,95,USD,Available,https://www.mairiverresort.com,100.0,Mid Range
Janakpur Heritage Palace,Janakpur,Janakpur Nepal,26.7288,85.9258,+97741524000,4.4,100,USD,Available,https://www.janakpurheritagepalace.com,100.0,Mid Range
Mithila Garden Hotel,Janakpur,Janakpur Nepal,26.7278,85.9248,+97741524100,4.3,85,USD,Available,https://www.mithilagardenhotel.com,100.0,Mid Range
Janaki Royal Suites,Janakpur,Janakpur Nepal,26.7283,85.9263,+97741524200,4.5,120,USD,Available,https://www.janakiroyalsuites.com,100.0,Mid Range
Palpa Mountain Heritage,Tansen,Palpa Nepal,27.8678,83.5468,+97775524000,4.5,115,USD,Available,https://www.palpamountainheritage.com,100.0,Mid Range
Srinagar View Resort,Tansen,Palpa Nepal,27.8688,83.5478,+97775524100,4.6,145,USD,Available,https://www.srinagarviewresort.com,100.0,Mid Range
Tansen Valley Inn,Tansen,Palpa Nepal,27.8672,83.5462,+97775524200,4.3,90,USD,Available,https://www.tansenvalleyinn.com,100.0,Mid Range
Butwal Comfort Palace,Butwal,Butwal Nepal,27.7002,83.4502,+97771544000,4.2,80,USD,Available,https://www.butwalcomfortpalace.com,100.0,Mid Range
Butwal Hill Resort,Butwal,Butwal Nepal,27.7008,83.4492,+97771544100,4.3,95,USD,Available,https://www.butwalhillresort.com,100.0,Mid Range
Western Garden Hotel,Butwal,Butwal Nepal,27.6998,83.4508,+97771544200,4.1,70,USD,Available,https://www.westerngardenhotel.com,100.0,Budget
Biratnagar Heritage Hotel,Biratnagar,Biratnagar Nepal,26.4528,87.2718,+97721522000,4.2,80,USD,Available,https://www.biratnagarheritagehotel.com,100.0,Mid Range
Koshee River Resort,Biratnagar,Biratnagar Nepal,26.4532,87.2722,+97721522100,4.3,95,USD,Available,https://www.kosheeriverresort.com,100.0,Mid Range
Eastern Star Palace,Biratnagar,Biratnagar Nepal,26.4522,87.2708,+97721522200,4.1,70,USD,Available,https://www.easternstarpalace.com,100.0,Budget
Dharan Mountain View,Dharan,Dharan Nepal,26.8105,87.2805,+97725524000,4.4,100,USD,Available,https://www.dharanmountainview.com,100.0,Mid Range
Koshi Valley Resort,Dharan,Dharan Nepal,26.8112,87.2812,+97725524100,4.3,90,USD,Available,https://www.koshivalleyresort.com,100.0,Mid Range
Ilam Highland Palace,Ilam,Ilam Nepal,26.911,87.931,+97727524000,4.5,130,USD,Available,https://www.ilamhighlandpalace.com,100.0,Mid Range
Eastern Tea Resort,Ilam,Ilam Nepal,26.9125,87.9325,+97727524100,4.4,115,USD,Available,https://www.easterntearesort.com,100.0,Mid Range
Janakpur Royal Garden,Janakpur,Janakpur Nepal,26.7285,85.9255,+97741525000,4.3,90,USD,Available,https://www.janakpurroyalgarden.com,100.0,Mid Range
Mithila Heritage Suites,Janakpur,Janakpur Nepal,26.7275,85.9245,+97741525100,4.4,105,USD,Available,https://www.mithilaheritagesuites.com,100.0,Mid Range
Palpa Grand Heritage,Tansen,Palpa Nepal,27.868,83.547,+97775525000,4.5,125,USD,Available,https://www.palpagrandheritage.com,100.0,Mid Range
Tansen Royal View,Tansen,Palpa Nepal,27.8685,83.5475,+97775525100,4.4,110,USD,Available,https://www.tansenroyalview.com,100.0,Mid Range
Butwal Grand Palace,Butwal,Butwal Nepal,27.7005,83.4495,+97771545000,4.3,100,USD,Available,https://www.butwalgrandpalace.com,100.0,Mid Range
Lumbini Royal Garden,Lumbini,Lumbini Nepal,27.47,83.276,+97771587000,4.5,120,USD,Available,https://www.lumbiniroyalgarden.com,100.0,Mid Range
Buddha Peace Palace,Lumbini,Lumbini Nepal,27.4695,83.2755,+97771587100,4.4,100,USD,Available,https://www.buddhapeacepalace.com,100.0,Mid Range
Chitwan Forest Palace,Chitwan,Sauraha Nepal,27.581,84.4945,+97756587000,4.5,125,USD,Available,https://www.chitwanforestpalace.com,100.0,Mid Range
Jungle River Lodge,Chitwan,Sauraha Nepal,27.5818,84.4952,+97756587100,4.3,95,USD,Available,https://www.jungleriverlodge.com,100.0,Mid Range
Pokhara Lake Crown,Pokhara,Lakeside Pokhara Nepal,28.2115,83.9585,+97761474000,4.6,155,USD,Available,https://www.pokharalakecrown.com,100.0,Luxury
Annapurna Royal Resort,Pokhara,Pokhara Nepal,28.2125,83.957,+97761474100,4.5,140,USD,Available,https://www.annapurnaroyalresort.com,100.0,Mid Range
Fewa Garden Palace,Pokhara,Fewa Lake Nepal,28.2105,83.9575,+97761474200,4.4,120,USD,Available,https://www.fewagardenpalace.com,100.0,Mid Range
Mountain Paradise Hotel,Pokhara,Pokhara Nepal,28.214,83.956,+97761474300,4.3,105,USD,Available,https://www.mountainparadisehotel.com,100.0,Mid Range
Kathmandu Heritage Crown,Kathmandu,Thamel Nepal,27.7154,85.3124,+97714707700,4.4,115,USD,Available,https://www.kathmanduheritagecrown.com,100.0,Mid Range
Royal Thamel Suites,Kathmandu,Thamel Nepal,27.7164,85.3134,+97714707800,4.5,135,USD,Available,https://www.royalthamelsuites.com,100.0,Mid Range
Himalayan Pearl Hotel,Kathmandu,Lazimpat Nepal,27.7194,85.3174,+97714419300,4.6,150,USD,Available,https://www.himalayanpearlhotel.com,100.0,Luxury
Kathmandu Garden Palace,Kathmandu,Kathmandu Nepal,27.7128,85.3188,+97714707900,4.3,100,USD,Available,https://www.kathmandugardenpalace.com,100.0,Mid Range
Valley View Boutique,Kathmandu,Kathmandu Nepal,27.7135,85.3158,+97714708000,4.2,90,USD,Available,https://www.valleyviewboutique.com,100.0,Mid Range
Patan Royal Courtyard,Lalitpur,Patan Nepal,27.6735,85.3265,+97715542600,4.6,145,USD,Available,https://www.patanroyalcourtyard.com,100.0,Mid Range
Newa Palace Inn,Lalitpur,Patan Nepal,27.6729,85.3259,+97715542700,4.4,120,USD,Available,https://www.newapalaceinn.com,100.0,Mid Range
Lalitpur Heritage Garden,Lalitpur,Patan Nepal,27.6745,85.327,+97715542800,4.3,100,USD,Available,https://www.lalitpurheritagegarden.com,100.0,Mid Range
Bhaktapur Royal Garden,Bhaktapur,Bhaktapur Nepal,27.6728,85.4308,+97716620500,4.5,130,USD,Available,https://www.bhaktapurroyalgarden.com,100.0,Mid Range
Ancient City Lodge,Bhaktapur,Bhaktapur Nepal,27.6718,85.4302,+97716620600,4.3,95,USD,Available,https://www.ancientcitylodge.com,100.0,Mid Range
Nagarkot Himalayan Resort,Nagarkot,Nagarkot Nepal,27.7175,85.5205,+97716687500,4.6,165,USD,Available,https://www.nagarkothimalayanresort.com,100.0,Luxury
Nagarkot Cloud View,Nagarkot,Nagarkot Nepal,27.7169,85.5199,+97716687600,4.5,140,USD,Available,https://www.nagarkotcloudview.com,100.0,Mid Range
Panauti Valley Resort,Panauti,Panauti Nepal,27.5845,85.513,+97711442000,4.3,100,USD,Available,https://www.panautivalleyresort.com,100.0,Mid Range
Pokhara Crystal Lake Resort,Pokhara,Lakeside Pokhara Nepal,28.2118,83.9588,+97761475000,4.6,160,USD,Available,https://www.pokharacrystallakeresort.com,100.0,Luxury
Fewa Crystal Palace,Pokhara,Fewa Lake Nepal,28.2109,83.9579,+97761475100,4.5,145,USD,Available,https://www.fewacrystalpalace.com,100.0,Mid Range
Pokhara Alpine View,Pokhara,Pokhara Nepal,28.2158,83.9558,+97761475200,4.4,125,USD,Available,https://www.pokharaalpineview.com,100.0,Mid Range
Annapurna Lakeside Palace,Pokhara,Lakeside Nepal,28.2128,83.9572,+97761475300,4.5,135,USD,Available,https://www.annapurnalakesidepalace.com,100.0,Mid Range
Pokhara Valley Crown,Pokhara,Pokhara Nepal,28.2145,83.9565,+97761475400,4.3,110,USD,Available,https://www.pokharavalleycrown.com,100.0,Mid Range
Bandipur Royal Heritage,Bandipur,Bandipur Nepal,27.9375,84.4069,+97765564300,4.5,130,USD,Available,https://www.bandipurroyalheritage.com,100.0,Mid Range
Bandipur Valley Palace,Bandipur,Bandipur Nepal,27.9385,84.4075,+97765564400,4.4,115,USD,Available,https://www.bandipurvalleypalace.com,100.0,Mid Range
Old Bandipur Inn,Bandipur,Bandipur Nepal,27.9368,84.4062,+97765564500,4.3,95,USD,Available,https://www.oldbandipurinn.com,100.0,Mid Range
Gorkha Durbar Resort,Gorkha,Gorkha Nepal,28.0022,84.6342,+97764427000,4.5,125,USD,Available,https://www.gorkhadurbarresort.com,100.0,Mid Range
Gorkha Royal Mountain,Gorkha,Gorkha Nepal,28.0016,84.6336,+97764427100,4.4,110,USD,Available,https://www.gorkharoyalmountain.com,100.0,Mid Range
Manaslu Valley Lodge,Gorkha,Manaslu Nepal,28.6518,84.6518,+97764427200,4.5,150,USD,Available,https://www.manasluvalleylodge.com,100.0,Luxury
Barpak Heritage Palace,Gorkha,Barpak Nepal,28.2008,84.7508,+97764437000,4.4,115,USD,Available,https://www.barpakheritagepalace.com,100.0,Mid Range
Lamjung Royal Resort,Lamjung,Lamjung Nepal,28.2358,84.3758,+97766525000,4.4,120,USD,Available,https://www.lamjungroyalresort.com,100.0,Mid Range
Besisahar Heritage Palace,Lamjung,Besisahar Nepal,28.2328,84.3728,+97766525100,4.3,100,USD,Available,https://www.besisaharheritagepalace.com,100.0,Mid Range
Manang Mountain View Resort,Manang,Manang Nepal,28.668,84.019,+97766448000,4.6,160,USD,Available,https://www.manangmountainviewresort.com,100.0,Luxury
Annapurna Highland Lodge,Manang,Annapurna Region Nepal,28.6708,84.0208,+97766448100,4.5,140,USD,Available,https://www.annapurnahighlandlodge.com,100.0,Mid Range
Mustang Valley Palace,Mustang,Jomsom Nepal,28.781,83.731,+97769447000,4.6,165,USD,Available,https://www.mustangvalleypalace.com,100.0,Luxury
Kagbeni Heritage Palace,Mustang,Kagbeni Nepal,28.8358,83.7828,+97769447100,4.5,145,USD,Available,https://www.kagbeniheritagepalace.com,100.0,Mid Range
Marpha Valley Lodge,Mustang,Marpha Nepal,28.7508,83.6908,+97769447200,4.4,130,USD,Available,https://www.marphavalleylodge.com,100.0,Mid Range
Everest Himalayan Palace,Solukhumbu,Namche Nepal,27.8058,86.7108,+97738545000,4.7,190,USD,Available,https://www.everesthimalayanpalace.com,100.0,Luxury
Khumbu Alpine Resort,Solukhumbu,Khumbu Nepal,27.8068,86.7128,+97738545100,4.5,170,USD,Available,https://www.khumbualpineresort.com,100.0,Luxury
Lukla Everest View,Lukla,Solukhumbu Nepal,27.6878,86.7288,+97738545200,4.4,125,USD,Available,https://www.luklaeverestview.com,100.0,Mid Range
Chitwan Jungle Crown,Chitwan,Sauraha Nepal,27.5812,84.4948,+97756588000,4.5,130,USD,Available,https://www.chitwanjunglecrown.com,100.0,Mid Range
Sauraha River Palace,Chitwan,Sauraha Nepal,27.5822,84.4958,+97756588100,4.4,110,USD,Available,https://www.saurahariverpalace.com,100.0,Mid Range
Tharu Forest Lodge,Chitwan,Sauraha Nepal,27.583,84.4968,+97756588200,4.3,95,USD,Available,https://www.tharuforestlodge.com,100.0,Mid Range
Lumbini Sacred Garden Resort,Lumbini,Lumbini Nepal,27.4702,83.2758,+97771588000,4.5,125,USD,Available,https://www.lumbinisacredgardenresort.com,100.0,Mid Range
Buddha Heritage Palace,Lumbini,Lumbini Nepal,27.4698,83.2762,+97771588100,4.4,110,USD,Available,https://www.buddhaheritagepalace.com,100.0,Mid Range
Maya Peace Inn,Lumbini,Lumbini Nepal,27.4706,83.2754,+97771588200,4.3,90,USD,Available,https://www.mayapeaceinn.com,100.0,Mid Range
Royal Lumbini Retreat,Lumbini,Lumbini Nepal,27.4712,83.2772,+97771588300,4.5,135,USD,Available,https://www.royallumbiniretreat.com,100.0,Mid Range
Bhairahawa Heritage Palace,Bhairahawa,Rupandehi Nepal,27.5068,83.4558,+97771526000,4.3,95,USD,Available,https://www.bhairahawaheritagepalace.com,100.0,Mid Range
Siddhartha Grand Resort,Bhairahawa,Bhairahawa Nepal,27.5058,83.4548,+97771526100,4.4,120,USD,Available,https://www.siddharthagrandresort.com,100.0,Mid Range
Rupandehi Garden Hotel,Bhairahawa,Rupandehi Nepal,27.5102,83.4558,+97771526200,4.2,80,USD,Available,https://www.rupandehigardenhotel.com,100.0,Mid Range
Dharan Royal Heights,Dharan,Dharan Nepal,26.8108,87.2808,+97725525000,4.4,115,USD,Available,https://www.dharanroyalheights.com,100.0,Mid Range
Koshi Heritage Resort,Dharan,Dharan Nepal,26.812,87.282,+97725525100,4.3,100,USD,Available,https://www.koshiheritageresort.com,100.0,Mid Range
Dharan Valley Palace,Dharan,Dharan Nepal,26.8098,87.2798,+97725525200,4.2,85,USD,Available,https://www.dharanvalleypalace.com,100.0,Mid Range
Ilam Mountain Crown,Ilam,Ilam Nepal,26.9112,87.9312,+97727525000,4.6,145,USD,Available,https://www.ilammountaincrown.com,100.0,Mid Range
Tea Garden Palace,Ilam,Ilam Nepal,26.9128,87.9328,+97727525100,4.5,130,USD,Available,https://www.teagardenpalace.com,100.0,Mid Range
Kanyam Highland Resort,Ilam,Kanyam Nepal,26.8812,87.9212,+97727525200,4.4,115,USD,Available,https://www.kanyamhighlandresort.com,100.0,Mid Range
Janakpur Mithila Palace,Janakpur,Janakpur Nepal,26.729,85.926,+97741526000,4.4,105,USD,Available,https://www.janakpurmithilapalace.com,100.0,Mid Range
Janaki Garden Resort,Janakpur,Janakpur Nepal,26.728,85.925,+97741526100,4.3,90,USD,Available,https://www.janakigardenresort.com,100.0,Mid Range
Mithila Royal Inn,Janakpur,Janakpur Nepal,26.7276,85.9246,+97741526200,4.2,75,USD,Available,https://www.mithilaroyalinn.com,100.0,Budget
Palpa Heritage Crown,Tansen,Palpa Nepal,27.8682,83.5472,+97775526000,4.5,130,USD,Available,https://www.palpaheritagecrown.com,100.0,Mid Range
Srinagar Royal Palace,Tansen,Palpa Nepal,27.8688,83.5478,+97775526100,4.6,150,USD,Available,https://www.srinagarroyalpalace.com,100.0,Luxury
Tansen Mountain View,Tansen,Palpa Nepal,27.8674,83.5464,+97775526200,4.3,100,USD,Available,https://www.tansenmountainview.com,100.0,Mid Range
Butwal Heritage Crown,Butwal,Butwal Nepal,27.7008,83.4508,+97771527000,4.4,105,USD,Available,https://www.butwalheritagecrown.com,100.0,Mid Range
Butwal Royal Heritage,Butwal,Butwal Nepal,27.7012,83.4512,+97771527100,4.3,95,USD,Available,https://www.butwalroyalheritage.com,100.0,Mid Range
Western Hills Palace,Butwal,Butwal Nepal,27.6998,83.4498,+97771527200,4.2,85,USD,Available,https://www.westernhillspalace.com,100.0,Mid Range
Biratnagar Grand Palace,Biratnagar,Biratnagar Nepal,26.453,87.272,+97721527000,4.3,100,USD,Available,https://www.biratnagargrandpalace.com,100.0,Mid Range
Koshi Royal Hotel,Biratnagar,Biratnagar Nepal,26.4525,87.2715,+97721527100,4.2,85,USD,Available,https://www.koshiroyalhotel.com,100.0,Mid Range
Eastern Valley Resort,Biratnagar,Biratnagar Nepal,26.4535,87.2725,+97721527200,4.4,110,USD,Available,https://www.easternvalleyresort.com,100.0,Mid Range
Pokhara Royal Heritage,Pokhara,Lakeside Pokhara Nepal,28.2116,83.9586,+97761476000,4.6,165,USD,Available,https://www.pokhararoyalheritage.com,100.0,Luxury
Fewa Lake Crown Resort,Pokhara,Fewa Lake Nepal,28.211,83.958,+97761476100,4.5,150,USD,Available,https://www.fewalakecrownresort.com,100.0,Luxury
Annapurna Grand View,Pokhara,Pokhara Nepal,28.2148,83.9568,+97761476200,4.4,130,USD,Available,https://www.annapurnagrandview.com,100.0,Mid Range
Mountain Echo Lodge,Pokhara,Pokhara Nepal,28.2152,83.9552,+97761476300,4.3,115,USD,Available,https://www.mountainecholodge.com,100.0,Mid Range
Peace Valley Palace,Pokhara,Pokhara Nepal,28.2132,83.9592,+97761476400,4.2,100,USD,Available,https://www.peacevalleypalace.com,100.0,Mid Range
Kathmandu Royal Residency,Kathmandu,Thamel Nepal,27.7156,85.3126,+97714708100,4.5,140,USD,Available,https://www.kathmanduroyalresidency.com,100.0,Mid Range
Thamel Grand Heritage,Kathmandu,Thamel Nepal,27.7166,85.3136,+97714708200,4.4,125,USD,Available,https://www.thamelgrandheritage.com,100.0,Mid Range
Himalayan View Palace,Kathmandu,Lazimpat Nepal,27.7196,85.3176,+97714419400,4.6,160,USD,Available,https://www.himalayanviewpalace.com,100.0,Luxury
Valley Royal Suites,Kathmandu,Kathmandu Nepal,27.7138,85.3162,+97714708300,4.3,105,USD,Available,https://www.valleyroyalsuites.com,100.0,Mid Range
Patan Golden Heritage,Lalitpur,Patan Nepal,27.6738,85.3268,+97715542900,4.5,135,USD,Available,https://www.patangoldenheritage.com,100.0,Mid Range
Bhaktapur Ancient Palace,Bhaktapur,Bhaktapur Nepal,27.6729,85.4309,+97716620700,4.4,120,USD,Available,https://www.bhaktapurancientpalace.com,100.0,Mid Range
Nagarkot Sunset Resort,Nagarkot,Nagarkot Nepal,27.7178,85.5208,+97716687700,4.6,170,USD,Available,https://www.nagarkotsunsetresort.com,100.0,Luxury
Dhulikhel Mountain Crown,Dhulikhel,Dhulikhel Nepal,27.6238,85.5438,+97711492800,4.5,145,USD,Available,https://www.dhulikhelmountaincrown.com,100.0,Mid Range
Bandipur Sunset Palace,Bandipur,Bandipur Nepal,27.9388,84.4078,+97765564600,4.5,140,USD,Available,https://www.bandipursunsetpalace.com,100.0,Mid Range
Gorkha Himalayan View,Gorkha,Gorkha Nepal,28.0025,84.6345,+97764428000,4.4,120,USD,Available,https://www.gorkhahimalayanview.com,100.0,Mid Range
Manaslu Royal Lodge,Gorkha,Manaslu Region Nepal,28.652,84.652,+97764428100,4.5,155,USD,Available,https://www.manasluroyallodge.com,100.0,Luxury
Barpak Mountain View,Gorkha,Barpak Nepal,28.201,84.751,+97764438000,4.4,120,USD,Available,https://www.barpakmountainview.com,100.0,Mid Range
Lamjung Highland Resort,Lamjung,Lamjung Nepal,28.2362,84.3762,+97766526000,4.5,130,USD,Available,https://www.lamjunghighlandresort.com,100.0,Mid Range
Besisahar Royal Inn,Lamjung,Besisahar Nepal,28.2332,84.3732,+97766526100,4.3,105,USD,Available,https://www.besisaharroyalinn.com,100.0,Mid Range
Manang Alpine Palace,Manang,Manang Nepal,28.6685,84.0195,+97766449000,4.6,170,USD,Available,https://www.manangalpinepalace.com,100.0,Luxury
Annapurna Snow View,Manang,Annapurna Region Nepal,28.671,84.021,+97766449100,4.5,150,USD,Available,https://www.annapurnasnowview.com,100.0,Luxury
Mustang Royal Heritage,Mustang,Jomsom Nepal,28.7815,83.7315,+97769448000,4.7,180,USD,Available,https://www.mustangroyalheritage.com,100.0,Luxury
Kagbeni Valley Resort,Mustang,Kagbeni Nepal,28.836,83.783,+97769448100,4.5,145,USD,Available,https://www.kagbenivalleyresort.com,100.0,Mid Range
Marpha Royal Garden,Mustang,Marpha Nepal,28.751,83.691,+97769448200,4.4,135,USD,Available,https://www.marpharoyalgarden.com,100.0,Mid Range
Everest Peak Lodge,Solukhumbu,Namche Nepal,27.806,86.711,+97738546000,4.7,200,USD,Available,https://www.everestpeaklodge.com,100.0,Luxury
Khumbu Snow Palace,Solukhumbu,Khumbu Nepal,27.807,86.713,+97738546100,4.6,175,USD,Available,https://www.khumbusnowpalace.com,100.0,Luxury
Lukla Mountain Palace,Solukhumbu,Lukla Nepal,27.688,86.729,+97738546200,4.4,130,USD,Available,https://www.luklamountainpalace.com,100.0,Mid Range
Chitwan Jungle Heritage,Chitwan,Sauraha Nepal,27.5815,84.495,+97756589000,4.5,135,USD,Available,https://www.chitwanjungleheritage.com,100.0,Mid Range
Sauraha Wildlife Palace,Chitwan,Sauraha Nepal,27.5825,84.496,+97756589100,4.4,115,USD,Available,https://www.saurahawildlifepalace.com,100.0,Mid Range
Tharu Riverside Resort,Chitwan,Sauraha Nepal,27.5835,84.497,+97756589200,4.3,100,USD,Available,https://www.tharuriversideresort.com,100.0,Mid Range
Lumbini Golden Palace,Lumbini,Lumbini Nepal,27.4704,83.2764,+97771589000,4.5,130,USD,Available,https://www.lumbinigoldenpalace.com,100.0,Mid Range
Buddha Serenity Resort,Lumbini,Lumbini Nepal,27.4699,83.2759,+97771589100,4.4,110,USD,Available,https://www.buddhaserenityresort.com,100.0,Mid Range
Maya Sacred Hotel,Lumbini,Lumbini Nepal,27.4707,83.2757,+97771589200,4.3,95,USD,Available,https://www.mayasacredhotel.com,100.0,Mid Range
Bhairahawa Grand Palace,Bhairahawa,Bhairahawa Nepal,27.507,83.456,+97771528000,4.4,110,USD,Available,https://www.bhairahawagrandpalace.com,100.0,Mid Range
Siddhartha Royal View,Bhairahawa,Bhairahawa Nepal,27.506,83.455,+97771528100,4.3,95,USD,Available,https://www.siddhartharoyalview.com,100.0,Mid Range
Rupandehi Royal Resort,Bhairahawa,Rupandehi Nepal,27.5105,83.4565,+97771528200,4.2,85,USD,Available,https://www.rupandehiroyalresort.com,100.0,Mid Range
Dharan Heritage View,Dharan,Dharan Nepal,26.811,87.281,+97725526000,4.4,120,USD,Available,https://www.dharanheritageview.com,100.0,Mid Range
Koshi Grand Palace,Dharan,Dharan Nepal,26.8125,87.2825,+97725526100,4.3,105,USD,Available,https://www.koshigrandpalace.com,100.0,Mid Range
Dharan Valley Inn,Dharan,Dharan Nepal,26.81,87.28,+97725526200,4.2,90,USD,Available,https://www.dharanvalleyinn.com,100.0,Mid Range
Ilam Green Mountain Resort,Ilam,Ilam Nepal,26.9115,87.9315,+97727526000,4.6,150,USD,Available,https://www.ilamgreenmountainresort.com,100.0,Luxury
Kanyam Royal Retreat,Ilam,Kanyam Nepal,26.8815,87.9215,+97727526100,4.5,135,USD,Available,https://www.kanyamroyalretreat.com,100.0,Mid Range
Mai Valley Heritage Resort,Ilam,Mai Valley Nepal,26.916,87.936,+97727526200,4.4,120,USD,Available,https://www.maivalleyheritageresort.com,100.0,Mid Range
Janakpur Sacred Palace,Janakpur,Janakpur Nepal,26.7292,85.9262,+97741527000,4.4,110,USD,Available,https://www.janakpursacredpalace.com,100.0,Mid Range
Mithila Royal Garden,Janakpur,Janakpur Nepal,26.7282,85.9252,+97741527100,4.3,95,USD,Available,https://www.mithilaroyalgarden.com,100.0,Mid Range
Sita Heritage Palace,Janakpur,Janakpur Nepal,26.7278,85.9248,+97741527200,4.2,80,USD,Available,https://www.sitaheritagepalace.com,100.0,Mid Range
Palpa Royal Mountain,Tansen,Palpa Nepal,27.8685,83.5475,+97775527000,4.5,140,USD,Available,https://www.palparoyalmountain.com,100.0,Mid Range
Srinagar Valley Palace,Tansen,Palpa Nepal,27.869,83.548,+97775527100,4.6,155,USD,Available,https://www.srinagarvalleypalace.com,100.0,Luxury
Tansen Heritage View,Tansen,Palpa Nepal,27.8676,83.5466,+97775527200,4.4,115,USD,Available,https://www.tansenheritageview.com,100.0,Mid Range
Butwal Royal Garden Resort,Butwal,Butwal Nepal,27.701,83.451,+97771529000,4.4,120,USD,Available,https://www.butwalroyalgardenresort.com,100.0,Mid Range
Western Nepal Palace,Butwal,Butwal Nepal,27.7,83.45,+97771529100,4.3,100,USD,Available,https://www.westernnepalpalace.com,100.0,Mid Range
Biratnagar Valley Resort,Biratnagar,Biratnagar Nepal,26.4538,87.2728,+97721529000,4.4,115,USD,Available,https://www.biratnagarvalleyresort.com,100.0,Mid Range
Koshi River Palace,Biratnagar,Biratnagar Nepal,26.4528,87.2718,+97721529100,4.3,95,USD,Available,https://www.koshiriverpalace.com,100.0,Mid Range
Eastern Horizon Hotel,Biratnagar,Biratnagar Nepal,26.4532,87.2722,+97721529200,4.2,80,USD,Available,https://www.easternhorizonhotel.com,100.0,Mid Range
Pokhara Himalayan Crown,Pokhara,Lakeside Pokhara Nepal,28.212,83.959,+97761477000,4.6,170,USD,Available,https://www.pokharahimalayancrown.com,100.0,Luxury
Fewa Mountain Palace,Pokhara,Fewa Lake Nepal,28.2112,83.9582,+97761477100,4.5,150,USD,Available,https://www.fewamountainpalace.com,100.0,Luxury
Annapurna Lake View Hotel,Pokhara,Lakeside Pokhara Nepal,28.2126,83.9576,+97761477200,4.5,145,USD,Available,https://www.annapurnalakeviewhotel.com,100.0,Mid Range
Pokhara Serenity Resort,Pokhara,Pokhara Nepal,28.2142,83.9562,+97761477300,4.4,125,USD,Available,https://www.pokharaserenityresort.com,100.0,Mid Range
Mountain Breeze Palace,Pokhara,Pokhara Nepal,28.215,83.955,+97761477400,4.3,110,USD,Available,https://www.mountainbreezepalace.com,100.0,Mid Range
Kathmandu Heritage View,Kathmandu,Thamel Nepal,27.7158,85.3128,+97714708400,4.5,145,USD,Available,https://www.kathmanduheritageview.com,100.0,Mid Range
Thamel Royal Garden,Kathmandu,Thamel Nepal,27.7168,85.3138,+97714708500,4.4,130,USD,Available,https://www.thamelroyalgarden.com,100.0,Mid Range
Himalayan Grand Palace,Kathmandu,Lazimpat Nepal,27.7198,85.3178,+97714419500,4.6,165,USD,Available,https://www.himalayangrandpalace.com,100.0,Luxury
Kathmandu Valley Inn,Kathmandu,Kathmandu Nepal,27.714,85.3165,+97714708600,4.2,95,USD,Available,https://www.kathmanduvalleyinn.com,100.0,Mid Range
Patan Royal Garden,Lalitpur,Patan Nepal,27.674,85.327,+97715543000,4.5,140,USD,Available,https://www.patanroyalgarden.com,100.0,Mid Range
Bhaktapur Heritage Crown,Bhaktapur,Bhaktapur Nepal,27.6732,85.4312,+97716620800,4.5,135,USD,Available,https://www.bhaktapurheritagecrown.com,100.0,Mid Range
Ancient Bhaktapur Inn,Bhaktapur,Bhaktapur Nepal,27.6722,85.4305,+97716620900,4.3,100,USD,Available,https://www.ancientbhaktapurinn.com,100.0,Mid Range
Nagarkot Himalayan Crown,Nagarkot,Nagarkot Nepal,27.718,85.521,+97716687800,4.7,180,USD,Available,https://www.nagarkothimalayancrown.com,100.0,Luxury
Dhulikhel Royal Heritage,Dhulikhel,Dhulikhel Nepal,27.624,85.544,+97711492900,4.6,155,USD,Available,https://www.dhulikhelroyalheritage.com,100.0,Luxury
Panauti Heritage Lodge,Panauti,Panauti Nepal,27.5848,85.5133,+97711442100,4.3,105,USD,Available,https://www.panautiheritagelodge.com,100.0,Mid Range
Bandipur Himalayan Crown,Bandipur,Bandipur Nepal,27.939,84.408,+97765564700,4.6,150,USD,Available,https://www.bandipurhimalayancrown.com,100.0,Luxury
Gorkha Royal Heritage,Gorkha,Gorkha Nepal,28.0028,84.6348,+97764429000,4.5,135,USD,Available,https://www.gorkharoyalheritage.com,100.0,Mid Range
Manaslu Mountain Crown,Gorkha,Manaslu Nepal,28.6522,84.6522,+97764429100,4.6,165,USD,Available,https://www.manaslumountaincrown.com,100.0,Luxury
Lamjung Valley Palace,Lamjung,Lamjung Nepal,28.2365,84.3765,+97766527000,4.4,125,USD,Available,https://www.lamjungvalleypalace.com,100.0,Mid Range
Manang Himalayan Crown,Manang,Manang Nepal,28.6688,84.0198,+97766450000,4.6,175,USD,Available,https://www.mananghimalayancrown.com,100.0,Luxury
Annapurna Glacier Lodge,Manang,Annapurna Region Nepal,28.6712,84.0212,+97766450100,4.5,155,USD,Available,https://www.annapurnaglacierlodge.com,100.0,Luxury
Mustang Desert Palace,Mustang,Jomsom Nepal,28.782,83.732,+97769449000,4.7,185,USD,Available,https://www.mustangdesertpalace.com,100.0,Luxury
Kagbeni Himalayan View,Mustang,Kagbeni Nepal,28.8365,83.7835,+97769449100,4.5,150,USD,Available,https://www.kagbenihimalayanview.com,100.0,Luxury
Marpha Mountain Crown,Mustang,Marpha Nepal,28.7515,83.6915,+97769449200,4.4,140,USD,Available,https://www.marphamountaincrown.com,100.0,Mid Range
Everest Royal Summit,Solukhumbu,Namche Nepal,27.8062,86.7112,+97738547000,4.7,210,USD,Available,https://www.everestroyalsummit.com,100.0,Luxury
Khumbu Heritage Crown,Solukhumbu,Khumbu Nepal,27.8072,86.7132,+97738547100,4.6,180,USD,Available,https://www.khumbuheritagecrown.com,100.0,Luxury
Lukla Himalayan Resort,Solukhumbu,Lukla Nepal,27.6882,86.7292,+97738547200,4.5,140,USD,Available,https://www.luklahimalayanresort.com,100.0,Mid Range
Chitwan Royal Jungle,Chitwan,Sauraha Nepal,27.582,84.4955,+97756590000,4.6,145,USD,Available,https://www.chitwanroyaljungle.com,100.0,Mid Range
Sauraha Heritage Resort,Chitwan,Sauraha Nepal,27.583,84.4965,+97756590100,4.5,125,USD,Available,https://www.saurahaheritageresort.com,100.0,Mid Range
Tharu Royal Palace,Chitwan,Sauraha Nepal,27.584,84.4975,+97756590200,4.4,110,USD,Available,https://www.tharuroyalpalace.com,100.0,Mid Range
Lumbini Royal Serenity,Lumbini,Lumbini Nepal,27.4708,83.2768,+97771590000,4.6,140,USD,Available,https://www.lumbiniroyalserenity.com,100.0,Mid Range
Buddha Garden Palace,Lumbini,Lumbini Nepal,27.4701,83.2761,+97771590100,4.5,120,USD,Available,https://www.buddhagardenpalace.com,100.0,Mid Range
Maya Heritage Crown,Lumbini,Lumbini Nepal,27.471,83.2759,+97771590200,4.4,105,USD,Available,https://www.mayaheritagecrown.com,100.0,Mid Range
Bhairahawa Royal Crown,Bhairahawa,Bhairahawa Nepal,27.5072,83.4562,+97771530000,4.5,125,USD,Available,https://www.bhairahawaroyalcrown.com,100.0,Mid Range
Siddhartha Heritage Inn,Bhairahawa,Bhairahawa Nepal,27.5062,83.4552,+97771530100,4.3,100,USD,Available,https://www.siddharthaheritageinn.com,100.0,Mid Range
Dharan Royal Palace,Dharan,Dharan Nepal,26.8112,87.2812,+97725527000,4.5,130,USD,Available,https://www.dharanroyalpalace.com,100.0,Mid Range
Koshi Mountain Resort,Dharan,Dharan Nepal,26.8128,87.2828,+97725527100,4.4,115,USD,Available,https://www.koshimountainresort.com,100.0,Mid Range
Ilam Himalayan Garden,Ilam,Ilam Nepal,26.912,87.932,+97727527000,4.6,155,USD,Available,https://www.ilamhimalayangarden.com,100.0,Luxury
Kanyam Mountain Palace,Ilam,Kanyam Nepal,26.882,87.922,+97727527100,4.5,140,USD,Available,https://www.kanyammountainpalace.com,100.0,Mid Range
Mai Valley Royal Resort,Ilam,Mai Valley Nepal,26.9165,87.9365,+97727527200,4.4,125,USD,Available,https://www.maivalleyroyalresort.com,100.0,Mid Range
Janakpur Royal Heritage,Janakpur,Janakpur Nepal,26.7295,85.9265,+97741528000,4.5,115,USD,Available,https://www.janakpurroyalheritage.com,100.0,Mid Range
Mithila Palace Resort,Janakpur,Janakpur Nepal,26.7285,85.9255,+97741528100,4.4,100,USD,Available,https://www.mithilapalaceresort.com,100.0,Mid Range
Sita Royal Garden,Janakpur,Janakpur Nepal,26.728,85.925,+97741528200,4.3,90,USD,Available,https://www.sitaroyalgarden.com,100.0,Mid Range
Srinagar Crown Resort,Tansen,Palpa Nepal,27.8692,83.5482,+97775528100,4.7,165,USD,Available,https://www.srinagarcrownresort.com,100.0,Luxury
Tansen Royal Palace,Tansen,Palpa Nepal,27.8678,83.5468,+97775528200,4.4,120,USD,Available,https://www.tansenroyalpalace.com,100.0,Mid Range
Butwal Grand Heritage,Butwal,Butwal Nepal,27.7015,83.4515,+97771531000,4.5,135,USD,Available,https://www.butwalgrandheritage.com,100.0,Mid Range
Western Valley Crown,Butwal,Butwal Nepal,27.7005,83.4505,+97771531100,4.3,105,USD,Available,https://www.westernvalleycrown.com,100.0,Mid Range
Biratnagar Royal Heritage,Biratnagar,Biratnagar Nepal,26.454,87.273,+97721531000,4.5,125,USD,Available,https://www.biratnagarroyalheritage.com,100.0,Mid Range
Koshi Valley Palace,Biratnagar,Biratnagar Nepal,26.453,87.272,+97721531100,4.4,110,USD,Available,https://www.koshivalleypalace.com,100.0,Mid Range
Eastern Crown Hotel,Biratnagar,Biratnagar Nepal,26.4538,87.2728,+97721531200,4.3,95,USD,Available,https://www.easterncrownhotel.com,100.0,Mid Range
Pokhara Grand Heritage,Pokhara,Lakeside Pokhara Nepal,28.2124,83.9594,+97761478000,4.7,180,USD,Available,https://www.pokharagrandheritage.com,100.0,Luxury
Fewa Royal Garden,Pokhara,Fewa Lake Nepal,28.2114,83.9584,+97761478100,4.6,160,USD,Available,https://www.fewaroyalgarden.com,100.0,Luxury
Annapurna Palace Resort,Pokhara,Pokhara Nepal,28.2155,83.9565,+97761478200,4.5,145,USD,Available,https://www.annapurnapalaceresort.com,100.0,Mid Range
Mountain View Crown,Pokhara,Pokhara Nepal,28.216,83.9555,+97761478300,4.4,125,USD,Available,https://www.mountainviewcrown.com,100.0,Mid Range
Kathmandu Imperial Crown,Kathmandu,Thamel Nepal,27.716,85.313,+97714708700,4.6,170,USD,Available,https://www.kathmanduimperialcrown.com,100.0,Luxury
Thamel Heritage Resort,Kathmandu,Thamel Nepal,27.717,85.314,+97714708800,4.5,150,USD,Available,https://www.thamelheritageresort.com,100.0,Luxury
Himalayan Royal Inn,Kathmandu,Lazimpat Nepal,27.72,85.318,+97714419600,4.7,180,USD,Available,https://www.himalayanroyalinn.com,100.0,Luxury
Kathmandu Valley Crown,Kathmandu,Kathmandu Nepal,27.7145,85.3168,+97714708900,4.4,120,USD,Available,https://www.kathmanduvalleycrown.com,100.0,Mid Range
Patan Heritage Crown,Lalitpur,Patan Nepal,27.6742,85.3272,+97715543200,4.6,150,USD,Available,https://www.patanheritagecrown.com,100.0,Luxury
Newa Royal Courtyard,Lalitpur,Patan Nepal,27.6735,85.3265,+97715543300,4.5,135,USD,Available,https://www.newaroyalcourtyard.com,100.0,Mid Range
Lalitpur Palace Resort,Lalitpur,Patan Nepal,27.6748,85.3275,+97715543400,4.4,120,USD,Available,https://www.lalitpurpalaceresort.com,100.0,Mid Range
Bhaktapur Royal Crown,Bhaktapur,Bhaktapur Nepal,27.6735,85.4315,+97716621000,4.6,145,USD,Available,https://www.bhaktapurroyalcrown.com,100.0,Mid Range
Bhaktapur Heritage Garden,Bhaktapur,Bhaktapur Nepal,27.6725,85.4308,+97716621100,4.4,115,USD,Available,https://www.bhaktapurheritagegarden.com,100.0,Mid Range
Ancient Durbar Inn,Bhaktapur,Bhaktapur Nepal,27.6718,85.4302,+97716621200,4.3,100,USD,Available,https://www.ancientdurbarinn.com,100.0,Mid Range
Nagarkot Royal Summit,Nagarkot,Nagarkot Nepal,27.7182,85.5212,+97716688000,4.7,190,USD,Available,https://www.nagarkotroyalsummit.com,100.0,Luxury
Nagarkot Himalayan View,Nagarkot,Nagarkot Nepal,27.7174,85.5204,+97716688100,4.6,165,USD,Available,https://www.nagarkothimalayanview.com,100.0,Luxury
Dhulikhel Valley Crown,Dhulikhel,Dhulikhel Nepal,27.6245,85.5445,+97711493000,4.5,150,USD,Available,https://www.dhulikhelvalleycrown.com,100.0,Luxury
Dhulikhel Royal Summit,Dhulikhel,Dhulikhel Nepal,27.624,85.544,+97711493100,4.6,165,USD,Available,https://www.dhulikhelroyalsummit.com,100.0,Luxury
Panauti Royal Heritage,Panauti,Panauti Nepal,27.585,85.5135,+97711442200,4.4,115,USD,Available,https://www.panautiroyalheritage.com,100.0,Mid Range
Bandipur Royal Summit,Bandipur,Bandipur Nepal,27.9395,84.4085,+97765564800,4.7,170,USD,Available,https://www.bandipurroyalsummit.com,100.0,Luxury
Bandipur Heritage Garden,Bandipur,Bandipur Nepal,27.9382,84.4072,+97765564900,4.5,145,USD,Available,https://www.bandipurheritagegarden.com,100.0,Mid Range
Gorkha Palace Crown,Gorkha,Gorkha Nepal,28.003,84.635,+97764430000,4.6,150,USD,Available,https://www.gorkhapalacecrown.com,100.0,Luxury
Gorkha Mountain Resort,Gorkha,Gorkha Nepal,28.002,84.634,+97764430100,4.5,130,USD,Available,https://www.gorkhamountainresort.com,100.0,Mid Range
Manaslu Royal Crown,Gorkha,Manaslu Nepal,28.6525,84.6525,+97764430200,4.6,175,USD,Available,https://www.manasluroyalcrown.com,100.0,Luxury
Lamjung Heritage Crown,Lamjung,Lamjung Nepal,28.2368,84.3768,+97766528000,4.5,135,USD,Available,https://www.lamjungheritagecrown.com,100.0,Mid Range
Besisahar Royal Crown,Lamjung,Besisahar Nepal,28.2338,84.3738,+97766528100,4.4,115,USD,Available,https://www.besisaharroyalcrown.com,100.0,Mid Range
Manang Summit Lodge,Manang,Manang Nepal,28.669,84.02,+97766451000,4.7,185,USD,Available,https://www.manangsummitlodge.com,100.0,Luxury
Annapurna Royal Crown,Manang,Annapurna Region Nepal,28.6715,84.0215,+97766451100,4.6,165,USD,Available,https://www.annapurnaroyalcrown.com,100.0,Luxury
Mustang Royal Summit,Mustang,Jomsom Nepal,28.7825,83.7325,+97769450000,4.7,190,USD,Available,https://www.mustangroyalsummit.com,100.0,Luxury
Kagbeni Heritage Crown,Mustang,Kagbeni Nepal,28.837,83.784,+97769450100,4.6,160,USD,Available,https://www.kagbeniheritagecrown.com,100.0,Luxury
Marpha Royal Summit,Mustang,Marpha Nepal,28.752,83.692,+97769450200,4.5,145,USD,Available,https://www.marpharoyalsummit.com,100.0,Mid Range
Everest Himalayan Crown,Solukhumbu,Namche Nepal,27.8065,86.7115,+97738548000,4.8,220,USD,Available,https://www.everesthimalayancrown.com,100.0,Luxury
Khumbu Royal Summit,Solukhumbu,Khumbu Nepal,27.8075,86.7135,+97738548100,4.7,190,USD,Available,https://www.khumburoyalsummit.com,100.0,Luxury
Lukla Everest Crown,Solukhumbu,Lukla Nepal,27.6885,86.7295,+97738548200,4.5,150,USD,Available,https://www.luklaeverestcrown.com,100.0,Luxury
Chitwan Royal Safari Resort,Chitwan,Sauraha Nepal,27.5825,84.496,+97756591000,4.7,155,USD,Available,https://www.chitwanroyalsafariresort.com,100.0,Luxury
Sauraha Jungle Crown,Chitwan,Sauraha Nepal,27.5835,84.497,+97756591100,4.6,135,USD,Available,https://www.saurahajunglecrown.com,100.0,Mid Range
Tharu Heritage Crown,Chitwan,Sauraha Nepal,27.5845,84.498,+97756591200,4.5,120,USD,Available,https://www.tharuheritagecrown.com,100.0,Mid Range
Lumbini Golden Crown,Lumbini,Lumbini Nepal,27.4712,83.2772,+97771591000,4.6,150,USD,Available,https://www.lumbinigoldencrown.com,100.0,Luxury
Buddha Royal Summit,Lumbini,Lumbini Nepal,27.4705,83.2765,+97771591100,4.5,130,USD,Available,https://www.buddharoyalsummit.com,100.0,Mid Range
Maya Heritage Palace,Lumbini,Lumbini Nepal,27.4715,83.276,+97771591200,4.4,115,USD,Available,https://www.mayaheritagepalace.com,100.0,Mid Range
Bhairahawa Royal Summit,Bhairahawa,Bhairahawa Nepal,27.5075,83.4565,+97771532000,4.5,135,USD,Available,https://www.bhairahawaroyalsummit.com,100.0,Mid Range
Siddhartha Crown Hotel,Bhairahawa,Bhairahawa Nepal,27.5065,83.4555,+97771532100,4.4,115,USD,Available,https://www.siddharthacrownhotel.com,100.0,Mid Range
Rupandehi Heritage Resort,Bhairahawa,Rupandehi Nepal,27.511,83.457,+97771532200,4.3,95,USD,Available,https://www.rupandehiheritageresort.com,100.0,Mid Range
Dharan Himalayan Crown,Dharan,Dharan Nepal,26.8115,87.2815,+97725528000,4.6,145,USD,Available,https://www.dharanhimalayancrown.com,100.0,Mid Range
Koshi Royal Summit,Dharan,Dharan Nepal,26.813,87.283,+97725528100,4.5,125,USD,Available,https://www.koshiroyalsummit.com,100.0,Mid Range
Dharan Heritage Garden,Dharan,Dharan Nepal,26.8105,87.2805,+97725528200,4.3,100,USD,Available,https://www.dharanheritagegarden.com,100.0,Mid Range
Ilam Royal Summit,Ilam,Ilam Nepal,26.9125,87.9325,+97727528000,4.7,160,USD,Available,https://www.ilamroyalsummit.com,100.0,Luxury
Kanyam Heritage Crown,Ilam,Kanyam Nepal,26.8825,87.9225,+97727528100,4.6,145,USD,Available,https://www.kanyamheritagecrown.com,100.0,Mid Range
Mai Valley Mountain Crown,Ilam,Mai Valley Nepal,26.917,87.937,+97727528200,4.5,130,USD,Available,https://www.maivalleymountaincrown.com,100.0,Mid Range
Janakpur Royal Summit,Janakpur,Janakpur Nepal,26.73,85.927,+97741529000,4.6,135,USD,Available,https://www.janakpurroyalsummit.com,100.0,Mid Range
Mithila Heritage Crown,Janakpur,Janakpur Nepal,26.729,85.926,+97741529100,4.5,115,USD,Available,https://www.mithilaheritagecrown.com,100.0,Mid Range
Sita Royal Palace,Janakpur,Janakpur Nepal,26.7285,85.9255,+97741529200,4.4,100,USD,Available,https://www.sitaroyalpalace.com,100.0,Mid Range
Palpa Himalayan Crown,Tansen,Palpa Nepal,27.869,83.548,+97775529000,4.7,160,USD,Available,https://www.palpahimalayancrown.com,100.0,Luxury
Srinagar Heritage Resort,Tansen,Palpa Nepal,27.8695,83.5485,+97775529100,4.6,150,USD,Available,https://www.srinagarheritageresort.com,100.0,Luxury
Tansen Royal Summit,Tansen,Palpa Nepal,27.868,83.547,+97775529200,4.5,130,USD,Available,https://www.tansenroyalsummit.com,100.0,Mid Range
Butwal Himalayan Palace,Butwal,Butwal Nepal,27.702,83.452,+97771533000,4.6,145,USD,Available,https://www.butwalhimalayanpalace.com,100.0,Mid Range
Western Royal Summit,Butwal,Butwal Nepal,27.701,83.451,+97771533100,4.4,115,USD,Available,https://www.westernroyalsummit.com,100.0,Mid Range
Biratnagar Himalayan Crown,Biratnagar,Biratnagar Nepal,26.4545,87.2735,+97721533000,4.6,140,USD,Available,https://www.biratnagarhimalayancrown.com,100.0,Mid Range
Koshi Heritage Crown,Biratnagar,Biratnagar Nepal,26.4535,87.2725,+97721533100,4.5,120,USD,Available,https://www.koshiheritagecrown.com,100.0,Mid Range
Eastern Royal Summit,Biratnagar,Biratnagar Nepal,26.454,87.273,+97721533200,4.3,100,USD,Available,https://www.easternroyalsummit.com,100.0,Mid Range
Pokhara Royal Summit,Pokhara,Lakeside Pokhara Nepal,28.2128,83.9598,+97761479000,4.8,190,USD,Available,https://www.pokhararoyalsummit.com,100.0,Luxury
Fewa Himalayan Crown,Pokhara,Fewa Lake Nepal,28.2118,83.9588,+97761479100,4.7,170,USD,Available,https://www.fewahimalayancrown.com,100.0,Luxury
Annapurna Heritage Palace,Pokhara,Pokhara Nepal,28.2158,83.9568,+97761479200,4.6,150,USD,Available,https://www.annapurnaheritagepalace.com,100.0,Luxury
Mountain Royal Retreat,Pokhara,Pokhara Nepal,28.2162,83.9558,+97761479300,4.5,135,USD,Available,https://www.mountainroyalretreat.com,100.0,Mid Range
Kathmandu Royal Heritage,Kathmandu,Thamel Nepal,27.7162,85.3132,+97714709000,4.7,180,USD,Available,https://www.kathmanduroyalheritage.com,100.0,Luxury
Thamel Himalayan Crown,Kathmandu,Thamel Nepal,27.7172,85.3142,+97714709100,4.6,160,USD,Available,https://www.thamelhimalayancrown.com,100.0,Luxury
Himalayan Imperial Palace,Kathmandu,Lazimpat Nepal,27.7202,85.3182,+97714419700,4.8,200,USD,Available,https://www.himalayanimperialpalace.com,100.0,Luxury
Kathmandu Grand Summit,Kathmandu,Kathmandu Nepal,27.7148,85.317,+97714709200,4.5,140,USD,Available,https://www.kathmandugrandsummit.com,100.0,Mid Range
Patan Himalayan Palace,Lalitpur,Patan Nepal,27.6745,85.3275,+97715543500,4.7,165,USD,Available,https://www.patanhimalayanpalace.com,100.0,Luxury
Newa Heritage Summit,Lalitpur,Patan Nepal,27.6738,85.3268,+97715543600,4.6,145,USD,Available,https://www.newaheritage summit.com,100.0,Mid Range
Lalitpur Royal Crown,Lalitpur,Patan Nepal,27.675,85.3278,+97715543700,4.5,130,USD,Available,https://www.lalitpurroyalcrown.com,100.0,Mid Range
Bhaktapur Himalayan Palace,Bhaktapur,Bhaktapur Nepal,27.6738,85.4318,+97716621300,4.7,160,USD,Available,https://www.bhaktapurhimalayanpalace.com,100.0,Luxury
Durbar Square Royal Inn,Bhaktapur,Bhaktapur Nepal,27.6728,85.431,+97716621400,4.5,125,USD,Available,https://www.durbarsquareroyalinn.com,100.0,Mid Range
Bhaktapur Golden Crown,Bhaktapur,Bhaktapur Nepal,27.672,85.4304,+97716621500,4.4,110,USD,Available,https://www.bhaktapurgoldencrown.com,100.0,Mid Range
Nagarkot Grand Summit,Nagarkot,Nagarkot Nepal,27.7185,85.5215,+97716688200,4.8,210,USD,Available,https://www.nagarkotgrandsummit.com,100.0,Luxury
Nagarkot Royal Heritage,Nagarkot,Nagarkot Nepal,27.7178,85.5208,+97716688300,4.7,185,USD,Available,https://www.nagarkotroyalheritage.com,100.0,Luxury
Dhulikhel Himalayan Palace,Dhulikhel,Dhulikhel Nepal,27.6248,85.5448,+97711493200,4.7,175,USD,Available,https://www.dhulikhelhimalayanpalace.com,100.0,Luxury
Dhulikhel Golden Summit,Dhulikhel,Dhulikhel Nepal,27.6242,85.5442,+97711493300,4.5,140,USD,Available,https://www.dhulikhelgoldensummit.com,100.0,Mid Range
Panauti Heritage Crown,Panauti,Panauti Nepal,27.5852,85.5138,+97711442300,4.5,125,USD,Available,https://www.panautiheritagecrown.com,100.0,Mid Range
Bandipur Grand Summit,Bandipur,Bandipur Nepal,27.94,84.409,+97765565000,4.8,190,USD,Available,https://www.bandipurgrandsummit.com,100.0,Luxury
Bandipur Himalayan Palace,Bandipur,Bandipur Nepal,27.9388,84.408,+97765565100,4.6,155,USD,Available,https://www.bandipurhimalayanpalace.com,100.0,Luxury
Gorkha Himalayan Summit,Gorkha,Gorkha Nepal,28.0032,84.6352,+97764431000,4.7,170,USD,Available,https://www.gorkhahimalayansummit.com,100.0,Luxury
Gorkha Heritage Crown,Gorkha,Gorkha Nepal,28.0024,84.6344,+97764431100,4.5,140,USD,Available,https://www.gorkhaheritagecrown.com,100.0,Mid Range
Manaslu Grand Summit,Gorkha,Manaslu Nepal,28.6528,84.6528,+97764431200,4.8,200,USD,Available,https://www.manaslugrandsummit.com,100.0,Luxury
Lamjung Royal Summit,Lamjung,Lamjung Nepal,28.237,84.377,+97766529000,4.6,150,USD,Available,https://www.lamjungroyalsummit.com,100.0,Luxury
Besisahar Heritage Crown,Lamjung,Besisahar Nepal,28.234,84.374,+97766529100,4.5,130,USD,Available,https://www.besisaharheritagecrown.com,100.0,Mid Range
Manang Royal Palace,Manang,Manang Nepal,28.6692,84.0202,+97766452000,4.8,210,USD,Available,https://www.manangroyalpalace.com,100.0,Luxury
Annapurna Grand Summit,Manang,Annapurna Region Nepal,28.6718,84.0218,+97766452100,4.7,185,USD,Available,https://www.annapurnagrandsummit.com,100.0,Luxury
Kagbeni Royal Summit,Mustang,Kagbeni Nepal,28.8375,83.7845,+97769451100,4.7,175,USD,Available,https://www.kagbeniroyalsummit.com,100.0,Luxury
Marpha Heritage Palace,Mustang,Marpha Nepal,28.7525,83.6925,+97769451200,4.6,155,USD,Available,https://www.marphaheritagepalace.com,100.0,Luxury
Everest Grand Summit,Solukhumbu,Namche Nepal,27.8068,86.7118,+97738549000,4.9,230,USD,Available,https://www.everestgrandsummit.com,100.0,Luxury
Khumbu Himalayan Palace,Solukhumbu,Khumbu Nepal,27.8078,86.7138,+97738549100,4.8,200,USD,Available,https://www.khumbuhimalayanpalace.com,100.0,Luxury
Lukla Royal Heritage,Solukhumbu,Lukla Nepal,27.6888,86.7298,+97738549200,4.6,155,USD,Available,https://www.luklaroyalheritage.com,100.0,Luxury
Chitwan Grand Safari Resort,Chitwan,Sauraha Nepal,27.583,84.4965,+97756592000,4.8,165,USD,Available,https://www.chitwangrandsafariresort.com,100.0,Luxury
Sauraha Royal Jungle,Chitwan,Sauraha Nepal,27.584,84.4975,+97756592100,4.7,145,USD,Available,https://www.sauraharoyaljungle.com,100.0,Mid Range
Tharu Jungle Palace,Chitwan,Sauraha Nepal,27.585,84.4985,+97756592200,4.6,125,USD,Available,https://www.tharujunglepalace.com,100.0,Mid Range
Lumbini Grand Summit,Lumbini,Lumbini Nepal,27.4718,83.2778,+97771592000,4.8,165,USD,Available,https://www.lumbinigrandsummit.com,100.0,Luxury
Buddha Himalayan Palace,Lumbini,Lumbini Nepal,27.471,83.277,+97771592100,4.7,145,USD,Available,https://www.buddhahimalayanpalace.com,100.0,Mid Range
Maya Royal Summit,Lumbini,Lumbini Nepal,27.4718,83.2762,+97771592200,4.5,120,USD,Available,https://www.mayaroyalsummit.com,100.0,Mid Range
Bhairahawa Himalayan Crown,Bhairahawa,Bhairahawa Nepal,27.508,83.457,+97771534000,4.6,145,USD,Available,https://www.bhairahawahimalayancrown.com,100.0,Mid Range
Siddhartha Grand Summit,Bhairahawa,Bhairahawa Nepal,27.507,83.456,+97771534100,4.5,125,USD,Available,https://www.siddharthagrandsummit.com,100.0,Mid Range
Rupandehi Royal Palace,Bhairahawa,Rupandehi Nepal,27.5115,83.4575,+97771534200,4.4,105,USD,Available,https://www.rupandehiroyalpalace.com,100.0,Mid Range
Dharan Grand Summit,Dharan,Dharan Nepal,26.812,87.282,+97725529000,4.7,155,USD,Available,https://www.dharangrandsummit.com,100.0,Luxury
Koshi Himalayan Palace,Dharan,Dharan Nepal,26.8135,87.2835,+97725529100,4.6,135,USD,Available,https://www.koshihimalayanpalace.com,100.0,Mid Range
Dharan Royal Garden,Dharan,Dharan Nepal,26.811,87.281,+97725529200,4.4,110,USD,Available,https://www.dharanroyalgarden.com,100.0,Mid Range
Ilam Grand Summit,Ilam,Ilam Nepal,26.913,87.933,+97727529000,4.8,170,USD,Available,https://www.ilamgrandsummit.com,100.0,Luxury
Kanyam Himalayan Palace,Ilam,Kanyam Nepal,26.883,87.923,+97727529100,4.7,150,USD,Available,https://www.kanyamhimalayanpalace.com,100.0,Luxury
Mai Valley Grand Resort,Ilam,Mai Valley Nepal,26.9175,87.9375,+97727529200,4.6,135,USD,Available,https://www.maivalleygrandresort.com,100.0,Mid Range
Janakpur Himalayan Palace,Janakpur,Janakpur Nepal,26.7305,85.9275,+97741530000,4.7,150,USD,Available,https://www.janakpurhimalayanpalace.com,100.0,Luxury
Mithila Grand Summit,Janakpur,Janakpur Nepal,26.7295,85.9265,+97741530100,4.6,130,USD,Available,https://www.mithilagrandsummit.com,100.0,Mid Range
Sita Heritage Resort,Janakpur,Janakpur Nepal,26.729,85.926,+97741530200,4.5,110,USD,Available,https://www.sitaheritageresort.com,100.0,Mid Range
Palpa Grand Summit,Tansen,Palpa Nepal,27.8695,83.5485,+97775530000,4.8,170,USD,Available,https://www.palpagrandsummit.com,100.0,Luxury
Srinagar Himalayan Palace,Tansen,Palpa Nepal,27.87,83.549,+97775530100,4.7,155,USD,Available,https://www.srinagarhimalayanpalace.com,100.0,Luxury
Tansen Heritage Summit,Tansen,Palpa Nepal,27.8685,83.5475,+97775530200,4.6,140,USD,Available,https://www.tansenheritagesummit.com,100.0,Mid Range
Butwal Grand Summit,Butwal,Butwal Nepal,27.7025,83.4525,+97771535000,4.7,160,USD,Available,https://www.butwalgrandsummit.com,100.0,Luxury
Western Himalayan Palace,Butwal,Butwal Nepal,27.7015,83.4515,+97771535100,4.5,125,USD,Available,https://www.westernhimalayanpalace.com,100.0,Mid Range
Biratnagar Grand Summit,Biratnagar,Biratnagar Nepal,26.455,87.274,+97721535000,4.7,155,USD,Available,https://www.biratnagargrandsummit.com,100.0,Luxury
Koshi Himalayan Resort,Biratnagar,Biratnagar Nepal,26.454,87.273,+97721535100,4.6,135,USD,Available,https://www.koshihimalayanresort.com,100.0,Mid Range
Eastern Heritage Palace,Biratnagar,Biratnagar Nepal,26.4545,87.2735,+97721535200,4.4,110,USD,Available,https://www.easternheritagepalace.com,100.0,Mid Range
Pokhara Imperial Summit,Pokhara,Lakeside Pokhara Nepal,28.213,83.96,+97761480000,4.9,210,USD,Available,https://www.pokharaimperialsummit.com,100.0,Luxury
Fewa Grand Palace,Pokhara,Fewa Lake Nepal,28.212,83.959,+97761480100,4.8,185,USD,Available,https://www.fewagrandpalace.com,100.0,Luxury
Annapurna Himalayan Resort,Pokhara,Pokhara Nepal,28.216,83.957,+97761480200,4.7,160,USD,Available,https://www.annapurnahimalayanresort.com,100.0,Luxury
Mountain Grand Crown,Pokhara,Pokhara Nepal,28.2165,83.956,+97761480300,4.6,145,USD,Available,https://www.mountaingrandcrown.com,100.0,Mid Range
Kathmandu Grand Heritage,Kathmandu,Thamel Nepal,27.7165,85.3135,+97714709300,4.8,200,USD,Available,https://www.kathmandugrandheritage.com,100.0,Luxury
Thamel Imperial Palace,Kathmandu,Thamel Nepal,27.7175,85.3145,+97714709400,4.7,180,USD,Available,https://www.thamelimperialpalace.com,100.0,Luxury
Himalayan Grand Summit,Kathmandu,Lazimpat Nepal,27.7205,85.3185,+97714419800,4.9,220,USD,Available,https://www.himalayangrandsummit.com,100.0,Luxury
Kathmandu Royal Crown,Kathmandu,Kathmandu Nepal,27.715,85.3172,+97714709500,4.6,150,USD,AvailabHotel,https://www.kathmanduroyalcrown.com,100.0,Luxury
Newa Imperial Palace,Lalitpur,Patan Nepal,27.674,85.327,+97715543900,4.7,160,USD,Available,https://www.newaimperialpalace.com,100.0,Luxury
Lalitpur Himalayan Crown,Lalitpur,Patan Nepal,27.6753,85.328,+97715544000,4.6,145,USD,Available,https://www.lalitpurhimalayancrown.com,100.0,Mid Range
Bhaktapur Grand Summit,Bhaktapur,Bhaktapur Nepal,27.674,85.432,+97716621600,4.8,175,USD,Available,https://www.bhaktapurgrandsummit.com,100.0,Luxury
Durbar Heritage Palace,Bhaktapur,Bhaktapur Nepal,27.673,85.4312,+97716621700,4.6,135,USD,Available,https://www.durbarheritagepalace.com,100.0,Mid Range
Bhaktapur Royal Retreat,Bhaktapur,Bhaktapur Nepal,27.6724,85.4306,+97716621800,4.5,120,USD,Available,https://www.bhaktapurroyalretreat.com,100.0,Mid Range
Nagarkot Imperial Resort,Nagarkot,Nagarkot Nepal,27.7188,85.5218,+97716688400,4.9,230,USD,Available,https://www.nagarkotimperialresort.com,100.0,Luxury
Nagarkot Mountain Crown,Nagarkot,Nagarkot Nepal,27.718,85.521,+97716688500,4.7,190,USD,Available,https://www.nagarkotmountaincrown.com,100.0,Luxury
Dhulikhel Grand Heritage,Dhulikhel,Dhulikhel Nepal,27.625,85.545,+97711493400,4.8,200,USD,Available,https://www.dhulikhelgrandheritage.com,100.0,Luxury
Dhulikhel Royal Crown,Dhulikhel,Dhulikhel Nepal,27.6245,85.5445,+97711493500,4.6,155,USD,Available,https://www.dhulikhelroyalcrown.com,100.0,Luxury
Panauti Himalayan Palace,Panauti,Panauti Nepal,27.5855,85.514,+97711442400,4.6,140,USD,Available,https://www.panautihimalayanpalace.com,100.0,Mid Range
Bandipur Imperial Summit,Bandipur,Bandipur Nepal,27.9405,84.4095,+97765565200,4.9,220,USD,Available,https://www.bandipurimperialsummit.com,100.0,Luxury
Bandipur Golden Heritage,Bandipur,Bandipur Nepal,27.9392,84.4082,+97765565300,4.7,170,USD,Available,https://www.bandipurgoldenheritage.com,100.0,Luxury
Gorkha Imperial Palace,Gorkha,Gorkha Nepal,28.0035,84.6355,+97764432000,4.8,190,USD,Available,https://www.gorkhaimperialpalace.com,100.0,Luxury
Gorkha Grand Heritage,Gorkha,Gorkha Nepal,28.0028,84.6348,+97764432100,4.6,150,USD,Available,https://www.gorkhagrandheritage.com,100.0,Luxury
Manaslu Imperial Resort,Gorkha,Manaslu Nepal,28.653,84.653,+97764432200,4.9,220,USD,Available,https://www.manasluimperialresort.com,100.0,Luxury
Lamjung Grand Crown,Lamjung,Lamjung Nepal,28.2375,84.3775,+97766530000,4.7,165,USD,Available,https://www.lamjunggrandcrown.com,100.0,Luxury
Besisahar Himalayan Resort,Lamjung,Besisahar Nepal,28.2345,84.3745,+97766530100,4.6,140,USD,Available,https://www.besisaharhimalayanresort.com,100.0,Mid Range
Manang Imperial Lodge,Manang,Manang Nepal,28.6695,84.0205,+97766453000,4.9,230,USD,Available,https://www.manangimperiallodge.com,100.0,Luxury
Annapurna Royal Summit Lodge,Manang,Annapurna Region Nepal,28.672,84.022,+97766453100,4.8,200,USD,Available,https://www.annapurnaroyalsummitlodge.comle,100.0,Luxury
Patan Grand Summit,Lalitpur,Patan Nepal,27.6748,85.3278,+97715543800,4.8,180,USD,Available,https://www.patangrandsummit.com,100.0,Luxury
Mustang Imperial Palace,Mustang,Jomsom Nepal,28.7835,83.7335,+97769452000,4.9,230,USD,Available,https://www.mustangimperialpalace.com,100.0,Luxury
Kagbeni Grand Heritage,Mustang,Kagbeni Nepal,28.838,83.785,+97769452100,4.7,180,USD,Available,https://www.kagbenigrandheritage.com,100.0,Luxury
Marpha Himalayan Resort,Mustang,Marpha Nepal,28.753,83.693,+97769452200,4.6,160,USD,Available,https://www.marphahimalayanresort.com,100.0,Luxury
Everest Imperial Summit,Solukhumbu,Namche Nepal,27.807,86.712,+97738550000,4.9,250,USD,Available,https://www.everestimperialsummit.com,100.0,Luxury
Khumbu Grand Heritage,Solukhumbu,Khumbu Nepal,27.808,86.714,+97738550100,4.8,210,USD,Available,https://www.khumbugrandheritage.com,100.0,Luxury
Lukla Himalayan Crown,Solukhumbu,Lukla Nepal,27.689,86.73,+97738550200,4.7,165,USD,Available,https://www.luklahimalayancrown.com,100.0,Luxury
Chitwan Imperial Safari,Chitwan,Sauraha Nepal,27.5835,84.497,+97756593000,4.9,180,USD,Available,https://www.chitwanimperialsafari.com,100.0,Luxury
Sauraha Grand Heritage,Chitwan,Sauraha Nepal,27.5845,84.498,+97756593100,4.7,150,USD,Available,https://www.saurahagrandheritage.com,100.0,Luxury
Tharu Imperial Resort,Chitwan,Sauraha Nepal,27.5855,84.499,+97756593200,4.6,130,USD,Available,https://www.tharuimperialresort.com,100.0,Mid Range
Lumbini Imperial Crown,Lumbini,Lumbini Nepal,27.472,83.278,+97771593000,4.8,175,USD,Available,https://www.lumbiniimperialcrown.com,100.0,Luxury
Buddha Grand Heritage,Lumbini,Lumbini Nepal,27.4713,83.2773,+97771593100,4.7,150,USD,Available,https://www.buddhagrandheritage.com,100.0,Luxury
Maya Imperial Resort,Lumbini,Lumbini Nepal,27.472,83.2765,+97771593200,4.6,130,USD,Available,https://www.mayaimperialresort.com,100.0,Mid Range
Bhairahawa Grand Crown,Bhairahawa,Bhairahawa Nepal,27.5085,83.4575,+97771536000,4.7,155,USD,Available,https://www.bhairahawagrandcrown.com,100.0,Luxury
Siddhartha Imperial Hotel,Bhairahawa,Bhairahawa Nepal,27.5075,83.4565,+97771536100,4.6,135,USD,Available,https://www.siddharthaimperialhotel.com,100.0,Mid Range
Rupandehi Grand Heritage,Bhairahawa,Rupandehi Nepal,27.512,83.458,+97771536200,4.5,115,USD,Available,https://www.rupandehigrandheritage.com,100.0,Mid Range
Dharan Imperial Summit,Dharan,Dharan Nepal,26.8125,87.2825,+97725530000,4.8,170,USD,Available,https://www.dharanimperialsummit.com,100.0,Luxury
Koshi Grand Heritage,Dharan,Dharan Nepal,26.814,87.2838,+97725530100,4.7,150,USD,Available,https://www.koshigrandheritage.com,100.0,Luxury
Dharan Himalayan Retreat,Dharan,Dharan Nepal,26.8115,87.2815,+97725530200,4.5,120,USD,Available,https://www.dharanhimalayanretreat.com,100.0,Mid Range
Ilam Imperial Summit,Ilam,Ilam Nepal,26.9135,87.9335,+97727530000,4.9,185,USD,Available,https://www.ilamimperialsummit.com,100.0,Luxury
Kanyam Grand Heritage,Ilam,Kanyam Nepal,26.8835,87.9235,+97727530100,4.8,165,USD,Available,https://www.kanyamgrandheritage.com,100.0,Luxury
Mai Valley Imperial Resort,Ilam,Mai Valley Nepal,26.918,87.938,+97727530200,4.7,145,USD,Available,https://www.maivalleyimperialresort.com,100.0,Mid Range
Janakpur Imperial Palace,Janakpur,Janakpur Nepal,26.731,85.928,+97741531000,4.8,165,USD,Available,https://www.janakpurimperialpalace.com,100.0,Luxury
Mithila Royal Summit,Janakpur,Janakpur Nepal,26.73,85.927,+97741531100,4.7,145,USD,Available,https://www.mithilaroyalsummit.com,100.0,Mid Range
Sita Imperial Garden,Janakpur,Janakpur Nepal,26.7295,85.9265,+97741531200,4.5,120,USD,Available,https://www.sitaimperialgarden.com,100.0,Mid Range
Palpa Imperial Summit,Tansen,Palpa Nepal,27.87,83.549,+97775531000,4.9,190,USD,Available,https://www.palpaimperialsummit.com,100.0,Luxury
Srinagar Grand Heritage,Tansen,Palpa Nepal,27.8705,83.5495,+97775531100,4.8,170,USD,Available,https://www.srinagargrandheritage.com,100.0,Luxury
Tansen Himalayan Palace,Tansen,Palpa Nepal,27.869,83.548,+97775531200,4.7,150,USD,Available,https://www.tansenhimalayanpalace.com,100.0,Luxury
Butwal Imperial Crown,Butwal,Butwal Nepal,27.703,83.453,+97771537000,4.8,180,USD,Available,https://www.butwalimperialcrown.com,100.0,Luxury
Western Grand Summit,Butwal,Butwal Nepal,27.702,83.452,+97771537100,4.6,140,USD,Available,https://www.westerngrandsummit.com,100.0,Mid Range
Biratnagar Imperial Palace,Biratnagar,Biratnagar Nepal,26.4555,87.2745,+97721537000,4.8,175,USD,Available,https://www.biratnagarimperialpalace.com,100.0,Luxury
Koshi Grand Summit,Biratnagar,Biratnagar Nepal,26.4545,87.2735,+97721537100,4.7,155,USD,Available,https://www.koshigrandsummit.com,100.0,Luxury
Eastern Himalayan Resort,Biratnagar,Biratnagar Nepal,26.455,87.274,+97721537200,4.5,125,USD,Available,https://www.easternhimalayanresort.com,100.0,Mid Range
Pokhara Imperial Palace,Pokhara,Lakeside Pokhara Nepal,28.2135,83.9605,+97761481000,4.9,230,USD,Available,https://www.pokharaimperialpalace.com,100.0,Luxury
Fewa Imperial Resort,Pokhara,Fewa Lake Nepal,28.2125,83.9595,+97761481100,4.8,200,USD,Available,https://www.fewaimperialresort.com,100.0,Luxury
Annapurna Imperial Crown,Pokhara,Pokhara Nepal,28.2165,83.9575,+97761481200,4.7,175,USD,Available,https://www.annapurnaimperialcrown.com,100.0,Luxury
Mountain Imperial Retreat,Pokhara,Pokhara Nepal,28.217,83.9565,+97761481300,4.6,155,USD,Available,https://www.mountainimperialretreat.com,100.0,Luxury
Kathmandu Imperial Heritage,Kathmandu,Thamel Nepal,27.717,85.314,+97714709600,4.9,240,USD,Available,https://www.kathmanduimperialheritage.com,100.0,Luxury
Thamel Grand Crown,Kathmandu,Thamel Nepal,27.718,85.315,+97714709700,4.8,210,USD,Available,https://www.thamelgrandcrown.com,100.0,Luxury
Himalayan Imperial Summit,Kathmandu,Lazimpat Nepal,27.721,85.319,+97714419900,4.9,250,USD,Available,https://www.himalayanimperialsummit.com,100.0,Luxury
Kathmandu Heritage Summit,Kathmandu,Kathmandu Nepal,27.7155,85.3175,+97714709800,4.7,180,USD,Available,https://www.kathmanduheritagesummit.com,100.0,Luxury
Patan Imperial Summit,Lalitpur,Patan Nepal,27.6752,85.3282,+97715544100,4.9,220,USD,Available,https://www.patanimperialsummit.com,100.0,Luxury
Newa Grand Palace,Lalitpur,Patan Nepal,27.6745,85.3275,+97715544200,4.8,185,USD,Available,https://www.newagrandpalace.com,100.0,Luxury
Lalitpur Imperial Crown,Lalitpur,Patan Nepal,27.6758,85.3285,+97715544300,4.7,165,USD,Available,https://www.lalitpurimperialcrown.com,100.0,Luxury
Bhaktapur Imperial Summit,Bhaktapur,Bhaktapur Nepal,27.6745,85.4325,+97716621900,4.9,210,USD,Available,https://www.bhaktapurimperialsummit.com,100.0,Luxury
Durbar Grand Palace,Bhaktapur,Bhaktapur Nepal,27.6735,85.4315,+97716622000,4.8,175,USD,Available,https://www.durbargrandpalace.com,100.0,Luxury
Bhaktapur Himalayan Crown,Bhaktapur,Bhaktapur Nepal,27.6728,85.4308,+97716622100,4.6,150,USD,Available,https://www.bhaktapurhimalayancrown.com,100.0,Luxury
Nagarkot Imperial Crown,Nagarkot,Nagarkot Nepal,27.719,85.522,+97716688600,4.9,250,USD,Available,https://www.nagarkotimperialcrown.com,100.0,Luxury
Nagarkot Grand Heritage,Nagarkot,Nagarkot Nepal,27.7182,85.5212,+97716688700,4.8,210,USD,Available,https://www.nagarkotgrandheritage.com,100.0,Luxury
Dhulikhel Imperial Resort,Dhulikhel,Dhulikhel Nepal,27.6255,85.5455,+97711493600,4.9,230,USD,Available,https://www.dhulikhelimperialresort.com,100.0,Luxury
Dhulikhel Himalayan Crown,Dhulikhel,Dhulikhel Nepal,27.625,85.545,+97711493700,4.7,175,USD,Available,https://www.dhulikhelhimalayancrown.com,100.0,Luxury
Panauti Grand Heritage,Panauti,Panauti Nepal,27.586,85.5145,+97711442500,4.7,155,USD,Available,https://www.panautigrandheritage.com,100.0,Luxury
Bandipur Imperial Crown,Bandipur,Bandipur Nepal,27.941,84.41,+97765565400,4.9,240,USD,Available,https://www.bandipurimperialcrown.com,100.0,Luxury
Bandipur Grand Palace,Bandipur,Bandipur Nepal,27.9398,84.4088,+97765565500,4.8,190,USD,Available,https://www.bandipurgrandpalace.com,100.0,Luxury
Gorkha Imperial Summit,Gorkha,Gorkha Nepal,28.004,84.636,+97764433000,4.9,220,USD,Available,https://www.gorkhaimperialsummit.com,100.0,Luxury
Gorkha Himalayan Crown,Gorkha,Gorkha Nepal,28.0032,84.6352,+97764433100,4.7,165,USD,Available,https://www.gorkhahimalayancrown.com,100.0,Luxury
Manaslu Imperial Crown,Gorkha,Manaslu Nepal,28.6535,84.6535,+97764433200,4.9,250,USD,Available,https://www.manasluimperialcrown.com,100.0,Luxury
Lamjung Imperial Summit,Lamjung,Lamjung Nepal,28.238,84.378,+97766531000,4.8,190,USD,Available,https://www.lamjungimperialsummit.com,100.0,Luxury
Besisahar Grand Palace,Lamjung,Besisahar Nepal,28.235,84.375,+97766531100,4.7,160,USD,Available,https://www.besisahargrandpalace.com,100.0,Luxury
Manang Imperial Crown,Manang,Manang Nepal,28.67,84.021,+97766454000,4.9,260,USD,Available,https://www.manangimperialcrown.com,100.0,Luxury
Annapurna Imperial Summit,Manang,Annapurna Region Nepal,28.6725,84.0225,+97766454100,4.8,220,USD,Available,https://www.annapurnaimperialsummit.com,100.0,Luxury
Mustang Grand Palace,Mustang,Jomsom Nepal,28.784,83.734,+97769453000,4.9,250,USD,Available,https://www.mustanggrandpalace.com,100.0,Luxury
Kagbeni Imperial Summit,Mustang,Kagbeni Nepal,28.8385,83.7855,+97769453100,4.8,200,USD,Available,https://www.kagbeniimperialsummit.com,100.0,Luxury
Marpha Imperial Crown,Mustang,Marpha Nepal,28.7535,83.6935,+97769453200,4.7,175,USD,Available,https://www.marphaimperialcrown.com,100.0,Luxury
Everest Royal Palace,Solukhumbu,Namche Nepal,27.8075,86.7125,+97738551000,4.9,270,USD,Available,https://www.everestroyalpalace.com,100.0,Luxury
Khumbu Imperial Summit,Solukhumbu,Khumbu Nepal,27.8085,86.7145,+97738551100,4.8,230,USD,Available,https://www.khumbuimperialsummit.com,100.0,Luxury
Lukla Grand Heritage,Solukhumbu,Lukla Nepal,27.6895,86.7305,+97738551200,4.7,180,USD,Available,https://www.luklagrandheritage.com,100.0,Luxury
Chitwan Royal Palace Resort,Chitwan,Sauraha Nepal,27.584,84.4975,+97756594000,4.9,200,USD,Available,https://www.chitwanroyalpalaceresort.com,100.0,Luxury
Sauraha Imperial Crown,Chitwan,Sauraha Nepal,27.585,84.4985,+97756594100,4.8,170,USD,Available,https://www.saurahaimperialcrown.com,100.0,Luxury
Tharu Grand Heritage,Chitwan,Sauraha Nepal,27.586,84.4995,+97756594200,4.6,140,USD,Available,https://www.tharugrandheritage.com,100.0,Mid Range
Lumbini Royal Imperial,Lumbini,Lumbini Nepal,27.4725,83.2785,+97771594000,4.9,190,USD,Available,https://www.lumbiniroyalimperial.com,100.0,Luxury
Buddha Imperial Crown,Lumbini,Lumbini Nepal,27.4718,83.2778,+97771594100,4.8,160,USD,Available,https://www.buddhaimperialcrown.com,100.0,Luxury
Maya Grand Heritage,Lumbini,Lumbini Nepal,27.4723,83.277,+97771594200,4.6,135,USD,Available,https://www.mayagrandheritage.com,100.0,Mid Range
Bhairahawa Imperial Crown,Bhairahawa,Bhairahawa Nepal,27.509,83.458,+97771538000,4.8,175,USD,Available,https://www.bhairahawaimperialcrown.com,100.0,Luxury
Siddhartha Royal Summit,Bhairahawa,Bhairahawa Nepal,27.508,83.457,+97771538100,4.7,150,USD,Available,https://www.siddhartharoyalsummit.com,100.0,Luxury
Rupandehi Imperial Palace,Bhairahawa,Rupandehi Nepal,27.5125,83.4585,+97771538200,4.5,120,USD,Available,https://www.rupandehiimperialpalace.com,100.0,Mid Range
Dharan Royal Imperial,Dharan,Dharan Nepal,26.813,87.283,+97725531000,4.9,190,USD,Available,https://www.dharanroyalimperial.com,100.0,Luxury
Koshi Imperial Crown,Dharan,Dharan Nepal,26.8145,87.2845,+97725531100,4.8,165,USD,Available,https://www.koshiimperialcrown.com,100.0,Luxury
Dharan Grand Palace,Dharan,Dharan Nepal,26.812,87.282,+97725531200,4.6,135,USD,Available,https://www.dharangrandpalace.com,100.0,Mid Range
Ilam Royal Imperial,Ilam,Ilam Nepal,26.914,87.934,+97727531000,4.9,210,USD,Available,https://www.ilamroyalimperial.com,100.0,Luxury
Kanyam Imperial Crown,Ilam,Kanyam Nepal,26.884,87.924,+97727531100,4.8,180,USD,Available,https://www.kanyamimperialcrown.com,100.0,Luxury
Mai Valley Royal Palace,Ilam,Mai Valley Nepal,26.9185,87.9385,+97727531200,4.7,155,USD,Available,https://www.maivalleyroyalpalace.com,100.0,Luxury
Janakpur Grand Heritage,Janakpur,Janakpur Nepal,26.7315,85.9285,+97741532000,4.8,175,USD,Available,https://www.janakpurgrandheritage.com,100.0,Luxury
Mithila Imperial Crown,Janakpur,Janakpur Nepal,26.7305,85.9275,+97741532100,4.7,150,USD,Available,https://www.mithilaimperialcrown.com,100.0,Luxury
Sita Grand Palace,Janakpur,Janakpur Nepal,26.73,85.927,+97741532200,4.6,130,USD,Available,https://www.sitagrandpalace.com,100.0,Mid Range
Palpa Royal Imperial,Tansen,Palpa Nepal,27.8705,83.5495,+97775532000,4.9,210,USD,Available,https://www.palparoyalimperial.com,100.0,Luxury
Srinagar Imperial Crown,Tansen,Palpa Nepal,27.871,83.55,+97775532100,4.8,185,USD,Available,https://www.srinagarimperialcrown.com,100.0,Luxury
Tansen Grand Palace,Tansen,Palpa Nepal,27.8695,83.5485,+97775532200,4.7,165,USD,Available,https://www.tansengrandpalace.com,100.0,Luxury
Western Imperial Crown,Butwal,Butwal Nepal,27.7025,83.4525,+97771539100,4.7,160,USD,Available,https://www.westernimperialcrown.com,100.0,Luxury
Biratnagar Royal Palace,Biratnagar,Biratnagar Nepal,26.456,87.275,+97721539000,4.9,200,USD,Available,https://www.biratnagarroyalpalace.com,100.0,Luxury
Koshi Imperial Palace,Biratnagar,Biratnagar Nepal,26.455,87.274,+97721539100,4.8,170,USD,Available,https://www.koshiimperialpalace.com,100.0,Luxury
Eastern Grand Crown,Biratnagar,Biratnagar Nepal,26.4555,87.2745,+97721539200,4.6,140,USD,Available,https://www.easterngrandcrown.com,100.0,Mid Range
Pokhara Royal Imperial,Pokhara,Lakeside Pokhara Nepal,28.214,83.961,+97761482000,4.9,250,USD,Available,https://www.pokhararoyalimperial.com,100.0,Luxury
Fewa Grand Summit,Pokhara,Fewa Lake Nepal,28.213,83.96,+97761482100,4.8,220,USD,Available,https://www.fewagrandsummit.com,100.0,Luxury
Annapurna Royal Palace,Pokhara,Pokhara Nepal,28.217,83.958,+97761482200,4.7,185,USD,Available,https://www.annapurnaroyalpalace.com,100.0,Luxury
Mountain Royal Imperial,Pokhara,Pokhara Nepal,28.2175,83.957,+97761482300,4.6,165,USD,Available,https://www.mountainroyalimperial.com,100.0,Luxury
Kathmandu Royal Imperial,Kathmandu,Thamel Nepal,27.7175,85.3145,+97714709900,4.9,260,USD,Available,https://www.kathmanduroyalimperial.com,100.0,Luxury
Thamel Royal Palace,Kathmandu,Thamel Nepal,27.7185,85.3155,+97714710000,4.8,230,USD,Available,https://www.thamelroyalpalace.com,100.0,Luxury
Himalayan Royal Imperial,Kathmandu,Lazimpat Nepal,27.7215,85.3195,+97714420000,4.9,270,USD,Available,https://www.himalayanroyalimperial.com,100.0,Luxury
Kathmandu Grand Imperial,Kathmandu,Kathmandu Nepal,27.716,85.318,+97714710100,4.7,200,USD,Available,https://www.kathmandugrandimperial.com,100.0,Luxury
Patan Royal Imperial,Lalitpur,Patan Nepal,27.6755,85.3285,+97715544400,4.9,240,USD,Available,https://www.patanroyalimperial.com,100.0,Luxury
Newa Royal Summit,Lalitpur,Patan Nepal,27.6748,85.3278,+97715544500,4.8,200,USD,Available,https://www.newaroyalsummit.com,100.0,Luxury
Lalitpur Grand Palace,Lalitpur,Patan Nepal,27.676,85.3288,+97715544600,4.7,175,USD,Available,https://www.lalitpurgrandpalace.com,100.0,Luxury
Bhaktapur Royal Imperial,Bhaktapur,Bhaktapur Nepal,27.675,85.433,+97716622200,4.9,230,USD,Available,https://www.bhaktapurroyalimperial.com,100.0,Luxury
Durbar Imperial Crown,Bhaktapur,Bhaktapur Nepal,27.674,85.432,+97716622300,4.8,190,USD,Available,https://www.durbarimperialcrown.com,100.0,Luxury
Nagarkot Royal Imperial,Nagarkot,Nagarkot Nepal,27.7195,85.5225,+97716688800,4.9,280,USD,Available,https://www.nagarkotroyalimperial.com,100.0,Luxury
Nagarkot Imperial Palace,Nagarkot,Nagarkot Nepal,27.7187,85.5217,+97716688900,4.8,230,USD,Available,https://www.nagarkotimperialpalace.com,100.0,Luxury
Dhulikhel Royal Imperial,Dhulikhel,Dhulikhel Nepal,27.626,85.546,+97711493800,4.9,250,USD,Available,https://www.dhulikhelroyalimperial.com,100.0,Luxury
Dhulikhel Grand Palace,Dhulikhel,Dhulikhel Nepal,27.6255,85.5455,+97711493900,4.8,210,USD,Available,https://www.dhulikhelgrandpalace.com,100.0,Luxury
Panauti Royal Summit,Panauti,Panauti Nepal,27.5865,85.515,+97711442600,4.7,170,USD,Available,https://www.panautiroyalsummit.com,100.0,Luxury
Bandipur Royal Palace,Bandipur,Bandipur Nepal,27.9415,84.4105,+97765565600,4.9,270,USD,Available,https://www.bandipurroyalpalace.com,100.0,Luxury
Bandipur Imperial Heritage,Bandipur,Bandipur Nepal,27.9405,84.4095,+97765565700,4.8,220,USD,Available,https://www.bandipurimperialheritage.com,100.0,Luxury
Gorkha Royal Imperial,Gorkha,Gorkha Nepal,28.0045,84.6365,+97764434000,4.9,240,USD,Available,https://www.gorkharoyalimperial.com,100.0,Luxury
Gorkha Grand Summit,Gorkha,Gorkha Nepal,28.0038,84.6358,+97764434100,4.8,190,USD,Available,https://www.gorkhagrandsummit.com,100.0,Luxury
Manaslu Royal Palace,Gorkha,Manaslu Nepal,28.654,84.654,+97764434200,4.9,280,USD,Available,https://www.manasluroyalpalace.com,100.0,Luxury
Lamjung Royal Imperial,Lamjung,Lamjung Nepal,28.2385,84.3785,+97766532000,4.8,200,USD,Available,https://www.lamjungroyalimperial.com,100.0,Luxury
Besisahar Royal Summit,Lamjung,Besisahar Nepal,28.2355,84.3755,+97766532100,4.7,170,USD,Available,https://www.besisaharroyalsummit.com,100.0,Luxury
Manang Royal Imperial,Manang,Manang Nepal,28.6705,84.0215,+97766455000,4.9,290,USD,Available,https://www.manangroyalimperial.com,100.0,Luxury
Annapurna Royal Palace,Manang,Annapurna Region Nepal,28.673,84.023,+97766455100,4.8,240,USD,Available,https://www.annapurnaroyalpalace.com,100.0,Luxury
Mustang Royal Imperial,Mustang,Jomsom Nepal,28.7845,83.7345,+97769454000,4.9,280,USD,Available,https://www.mustangroyalimperial.com,100.0,Luxury
Kagbeni Royal Palace,Mustang,Kagbeni Nepal,28.839,83.786,+97769454100,4.8,220,USD,Available,https://www.kagbeniroyalpalace.com,100.0,Luxury
Marpha Grand Summit,Mustang,Marpha Nepal,28.754,83.694,+97769454200,4.7,190,USD,Available,https://www.marphagrandsummit.com,100.0,Luxury
Everest Royal Imperial,Solukhumbu,Namche Nepal,27.808,86.713,+97738552000,4.9,300,USD,Available,https://www.everestroyalimperial.com,100.0,Luxury
Khumbu Royal Palace,Solukhumbu,Khumbu Nepal,27.809,86.715,+97738552100,4.8,250,USD,Available,https://www.khumburoyalpalace.com,100.0,Luxury
Lukla Grand Imperial,Solukhumbu,Lukla Nepal,27.69,86.731,+97738552200,4.7,200,USD,Available,https://www.luklagrandimperial.com,100.0,Luxury
Chitwan Royal Imperial Resort,Chitwan,Sauraha Nepal,27.5845,84.498,+97756595000,4.9,220,USD,Available,https://www.chitwanroyalimperialresort.com,100.0,Luxury
Sauraha Royal Palace,Chitwan,Sauraha Nepal,27.5855,84.499,+97756595100,4.8,180,USD,Available,https://www.sauraharoyalpalace.com,100.0,Luxury
Tharu Imperial Heritage,Chitwan,Sauraha Nepal,27.5865,84.5,+97756595200,4.7,150,USD,Available,https://www.tharuimperialheritage.com,100.0,Luxury
Lumbini Royal Palace,Lumbini,Lumbini Nepal,27.473,83.279,+97771595000,4.9,210,USD,Available,https://www.lumbiniroyalpalace.com,100.0,Luxury
Buddha Royal Imperial,Lumbini,Lumbini Nepal,27.4723,83.2783,+97771595100,4.8,175,USD,Available,https://www.buddharoyalimperial.com,100.0,Luxury
Maya Royal Heritage,Lumbini,Lumbini Nepal,27.4728,83.2775,+97771595200,4.6,145,USD,Available,https://www.mayaroyalheritage.com,100.0,Mid Range
Bhairahawa Royal Palace,Bhairahawa,Bhairahawa Nepal,27.5095,83.4585,+97771540000,4.8,190,USD,Available,https://www.bhairahawaroyalpalace.com,100.0,Luxury
Siddhartha Royal Imperial,Bhairahawa,Bhairahawa Nepal,27.5085,83.4575,+97771540100,4.7,165,USD,Available,https://www.siddhartharoyalimperial.com,100.0,Luxury
Rupandehi Royal Summit,Bhairahawa,Rupandehi Nepal,27.513,83.459,+97771540200,4.6,135,USD,Available,https://www.rupandehiroyalsummit.com,100.0,Mid Range
Koshi Royal Imperial,Dharan,Dharan Nepal,26.815,87.285,+97725532100,4.8,180,USD,Available,https://www.koshiroyalimperial.com,100.0,Luxury
Dharan Grand Heritage,Dharan,Dharan Nepal,26.8125,87.2825,+97725532200,4.6,145,USD,Available,https://www.dharangrandheritage.com,100.0,Mid Range
Ilam Royal Palace,Ilam,Ilam Nepal,26.9145,87.9345,+97727532000,4.9,220,USD,Available,https://www.ilamroyalpalace.com,100.0,Luxury
Kanyam Royal Imperial,Ilam,Kanyam Nepal,26.8845,87.9245,+97727532100,4.8,190,USD,Available,https://www.kanyamroyalimperial.com,100.0,Luxury
Mai Valley Royal Crown,Ilam,Mai Valley Nepal,26.919,87.939,+97727532200,4.7,160,USD,Available,https://www.maivalleyroyalcrown.com,100.0,Luxury
Janakpur Royal Imperial Palace,Janakpur,Janakpur Nepal,26.732,85.929,+97741533000,4.9,190,USD,Available,https://www.janakpurroyalimperialpalace.com,100.0,Luxury
Mithila Royal Palace,Janakpur,Janakpur Nepal,26.731,85.928,+97741533100,4.8,165,USD,Available,https://www.mithilaroyalpalace.com,100.0,Luxury
Sita Royal Crown,Janakpur,Janakpur Nepal,26.7305,85.9275,+97741533200,4.6,140,USD,Available,https://www.sitaroyalcrown.com,100.0,Mid Range
Palpa Royal Palace,Tansen,Palpa Nepal,27.871,83.55,+97775533000,4.9,230,USD,Available,https://www.palparoyalpalace.com,100.0,Luxury
Srinagar Royal Resort,Tansen,Palpa Nepal,27.8715,83.5505,+97775533100,4.8,195,USD,Available,https://www.srinagarroyalresort.com,100.0,Luxury
Tansen Royal Crown,Tansen,Palpa Nepal,27.87,83.549,+97775533200,4.7,175,USD,Available,https://www.tansenroyalcrown.com,100.0,Luxury
Butwal Royal Palace,Butwal,Butwal Nepal,27.704,83.454,+97771541000,4.9,220,USD,Available,https://www.butwalroyalpalace.com,100.0,Luxury
Western Royal Imperial,Butwal,Butwal Nepal,27.703,83.453,+97771541100,4.8,180,USD,Available,https://www.westernroyalimperial.com,100.0,Luxury
Biratnagar Royal Summit,Biratnagar,Biratnagar Nepal,26.4565,87.2755,+97721541000,4.9,210,USD,Available,https://www.biratnagarrollsummit.com,100.0,Luxury
Koshi Royal Crown,Biratnagar,Biratnagar Nepal,26.4555,87.2745,+97721541100,4.8,175,USD,Available,https://www.koshiroyalcrown.com,100.0,Luxury
Eastern Royal Palace,Biratnagar,Biratnagar Nepal,26.456,87.275,+97721541200,4.6,145,USD,Available,https://www.easternroyalpalace.com,100.0,Mid Range
Pokhara Royal Palace,Pokhara,Lakeside Pokhara Nepal,28.2145,83.9615,+97761483000,4.9,270,USD,Available,https://www.pokhararoyalpalace.com,100.0,Luxury
Fewa Royal Imperial,Pokhara,Fewa Lake Nepal,28.2135,83.9605,+97761483100,4.8,230,USD,Available,https://www.fewaroyalimperial.com,100.0,Luxury
Annapurna Royal Crown,Pokhara,Pokhara Nepal,28.2175,83.9585,+97761483200,4.7,190,USD,Available,https://www.annapurnaroyalcrown.com,100.0,Luxury
Mountain Royal Palace,Pokhara,Pokhara Nepal,28.218,83.9575,+97761483300,4.6,170,USD,Available,https://www.mountainroyalpalace.com,100.0,Luxury
Kathmandu Royal Palace,Kathmandu,Thamel Nepal,27.718,85.315,+97714710200,4.9,300,USD,Available,https://www.kathmanduroyalpalace.com,100.0,Luxury
Thamel Royal Crown,Kathmandu,Thamel Nepal,27.719,85.316,+97714710300,4.8,240,USD,Available,https://www.thamelroyalcrown.com,100.0,Luxury
Himalayan Royal Palace,Kathmandu,Lazimpat Nepal,27.722,85.32,+97714420100,4.9,320,USD,Available,https://www.himalayanroyalpalace.com,100.0,Luxury
Kathmandu Royal Summit,Kathmandu,Kathmandu Nepal,27.7165,85.3185,+97714710400,4.8,220,USD,Available,https://www.kathmanduroyalsummit.com,100.0,Luxury
Rara Lake Village Lodge,Mugu,Rara Lake Mugu Nepal,29.5275,82.0835,+97787450100,4.6,90,USD,Available,https://www.raralakevillagelodge.com,100.0,Mid Range
Mugu Mountain Homestay,Mugu,Mugu Nepal,29.55,82.1,+97787450200,4.4,65,USD,Available,https://www.mugumountainhomestay.com,100.0,Budget
Rara Himalayan Retreat,Mugu,Rara National Park Nepal,29.5255,82.082,+97787450300,4.7,120,USD,Available,https://www.rarahimalayanretreat.com,100.0,Mid Range
Dolpo Hidden Valley Lodge,Dolpa,Phoksundo Dolpa Nepal,29.173,82.946,+97787460100,4.8,110,USD,Available,https://www.dolpohiddenvalleylodge.com,100.0,Mid Range
Phoksundo Lake Guest House,Dolpa,Phoksundo Nepal,29.175,82.9475,+97787460200,4.7,95,USD,Available,https://www.phoksundolakeguesthouse.com,100.0,Mid Range
Upper Dolpo Mountain Inn,Dolpa,Upper Dolpo Nepal,29.2,83.0,+97787460300,4.5,80,USD,Available,https://www.upperdolpomountaininn.com,100.0,Mid Range
Humla Himalayan Lodge,Humla,Simkot Humla Nepal,29.967,81.818,+97787470100,4.6,85,USD,Available,https://www.humlahimalayanlodge.com,100.0,Mid Range
Simkot Village Retreat,Humla,Simkot Nepal,29.968,81.819,+97787470200,4.5,70,USD,Available,https://www.simkotvillageretreat.com,100.0,Budget
Limi Valley Homestay,Humla,Limi Valley Nepal,30.05,81.65,+97787470300,4.8,75,USD,Available,https://www.limivalleyhomestay.com,100.0,Budget
Karnali Riverside Lodge,Karnali,Karnali Nepal,29.3,81.9,+97783480100,4.4,60,USD,Available,https://www.karnaliriversidelodge.com,100.0,Budget
Bajura Mountain View Lodge,Bajura,Bajura Nepal,29.45,81.35,+97797480200,4.5,65,USD,Available,https://www.bajuramountainview.com,100.0,Budget
Bajhang Rural Heritage Inn,Bajhang,Bajhang Nepal,29.54,81.2,+97793480300,4.4,55,USD,Available,https://www.bajhangheritageinn.com,100.0,Budget
Darchula Himalayan Stay,Darchula,Darchula Nepal,29.85,80.55,+97793490100,4.6,70,USD,Available,https://www.darchulahimalayanstay.com,100.0,Budget
Api Base Camp Lodge,Darchula,Api Himal Nepal,30.0,80.95,+97793490200,4.7,100,USD,Available,https://www.apibasecamplodge.com,100.0,Mid Range
Kanchanpur Village Resort,Kanchanpur,Kanchanpur Nepal,28.85,80.3,+97799490300,4.3,75,USD,Available,https://www.kanchanpurvillageresort.com,100.0,Budget
Dadeldhura Hill Lodge,Dadeldhura,Dadeldhura Nepal,29.3,80.58,+97796500100,4.6,85,USD,Available,https://www.dadeldhurahilllodge.com,100.0,Mid Range
Baitadi Mountain Homestay,Baitadi,Baitadi Nepal,29.52,80.43,+97795500200,4.5,60,USD,Available,https://www.baitadimountainhomestay.com,100.0,Budget
Achham Rural Retreat,Achham,Achham Nepal,29.05,81.25,+97797500300,4.4,55,USD,Available,https://www.achhamruralretreat.com,100.0,Budget
Kalikot Village Lodge,Kalikot,Kalikot Nepal,29.15,81.6,+97787510100,4.5,65,USD,Available,https://www.kalikotvillagelodge.com,100.0,Budget
Jumla Mountain Heritage,Jumla,Jumla Nepal,29.28,82.18,+97787510200,4.7,90,USD,Available,https://www.jumlamountainheritage.com,100.0,Mid Range
Taplejung Mountain Lodge,Taplejung,Taplejung Nepal,27.35,87.67,+97724520100,4.7,95,USD,Available,https://www.taplejungmountainlodge.com,100.0,Mid Range
Panchthar Village Resort,Panchthar,Panchthar Nepal,27.15,87.82,+97724520300,4.5,70,USD,Available,https://www.panchtharvillageresort.com,100.0,Budget
Terhathum Hill Homestay,Terhathum,Terhathum Nepal,27.12,87.55,+97726530100,4.6,65,USD,Available,https://www.terhathumhillhomestay.com,100.0,Budget
Sankhuwasabha Mountain Inn,Sankhuwasabha,Sankhuwasabha Nepal,27.37,87.2,+97729530200,4.7,85,USD,Available,https://www.sankhuwasabhamountaininn.com,100.0,Mid Range
Makalu Base Camp Lodge,Sankhuwasabha,Makalu Region Nepal,27.79,87.13,+97729530300,4.8,110,USD,Available,https://www.makalubasecamplodge.com,100.0,Mid Range
Solukhumbu Village Lodge,Solukhumbu,Pangboche Nepal,27.85,86.78,+97738540100,4.7,100,USD,Available,https://www.solukhumbuvillagelodge.com,100.0,Mid Range
Pangboche Mountain Retreat,Solukhumbu,Pangboche Nepal,27.8505,86.781,+97738540200,4.8,125,USD,Available,https://www.pangbochemountainretreat.com,100.0,Mid Range
Thame Valley Homestay,Solukhumbu,Thame Nepal,27.82,86.73,+97738540300,4.6,80,USD,Available,https://www.thamevalleyhomestay.com,100.0,Mid Range
Rasuwa Himalayan Lodge,Rasuwa,Langtang Nepal,28.21,85.56,+97710550100,4.8,110,USD,Available,https://www.rasuwahimalayanlodge.com,100.0,Mid Range
Langtang Valley Guest House,Rasuwa,Langtang Nepal,28.22,85.57,+97710550200,4.7,90,USD,Available,https://www.langtangvalleyguesthouse.com,100.0,Mid Range
Gosaikunda Mountain Inn,Rasuwa,Gosaikunda Nepal,28.083,85.41,+97710550300,4.6,95,USD,Available,https://www.gosaikundamountaininn.com,100.0,Mid Range
Dolakha Mountain Lodge,Dolakha,Dolakha Nepal,27.78,86.07,+97749560100,4.5,75,USD,Available,https://www.dolakhamountainlodge.com,100.0,Budget
Rolwaling Valley Retreat,Dolakha,Rolwaling Nepal,27.85,86.5,+97749560200,4.8,115,USD,Available,https://www.rolwalingvalleyretreat.com,100.0,Mid Range
Jiri Village Lodge,Dolakha,Jiri Nepal,27.63,86.23,+97749560300,4.6,70,USD,Available,https://www.jirivillagelodge.com,100.0,Budget
Kavre Rural Heritage,Kavrepalanchok,Kavre Nepal,27.6,85.65,+97711570100,4.4,65,USD,Available,https://www.kavreruralheritage.com,100.0,Budget
Sindhupalchok Mountain Stay,Sindhupalchok,Sindhupalchok Nepal,27.95,85.7,+97711570200,4.5,75,USD,Available,https://www.sindhupalchokmountainstay.com,100.0,Budget
Helambu Village Lodge,Sindhupalchok,Helambu Nepal,28.0,85.6,+97711570300,4.7,100,USD,Available,https://www.helambuvillagelodge.com,100.0,Mid Range
Nuwakot Heritage Homestay,Nuwakot,Nuwakot Nepal,27.92,85.17,+97710580100,4.5,60,USD,Available,https://www.nuwakotheritagehomestay.com,100.0,Budget
Dhading Rural Resort,Dhading,Dhading Nepal,27.87,84.92,+97710580200,4.4,65,USD,Available,https://www.dhadingruralresort.com,100.0,Budget
Gatlang Tamang Homestay,Rasuwa,Gatlang Nepal,28.165,85.42,+97710590100,4.8,75,USD,Available,https://www.gatlangtamanghomestay.com,100.0,Budget
Parpati Kunda Homestay,Rasuwa,Gatlang Nepal,28.1655,85.4205,+97710590200,4.7,70,USD,Available,https://www.parpatikundahomestay.com,100.0,Budget
Paldor Peak Guest House,Rasuwa,Gatlang Nepal,28.166,85.421,+97710590300,4.8,90,USD,Available,https://www.paldorpeakguesthouse.com,100.0,Mid Range
Gre Village Community Homestay,Rasuwa,Gre Village Nepal,28.18,85.5,+97710591100,4.7,65,USD,Available,https://www.grehomestay.com,100.0,Budget
Langtang Mountain Lodge,Rasuwa,Langtang Village Nepal,28.22,85.57,+97710591200,4.6,85,USD,Available,https://www.langtangmountainlodge.com,100.0,Mid Range
Kyanjin Gompa Guest House,Rasuwa,Kyanjin Gompa Nepal,28.213,85.563,+97710591300,4.8,100,USD,Available,https://www.kyanjinguesthouse.com,100.0,Mid Range
Sailung Ridge Homestay,Dolakha,Sailung Nepal,27.7,86.25,+97749600100,4.7,80,USD,Available,https://www.sailunghomestay.com,100.0,Mid Range
Rolwaling Valley Lodge,Dolakha,Na Village Nepal,27.85,86.45,+97749600200,4.8,105,USD,Available,https://www.rolwalingvalleylodge.com,100.0,Mid Range
Tsho Rolpa Mountain Inn,Dolakha,Tsho Rolpa Nepal,27.86,86.47,+97749600300,4.7,95,USD,Available,https://www.tshorolpamountaininn.com,100.0,Mid Range
Jiri Rural Homestay,Dolakha,Jiri Nepal,27.6305,86.2305,+97749601100,4.5,60,USD,Available,https://www.jiriruralhomestay.com,100.0,Budget
Chautara Community Lodge,Sindhupalchok,Chautara Nepal,27.778,85.71,+97711602100,4.6,70,USD,Available,https://www.chautaracommunitylodge.com,100.0,Budget
Helambu Village Retreat,Sindhupalchok,Helambu Nepal,28.01,85.62,+97711602200,4.7,85,USD,Available,https://www.helambuvillageretreat.com,100.0,Mid Range
Jugal Himalayan Lodge,Sindhupalchok,Jugal Himal Nepal,27.95,85.85,+97711602300,4.6,90,USD,Available,https://www.jugalhimalayanlodge.com,100.0,Mid Range
Manaslu Village Lodge,Gorkha,Sama Gaun Nepal,28.64,84.65,+97764610100,4.9,120,USD,Available,https://www.manasluvillage lodge.com,100.0,Mid Range
Sama Gaun Mountain Inn,Gorkha,Sama Gaun Nepal,28.641,84.651,+97764610200,4.8,110,USD,Available,https://www.samagaunmountaininn.com,100.0,Mid Range
Lho Village Lodge,Gorkha,Lho Nepal,28.62,84.63,+97764610300,4.7,95,USD,Available,https://www.lhovillagelodge.com,100.0,Mid Range
Ghandruk Community Lodge,Kaski,Ghandruk Nepal,28.37,84.0,+97761620100,4.8,90,USD,Available,https://www.ghandrukcommunitylodge.com,100.0,Mid Range
Landruk Mountain Homestay,Kaski,Landruk Nepal,28.33,83.95,+97761620200,4.6,70,USD,Available,https://www.landrukmountainhomestay.com,100.0,Budget
Sikles Village Resort,Kaski,Sikles Nepal,28.4,84.13,+97761620300,4.7,85,USD,Available,https://www.siklesvillageresort.com,100.0,Mid Range
Lwang Rural Homestay,Kaski,Lwang Nepal,28.39,83.9,+97761621100,4.5,65,USD,Available,https://www.lwangruralhomestay.com,100.0,Budget
Tilicho Village Lodge,Manang,Tilicho Nepal,28.65,84.03,+97766620100,4.8,110,USD,Available,https://www.tilichovillagelodge.com,100.0,Mid Range
Khangsar Mountain Guest House,Manang,Khangsar Nepal,28.62,84.05,+97766620200,4.7,85,USD,Available,https://www.khangsarguesthouse.com,100.0,Mid Range
Ngawal Himalayan Lodge,Manang,Ngawal Nepal,28.65,84.02,+97766620300,4.8,100,USD,Available,https://www.ngawalhimalayanlodge.com,100.0,Mid Range
Pisand Village Homestay,Manang,Pisand Nepal,28.6,84.15,+97766621100,4.6,75,USD,Available,https://www.pisandhomestay.com,100.0,Budget
Braga Monastery Lodge,Manang,Braga Nepal,28.66,84.02,+97766621200,4.7,90,USD,Available,https://www.bragalodge.com,100.0,Mid Range
Muktinath Village Retreat,Mustang,Muktinath Nepal,28.82,83.87,+97769630100,4.8,120,USD,Available,https://www.muktinathvillageretreat.com,100.0,Mid Range
Kagbeni Village Homestay,Mustang,Kagbeni Nepal,28.84,83.78,+97769630200,4.7,80,USD,Available,https://www.kagbenivillagehomestay.com,100.0,Mid Range
Tukuche Mountain Lodge,Mustang,Tukuche Nepal,28.74,83.62,+97769630300,4.6,85,USD,Available,https://www.tukuchamountainlodge.com,100.0,Mid Range
Lomanthang Heritage Inn,Mustang,Lomanthang Nepal,29.18,83.97,+97769631100,4.9,130,USD,Available,https://www.lomanthangheritageinn.com,100.0,Mid Range
Tsarang Village Lodge,Mustang,Tsarang Nepal,29.1,83.95,+97769631200,4.7,100,USD,Available,https://www.tsarangvillagelodge.com,100.0,Mid Range
Yara Valley Guest House,Mustang,Yara Nepal,29.08,83.92,+97769631300,4.6,90,USD,Available,https://www.yaravalleyguesthouse.com,100.0,Mid Range
Namdo Rural Lodge,Dolpa,Namdo Nepal,29.2,82.9,+97787640100,4.5,70,USD,Available,https://www.namdorurallodge.com,100.0,Budget
Dunai Village Inn,Dolpa,Dunai Nepal,29.05,82.82,+97787640200,4.6,75,USD,Available,https://www.dunaivillageinn.com,100.0,Budget
Tripurakot Heritage Lodge,Dolpa,Tripurakot Nepal,29.0,82.8,+97787640300,4.4,60,USD,Available,https://www.tripurakotheritagelodge.com,100.0,Budget
Makalu Village Lodge,Sankhuwasabha,Num Nepal,27.68,87.18,+97729650100,4.7,90,USD,Available,https://www.makaluvillagelodge.com,100.0,Mid Range
Num Mountain Homestay,Sankhuwasabha,Num Nepal,27.6805,87.1805,+97729650200,4.6,70,USD,Available,https://www.nummountainhomestay.com,100.0,Budget
Seduwa Community Lodge,Sankhuwasabha,Seduwa Nepal,27.65,87.12,+97729650300,4.8,95,USD,Available,https://www.seduwacommunitylodge.com,100.0,Mid Range
Olangchung Gola Lodge,Taplejung,Olangchung Gola Nepal,27.6,87.9,+97724660100,4.9,115,USD,Available,https://www.olangchunggola.com,100.0,Mid Range
Ghunsa Mountain Lodge,Taplejung,Ghunsa Nepal,27.7,87.95,+97724660200,4.8,105,USD,Available,https://www.ghunsamountainlodge.com,100.0,Mid Range
Lelep Village Guest House,Taplejung,Lelep Nepal,27.6,87.75,+97724660300,4.6,75,USD,Available,https://www.lelepguesthouse.com,100.0,Budget
Ghunsa Himalayan Retreat,Taplejung,Ghunsa Nepal,27.705,87.955,+97724661100,4.8,120,USD,Available,https://www.ghunsahimalayanretreat.com,100.0,Mid Range
Khebang Village Lodge,Taplejung,Khebang Nepal,27.45,87.65,+97724661200,4.5,65,USD,Available,https://www.khebangvillagelodge.com,100.0,Budget
Yamphudin Mountain Homestay,Taplejung,Yamphudin Nepal,27.42,87.82,+97724661300,4.7,85,USD,Available,https://www.yamphudinhomestay.com,100.0,Mid Range
Kanchenjunga Village Retreat,Taplejung,Kanchenjunga Region Nepal,27.7,88.0,+97724662100,4.9,130,USD,Available,https://www.kanchenjungavillageretreat.com,100.0,Mid Range
Panchase Rural Lodge,Kaski,Panchase Nepal,28.25,83.85,+97761670100,4.6,75,USD,Available,https://www.panchaserurallodge.com,100.0,Budget
Astam Village Homestay,Kaski,Astam Nepal,28.32,83.88,+97761670200,4.7,80,USD,Available,https://www.astamvillagehomestay.com,100.0,Mid Range
Dhampus Mountain Lodge,Kaski,Dhampus Nepal,28.27,83.81,+97761670300,4.8,95,USD,Available,https://www.dhampusmountainlodge.com,100.0,Mid Range
Australian Camp Guest House,Kaski,Austrian Camp Nepal,28.3,83.82,+97761671100,4.7,90,USD,Available,https://www.austriancampguesthouse.com,100.0,Mid Range
Khopra Ridge Lodge,Myagdi,Khopra Nepal,28.48,83.65,+97769680100,4.9,120,USD,Available,https://www.khopraridgelodge.com,100.0,Mid Range
Tatopani Village Resort,Myagdi,Tatopani Nepal,28.5,83.62,+97769680200,4.6,85,USD,Available,https://www.tatopanivillageresort.com,100.0,Mid Range
Ghorepani Mountain Lodge,Myagdi,Ghorepani Nepal,28.4,83.69,+97769680300,4.8,100,USD,Available,https://www.ghorepanimountainlodge.com,100.0,Mid Range
Poon Hill View Lodge,Myagdi,Poon Hill Nepal,28.4,83.69,+97769681100,4.9,115,USD,Available,https://www.poonhillviewlodge.com,100.0,Mid Range
Beni Riverside Lodge,Myagdi,Beni Nepal,28.34,83.56,+97769681200,4.5,70,USD,Available,https://www.beniriversidelodge.com,100.0,Budget
Dhorpatan Village Inn,Baglung,Dhorpatan Nepal,28.42,83.0,+97768690100,4.7,90,USD,Available,https://www.dhorpatanvillageinn.com,100.0,Mid Range
Baglung Hill Homestay,Baglung,Baglung Nepal,28.27,83.59,+97768690200,4.5,65,USD,Available,https://www.baglunghillhomestay.com,100.0,Budget
Tamang Heritage Lodge,Rasuwa,Tamang Heritage Trail Nepal,28.18,85.42,+97710700100,4.8,100,USD,Available,https://www.tamangheritagelodge.com,100.0,Mid Range
Thuman Village Homestay,Rasuwa,Thuman Nepal,28.2,85.35,+97710700200,4.7,75,USD,Available,https://www.thumanhomestay.com,100.0,Budget
Briddim Community Lodge,Rasuwa,Briddim Nepal,28.19,85.38,+97710700300,4.8,85,USD,Available,https://www.briddimcommunitylodge.com,100.0,Mid Range
Nagthali Mountain Lodge,Rasuwa,Nagthali Nepal,28.22,85.38,+97710701100,4.9,110,USD,Available,https://www.nagthalimountainlodge.com,100.0,Mid Range
Kyanjin Village Retreat,Rasuwa,Kyanjin Nepal,28.214,85.565,+97710701200,4.8,120,USD,Available,https://www.kyanjinvillageretreat.com,100.0,Mid Range
Lete Mountain Lodge,Mustang,Lete Nepal,28.65,83.6,+97769710100,4.7,85,USD,Available,https://www.letemountainlodge.com,100.0,Mid Range
See You Lodge,Mustang,Lete Thasang Nepal,28.64,83.59,+9779847616800,4.8,95,USD,Available,https://seeyoulodge.nicnepal.org,100.0,Mid Range
Marpha Village Homestay,Mustang,Marpha Nepal,28.75,83.69,+97769710200,4.7,80,USD,Available,https://www.marphavillagehomestay.com,100.0,Mid Range
Tukuche Heritage Lodge,Mustang,Tukuche Nepal,28.74,83.62,+97769710300,4.6,90,USD,Available,https://www.tukucheheritagelodge.com,100.0,Mid Range
Lo Manthang Village Guest House,Mustang,Lo Manthang Nepal,29.18,83.97,+97769711100,4.8,100,USD,Available,https://www.lomanthangguesthouse.com,100.0,Mid Range
Mustang Mystique Guest House,Mustang,Lo Manthang Nepal,29.1805,83.9705,+9779847616866,4.7,85,USD,Available,https://www.mustangmystiqueguesthouse.com,100.0,Mid Range
Muktinath Village Lodge,Mustang,Ranipauwa Muktinath Nepal,28.82,83.87,+97769711200,4.8,120,USD,Available,https://www.muktinathvillagelodge.com,100.0,Mid Range
Chharka Village Inn,Dolpa,Chharka Nepal,29.1,83.3,+97787720100,4.5,75,USD,Available,https://www.chharkavillageinn.com,100.0,Budget
Saldang Mountain Lodge,Dolpa,Saldang Nepal,29.25,82.95,+97787720200,4.8,100,USD,Available,https://www.saldangmountainlodge.com,100.0,Mid Range
Shey Phoksundo Retreat,Dolpa,Shey Phoksundo Nepal,29.2,82.95,+97787720300,4.9,130,USD,Available,https://www.sheyphoksundoretreat.com,100.0,Mid Range
Juphal Village Lodge,Dolpa,Juphal Nepal,29.27,82.19,+97787721100,4.5,65,USD,Available,https://www.juphalvillagelodge.com,100.0,Budget
Rara Lake View Lodge,Mugu,Rara Nepal,29.53,82.09,+97787730100,4.8,110,USD,Available,https://www.raralakeviewlodge.com,100.0,Mid Range
Talcha Airport Guest House,Mugu,Talcha Nepal,29.5305,82.1,+97787730200,4.6,75,USD,Available,https://www.talchaguesthouse.com,100.0,Budget
Khatyad Rural Homestay,Mugu,Khatyad Nepal,29.65,82.25,+97787730300,4.4,55,USD,Available,https://www.khatyadhomestay.com,100.0,Budget
Simikot Mountain Lodge,Humla,Simikot Nepal,29.97,81.82,+97787740100,4.6,85,USD,Available,https://www.simikotmountainlodge.com,100.0,Mid Range
Yari Village Homestay,Humla,Yari Nepal,30.0,81.5,+97787740200,4.7,70,USD,Available,https://www.yarivillagehomestay.com,100.0,Budget
Hilsa Border Lodge,Humla,Hilsa Nepal,30.12,81.25,+97787740300,4.5,80,USD,Available,https://www.hilsaborderlodge.com,100.0,Mid Range
Manaslu Samdo Lodge,Gorkha,Samdo Nepal,28.65,84.68,+97764750100,4.8,105,USD,Available,https://www.manaslusamdolodge.com,100.0,Mid Range
Tsum Valley Homestay,Gorkha,Tsum Valley Nepal,28.55,85.0,+97764750200,4.7,90,USD,Available,https://www.tsumvalleyhomestay.com,100.0,Mid Range
Samdo Himalayan Lodge,Gorkha,Samdo Manaslu Nepal,28.6505,84.6805,+97764760100,4.8,110,USD,Available,https://www.samdo-himalayanlodge.com,100.0,Mid Range
Deng Village Guest House,Gorkha,Deng Nepal,28.6,84.77,+97764760200,4.6,80,USD,Available,https://www.dengvillageguesthouse.com,100.0,Mid Range
Namrung Mountain Lodge,Gorkha,Namrung Nepal,28.63,84.65,+97764760300,4.7,95,USD,Available,https://www.namrungmountainlodge.com,100.0,Mid Range
Tsum Valley Village Homestay,Gorkha,Tsum Valley Nepal,28.55,85.05,+97764761100,4.8,90,USD,Available,https://www.tsumvalleyvillagehomestay.com,100.0,Mid Range
Mu Gompa Guest House,Gorkha,Mu Gompa Nepal,28.7,85.13,+97764761200,4.9,120,USD,Available,https://www.mugompaguesthouse.com,100.0,Mid Range
Chhule Nile Lodge,Gorkha,Chhule Nile Nepal,28.65,85.1,+97764761300,4.7,85,USD,Available,https://www.chhulelodge.com,100.0,Mid Range
Nar Phu Valley Lodge,Manang,Nar Phu Nepal,28.8,84.05,+97766770100,4.9,130,USD,Available,https://www.narphuvalleylodge.com,100.0,Mid Range
Phu Village Homestay,Manang,Phu Nepal,28.82,84.15,+97766770200,4.8,100,USD,Available,https://www.phuvillagehomestay.com,100.0,Mid Range
Naar Mountain Guest House,Manang,Naar Nepal,28.78,84.12,+97766770300,4.7,95,USD,Available,https://www.naarmountainguesthouse.com,100.0,Mid Range
Koto Rural Lodge,Manang,Koto Nepal,28.65,84.12,+97766771100,4.6,80,USD,Available,https://www.kotorurallodge.com,100.0,Mid Range
Humde Village Lodge,Manang,Humde Nepal,28.7,84.03,+97766771200,4.5,75,USD,Available,https://www.humdevillagelodge.com,100.0,Budget
Chame Mountain Inn,Manang,Chame Nepal,28.55,84.24,+97766771300,4.7,90,USD,Available,https://www.chamemountaininn.com,100.0,Mid Range
Bimthang Valley Lodge,Lamjung,Bimthang Nepal,28.7,84.35,+97766780100,4.8,105,USD,Available,https://www.bimthangvalleylodge.com,100.0,Mid Range
Dharapani Village Lodge,Manang,Dharapani Nepal,28.53,84.36,+97766780200,4.7,85,USD,Available,https://www.dharapani-lodge.com,100.0,Mid Range
Tal Village Riverside Inn,Manang,Tal Nepal,28.48,84.38,+97766780300,4.6,75,USD,Available,https://www.talriversideinn.com,100.0,Budget
Ghalegaun Community Homestay,Lamjung,Ghalegaun Nepal,28.25,84.4,+97766790100,4.9,90,USD,Available,https://www.ghalegaunhomestay.com,100.0,Mid Range
Bhujung Village Resort,Lamjung,Bhujung Nepal,28.3,84.42,+97766790200,4.7,80,USD,Available,https://www.bhujungvillageresort.com,100.0,Mid Range
Pasgaun Rural Lodge,Lamjung,Pasgaun Nepal,28.35,84.45,+97766790300,4.8,85,USD,Available,https://www.pasgaunrurallodge.com,100.0,Mid Range
Tansen Rural Heritage Inn,Palpa,Tansen Rural Nepal,27.86,83.54,+97775800100,4.6,70,USD,Available,https://www.tansenruralheritage.com,100.0,Budget
Ranimahal Riverside Lodge,Palpa,Ranimahal Nepal,27.83,83.55,+97775800200,4.7,85,USD,Available,https://www.ranimahalriversidelodge.com,100.0,Mid Range
Sikles Community Homestay,Kaski,Sikles Village Nepal,28.41,84.12,+97761810100,4.8,85,USD,Available,https://www.siklescommunityhomestay.com,100.0,Mid Range
Kapuche Lake Lodge,Kaski,Kapuche Nepal,28.4,84.13,+97761810200,4.7,95,USD,Available,https://www.kapuchelakelodge.com,100.0,Mid Range
Sirubari Village Homestay,Syangja,Sirubari Nepal,28.05,83.78,+97763810300,4.8,80,USD,Available,https://www.sirubarihomestay.com,100.0,Mid Range
Panchase Eco Lodge,Kaski,Panchase Nepal,28.25,83.85,+97761811100,4.7,90,USD,Available,https://www.panchaseecolodge.com,100.0,Mid Range
Ghandruk Gurung Lodge,Kaski,Ghandruk Nepal,28.37,84.0,+97761811200,4.9,100,USD,Available,https://www.ghandrukgurunglodge.com,100.0,Mid Range
Chhomrong Mountain Lodge,Kaski,Chhomrong Nepal,28.53,83.82,+97761811300,4.8,110,USD,Available,https://www.chhomrongmountainlodge.com,100.0,Mid Range
Jhinu Danda Hot Spring Lodge,Kaski,Jhinu Danda Nepal,28.48,83.81,+97761812100,4.7,85,USD,Available,https://www.jhinudandalodge.com,100.0,Mid Range
Tadapani Village Lodge,Kaski,Tadapani Nepal,28.41,83.75,+97761812200,4.8,95,USD,Available,https://www.tadapanivillagelodge.com,100.0,Mid Range
Chitlang Organic Homestay,Makwanpur,Chitlang Nepal,27.6,85.2,+97757820100,4.7,70,USD,Available,https://www.chitlangorganichomestay.com,100.0,Budget
Kulekhani Lake Resort,Makwanpur,Kulekhani Nepal,27.59,85.15,+97757820200,4.6,90,USD,Available,https://www.kulekhaniresort.com,100.0,Mid Range
Daman Mountain Lodge,Makwanpur,Daman Nepal,27.6,85.1,+97757820300,4.8,105,USD,Available,https://www.damanmountainlodge.com,100.0,Mid Range
Palung Village Homestay,Makwanpur,Palung Nepal,27.62,85.12,+97757821100,4.5,65,USD,Available,https://www.palunghomestay.com,100.0,Budget
Ilam Tea Garden Lodge,Ilam,Ilam Nepal,26.92,87.93,+97727830100,4.8,95,USD,Available,https://www.ilamteagardenlodge.com,100.0,Mid Range
Kanyam Tea Homestay,Ilam,Kanyam Nepal,26.88,87.92,+97727830200,4.9,100,USD,Available,https://www.kanyamteahomestay.com,100.0,Mid Range
Antu Danda View Lodge,Ilam,Antu Danda Nepal,26.88,87.94,+97727830300,4.7,85,USD,Available,https://www.antudandaviewlodge.com,100.0,Mid Range
Mai Pokhari Eco Lodge,Ilam,Mai Pokhari Nepal,26.93,87.93,+97727831100,4.6,75,USD,Available,https://www.maipokhariecolodge.com,100.0,Budget
Dhankuta Community Homestay,Dhankuta,Dhankuta Nepal,26.98,87.35,+97726840100,4.8,70,USD,Available,https://www.dhankutahomestay.com,100.0,Budget
Kachide Community Homestay,Dhankuta,Kachide Nepal,26.98,87.35,+97726840200,4.7,75,USD,Available,https://www.kachidehomestay.com,100.0,Budget
Bhedetar Hill Resort,Dhankuta,Bhedetar Nepal,26.81,87.28,+97726840300,4.6,90,USD,Available,https://www.bhedetarhillresort.com,100.0,Mid Range
Barpak Village Lodge,Gorkha,Barpak Nepal,28.21,84.75,+97764850100,4.9,100,USD,Available,https://www.barpakvillagelodge.com,100.0,Mid Range
Barpak Mountain View Lodge,Gorkha,Barpak Nepal,28.2105,84.7505,+97764850200,4.8,110,USD,Available,https://www.barpakmountainviewlodge.com,100.0,Mid Range
Laprak Village Homestay,Gorkha,Laprak Nepal,28.23,84.72,+97764850300,4.7,85,USD,Available,https://www.laprakhomestay.com,100.0,Mid Range
Kashigaun Rural Lodge,Gorkha,Kashigaun Nepal,28.18,84.7,+97764851100,4.6,75,USD,Available,https://www.kashigaunrurallodge.com,100.0,Budget
Kerauja Mountain Lodge,Gorkha,Kerauja Nepal,28.22,84.65,+97764851200,4.7,90,USD,Available,https://www.keraujamountainlodge.com,100.0,Mid Range
Siru Bari Community Stay,Syangja,Sirubari Nepal,28.0505,83.7805,+97763860100,4.9,80,USD,Available,https://www.sirubaricommunitystay.com,100.0,Mid Range
Nuwakot Village Heritage,Nuwakot,Nuwakot Nepal,27.9205,85.1705,+97710860200,4.6,70,USD,Available,https://www.nuwakotheritagevillage.com,100.0,Budget
Kakani Mountain Lodge,Nuwakot,Kakani Nepal,27.8,85.26,+97710860300,4.7,95,USD,Available,https://www.kakanimountainlodge.com,100.0,Mid Range
Chisapani Village Retreat,Sindhupalchok,Chisapani Nepal,28.02,85.45,+97711870100,4.8,90,USD,Available,https://www.chisapanivillageretreat.com,100.0,Mid Range
Nagarkot Rural Community Stay,Bhaktapur,Nagarkot Nepal,27.72,85.52,+9771870200,4.7,100,USD,Available,https://www.nagarkotruralstay.com,100.0,Mid Range
Panauti Village Homestay,Kavrepalanchok,Panauti Nepal,27.585,85.515,+97711870300,4.8,85,USD,Available,https://www.panautivillagehomestay.com,100.0,Mid Range
Dhulikhel Rural Retreat,Kavrepalanchok,Dhulikhel Nepal,27.625,85.545,+97711871100,4.7,95,USD,Available,https://www.dhulikhelruralretreat.com,100.0,Mid Range
Namobuddha Eco Lodge,Kavrepalanchok,Namobuddha Nepal,27.57,85.6,+97711871200,4.9,120,USD,Available,https://www.namobuddhaecolodge.com,100.0,Mid Range
Balthali Village Resort,Kavrepalanchok,Balthali Nepal,27.55,85.62,+97711871300,4.8,110,USD,Available,https://www.balthalivillageresort.com,100.0,Mid Range
Kushma Riverside Lodge,Parbat,Kushma Nepal,28.22,83.69,+97767880100,4.6,80,USD,Available,https://www.kushmariversidelodge.com,100.0,Mid Range
Dharapani Rural Homestay,Parbat,Dharapani Nepal,28.25,83.65,+97767880200,4.5,65,USD,Available,https://www.dharaparniruralhomestay.com,100.0,Budget
Salyan Hill Lodge,Salyan,Salyan Nepal,28.38,82.17,+97788880300,4.5,60,USD,Available,https://www.salyanhilllodge.com,100.0,Budget
Rukum Mountain Homestay,Rukum,Rukum Nepal,28.62,82.62,+97788881100,4.6,70,USD,Available,https://www.rukummountainhomestay.com,100.0,Budget
Rolpa Village Lodge,Rolpa,Rolpa Nepal,28.3,82.64,+97786881200,4.5,60,USD,Available,https://www.rolpavillagelodge.com,100.0,Budget
Pyuthan Rural Resort,Pyuthan,Pyuthan Nepal,28.09,82.87,+97786881300,4.6,75,USD,Available,https://www.pyuthanruralresort.com,100.0,Budget
Arghakhanchi Hill Homestay,Arghakhanchi,Arghakhanchi Nepal,27.95,83.12,+97777882100,4.5,65,USD,Available,https://www.arghakhanchihomestay.com,100.0,Budget
Aath Pahariya Community Homestay,Dhankuta,Khambela Nepal,26.95,87.35,+97726890100,4.8,75,USD,Available,https://www.aathpahariyahomestay.com,100.0,Budget
Khambela Village Lodge,Dhankuta,Khambela Nepal,26.9505,87.3505,+97726890200,4.7,70,USD,Available,https://www.khambelavillagelodge.com,100.0,Budget
Sipting Rural Homestay,Dhankuta,Sipting Nepal,26.92,87.4,+97726890300,4.6,65,USD,Available,https://www.siptinghomestay.com,100.0,Budget
Bhojpur Mountain Lodge,Bhojpur,Bhojpur Nepal,27.18,87.05,+97729900100,4.7,80,USD,Available,https://www.bhojpurmountainlodge.com,100.0,Mid Range
Dingla Village Homestay,Bhojpur,Dingla Nepal,27.22,87.1,+97729900200,4.6,65,USD,Available,https://www.dinglavillagehomestay.com,100.0,Budget
Hatuwa Rural Retreat,Bhojpur,Hatuwa Nepal,27.1,87.0,+97729900300,4.5,60,USD,Available,https://www.hatuwaruralretreat.com,100.0,Budget
Khotang Hill Lodge,Khotang,Khotang Nepal,27.2,86.8,+97736910100,4.6,70,USD,Available,https://www.khotanghilllodge.com,100.0,Budget
Halesi Village Guest House,Khotang,Halesi Nepal,27.05,86.75,+97736910200,4.7,85,USD,Available,https://www.halesivillageguesthouse.com,100.0,Mid Range
Okhaldhunga Mountain Stay,Okhaldhunga,Okhaldhunga Nepal,27.32,86.5,+97737910300,4.5,65,USD,Available,https://www.okhaldhungamountainstay.com,100.0,Budget
Solukhumbu Rural Lodge,Solukhumbu,Junbesi Nepal,27.63,86.58,+97738920100,4.8,95,USD,Available,https://www.junbesirurallodge.com,100.0,Mid Range
Junbesi Village Homestay,Solukhumbu,Junbesi Nepal,27.6305,86.5805,+97738920200,4.9,90,USD,Available,https://www.junbesihomestay.com,100.0,Mid Range
Phaplu Mountain Lodge,Solukhumbu,Phaplu Nepal,27.52,86.59,+97738920300,4.7,85,USD,Available,https://www.phaplumountainlodge.com,100.0,Mid Range
Bung Village Homestay,Sankhuwasabha,Bung Nepal,27.75,87.3,+97729930100,4.8,75,USD,Available,https://www.bunghomestay.com,100.0,Budget
Num Community Lodge,Sankhuwasabha,Num Nepal,27.6805,87.1805,+97729930200,4.7,80,USD,Available,https://www.numcommunitylodge.com,100.0,Mid Range
Hatiya Rural Lodge,Sankhuwasabha,Hatiya Nepal,27.85,87.25,+97729930300,4.6,70,USD,Available,https://www.hatiyarurallodge.com,100.0,Budget
Ilam Village Tea Retreat,Ilam,Barbote Nepal,26.92,87.93,+97727940100,4.9,100,USD,Available,https://www.ilamtearetreat.com,100.0,Mid Range
Barbote Village Homestay,Ilam,Barbote Nepal,26.9205,87.9305,+97727940200,4.8,85,USD,Available,https://www.barbotehomestay.com,100.0,Mid Range
Fikkal Tea Garden Lodge,Ilam,Fikkal Nepal,26.89,87.93,+97727940300,4.7,90,USD,Available,https://www.fikkalteagardenlodge.com,100.0,Mid Range
Mai Valley Farm Stay,Ilam,Mai Valley Nepal,26.915,87.94,+97727941100,4.6,75,USD,Available,https://www.maivalleyfarmstay.com,100.0,Budget
Antu Village Homestay,Ilam,Antu Nepal,26.8805,87.9405,+97727941200,4.8,95,USD,Available,https://www.antuvillagehomestay.com,100.0,Mid Range
Sakhejung Village Homestay,Ilam,Sakhejung Nepal,26.92,87.85,+97727950100,4.7,75,USD,Available,https://www.sakhejunghomestay.com,100.0,Budget
Kolbung Tea Garden Lodge,Ilam,Kolbung Nepal,26.85,87.9,+97727950200,4.6,70,USD,Available,https://www.kolbungtealodge.com,100.0,Budget
Sandakpur Mountain Lodge,Ilam,Sandakpur Nepal,26.95,87.9,+97727950300,4.9,120,USD,Available,https://www.sandakpurmountainlodge.com,100.0,Mid Range
Maipokhari Village Retreat,Ilam,Maipokhari Nepal,26.9305,87.9305,+97727951100,4.8,90,USD,Available,https://www.maipokharivillageretreat.com,100.0,Mid Range
Phidim Hill Homestay,Panchthar,Phidim Nepal,27.145,87.76,+97724960100,4.6,65,USD,Available,https://www.phidimhillhomestay.com,100.0,Budget
Yangnam Village Lodge,Panchthar,Yangnam Nepal,27.1,87.75,+97724960200,4.7,70,USD,Available,https://www.yangnamvillagelodge.com,100.0,Budget
Tumbewa Rural Stay,Panchthar,Tumbewa Nepal,27.05,87.65,+97724960300,4.5,60,USD,Available,https://www.tumbewaruralstay.com,100.0,Budget
Tehrathum Rhododendron Lodge,Terhathum,Basantapur Nepal,27.12,87.55,+97726970100,4.8,95,USD,Available,https://www.terhathumrhododendronlodge.com,100.0,Mid Range
Menchhayayem Homestay,Terhathum,Menchhayayem Nepal,27.1,87.45,+97726970200,4.6,70,USD,Available,https://www.menchhayayemhomestay.com,100.0,Budget
Sankhuwasabha Arun Valley Lodge,Sankhuwasabha,Arun Valley Nepal,27.4,87.25,+97729970300,4.7,85,USD,Available,https://www.arunvalleylodge.com,100.0,Mid Range
Makalu Rural Community Stay,Sankhuwasabha,Num Nepal,27.68,87.18,+97729971100,4.8,100,USD,Available,https://www.makalururalstay.com,100.0,Mid Range
Barun Valley Lodge,Sankhuwasabha,Barun Valley Nepal,27.75,87.05,+97729971200,4.9,130,USD,Available,https://www.barunvalleylodge.com,100.0,Mid Range
Salpa Village Homestay,Bhojpur,Salpa Nepal,27.3,86.95,+97729980100,4.7,75,USD,Available,https://www.salpahomestay.com,100.0,Budget
Bhojpur Kirat Lodge,Bhojpur,Bhojpur Nepal,27.17,87.05,+97729980200,4.6,70,USD,Available,https://www.bhojpurkiratlodge.com,100.0,Budget
Shadananda Rural Inn,Bhojpur,Shadananda Nepal,27.25,87.1,+97729980300,4.5,60,USD,Available,https://www.shadanandaruralinn.com,100.0,Budget
Halesi Rural Retreat,Khotang,Halesi Nepal,27.05,86.75,+97736990100,4.8,90,USD,Available,https://www.halesiruralretreat.com,100.0,Mid Range
Diktel Mountain Lodge,Khotang,Diktel Nepal,27.21,86.79,+97736990200,4.7,80,USD,Available,https://www.diktelmountainlodge.com,100.0,Mid Range
Aiselukharka Village Stay,Khotang,Aiselukharka Nepal,27.4,86.8,+97736990300,4.5,65,USD,Available,https://www.aiselukharkastay.com,100.0,Budget
Okhaldhunga Community Lodge,Okhaldhunga,Okhaldhunga Nepal,27.32,86.5,+97737991100,4.6,70,USD,Available,https://www.okhaldhungacommunitylodge.com,100.0,Budget
Khijidemba Mountain Homestay,Okhaldhunga,Khijidemba Nepal,27.25,86.4,+97737991200,4.7,85,USD,Available,https://www.khijidembahomestay.com,100.0,Mid Range
Junbesi Heritage Lodge,Solukhumbu,Junbesi Nepal,27.63,86.58,+97738000100,4.8,100,USD,Available,https://www.junbesiheritagelodge.com,100.0,Mid Range
Taksindu Village Lodge,Solukhumbu,Taksindu Nepal,27.58,86.57,+97738000200,4.7,85,USD,Available,https://www.taksinduvillagelodge.com,100.0,Mid Range
Ringmo Mountain Homestay,Solukhumbu,Ringmo Nepal,27.62,86.62,+97738000300,4.6,75,USD,Available,https://www.ringmomountainhomestay.com,100.0,Budget
Nunthala Rural Lodge,Solukhumbu,Nunthala Nepal,27.6,86.6,+97738001100,4.5,70,USD,Available,https://www.nunthalarurallodge.com,100.0,Budget
Chheskam Village Stay,Solukhumbu,Chheskam Nepal,27.52,86.9,+97738001200,4.7,80,USD,Available,https://www.chheskamstay.com,100.0,Mid Range
Mahalangur Mountain Lodge,Solukhumbu,Makalu Region Nepal,27.75,87.0,+97738001300,4.8,120,USD,Available,https://www.mahalangurmountainlodge.com,100.0,Mid Range
Taplejung Village Retreat,Taplejung,Taplejung Nepal,27.35,87.67,+97724010100,4.7,85,USD,Available,https://www.taplejungvillageretreat.com,100.0,Mid Range
Sekathum Riverside Lodge,Taplejung,Sekathum Nepal,27.62,87.85,+97724010200,4.8,100,USD,Available,https://www.sekathumriversidelodge.com,100.0,Mid Range
Amjilosa Mountain Stay,Taplejung,Amjilosa Nepal,27.65,87.9,+97724010300,4.7,90,USD,Available,https://www.amjilosamountainstay.com,100.0,Mid Range
Olangchung Village Homestay,Taplejung,Olangchung Gola Nepal,27.6,87.9,+97724011200,4.8,110,USD,Available,https://www.olangchunghomestay.com,100.0,Mid Range
Phaktanglung Rural Inn,Taplejung,Phaktanglung Nepal,27.65,87.85,+97724011300,4.6,75,USD,Available,https://www.phaktanglungruralinn.com,100.0,Budget
Manang Village Heritage,Manang,Manang Village Nepal,28.66,84.02,+97766020100,4.8,100,USD,Available,https://www.manangvillageheritage.com,100.0,Mid Range
Yak Kharka Lodge,Manang,Yak Kharka Nepal,28.65,84.3,+97766020200,4.7,95,USD,Available,https://www.yakkharkalodge.com,100.0,Mid Range
Thorong Phedi Guest House,Manang,Thorong Phedi Nepal,28.79,84.39,+97766020300,4.8,120,USD,Available,https://www.thorongphediguesthouse.com,100.0,Mid Range
High Camp Mountain Lodge,Manang,Thorong La Nepal,28.79,84.4,+97766021100,4.7,130,USD,Available,https://www.highcampmountainlodge.com,100.0,Mid Range
Koto Village Homestay,Manang,Koto Nepal,28.65,84.12,+97766021200,4.6,80,USD,Available,https://www.kotovillagehomestay.com,100.0,Mid Range
Dharapani Heritage Inn,Manang,Dharapani Nepal,28.53,84.36,+97766021300,4.7,85,USD,Available,https://www.dharapaniheritageinn.com,100.0,Mid Range
Bhilang Village Lodge,Gorkha,Bhilang Nepal,28.25,84.78,+97764030100,4.6,75,USD,Available,https://www.bhilangvillagelodge.com,100.0,Budget
Prok Village Homestay,Gorkha,Prok Nepal,28.65,84.6,+97764030200,4.7,90,USD,Available,https://www.prokvillagehomestay.com,100.0,Mid Range
Larkya Mountain Lodge,Gorkha,Larkya Nepal,28.72,84.6,+97764030300,4.8,120,USD,Available,https://www.larkyamountainlodge.com,100.0,Mid Range
Bihi Phedi Guest House,Gorkha,Bihi Nepal,28.68,84.63,+97764031100,4.6,85,USD,Available,https://www.bihiphediguesthouse.com,100.0,Mid Range
Namrung Village Retreat,Gorkha,Namrung Nepal,28.63,84.65,+97764031200,4.7,100,USD,Available,https://www.namrungvillageretreat.com,100.0,Mid Range
Lho Himalayan Lodge,Gorkha,Lho Nepal,28.62,84.63,+97764031300,4.8,110,USD,Available,https://www.lhohimalayanlodge.com,100.0,Mid Range
Sama Gaun Heritage Stay,Gorkha,Sama Gaun Nepal,28.64,84.65,+97764032100,4.9,130,USD,Available,https://www.samagaunheritagestay.com,100.0,Mid Range
Birendra Lake Lodge,Gorkha,Birendra Lake Nepal,28.65,84.7,+97764032200,4.7,105,USD,Available,https://www.birendralakelodge.com,100.0,Mid Range
Chhokangparo Homestay,Gorkha,Tsum Valley Nepal,28.58,85.05,+97764032300,4.8,95,USD,Available,https://www.chhokangparohomestay.com,100.0,Mid Range
Rachen Gompa Lodge,Gorkha,Tsum Valley Nepal,28.6,85.1,+97764033100,4.9,125,USD,Available,https://www.rachengompalodge.com,100.0,Mid Range
Mu Gompa Mountain Stay,Gorkha,Mu Gompa Nepal,28.7,85.13,+97764033200,4.8,115,USD,Available,https://www.mugompamountainstay.com,100.0,Mid Range
Chekampar Village Inn,Gorkha,Chekampar Nepal,28.58,85.12,+97764033300,4.6,80,USD,Available,https://www.chekamparinn.com,100.0,Mid Range
Jagat Riverside Lodge,Gorkha,Jagat Nepal,28.52,84.82,+97764034100,4.7,85,USD,Available,https://www.jagatriversidelodge.com,100.0,Mid Range
Machha Khola Guest House,Gorkha,Machha Khola Nepal,28.5,84.75,+97764034200,4.6,75,USD,Available,https://www.machhakholaguesthouse.com,100.0,Budget
Khorlabesi Village Lodge,Gorkha,Khorlabesi Nepal,28.52,84.73,+97764034300,4.7,80,USD,Available,https://www.khorlabesivillagelodge.com,100.0,Mid Range
Tsum Valley Eco Lodge,Gorkha,Tsum Valley Nepal,28.56,85.08,+97764035100,4.8,100,USD,Available,https://www.tsumvalleyecolodge.com,100.0,Mid Range
Boudha Rural Retreat,Gorkha,Rural Gorkha Nepal,28.4,84.8,+97764035200,4.5,65,USD,Available,https://www.boudharuralretreat.com,100.0,Budget
Chepe River Lodge,Gorkha,Chepe River Nepal,28.3,84.9,+97764035300,4.5,60,USD,Available,https://www.cheperiverlodge.com,100.0,Budget
Madi Valley Homestay,Tanahun,Madi Valley Nepal,28.05,84.1,+97765036100,4.7,75,USD,Available,https://www.madivalleyhomestay.com,100.0,Budget
Bandipur Village Lodge,Tanahun,Bandipur Nepal,27.94,84.41,+97765036200,4.9,110,USD,Available,https://www.bandipurvillagelodge.com,100.0,Mid Range
Dumre Village Lodge,Tanahun,Dumre Nepal,27.95,84.3,+97765040100,4.6,70,USD,Available,https://www.dumrevillagelodge.com,100.0,Budget
Sundari Danda Homestay,Tanahun,Sundari Danda Nepal,27.93,84.35,+97765040200,4.7,75,USD,Available,https://www.sundaridandahomestay.com,100.0,Budget
Rising Village Retreat,Tanahun,Rising Nepal,27.98,84.25,+97765040300,4.5,65,USD,Available,https://www.risingvillageretreat.com,100.0,Budget
Nawalpur Tharu Homestay,Nawalpur,Nawalpur Nepal,27.7,84.1,+97778050100,4.7,70,USD,Available,https://www.nawalpurtharuhomestay.com,100.0,Budget
Amaltari Community Lodge,Nawalpur,Amaltari Nepal,27.62,84.17,+97778050200,4.8,95,USD,Available,https://www.amaltaricommunitylodge.com,100.0,Mid Range
Kawasoti Rural Resort,Nawalpur,Kawasoti Nepal,27.65,84.13,+97778050300,4.5,65,USD,Available,https://www.kawasotiruralresort.com,100.0,Budget
Bardiya Tharu Village Stay,Bardiya,Bardiya Nepal,28.35,81.35,+97784060100,4.8,80,USD,Available,https://www.bardiyatharustay.com,100.0,Mid Range
Bardiya Jungle Homestay,Bardiya,Thakurdwara Nepal,28.4,81.28,+97784060200,4.9,100,USD,Available,https://www.bardiyajunglehomestay.com,100.0,Mid Range
Thakurdwara Community Lodge,Bardiya,Thakurdwara Nepal,28.4,81.28,+97784060300,4.7,85,USD,Available,https://www.thakurdwaralodge.com,100.0,Mid Range
Banke Rural Eco Lodge,Banke,Banke Nepal,28.1,81.65,+97781070100,4.5,60,USD,Available,https://www.bankeruralecolodge.com,100.0,Budget
Gavar Valley Homestay,Banke,Kohalpur Nepal,28.15,81.65,+97781070200,4.7,75,USD,Available,https://www.gavarvalleyhomestay.com,100.0,Budget
Narainapur Village Stay,Banke,Narainapur Nepal,27.9,81.65,+97781070300,4.6,65,USD,Available,https://www.narainapurvillage.com,100.0,Budget
Jaljala Mountain Lodge,Rolpa,Jaljala Nepal,28.5,82.6,+97786080100,4.8,90,USD,Available,https://www.jaljalamountainlodge.com,100.0,Mid Range
Rolpa Community Homestay,Rolpa,Rolpa Nepal,28.3,82.64,+97786080200,4.6,65,USD,Available,https://www.rolpacommunityhomestay.com,100.0,Budget
Sisne Himal Lodge,Rukum,Sisne Nepal,28.6,82.65,+97788080300,4.7,85,USD,Available,https://www.sisnehimallodge.com,100.0,Mid Range
Dhorpatan Village Resort,Baglung,Dhorpatan Nepal,28.42,83.0,+97768090100,4.8,100,USD,Available,https://www.dhorpatanvillageresort.com,100.0,Mid Range
Myagdi Rural Heritage Lodge,Myagdi,Myagdi Nepal,28.5,83.6,+97769090200,4.6,75,USD,Available,https://www.myagditheritagelodge.com,100.0,Budget
Kushma Hill Homestay,Parbat,Kushma Nepal,28.22,83.69,+97767090300,4.7,80,USD,Available,https://www.kushmahillhomestay.com,100.0,Mid Range
Baglung Community Lodge,Baglung,Baglung Nepal,28.27,83.59,+97768091100,4.5,65,USD,Available,https://www.baglungcommunitylodge.com,100.0,Budget
Galkot Village Stay,Baglung,Galkot Nepal,28.23,83.42,+97768091200,4.7,75,USD,Available,https://www.galkotvillagestay.com,100.0,Budget
Ghandruk Community Heritage Lodge,Kaski,Ghandruk Nepal,28.37,84.0,+97761100100,4.9,105,USD,Available,https://www.ghandrukcommunityheritage.com,100.0,Mid Range
Landruk Village Retreat,Kaski,Landruk Nepal,28.33,83.95,+97761100200,4.7,85,USD,Available,https://www.landrukvillageretreat.com,100.0,Mid Range
Tolka Mountain Homestay,Kaski,Tolka Nepal,28.35,83.9,+97761100300,4.6,75,USD,Available,https://www.tolkamountainhomestay.com,100.0,Budget
Majgaon Gurung Lodge,Kaski,Majgaon Nepal,28.38,83.98,+97761101100,4.8,95,USD,Available,https://www.majgaongurunglodge.com,100.0,Mid Range
Lwang Village Eco Lodge,Kaski,Lwang Nepal,28.39,83.9,+97761101200,4.7,80,USD,Available,https://www.lwangecolodge.com,100.0,Mid Range
Khumai Danda Lodge,Kaski,Khumai Danda Nepal,28.5,84.05,+97761101300,4.8,110,USD,Available,https://www.khumaidandalodge.com,100.0,Mid Range
Mardi Village Homestay,Kaski,Mardi Nepal,28.47,83.93,+97761102100,4.7,90,USD,Available,https://www.mardivillagehomestay.com,100.0,Mid Range
Korchon Mountain Lodge,Kaski,Korchon Nepal,28.42,83.85,+97761102200,4.6,85,USD,Available,https://www.korchonmountainlodge.com,100.0,Mid Range
Poonmagri Village Stay,Myagdi,Poonmagri Nepal,28.42,83.7,+97769102300,4.7,80,USD,Available,https://www.poonmagrivillagestay.com,100.0,Mid Range
Nangi Community Lodge,Myagdi,Nangi Nepal,28.45,83.55,+97769103100,4.8,95,USD,Available,https://www.nangicommunitylodge.com,100.0,Mid Range
Mohare Danda Eco Lodge,Myagdi,Mohare Danda Nepal,28.43,83.58,+97769103200,4.9,120,USD,Available,https://www.moharedandaecolodge.com,100.0,Mid Range
Rakh Baglung Village Inn,Baglung,Rakh Nepal,28.25,83.3,+97768103300,4.5,65,USD,Available,https://www.rakhvillageinn.com,100.0,Budget
Galkot Community Homestay,Baglung,Galkot Nepal,28.23,83.42,+97768104100,4.7,75,USD,Available,https://www.galkotcommunityhomestay.com,100.0,Budget
Dhorpatan Eco Retreat,Baglung,Dhorpatan Nepal,28.42,83.0,+97768104200,4.8,105,USD,Available,https://www.dhorpatanecoretreat.com,100.0,Mid Range
Tamankhola Rural Lodge,Baglung,Tamankhola Nepal,28.35,83.0,+97768104300,4.6,70,USD,Available,https://www.tamankholalodge.com,100.0,Budget
Rukum East Mountain Stay,Rukum East,Rukum Nepal,28.65,82.75,+97788105100,4.6,75,USD,Available,https://www.rukumeastmountainstay.com,100.0,Budget
Sisne Village Homestay,Rukum East,Sisne Nepal,28.6,82.65,+97788105200,4.7,80,USD,Available,https://www.sisnevillagehomestay.com,100.0,Mid Range
Kamal Daha Rural Lodge,Rukum East,Kamal Daha Nepal,28.62,82.7,+97788105300,4.5,65,USD,Available,https://www.kamaldaharurallodge.com,100.0,Budget
Jaljala Community Stay,Rolpa,Jaljala Nepal,28.5,82.6,+97786106100,4.8,90,USD,Available,https://www.jaljalacommunitystay.com,100.0,Mid Range
Thabang Village Lodge,Rolpa,Thabang Nepal,28.5,82.7,+97786106200,4.7,75,USD,Available,https://www.thabangvillagelodge.com,100.0,Budget
Bhada Village Homestay,Kailali,Bhada Nepal,28.65,80.9,+97791110100,4.8,75,USD,Available,https://www.bhadavillagehomestay.com,100.0,Budget
Tharu Community Lodge,Kailali,Kailali Nepal,28.7,80.95,+97791110200,4.7,80,USD,Available,https://www.tharucommunitylodge.com,100.0,Mid Range
Ghodaghodi Lake Retreat,Kailali,Ghodaghodi Nepal,28.7,80.95,+97791110300,4.6,90,USD,Available,https://www.ghodaghodilakeretreat.com,100.0,Mid Range
Tikapur Riverside Lodge,Kailali,Tikapur Nepal,28.53,81.13,+97791111100,4.5,65,USD,Available,https://www.tikapurriversidelodge.com,100.0,Budget
Dadeldhura Hill Retreat,Dadeldhura,Dadeldhura Nepal,29.3,80.58,+97796120100,4.7,85,USD,Available,https://www.dadeldhurahillretreat.com,100.0,Mid Range
Amargadhi Village Lodge,Dadeldhura,Amargadhi Nepal,29.31,80.58,+97796120200,4.6,70,USD,Available,https://www.amargadhivillagelodge.com,100.0,Budget
Ajaymeru Rural Stay,Dadeldhura,Ajaymeru Nepal,29.25,80.5,+97796120300,4.5,60,USD,Available,https://www.ajaymerururalstay.com,100.0,Budget
Baitadi Hill Homestay,Baitadi,Baitadi Nepal,29.52,80.43,+97795130100,4.7,70,USD,Available,https://www.baitadihillhomestay.com,100.0,Budget
Patan Village Lodge,Baitadi,Patan Nepal,29.45,80.58,+97795130200,4.6,65,USD,Available,https://www.patanvillagelodge.com,100.0,Budget
Shivnath Rural Retreat,Baitadi,Shivnath Nepal,29.4,80.45,+97795130300,4.5,55,USD,Available,https://www.shivnathretreat.com,100.0,Budget
Darchula Api Base Lodge,Darchula,Api Region Nepal,29.85,80.55,+97793140100,4.8,100,USD,Available,https://www.apibaselodge.com,100.0,Mid Range
Malikarjun Village Stay,Darchula,Malikarjun Nepal,29.7,80.55,+97793140200,4.6,70,USD,Available,https://www.malikarjunstay.com,100.0,Budget
Khalanga Mountain Inn,Darchula,Khalanga Nepal,29.85,80.55,+97793140300,4.7,80,USD,Available,https://www.khalangamountaininn.com,100.0,Mid Range
Bajura Himalayan Homestay,Bajura,Bajura Nepal,29.45,81.35,+97797150100,4.6,65,USD,Available,https://www.bajurahimalayanhomestay.com,100.0,Budget
Budhinanda Village Lodge,Bajura,Budhinanda Nepal,29.55,81.3,+97797150200,4.7,75,USD,Available,https://www.budhinandavillagelodge.com,100.0,Budget
Bajhang Rural Heritage,Bajhang,Bajhang Nepal,29.54,81.2,+97793150300,4.5,60,USD,Available,https://www.bajhangheritage.com,100.0,Budget
Kalikot Karnali Lodge,Kalikot,Kalikot Nepal,29.15,81.6,+97787160100,4.6,70,USD,Available,https://www.kalikotkarnalilodge.com,100.0,Budget
Pili Village Homestay,Kalikot,Pili Nepal,29.2,81.7,+97787160200,4.7,65,USD,Available,https://www.pilihomestay.com,100.0,Budget
Raskot Rural Lodge,Kalikot,Raskot Nepal,29.3,81.65,+97787160300,4.5,55,USD,Available,https://www.raskotrurallodge.com,100.0,Budget
Jumla Sinja Valley Stay,Jumla,Sinja Nepal,29.35,82.25,+97787170100,4.8,85,USD,Available,https://www.sinjavalleystay.com,100.0,Mid Range
Sinja Valley Heritage Lodge,Jumla,Sinja Nepal,29.35,82.25,+97787170200,4.7,90,USD,Available,https://www.sinjavallyheritagelodge.com,100.0,Mid Range
Patmara Village Homestay,Jumla,Patmara Nepal,29.28,82.18,+97787170300,4.6,70,USD,Available,https://www.patmarahomestay.com,100.0,Budget
Chandannath Rural Lodge,Jumla,Jumla Nepal,29.28,82.18,+97787171100,4.5,65,USD,Available,https://www.chandannathlodge.com,100.0,Budget
Rara Karnali Eco Stay,Mugu,Rara Region Nepal,29.53,82.08,+97787180100,4.8,110,USD,Available,https://www.rarakarnaliecostay.com,100.0,Mid Range
Mugu Village Heritage,Mugu,Mugu Nepal,29.55,82.1,+97787180200,4.6,70,USD,Available,https://www.muguheritage.com,100.0,Budget
Gamgadhi Mountain Inn,Mugu,Gamgadhi Nepal,29.52,82.09,+97787180300,4.5,65,USD,Available,https://www.gamgadhimountaininn.com,100.0,Budget
Yari Himalayan Lodge,Humla,Yari Nepal,30.0,81.5,+97787190100,4.7,80,USD,Available,https://www.yarihimalayanlodge.com,100.0,Mid Range
Muchu Village Stay,Humla,Muchu Nepal,30.0,81.6,+97787190200,4.6,70,USD,Available,https://www.muchuvillagestay.com,100.0,Budget
Limi Valley Heritage Lodge,Humla,Limi Valley Nepal,30.05,81.65,+97787190300,4.9,120,USD,Available,https://www.limivalleyheritagelodge.com,100.0,Mid Range
Kermi Rural Homestay,Humla,Kermi Nepal,29.95,81.75,+97787191100,4.7,75,USD,Available,https://www.kermihomestay.com,100.0,Budget
Darma Rural Lodge,Humla,Darma Nepal,29.85,81.7,+97787191300,4.5,60,USD,Available,https://www.darmarurallodge.com,100.0,Budget
Api Himal Homestay,Darchula,Api Himal Nepal,30.0,80.95,+97793200100,4.8,100,USD,Available,https://www.apihimalhomestay.com,100.0,Mid Range
Byas Village Lodge,Darchula,Byas Nepal,30.0,80.3,+97793200200,4.7,85,USD,Available,https://www.byasvillagelodge.com,100.0,Mid Range
Khalanga Community Stay,Darchula,Khalanga Nepal,29.85,80.55,+97793200300,4.6,70,USD,Available,https://www.khalangacommunitystay.com,100.0,Budget
Mahakali Riverside Lodge,Darchula,Mahakali Nepal,29.9,80.5,+97793201100,4.5,65,USD,Available,https://www.mahakaliroversidelodge.com,100.0,Budget
Bajura Budhinanda Retreat,Bajura,Budhinanda Nepal,29.55,81.3,+97797210100,4.7,80,USD,Available,https://www.bajurabudhinandaretreat.com,100.0,Mid Range
Martadi Village Lodge,Bajura,Martadi Nepal,29.45,81.35,+97797210200,4.6,70,USD,Available,https://www.martadivillagelodge.com,100.0,Budget
Bajhang Seti Homestay,Bajhang,Bajhang Nepal,29.54,81.2,+97793210300,4.5,60,USD,Available,https://www.bajhangsetihomestay.com,100.0,Budget
Chainpur Rural Lodge,Bajhang,Chainpur Nepal,29.55,81.18,+97793211100,4.6,65,USD,Available,https://www.chainpurrurallodge.com,100.0,Budget
