place,latitude,longitude,district,accidents,landslide,avalanche,flood,earthquake_damage,hospital,police,fire_station,emergency_risk,natural_disaster_risk,tourism_risk_index,risk_category
Everest Base Camp,27.9881,86.925,Solukhumbu,20.0,7.0,15.0,2.0,8.0,3.0,3.0,1.0,50.0,100.0,80.0,HIGH
Annapurna Base Camp,28.53,84.56,Kaski,15.0,10.0,8.0,3.0,7.0,0.0,4.0,0.0,80.0,100.0,92.0,HIGH
Pokhara Lakeside,28.2096,83.9856,Kaski,5.0,3.0,0.0,8.0,5.0,113.0,78.0,3.0,0.0,45.0,27.0,LOW
Chitwan National Park,27.5291,84.3542,Chitwan,8.0,2.0,0.0,10.0,4.0,89.0,28.0,0.0,0.0,50.0,30.0,MEDIUM
Lumbini,27.4698,83.276,Rupandehi,0.0,0.0,0.0,0.0,0.0,0.0,0.0,0.0,100.0,0.0,40.0,MEDIUM
Rara Lake,29.5269,82.0835,Mugu,5.0,8.0,1.0,5.0,6.0,0.0,0.0,0.0,100.0,59.0,75.4,HIGH
Upper Mustang,29.193,83.89,Mustang,0.0,0.0,0.0,0.0,0.0,0.0,0.0,0.0,100.0,0.0,40.0,MEDIUM
Langtang Valley,28.23,85.56,Rasuwa,0.0,0.0,0.0,0.0,0.0,0.0,0.0,0.0,100.0,0.0,40.0,MEDIUM
Poon Hill,28.4,83.69,Myagdi,0.0,0.0,0.0,0.0,0.0,0.0,0.0,0.0,100.0,0.0,40.0,MEDIUM
Langtang Valley,28.23,85.56,Rasuwa,12.0,15.0,5.0,4.0,10.0,1.0,1.0,0.0,80.0,90.0,86.0,HIGH
Poon Hill,28.4,83.69,Myagdi,3.0,5.0,2.0,1.0,3.0,2.0,3.0,0.0,70.0,55.0,62.0,HIGH
Manaslu Circuit,28.65,84.56,Gorkha,10.0,12.0,10.0,2.0,9.0,0.0,1.0,0.0,90.0,95.0,88.0,HIGH
Tilicho Lake,28.68,84.0,Manang,8.0,14.0,12.0,3.0,7.0,0.0,0.0,0.0,100.0,98.0,95.0,HIGH
Mardi Himal,28.62,84.0,Kaski,5.0,8.0,6.0,1.0,4.0,2.0,2.0,0.0,75.0,70.0,68.0,HIGH
Gosaikunda Lake,28.085,85.41,Rasuwa,6.0,10.0,7.0,3.0,6.0,0.0,1.0,0.0,90.0,80.0,84.0,HIGH
Shey Phoksundo Lake,29.21,82.96,Dolpa,4.0,12.0,3.0,4.0,8.0,0.0,0.0,0.0,100.0,78.0,85.0,HIGH
Khopra Danda,28.45,83.65,Myagdi,3.0,6.0,5.0,1.0,3.0,1.0,2.0,0.0,80.0,65.0,72.0,HIGH
Nagarkot,27.715,85.52,Bhaktapur,2.0,2.0,0.0,3.0,5.0,15.0,10.0,2.0,20.0,30.0,28.0,LOW
Bhaktapur Durbar Square,27.672,85.4298,Bhaktapur,1.0,0.0,0.0,1.0,8.0,20.0,15.0,5.0,10.0,25.0,22.0,LOW
Kathmandu Durbar Square,27.7048,85.3076,Kathmandu,2.0,0.0,0.0,2.0,9.0,30.0,25.0,8.0,5.0,30.0,25.0,LOW
Patan Durbar Square,27.673,85.325,Lalitpur,1.0,0.0,0.0,1.0,8.0,25.0,20.0,5.0,10.0,25.0,23.0,LOW
Swayambhunath,27.7149,85.29,Kathmandu,1.0,0.0,0.0,2.0,6.0,25.0,20.0,3.0,10.0,20.0,22.0,LOW
Boudhanath,27.7215,85.362,Kathmandu,1.0,0.0,0.0,1.0,5.0,30.0,25.0,4.0,5.0,15.0,18.0,LOW
Phewa Lake,28.2096,83.9856,Kaski,3.0,2.0,0.0,8.0,3.0,40.0,30.0,5.0,5.0,30.0,25.0,LOW
Sarangkot,28.244,83.945,Kaski,2.0,3.0,0.0,3.0,4.0,10.0,8.0,1.0,25.0,35.0,30.0,LOW
Begnas Lake,28.155,84.12,Kaski,2.0,1.0,0.0,7.0,3.0,20.0,15.0,2.0,10.0,25.0,22.0,LOW
Davis Falls,28.195,83.96,Kaski,3.0,1.0,0.0,5.0,2.0,30.0,20.0,4.0,5.0,20.0,20.0,LOW
World Peace Pagoda,28.19,83.95,Kaski,1.0,2.0,0.0,2.0,3.0,10.0,8.0,1.0,30.0,25.0,28.0,LOW
Chitwan Jungle Safari,27.5291,84.3542,Chitwan,7.0,1.0,0.0,12.0,3.0,15.0,10.0,2.0,25.0,55.0,42.0,MEDIUM
Bardia National Park,28.45,81.3,Bardiya,5.0,1.0,0.0,15.0,2.0,5.0,5.0,1.0,60.0,50.0,55.0,MEDIUM
Koshi Tappu Wildlife Reserve,26.9,87.15,Sunsari,4.0,0.0,0.0,18.0,2.0,8.0,6.0,2.0,40.0,55.0,48.0,MEDIUM
Janaki Temple,26.7288,85.925,Dhanusha,0.0,0.0,0.0,2.0,2.0,15.0,10.0,3.0,20.0,15.0,20.0,LOW
Pathibhara Temple,27.42,87.75,Taplejung,5.0,10.0,3.0,2.0,6.0,0.0,1.0,0.0,90.0,75.0,82.0,HIGH
Halesi Mahadev,27.32,86.72,Khotang,3.0,4.0,0.0,2.0,5.0,3.0,4.0,1.0,60.0,45.0,55.0,MEDIUM
Muktinath Temple,28.82,83.87,Mustang,4.0,5.0,4.0,1.0,5.0,1.0,2.0,0.0,80.0,60.0,70.0,HIGH
Kagbeni,28.84,83.78,Mustang,3.0,4.0,2.0,5.0,4.0,1.0,1.0,0.0,90.0,55.0,72.0,HIGH
Tengboche Monastery,27.84,86.76,Solukhumbu,8.0,9.0,10.0,1.0,7.0,0.0,0.0,0.0,100.0,90.0,92.0,HIGH
Lukla Airport,27.686,86.73,Solukhumbu,15.0,3.0,2.0,1.0,5.0,1.0,2.0,1.0,70.0,65.0,75.0,HIGH
Kalinchowk,27.95,86.05,Dolakha,5.0,8.0,5.0,2.0,6.0,1.0,2.0,0.0,80.0,75.0,78.0,HIGH
Daman View Tower,27.6,85.08,Makwanpur,2.0,4.0,0.0,3.0,5.0,5.0,4.0,1.0,45.0,40.0,42.0,MEDIUM
Ilam Tea Garden,26.91,87.93,Ilam,2.0,5.0,0.0,4.0,3.0,8.0,5.0,1.0,35.0,40.0,38.0,MEDIUM
Antu Danda,26.89,88.0,Ilam,1.0,3.0,0.0,2.0,2.0,5.0,4.0,1.0,40.0,30.0,35.0,MEDIUM
Dhorpatan Hunting Reserve,28.48,83.02,Baglung,5.0,10.0,5.0,3.0,6.0,0.0,1.0,0.0,90.0,80.0,86.0,HIGH
Khaptad National Park,29.35,81.1,Bajhang,3.0,8.0,2.0,5.0,7.0,0.0,0.0,0.0,100.0,70.0,82.0,HIGH
Api Base Camp,29.95,80.9,Darchula,6.0,12.0,6.0,3.0,8.0,0.0,0.0,0.0,100.0,90.0,94.0,HIGH
Badimalika Temple,29.15,81.5,Bajura,4.0,9.0,3.0,4.0,6.0,0.0,0.0,0.0,100.0,75.0,86.0,HIGH
Tansen Durbar,27.867,83.546,Palpa,1.0,2.0,0.0,3.0,5.0,10.0,8.0,2.0,25.0,30.0,28.0,LOW
Rani Mahal,27.85,83.55,Palpa,2.0,3.0,0.0,5.0,4.0,5.0,5.0,1.0,45.0,35.0,42.0,MEDIUM
Bungy Jumping The Last Resort,27.95,85.9,Sindhupalchok,6.0,8.0,0.0,4.0,6.0,1.0,2.0,1.0,70.0,60.0,64.0,HIGH
Bhote Koshi River Rafting,27.95,85.87,Sindhupalchok,7.0,9.0,0.0,6.0,5.0,1.0,2.0,1.0,65.0,70.0,67.0,HIGH
Panch Pokhari,28.0,85.62,Sindhupalchok,5.0,12.0,4.0,3.0,8.0,0.0,0.0,0.0,100.0,82.0,89.0,HIGH
Helambu Trek,28.05,85.55,Sindhupalchok,6.0,10.0,5.0,3.0,7.0,1.0,1.0,0.0,85.0,80.0,83.0,HIGH
Tsho Rolpa Lake,27.85,86.47,Dolakha,8.0,15.0,8.0,5.0,10.0,0.0,0.0,0.0,100.0,95.0,97.0,HIGH
Rolwaling Valley,27.82,86.42,Dolakha,7.0,14.0,10.0,3.0,9.0,0.0,0.0,0.0,100.0,96.0,98.0,HIGH
Jiri Everest Gateway,27.63,86.23,Dolakha,3.0,6.0,1.0,2.0,5.0,2.0,3.0,0.0,65.0,55.0,60.0,HIGH
Kyanjin Gompa,28.21,85.56,Rasuwa,6.0,14.0,6.0,2.0,8.0,0.0,1.0,0.0,90.0,88.0,89.0,HIGH
Tatopani Rasuwa,28.13,85.3,Rasuwa,3.0,7.0,0.0,6.0,5.0,2.0,2.0,1.0,55.0,50.0,52.0,MEDIUM
Gosainkunda Pass,28.09,85.41,Rasuwa,7.0,13.0,9.0,2.0,7.0,0.0,0.0,0.0,100.0,92.0,96.0,HIGH
Kakani Viewpoint,27.82,85.25,Nuwakot,1.0,3.0,0.0,2.0,4.0,8.0,5.0,1.0,35.0,35.0,35.0,MEDIUM
Trishuli River Rafting,27.92,85.15,Nuwakot,6.0,2.0,0.0,10.0,3.0,4.0,3.0,1.0,45.0,60.0,51.0,MEDIUM
Nuwakot Durbar,27.91,85.16,Nuwakot,1.0,2.0,0.0,2.0,7.0,5.0,5.0,2.0,40.0,30.0,34.0,MEDIUM
Ghalegaun,28.25,84.4,Lamjung,2.0,5.0,1.0,2.0,4.0,2.0,3.0,0.0,65.0,45.0,53.0,MEDIUM
Sikles Village,28.37,84.12,Kaski,3.0,8.0,2.0,2.0,5.0,1.0,1.0,0.0,85.0,60.0,75.0,HIGH
Kapuche Lake,28.5,84.1,Kaski,5.0,12.0,6.0,2.0,6.0,0.0,0.0,0.0,100.0,85.0,92.0,HIGH
Kori Danda,28.48,84.25,Kaski,4.0,9.0,5.0,2.0,5.0,0.0,0.0,0.0,100.0,75.0,86.0,HIGH
Ghandruk Village,28.37,83.81,Kaski,2.0,5.0,1.0,2.0,4.0,3.0,4.0,1.0,55.0,45.0,49.0,MEDIUM
Dhampus Village,28.3,83.82,Kaski,1.0,3.0,0.0,2.0,3.0,5.0,5.0,1.0,40.0,30.0,34.0,MEDIUM
Australian Camp,28.32,83.8,Kaski,2.0,4.0,1.0,1.0,3.0,4.0,3.0,1.0,45.0,35.0,40.0,MEDIUM
Tatopani Myagdi,28.54,83.67,Myagdi,3.0,8.0,0.0,7.0,4.0,2.0,2.0,0.0,70.0,60.0,66.0,HIGH
Ghorepani Village,28.4,83.69,Myagdi,2.0,6.0,2.0,2.0,3.0,2.0,2.0,0.0,75.0,50.0,62.0,HIGH
Kali Gandaki Gorge,28.7,83.6,Mustang,5.0,10.0,5.0,3.0,6.0,0.0,1.0,0.0,90.0,80.0,86.0,HIGH
Marpha Village,28.75,83.69,Mustang,1.0,4.0,1.0,3.0,3.0,2.0,3.0,0.0,65.0,40.0,55.0,MEDIUM
Jomsom,28.78,83.72,Mustang,4.0,5.0,3.0,2.0,4.0,3.0,3.0,1.0,60.0,55.0,57.0,MEDIUM
Lo Manthang,29.18,83.95,Mustang,2.0,3.0,2.0,1.0,4.0,0.0,0.0,0.0,100.0,45.0,75.0,HIGH
Damodar Kunda,29.07,83.9,Mustang,5.0,10.0,8.0,2.0,7.0,0.0,0.0,0.0,100.0,90.0,95.0,HIGH
Muktinath Pass,28.82,83.87,Mustang,4.0,7.0,5.0,2.0,5.0,1.0,1.0,0.0,85.0,70.0,80.0,HIGH
Barpak Village,28.22,84.75,Gorkha,4.0,10.0,2.0,2.0,8.0,1.0,1.0,0.0,90.0,75.0,84.0,HIGH
Laprak Village,28.28,84.77,Gorkha,3.0,8.0,3.0,2.0,6.0,0.0,1.0,0.0,95.0,70.0,82.0,HIGH
Tsum Valley,28.53,84.85,Gorkha,6.0,14.0,6.0,2.0,9.0,0.0,0.0,0.0,100.0,95.0,98.0,HIGH
Chum Valley,28.6,84.9,Gorkha,5.0,12.0,5.0,3.0,8.0,0.0,0.0,0.0,100.0,88.0,94.0,HIGH
Gorkha Durbar,28.0,84.63,Gorkha,1.0,2.0,0.0,2.0,6.0,5.0,5.0,1.0,35.0,30.0,32.0,MEDIUM
Manakamana Temple,27.95,84.58,Gorkha,2.0,4.0,0.0,4.0,5.0,8.0,6.0,2.0,35.0,40.0,38.0,MEDIUM
Bandipur,27.94,84.41,Tanahun,1.0,3.0,0.0,3.0,4.0,10.0,8.0,2.0,30.0,30.0,30.0,LOW
Siddha Cave,27.93,84.42,Tanahun,2.0,2.0,0.0,2.0,3.0,6.0,5.0,1.0,40.0,25.0,32.0,MEDIUM
Maula Kalika Temple,27.68,84.43,Nawalpur,1.0,1.0,0.0,5.0,3.0,10.0,8.0,2.0,30.0,25.0,28.0,LOW
Devghat Dham,27.92,84.4,Tanahun,1.0,0.0,0.0,4.0,3.0,15.0,10.0,2.0,20.0,20.0,20.0,LOW
Palpa Shreenagar Hill,27.87,83.55,Palpa,1.0,2.0,0.0,2.0,4.0,7.0,5.0,1.0,40.0,30.0,34.0,MEDIUM
Rani Mahal Palace,27.85,83.55,Palpa,2.0,3.0,0.0,4.0,4.0,5.0,5.0,1.0,45.0,40.0,43.0,MEDIUM
Bhairahawa Buddha Sites,27.51,83.45,Rupandehi,0.0,0.0,0.0,3.0,2.0,20.0,15.0,5.0,10.0,15.0,18.0,LOW
Tilaurakot,27.57,83.05,Kapilvastu,0.0,1.0,0.0,2.0,2.0,10.0,8.0,2.0,25.0,15.0,23.0,LOW
Jagadishpur Reservoir,27.55,83.0,Kapilvastu,1.0,0.0,0.0,8.0,2.0,5.0,5.0,1.0,45.0,35.0,42.0,MEDIUM
Khopra Ridge,28.43,83.74,Myagdi,7.0,12.0,8.0,2.0,6.0,0.0,0.0,0.0,90.0,78.0,82.0,HIGH
Muldai View Point,28.5,83.75,Myagdi,4.0,8.0,4.0,2.0,5.0,5.0,3.0,1.0,65.0,60.0,65.0,MEDIUM
Mohan Pokhari,27.95,84.0,Tanahun,1.0,2.0,0.0,5.0,3.0,40.0,30.0,10.0,10.0,20.0,25.0,LOW
Sundarijal Waterfall,27.79,85.43,Kathmandu,2.0,5.0,0.0,4.0,4.0,90.0,80.0,25.0,5.0,30.0,32.0,LOW
Kirtipur Heritage Area,27.67,85.28,Kathmandu,1.0,0.0,0.0,2.0,5.0,100.0,90.0,30.0,5.0,15.0,22.0,LOW
Chandragiri Hills,27.68,85.24,Kathmandu,2.0,3.0,0.0,3.0,4.0,100.0,80.0,30.0,5.0,20.0,25.0,LOW
Phulchoki Hill,27.58,85.41,Lalitpur,3.0,5.0,0.0,4.0,5.0,70.0,60.0,20.0,15.0,35.0,38.0,LOW
Godavari Botanical Garden,27.59,85.39,Lalitpur,1.0,1.0,0.0,4.0,3.0,80.0,60.0,25.0,5.0,15.0,20.0,LOW
Nuwakot Durbar,27.92,85.17,Nuwakot,2.0,4.0,0.0,3.0,8.0,40.0,30.0,10.0,15.0,40.0,42.0,MEDIUM
Kakani View Point,27.8,85.28,Nuwakot,2.0,5.0,0.0,3.0,5.0,50.0,35.0,10.0,15.0,35.0,40.0,LOW
Tatopani Sindhupalchok,27.95,85.97,Sindhupalchok,6.0,12.0,2.0,8.0,8.0,20.0,20.0,5.0,45.0,65.0,65.0,MEDIUM
Bhairav Kunda,28.01,85.82,Sindhupalchok,8.0,15.0,5.0,4.0,10.0,0.0,0.0,0.0,100.0,90.0,88.0,HIGH
Jiri Valley,27.63,86.24,Dolakha,4.0,8.0,2.0,3.0,6.0,25.0,20.0,5.0,40.0,55.0,55.0,MEDIUM
Sailung,27.77,86.26,Dolakha,10.0,15.0,8.0,3.0,8.0,0.0,0.0,0.0,100.0,85.0,84.0,HIGH
Namche Bazaar,27.805,86.71,Solukhumbu,15.0,10.0,12.0,1.0,7.0,0.0,5.0,0.0,90.0,80.0,85.0,HIGH
Gokyo Lake,27.95,86.69,Solukhumbu,18.0,15.0,15.0,1.0,8.0,0.0,0.0,0.0,100.0,95.0,92.0,HIGH
Chhukung Valley,27.9,86.85,Solukhumbu,20.0,18.0,18.0,1.0,10.0,0.0,0.0,0.0,100.0,100.0,98.0,HIGH
Pikey Peak,27.65,86.5,Solukhumbu,8.0,10.0,6.0,2.0,7.0,5.0,5.0,2.0,70.0,70.0,72.0,HIGH
Tinjure Milke Jaljale,27.2,87.55,Tehrathum,6.0,10.0,5.0,3.0,7.0,10.0,10.0,3.0,65.0,65.0,68.0,MEDIUM
Mai Pokhari,27.01,87.92,Ilam,1.0,2.0,0.0,5.0,2.0,40.0,30.0,10.0,5.0,20.0,25.0,LOW
Sandakpur,27.05,87.88,Ilam,5.0,8.0,5.0,2.0,5.0,10.0,10.0,2.0,60.0,60.0,65.0,MEDIUM
Antu Danda,26.87,88.05,Ilam,1.0,2.0,0.0,3.0,2.0,40.0,30.0,10.0,5.0,15.0,20.0,LOW
Pathibhara View Area,27.35,87.73,Taplejung,10.0,12.0,8.0,2.0,7.0,5.0,5.0,2.0,75.0,75.0,75.0,HIGH
Mai Valley,27.0,87.85,Ilam,2.0,4.0,0.0,5.0,3.0,30.0,20.0,5.0,15.0,30.0,32.0,LOW
Halesi Mahadev,27.32,86.65,Khotang,2.0,3.0,0.0,4.0,5.0,30.0,25.0,5.0,20.0,30.0,35.0,LOW
Amai Rural Trail,27.4,86.9,Bhojpur,7.0,10.0,4.0,2.0,6.0,5.0,5.0,2.0,65.0,60.0,65.0,MEDIUM
Silichung Base Area,27.7,87.1,Sankhuwasabha,15.0,18.0,15.0,2.0,9.0,0.0,0.0,0.0,100.0,95.0,93.0,HIGH
Makalu Barun Park,27.75,87.1,Sankhuwasabha,18.0,20.0,18.0,3.0,10.0,0.0,0.0,0.0,100.0,100.0,97.0,HIGH
Tinjure Hill,27.21,87.55,Tehrathum,4.0,7.0,3.0,2.0,5.0,10.0,10.0,3.0,60.0,55.0,60.0,MEDIUM
Dhorpatan Valley,28.52,83.0,Baglung,12.0,15.0,8.0,4.0,8.0,5.0,5.0,2.0,75.0,85.0,82.0,HIGH
Panchase Hill,28.25,83.85,Kaski,2.0,5.0,0.0,3.0,4.0,50.0,30.0,10.0,15.0,30.0,35.0,LOW
Begnas Rupakot Area,28.17,84.08,Kaski,2.0,3.0,0.0,8.0,3.0,60.0,40.0,15.0,10.0,30.0,32.0,LOW
Kahu Danda,28.24,84.0,Kaski,1.0,3.0,0.0,3.0,3.0,70.0,50.0,20.0,5.0,20.0,25.0,LOW
Sikles Trek Route,28.38,84.15,Kaski,5.0,8.0,3.0,3.0,5.0,10.0,5.0,2.0,55.0,60.0,62.0,MEDIUM
Lamachaur View Area,28.27,84.0,Kaski,1.0,2.0,0.0,3.0,3.0,80.0,60.0,20.0,5.0,15.0,20.0,LOW
Narchyang Village,28.56,83.65,Myagdi,10.0,15.0,8.0,2.0,7.0,0.0,0.0,0.0,90.0,85.0,85.0,HIGH
Mudi Village,28.6,83.5,Myagdi,8.0,12.0,6.0,3.0,7.0,0.0,0.0,0.0,90.0,80.0,82.0,HIGH
Lete Village,28.65,83.62,Mustang,6.0,8.0,5.0,2.0,6.0,5.0,5.0,2.0,70.0,65.0,70.0,HIGH
Kagbeni,28.83,83.78,Mustang,4.0,5.0,3.0,2.0,5.0,10.0,10.0,3.0,60.0,55.0,60.0,MEDIUM
Muktinath,28.82,83.87,Mustang,3.0,4.0,2.0,1.0,4.0,20.0,15.0,5.0,40.0,45.0,45.0,MEDIUM
Tatopani Myagdi,28.5,83.6,Myagdi,5.0,7.0,2.0,10.0,5.0,20.0,15.0,5.0,45.0,55.0,55.0,MEDIUM
Kushma Bridge,28.22,83.69,Parbat,1.0,2.0,0.0,5.0,3.0,40.0,30.0,10.0,10.0,20.0,25.0,LOW
Ghandruk Village,28.37,83.81,Kaski,3.0,6.0,2.0,3.0,4.0,20.0,15.0,5.0,30.0,45.0,45.0,MEDIUM
Dhampus Village,28.32,83.82,Kaski,1.0,3.0,0.0,3.0,3.0,50.0,40.0,10.0,10.0,25.0,30.0,LOW
Australian Camp Trail,28.34,83.82,Kaski,2.0,4.0,0.0,3.0,3.0,40.0,30.0,10.0,15.0,25.0,30.0,LOW
Shivapuri National Park,27.82,85.4,Kathmandu,3.0,5.0,0.0,2.0,5.0,80.0,70.0,20.0,10.0,30.0,35.0,LOW
Bhaktapur Durbar Square,27.672,85.43,Bhaktapur,1.0,0.0,0.0,3.0,7.0,100.0,90.0,30.0,5.0,20.0,25.0,LOW
Patan Durbar Square,27.673,85.325,Lalitpur,1.0,0.0,0.0,2.0,7.0,100.0,90.0,30.0,5.0,20.0,25.0,LOW
Kathmandu Durbar Square,27.704,85.307,Kathmandu,2.0,0.0,0.0,3.0,8.0,100.0,90.0,30.0,5.0,25.0,30.0,LOW
Chisapani Village,27.82,85.35,Kathmandu,3.0,6.0,0.0,3.0,5.0,40.0,30.0,10.0,20.0,35.0,38.0,LOW
Nagarkot View Tower,27.715,85.52,Bhaktapur,2.0,3.0,0.0,4.0,5.0,70.0,60.0,20.0,10.0,25.0,30.0,LOW
Dhulikhel,27.62,85.55,Kavre,1.0,2.0,0.0,3.0,5.0,60.0,50.0,15.0,10.0,25.0,28.0,LOW
Begnas Lake,28.15,84.1,Kaski,2.0,1.0,0.0,10.0,3.0,60.0,40.0,15.0,10.0,35.0,35.0,LOW
Rupakot View Tower,28.17,84.08,Kaski,1.0,2.0,0.0,5.0,3.0,50.0,35.0,10.0,10.0,25.0,30.0,LOW
Sikles Village,28.38,84.15,Kaski,5.0,8.0,3.0,3.0,5.0,10.0,5.0,2.0,55.0,60.0,62.0,MEDIUM
Ghale Gaun,28.25,84.37,Lamjung,2.0,4.0,0.0,4.0,5.0,25.0,15.0,5.0,20.0,35.0,38.0,LOW
Bhujung Village,28.22,84.35,Lamjung,3.0,5.0,0.0,4.0,5.0,20.0,15.0,5.0,30.0,40.0,45.0,MEDIUM
Dordi Valley,28.3,84.45,Lamjung,6.0,10.0,4.0,3.0,7.0,5.0,5.0,2.0,65.0,70.0,72.0,HIGH
Taal Village,28.52,84.4,Manang,10.0,15.0,8.0,3.0,8.0,0.0,0.0,0.0,100.0,85.0,85.0,HIGH
Nar Phu Valley,28.8,84.15,Manang,15.0,20.0,15.0,2.0,10.0,0.0,0.0,0.0,100.0,100.0,95.0,HIGH
Khangsar Village,28.65,84.03,Manang,10.0,14.0,10.0,2.0,8.0,0.0,0.0,0.0,100.0,85.0,85.0,HIGH
Ngawal Village,28.67,84.05,Manang,6.0,10.0,5.0,2.0,7.0,5.0,5.0,2.0,70.0,70.0,72.0,HIGH
Pisangkang Village,28.61,84.08,Manang,8.0,12.0,7.0,3.0,8.0,0.0,0.0,0.0,100.0,80.0,82.0,HIGH
Marpha Village,28.75,83.69,Mustang,2.0,4.0,3.0,1.0,5.0,20.0,15.0,5.0,40.0,45.0,45.0,MEDIUM
Kagbeni Village,28.83,83.78,Mustang,4.0,5.0,3.0,2.0,5.0,10.0,10.0,3.0,60.0,55.0,60.0,MEDIUM
Muktinath Temple,28.82,83.87,Mustang,3.0,4.0,2.0,1.0,4.0,20.0,15.0,5.0,40.0,45.0,45.0,MEDIUM
Lomanthang,29.18,83.96,Mustang,5.0,7.0,6.0,1.0,5.0,0.0,0.0,0.0,100.0,65.0,72.0,HIGH
Tukuche Village,28.68,83.65,Mustang,4.0,7.0,4.0,2.0,6.0,5.0,5.0,2.0,65.0,65.0,65.0,MEDIUM
Dhorpatan Reserve,28.52,83.0,Baglung,12.0,15.0,8.0,4.0,8.0,5.0,5.0,2.0,75.0,85.0,82.0,HIGH
Taman Khola,28.65,83.1,Baglung,8.0,12.0,5.0,3.0,7.0,0.0,0.0,0.0,90.0,75.0,78.0,HIGH
Baglung Kalika Temple,28.27,83.59,Baglung,2.0,4.0,0.0,4.0,4.0,40.0,30.0,10.0,15.0,25.0,30.0,LOW
Galeshwor Temple,28.36,83.55,Myagdi,2.0,3.0,0.0,5.0,4.0,30.0,25.0,5.0,20.0,30.0,35.0,LOW
Jaljala Rural Trail,28.35,83.5,Parbat,5.0,8.0,3.0,3.0,5.0,5.0,5.0,2.0,60.0,60.0,62.0,MEDIUM
Kusma Bazaar,28.215,83.68,Parbat,1.0,2.0,0.0,4.0,3.0,50.0,40.0,15.0,5.0,20.0,25.0,LOW
Syangja Panchamul,28.0,83.85,Syangja,2.0,3.0,0.0,5.0,3.0,50.0,35.0,10.0,10.0,25.0,30.0,LOW
Syangja Sirubari,28.05,83.75,Syangja,1.0,3.0,0.0,3.0,3.0,40.0,30.0,10.0,10.0,20.0,25.0,LOW
Tansen Srinagar Hill,27.87,83.54,Palpa,1.0,2.0,0.0,3.0,3.0,50.0,40.0,15.0,5.0,20.0,25.0,LOW
Rani Mahal,27.85,83.54,Palpa,1.0,1.0,0.0,8.0,3.0,40.0,35.0,10.0,5.0,30.0,30.0,LOW
Gulmi Resunga Hill,28.07,83.25,Gulmi,2.0,4.0,0.0,3.0,5.0,30.0,25.0,10.0,15.0,30.0,35.0,LOW
Arghakhanchi Supa Deurali,27.97,83.12,Arghakhanchi,2.0,3.0,0.0,3.0,4.0,30.0,25.0,10.0,15.0,25.0,30.0,LOW
Swargadwari Temple,28.06,82.8,Pyuthan,3.0,5.0,0.0,3.0,5.0,20.0,20.0,5.0,25.0,35.0,42.0,MEDIUM
Rolpa Jaljala,28.42,82.65,Rolpa,10.0,15.0,5.0,3.0,9.0,0.0,0.0,0.0,100.0,85.0,85.0,HIGH
Rukum East Putha,28.7,82.6,Rukum East,15.0,18.0,10.0,2.0,10.0,0.0,0.0,0.0,100.0,95.0,92.0,HIGH
Dolpa Dunai,29.0,82.83,Dolpa,12.0,15.0,10.0,2.0,8.0,0.0,0.0,0.0,100.0,85.0,85.0,HIGH
Phoksundo Village,29.22,82.96,Dolpa,10.0,18.0,12.0,3.0,8.0,0.0,0.0,0.0,100.0,90.0,88.0,HIGH
Khumjung Village,27.83,86.73,Solukhumbu,4.0,8.0,6.0,1.0,5.0,0.0,1.0,0.0,90.0,70.0,78.0,HIGH
Dingboche Village,27.89,86.83,Solukhumbu,7.0,10.0,9.0,1.0,6.0,0.0,0.0,0.0,100.0,85.0,91.0,HIGH
Imja Lake,27.9,86.93,Solukhumbu,6.0,14.0,12.0,3.0,8.0,0.0,0.0,0.0,100.0,95.0,97.0,HIGH
Ama Dablam Base Camp,27.86,86.86,Solukhumbu,8.0,12.0,10.0,1.0,7.0,0.0,0.0,0.0,100.0,92.0,95.0,HIGH
Pikey Peak,27.65,86.5,Solukhumbu,3.0,7.0,5.0,2.0,5.0,0.0,1.0,0.0,90.0,65.0,75.0,HIGH
Thame Village,27.95,86.71,Solukhumbu,5.0,9.0,7.0,2.0,6.0,0.0,0.0,0.0,100.0,78.0,89.0,HIGH
Mera Peak Base Camp,27.7,86.92,Solukhumbu,9.0,15.0,13.0,1.0,8.0,0.0,0.0,0.0,100.0,98.0,99.0,HIGH
Makalu Base Camp,27.75,87.1,Sankhuwasabha,8.0,16.0,14.0,2.0,9.0,0.0,0.0,0.0,100.0,100.0,100.0,HIGH
Kanchenjunga Base Camp,27.7,88.0,Taplejung,10.0,18.0,15.0,3.0,10.0,0.0,0.0,0.0,100.0,100.0,100.0,HIGH
Milke Danda,27.35,87.5,Tehrathum,3.0,8.0,4.0,3.0,5.0,1.0,1.0,0.0,85.0,65.0,73.0,HIGH
Mai Pokhari,26.9,87.93,Ilam,1.0,4.0,0.0,5.0,3.0,8.0,5.0,1.0,35.0,35.0,35.0,MEDIUM
Kanyam Tea Garden,26.86,88.0,Ilam,1.0,2.0,0.0,3.0,2.0,10.0,7.0,2.0,30.0,25.0,28.0,LOW
Sandakpur,26.88,87.9,Ilam,3.0,6.0,2.0,3.0,4.0,2.0,2.0,0.0,70.0,55.0,61.0,MEDIUM
Tinjure Milke Jaljale,27.25,87.45,Tehrathum,4.0,10.0,5.0,2.0,6.0,0.0,1.0,0.0,90.0,75.0,81.0,HIGH
Pathibhara Lake,27.42,87.75,Taplejung,5.0,11.0,6.0,2.0,7.0,0.0,1.0,0.0,90.0,85.0,87.0,HIGH
Mai Valley,26.95,87.85,Ilam,2.0,3.0,0.0,4.0,3.0,5.0,4.0,1.0,45.0,30.0,36.0,MEDIUM
Dharan Clock Tower,26.81,87.28,Sunsari,0.0,0.0,0.0,2.0,2.0,20.0,15.0,5.0,10.0,10.0,10.0,LOW
Budha Subba Temple,26.81,87.27,Sunsari,1.0,1.0,0.0,2.0,2.0,15.0,12.0,3.0,20.0,15.0,18.0,LOW
Bhedetar View Point,26.88,87.3,Dhankuta,2.0,4.0,0.0,3.0,4.0,8.0,5.0,1.0,40.0,35.0,37.0,MEDIUM
Hile Bazaar,26.99,87.32,Dhankuta,1.0,2.0,0.0,3.0,3.0,10.0,8.0,2.0,30.0,25.0,28.0,LOW
Namaste Falls,27.0,87.35,Dhankuta,2.0,5.0,0.0,5.0,3.0,5.0,4.0,1.0,50.0,40.0,44.0,MEDIUM
Pakhribas Botanical Garden,27.04,87.29,Dhankuta,1.0,2.0,0.0,2.0,2.0,8.0,6.0,1.0,35.0,20.0,26.0,LOW
Hatuwa Danda,27.25,87.25,Bhojpur,3.0,7.0,2.0,3.0,5.0,1.0,1.0,0.0,85.0,60.0,70.0,HIGH
Salpa Pokhari,27.35,86.95,Bhojpur,5.0,10.0,4.0,2.0,7.0,0.0,0.0,0.0,100.0,80.0,88.0,HIGH
Silichung Peak,27.5,87.05,Sankhuwasabha,8.0,15.0,10.0,2.0,8.0,0.0,0.0,0.0,100.0,95.0,97.0,HIGH
Num Village,27.55,87.25,Sankhuwasabha,4.0,8.0,3.0,3.0,6.0,1.0,1.0,0.0,90.0,65.0,75.0,HIGH
Barun Valley,27.75,87.15,Sankhuwasabha,7.0,14.0,11.0,2.0,9.0,0.0,0.0,0.0,100.0,95.0,97.0,HIGH
Tumlingtar Airport,27.3,87.19,Sankhuwasabha,2.0,3.0,0.0,3.0,3.0,5.0,5.0,2.0,45.0,30.0,36.0,MEDIUM
Halesi Cave,27.32,86.72,Khotang,3.0,4.0,0.0,2.0,5.0,4.0,5.0,1.0,50.0,40.0,44.0,MEDIUM
Diktel Bazaar,27.21,86.79,Khotang,1.0,3.0,0.0,3.0,4.0,8.0,6.0,2.0,35.0,30.0,33.0,MEDIUM
Aiselukharka,27.35,86.85,Khotang,2.0,6.0,1.0,3.0,5.0,2.0,2.0,0.0,70.0,55.0,61.0,MEDIUM
Okhaldhunga Bazaar,27.32,86.5,Okhaldhunga,1.0,4.0,0.0,3.0,4.0,5.0,5.0,1.0,45.0,35.0,39.0,MEDIUM
Tholodunga,27.42,86.6,Okhaldhunga,3.0,8.0,3.0,2.0,6.0,0.0,1.0,0.0,90.0,70.0,78.0,HIGH
Jiri Lake,27.63,86.23,Dolakha,2.0,6.0,2.0,3.0,5.0,3.0,3.0,1.0,65.0,50.0,56.0,MEDIUM
Charikot View Tower,27.67,86.05,Dolakha,1.0,3.0,0.0,2.0,5.0,6.0,5.0,1.0,40.0,30.0,34.0,MEDIUM
Kalinchowk Bhagwati,27.95,86.05,Dolakha,5.0,9.0,6.0,2.0,7.0,1.0,1.0,0.0,85.0,80.0,82.0,HIGH
Chekampar Village,28.62,84.85,Gorkha,6.0,13.0,7.0,2.0,9.0,0.0,0.0,0.0,100.0,95.0,97.0,HIGH
Rubina La Pass,28.65,84.8,Gorkha,8.0,15.0,12.0,1.0,10.0,0.0,0.0,0.0,100.0,100.0,100.0,HIGH
Larke Pass,28.75,84.6,Gorkha,10.0,18.0,15.0,2.0,10.0,0.0,0.0,0.0,100.0,100.0,100.0,HIGH
Samagaun,28.6,84.65,Gorkha,5.0,12.0,8.0,2.0,8.0,0.0,0.0,0.0,100.0,90.0,96.0,HIGH
Birendra Lake,28.65,84.62,Gorkha,4.0,10.0,7.0,2.0,7.0,0.0,0.0,0.0,100.0,85.0,91.0,HIGH
Dunai Bazaar,29.0,82.83,Dolpa,8.0,12.0,5.0,2.0,8.0,0.0,0.0,0.0,100.0,75.0,80.0,HIGH
Tripurakot Temple,29.05,82.95,Dolpa,3.0,5.0,0.0,3.0,5.0,0.0,0.0,0.0,90.0,55.0,65.0,MEDIUM
Juphal Airport Area,29.27,82.19,Dolpa,4.0,5.0,0.0,3.0,4.0,10.0,10.0,5.0,60.0,50.0,55.0,MEDIUM
Rukumkot Lake,28.63,82.48,Rukum East,8.0,10.0,5.0,3.0,7.0,5.0,5.0,2.0,70.0,70.0,72.0,HIGH
Sisne Himal Base Area,28.73,82.55,Rukum East,14.0,18.0,12.0,2.0,9.0,0.0,0.0,0.0,100.0,95.0,92.0,HIGH
Jajarkot Darbar Area,28.7,82.18,Jajarkot,4.0,6.0,0.0,5.0,8.0,20.0,20.0,5.0,45.0,60.0,62.0,MEDIUM
Khalanga Jajarkot,28.7,82.18,Jajarkot,3.0,5.0,0.0,5.0,8.0,25.0,20.0,5.0,40.0,60.0,60.0,MEDIUM
Ramaroshan Lake,29.1,81.2,Achham,5.0,8.0,0.0,8.0,5.0,10.0,10.0,3.0,55.0,60.0,65.0,MEDIUM
Badimalika Temple,29.42,81.42,Bajura,12.0,15.0,8.0,3.0,8.0,0.0,0.0,0.0,100.0,85.0,86.0,HIGH
Budhinanda Lake,29.5,81.43,Bajura,10.0,14.0,7.0,2.0,7.0,0.0,0.0,0.0,100.0,80.0,82.0,HIGH
Khaptad Ashram,29.32,81.15,Doti,3.0,5.0,0.0,6.0,4.0,15.0,20.0,5.0,40.0,50.0,55.0,MEDIUM
Aadhi Khola Trail,28.05,83.9,Syangja,2.0,3.0,0.0,5.0,3.0,30.0,25.0,10.0,10.0,25.0,30.0,LOW
Panchase Rural Trail,28.25,83.85,Kaski,2.0,5.0,0.0,3.0,4.0,50.0,30.0,10.0,15.0,30.0,35.0,LOW
Kahule Village,28.3,83.9,Kaski,2.0,4.0,0.0,3.0,4.0,40.0,30.0,10.0,15.0,30.0,35.0,LOW
Lamachaur View Point,28.27,84.0,Kaski,1.0,2.0,0.0,3.0,3.0,80.0,60.0,20.0,5.0,15.0,20.0,LOW
Sarangkot,28.21,83.95,Kaski,2.0,3.0,0.0,4.0,4.0,70.0,60.0,20.0,10.0,25.0,30.0,LOW
World Peace Pagoda,28.19,83.94,Kaski,1.0,2.0,0.0,5.0,4.0,70.0,50.0,15.0,10.0,25.0,30.0,LOW
Pumdikot View Tower,28.16,83.9,Kaski,2.0,3.0,0.0,3.0,3.0,60.0,50.0,15.0,10.0,20.0,25.0,LOW
Mardi View Point,28.43,83.95,Kaski,7.0,12.0,8.0,2.0,6.0,0.0,0.0,0.0,100.0,80.0,82.0,HIGH
Kori Danda,28.4,84.15,Kaski,8.0,12.0,5.0,3.0,7.0,0.0,0.0,0.0,100.0,75.0,80.0,HIGH
Kapuche Lake,28.48,84.15,Kaski,10.0,15.0,8.0,4.0,8.0,0.0,0.0,0.0,100.0,85.0,85.0,HIGH
Lamjung Himal View,28.35,84.35,Lamjung,6.0,10.0,4.0,3.0,6.0,5.0,5.0,2.0,65.0,65.0,68.0,MEDIUM
Trekking Village Besisahar,28.23,84.38,Lamjung,3.0,5.0,0.0,5.0,4.0,40.0,30.0,10.0,20.0,35.0,40.0,LOW
Khudi Village,28.28,84.35,Lamjung,3.0,6.0,0.0,4.0,5.0,20.0,15.0,5.0,30.0,45.0,45.0,MEDIUM
Ngadi Village,28.31,84.37,Lamjung,4.0,7.0,2.0,4.0,6.0,15.0,10.0,3.0,40.0,50.0,55.0,MEDIUM
Trekking Route Chamje,28.52,84.3,Manang,10.0,15.0,8.0,3.0,8.0,0.0,0.0,0.0,100.0,85.0,85.0,HIGH
Dharapani Village,28.55,84.26,Manang,8.0,12.0,6.0,3.0,7.0,5.0,5.0,2.0,75.0,75.0,75.0,HIGH
Humde Village,28.65,84.12,Manang,8.0,14.0,10.0,2.0,8.0,0.0,0.0,0.0,100.0,85.0,85.0,HIGH
Yak Kharka,28.7,84.0,Manang,15.0,18.0,15.0,1.0,9.0,0.0,0.0,0.0,100.0,95.0,92.0,HIGH
Thorong La Pass,28.79,84.0,Manang,20.0,20.0,20.0,0.0,10.0,0.0,0.0,0.0,100.0,100.0,98.0,HIGH
Muktinath Trek Route,28.82,83.87,Mustang,5.0,8.0,5.0,1.0,5.0,10.0,10.0,3.0,70.0,65.0,68.0,HIGH
Dhumba Lake,28.8,83.73,Mustang,3.0,5.0,2.0,2.0,4.0,10.0,10.0,3.0,50.0,45.0,50.0,MEDIUM
Kali Gandaki Gorge,28.75,83.65,Mustang,7.0,10.0,5.0,5.0,7.0,5.0,5.0,2.0,75.0,70.0,75.0,HIGH
Lete Village Mustang,28.65,83.62,Mustang,6.0,8.0,5.0,2.0,6.0,5.0,5.0,2.0,70.0,65.0,70.0,HIGH
Kobang Village,28.72,83.65,Mustang,5.0,7.0,4.0,2.0,5.0,5.0,5.0,2.0,65.0,60.0,65.0,MEDIUM
Titi Lake,28.78,83.6,Mustang,6.0,10.0,5.0,2.0,6.0,0.0,0.0,0.0,100.0,75.0,78.0,HIGH
Khumjung Village,27.83,86.72,Solukhumbu,10.0,12.0,10.0,1.0,7.0,0.0,0.0,0.0,100.0,80.0,85.0,HIGH
Thame Village,27.93,86.7,Solukhumbu,12.0,15.0,12.0,1.0,8.0,0.0,0.0,0.0,100.0,90.0,88.0,HIGH
Mera Peak Base Camp,27.7,86.92,Solukhumbu,18.0,15.0,18.0,1.0,10.0,0.0,0.0,0.0,100.0,100.0,96.0,HIGH
Island Peak Base Camp,27.92,86.93,Solukhumbu,20.0,18.0,20.0,1.0,10.0,0.0,0.0,0.0,100.0,100.0,98.0,HIGH
Amphu Lapcha Route,27.85,86.9,Solukhumbu,20.0,20.0,20.0,0.0,10.0,0.0,0.0,0.0,100.0,100.0,99.0,HIGH
Panch Pokhari Trail Camp,28.05,85.6,Sindhupalchok,10.0,15.0,8.0,4.0,10.0,0.0,0.0,0.0,100.0,90.0,88.0,HIGH
Jugal Himal Base Area,28.2,85.9,Sindhupalchok,15.0,18.0,12.0,2.0,10.0,0.0,0.0,0.0,100.0,95.0,92.0,HIGH
Helambu Village,28.05,85.52,Sindhupalchok,5.0,8.0,5.0,3.0,6.0,10.0,10.0,5.0,60.0,60.0,65.0,MEDIUM
Panchase Hill,28.25,83.85,Kaski,2.0,5.0,1.0,2.0,4.0,5.0,4.0,1.0,45.0,40.0,42.0,MEDIUM
Kahule Village,28.18,84.62,Gorkha,3.0,8.0,2.0,3.0,6.0,1.0,1.0,0.0,90.0,65.0,75.0,HIGH
Chepe River Area,28.35,84.75,Gorkha,2.0,5.0,0.0,7.0,4.0,2.0,2.0,0.0,75.0,55.0,63.0,MEDIUM
Dordi Valley,28.28,84.35,Lamjung,4.0,10.0,4.0,2.0,6.0,0.0,1.0,0.0,90.0,78.0,83.0,HIGH
Besisahar,28.23,84.38,Lamjung,2.0,3.0,0.0,4.0,3.0,8.0,7.0,2.0,35.0,35.0,35.0,MEDIUM
Khudi Village,28.25,84.41,Lamjung,3.0,6.0,1.0,3.0,5.0,2.0,2.0,0.0,70.0,55.0,61.0,MEDIUM
Taal Village,28.43,84.47,Lamjung,5.0,12.0,5.0,8.0,7.0,0.0,1.0,0.0,90.0,90.0,90.0,HIGH
Ngawal Village,28.67,84.02,Manang,6.0,13.0,8.0,2.0,7.0,0.0,0.0,0.0,100.0,90.0,96.0,HIGH
Manang Village,28.67,84.01,Manang,5.0,12.0,7.0,2.0,8.0,0.0,1.0,0.0,95.0,88.0,91.0,HIGH
Thorong La Pass,28.79,84.4,Manang,12.0,16.0,15.0,2.0,10.0,0.0,0.0,0.0,100.0,100.0,100.0,HIGH
Ice Lake Manang,28.68,84.05,Manang,7.0,14.0,10.0,1.0,8.0,0.0,0.0,0.0,100.0,95.0,98.0,HIGH
Kicho Tal,28.6,84.1,Manang,4.0,10.0,5.0,2.0,6.0,0.0,0.0,0.0,100.0,80.0,92.0,HIGH
Nar Phu Valley,28.75,84.15,Manang,8.0,15.0,12.0,2.0,9.0,0.0,0.0,0.0,100.0,98.0,99.0,HIGH
Pisand Valley,28.72,84.03,Manang,4.0,8.0,4.0,2.0,5.0,1.0,1.0,0.0,90.0,70.0,82.0,HIGH
Kang La Pass,28.75,84.2,Manang,9.0,16.0,13.0,1.0,10.0,0.0,0.0,0.0,100.0,100.0,100.0,HIGH
Tukuche Village,28.73,83.62,Mustang,2.0,5.0,2.0,3.0,4.0,3.0,2.0,1.0,55.0,45.0,49.0,MEDIUM
Kobang Village,28.77,83.65,Mustang,3.0,6.0,2.0,4.0,5.0,2.0,2.0,0.0,65.0,55.0,60.0,MEDIUM
Lete Village,28.63,83.6,Mustang,4.0,8.0,3.0,5.0,6.0,1.0,1.0,0.0,80.0,65.0,71.0,HIGH
Dhampus Mustang,28.6,83.55,Mustang,3.0,7.0,3.0,2.0,5.0,1.0,1.0,0.0,85.0,60.0,70.0,HIGH
Kagbeni Monastery,28.84,83.78,Mustang,2.0,5.0,1.0,3.0,4.0,2.0,2.0,0.0,70.0,45.0,59.0,MEDIUM
Tetang Village,29.0,83.85,Mustang,4.0,10.0,5.0,2.0,7.0,0.0,0.0,0.0,100.0,80.0,88.0,HIGH
Yara Valley,29.15,83.85,Mustang,5.0,13.0,7.0,1.0,8.0,0.0,0.0,0.0,100.0,92.0,96.0,HIGH
Korala Border,29.3,83.95,Mustang,3.0,9.0,6.0,1.0,7.0,0.0,0.0,0.0,100.0,80.0,88.0,HIGH
Lomanthang Palace,29.18,83.96,Mustang,1.0,3.0,1.0,1.0,4.0,1.0,1.0,0.0,85.0,40.0,67.0,HIGH
Mardi View Point,28.56,84.0,Kaski,2.0,6.0,3.0,1.0,4.0,2.0,2.0,0.0,75.0,55.0,63.0,MEDIUM
Kahundanda,28.24,83.97,Kaski,1.0,3.0,0.0,3.0,3.0,8.0,5.0,2.0,35.0,30.0,32.0,MEDIUM
Hemja Village,28.26,83.95,Kaski,1.0,2.0,0.0,4.0,2.0,15.0,10.0,3.0,20.0,20.0,20.0,LOW
Gupteshwor Cave,28.19,83.96,Kaski,2.0,1.0,0.0,2.0,3.0,20.0,15.0,5.0,15.0,20.0,18.0,LOW
Mahendra Cave,28.27,83.98,Kaski,1.0,1.0,0.0,2.0,2.0,20.0,15.0,5.0,15.0,15.0,15.0,LOW
Rupa Lake,28.15,84.1,Kaski,2.0,2.0,0.0,8.0,3.0,10.0,8.0,2.0,35.0,35.0,35.0,MEDIUM
Khaste Lake,28.16,84.08,Kaski,1.0,2.0,0.0,7.0,2.0,8.0,5.0,1.0,40.0,30.0,34.0,MEDIUM
Begnas View Tower,28.16,84.12,Kaski,1.0,3.0,0.0,4.0,3.0,10.0,8.0,2.0,30.0,30.0,30.0,LOW
Lamachaur,28.26,83.97,Kaski,1.0,2.0,0.0,3.0,3.0,12.0,8.0,2.0,25.0,25.0,25.0,LOW
Kaskikot Palace,28.27,83.87,Kaski,2.0,4.0,0.0,2.0,4.0,5.0,5.0,1.0,45.0,35.0,39.0,MEDIUM
Pumdikot Shiva Statue,28.17,83.92,Kaski,1.0,3.0,0.0,2.0,3.0,10.0,7.0,2.0,30.0,25.0,27.0,LOW
Naudanda View Point,28.27,83.8,Kaski,2.0,5.0,0.0,2.0,4.0,5.0,4.0,1.0,50.0,40.0,44.0,MEDIUM
Australian Camp View,28.3,83.8,Kaski,2.0,4.0,1.0,1.0,3.0,5.0,3.0,1.0,45.0,40.0,43.0,MEDIUM
Kushma Bridge,28.22,83.69,Parbat,3.0,3.0,0.0,5.0,4.0,8.0,6.0,2.0,35.0,45.0,39.0,MEDIUM
Gupteshwor Mahadev Cave,28.2,83.96,Kaski,1.0,1.0,0.0,1.0,2.0,20.0,15.0,5.0,15.0,10.0,13.0,LOW
Dhorbarahi Temple,28.2,84.0,Tanahun,1.0,2.0,0.0,3.0,3.0,8.0,6.0,1.0,35.0,25.0,29.0,LOW
Suklagandaki River,28.05,84.0,Tanahun,3.0,2.0,0.0,10.0,3.0,5.0,4.0,1.0,45.0,50.0,48.0,MEDIUM
Tanahun Hydropower Area,28.05,84.02,Tanahun,2.0,5.0,0.0,8.0,4.0,4.0,3.0,1.0,55.0,55.0,55.0,MEDIUM
Chhimkeshwari Temple,27.95,84.05,Tanahun,2.0,4.0,0.0,3.0,4.0,3.0,3.0,1.0,55.0,35.0,43.0,MEDIUM
Muglin River Side,27.85,84.55,Chitwan,5.0,3.0,0.0,12.0,3.0,10.0,8.0,2.0,35.0,60.0,45.0,MEDIUM
Sauraha Elephant Breeding Center,27.58,84.5,Chitwan,2.0,1.0,0.0,8.0,2.0,12.0,10.0,3.0,25.0,35.0,29.0,LOW
20 Thousand Lake,27.62,84.45,Chitwan,2.0,1.0,0.0,10.0,2.0,8.0,6.0,2.0,35.0,40.0,38.0,MEDIUM
Bishazari Lake,27.6,84.45,Chitwan,1.0,0.0,0.0,12.0,2.0,10.0,8.0,2.0,30.0,40.0,34.0,MEDIUM
Gaurishankar Conservation Area,27.95,86.4,Dolakha,14.0,18.0,15.0,3.0,10.0,0.0,0.0,0.0,100.0,95.0,93.0,HIGH
Rolwaling Valley,27.9,86.48,Dolakha,16.0,20.0,18.0,2.0,10.0,0.0,0.0,0.0,100.0,100.0,97.0,HIGH
Na Village,27.85,86.5,Dolakha,12.0,15.0,12.0,2.0,8.0,0.0,0.0,0.0,100.0,90.0,90.0,HIGH
Simigaun Village,27.9,86.42,Dolakha,8.0,12.0,8.0,3.0,7.0,0.0,0.0,0.0,100.0,80.0,82.0,HIGH
Bigutar Village,27.65,86.25,Ramechhap,4.0,8.0,3.0,4.0,6.0,20.0,15.0,5.0,40.0,55.0,58.0,MEDIUM
Thodung Village,27.65,86.45,Ramechhap,6.0,10.0,5.0,3.0,7.0,5.0,5.0,2.0,65.0,70.0,70.0,HIGH
Khandadevi Temple,27.65,86.35,Ramechhap,2.0,4.0,0.0,3.0,5.0,30.0,25.0,10.0,20.0,30.0,35.0,LOW
Sindhuligadhi,27.25,85.95,Sindhuli,3.0,5.0,0.0,6.0,6.0,30.0,25.0,10.0,30.0,40.0,45.0,MEDIUM
Jungle Safari Route,27.25,85.95,Sindhuli,4.0,3.0,0.0,10.0,3.0,20.0,20.0,5.0,35.0,40.0,45.0,MEDIUM
Marin Village,27.15,85.6,Sindhuli,2.0,4.0,0.0,7.0,5.0,15.0,15.0,5.0,40.0,35.0,40.0,LOW
Thaha Municipality,27.6,85.12,Makwanpur,3.0,6.0,0.0,5.0,5.0,40.0,30.0,10.0,20.0,40.0,45.0,MEDIUM
Daman View Tower,27.6,85.12,Makwanpur,2.0,4.0,0.0,4.0,5.0,50.0,40.0,15.0,15.0,30.0,35.0,LOW
Chisapani Makwanpur,27.52,85.2,Makwanpur,5.0,8.0,2.0,5.0,6.0,20.0,15.0,5.0,40.0,55.0,60.0,MEDIUM
Kulekhani Lake,27.58,85.13,Makwanpur,2.0,3.0,0.0,8.0,4.0,50.0,40.0,10.0,15.0,35.0,38.0,LOW
Markhu Village,27.58,85.13,Makwanpur,3.0,4.0,0.0,8.0,4.0,40.0,30.0,10.0,20.0,40.0,45.0,MEDIUM
Chepang Hill Trail,27.65,84.9,Chitwan,6.0,10.0,0.0,8.0,5.0,10.0,10.0,3.0,55.0,60.0,65.0,MEDIUM
Siraichuli Peak,27.65,84.85,Chitwan,7.0,12.0,0.0,5.0,6.0,5.0,5.0,2.0,70.0,65.0,70.0,HIGH
Devghat Dham,27.92,84.41,Tanahun,1.0,2.0,0.0,8.0,4.0,50.0,40.0,10.0,10.0,30.0,32.0,LOW
Chimkeswari Hill,27.95,84.15,Tanahun,3.0,5.0,0.0,5.0,4.0,30.0,25.0,5.0,20.0,35.0,40.0,MEDIUM
Siddha Cave,27.93,84.42,Tanahun,2.0,3.0,0.0,5.0,4.0,40.0,30.0,10.0,15.0,30.0,35.0,LOW
Rishing Rural Area,27.9,84.3,Tanahun,2.0,4.0,0.0,5.0,5.0,20.0,15.0,5.0,25.0,35.0,40.0,MEDIUM
Madi Valley,27.95,84.05,Tanahun,3.0,5.0,0.0,8.0,4.0,30.0,20.0,5.0,30.0,45.0,48.0,MEDIUM
Gorkha Palace,28.0,84.63,Gorkha,2.0,2.0,0.0,4.0,8.0,50.0,40.0,10.0,15.0,40.0,42.0,MEDIUM
Ligligkot,28.05,84.57,Gorkha,3.0,5.0,0.0,4.0,6.0,20.0,20.0,5.0,30.0,45.0,50.0,MEDIUM
Sirandanda Gorkha,28.15,84.6,Gorkha,4.0,7.0,2.0,3.0,7.0,10.0,10.0,3.0,55.0,60.0,65.0,MEDIUM
Laprak Village,28.25,84.7,Gorkha,8.0,12.0,5.0,3.0,10.0,5.0,5.0,2.0,70.0,80.0,78.0,HIGH
Larpak Trek Route,28.25,84.72,Gorkha,10.0,15.0,8.0,2.0,10.0,0.0,0.0,0.0,100.0,85.0,88.0,HIGH
Nubri Valley,28.65,84.75,Gorkha,15.0,20.0,12.0,2.0,10.0,0.0,0.0,0.0,100.0,95.0,92.0,HIGH
Mu Gompa,28.65,85.05,Gorkha,12.0,18.0,10.0,1.0,9.0,0.0,0.0,0.0,100.0,90.0,90.0,HIGH
Prok Village,28.58,84.9,Gorkha,10.0,15.0,8.0,2.0,9.0,0.0,0.0,0.0,100.0,85.0,86.0,HIGH
Bihi Village,28.62,84.85,Gorkha,9.0,14.0,7.0,2.0,8.0,0.0,0.0,0.0,100.0,80.0,82.0,HIGH
Jagat Village,28.52,84.65,Gorkha,7.0,10.0,5.0,3.0,7.0,5.0,5.0,2.0,70.0,70.0,72.0,HIGH
Chhekampar,28.65,85.0,Gorkha,12.0,18.0,10.0,1.0,9.0,0.0,0.0,0.0,100.0,90.0,90.0,HIGH
Samagaun,28.65,84.95,Gorkha,15.0,20.0,15.0,1.0,10.0,0.0,0.0,0.0,100.0,100.0,96.0,HIGH
Tansen Old Town,27.87,83.54,Palpa,1.0,2.0,0.0,3.0,5.0,60.0,50.0,15.0,5.0,20.0,25.0,LOW
Satyawati Lake,27.9,83.3,Gulmi,3.0,6.0,0.0,4.0,5.0,20.0,20.0,5.0,30.0,45.0,50.0,MEDIUM
Resunga Hill,28.07,83.25,Gulmi,2.0,4.0,0.0,3.0,5.0,30.0,25.0,10.0,15.0,30.0,35.0,LOW
Ruru Kshetra,27.9,83.4,Gulmi,1.0,3.0,0.0,6.0,4.0,25.0,20.0,5.0,20.0,35.0,40.0,MEDIUM
Supadeurali Temple,27.97,83.12,Arghakhanchi,2.0,3.0,0.0,3.0,4.0,30.0,25.0,10.0,15.0,25.0,30.0,LOW
Phedikhola Village,28.0,83.8,Syangja,1.0,3.0,0.0,4.0,3.0,40.0,30.0,10.0,10.0,20.0,25.0,LOW
Sirubari Homestay,28.05,83.75,Syangja,1.0,2.0,0.0,3.0,3.0,40.0,30.0,10.0,10.0,20.0,25.0,LOW
Waling Rural Trail,27.98,83.76,Syangja,2.0,4.0,0.0,5.0,4.0,30.0,20.0,5.0,20.0,35.0,40.0,MEDIUM
Elephant Breeding Center,27.58,84.48,Chitwan,2.0,1.0,0.0,8.0,2.0,15.0,10.0,3.0,20.0,35.0,29.0,LOW
Gharial Conservation Center,27.58,84.47,Chitwan,1.0,0.0,0.0,7.0,1.0,12.0,9.0,2.0,25.0,25.0,25.0,LOW
Devghat Area,27.93,84.41,Tanahun,1.0,1.0,0.0,5.0,3.0,15.0,12.0,3.0,15.0,25.0,21.0,LOW
Maula Kalika Hill,27.7,84.42,Nawalpur,2.0,3.0,0.0,4.0,3.0,8.0,6.0,1.0,40.0,35.0,37.0,MEDIUM
Shashwat Dham,27.68,84.43,Nawalpur,0.0,0.0,0.0,3.0,2.0,15.0,12.0,4.0,15.0,10.0,13.0,LOW
Palpa Srinagar View,27.87,83.54,Palpa,1.0,3.0,0.0,2.0,4.0,8.0,6.0,2.0,35.0,30.0,32.0,MEDIUM
Bhagwati Temple Palpa,27.86,83.54,Palpa,1.0,2.0,0.0,2.0,3.0,10.0,8.0,2.0,30.0,25.0,27.0,LOW
Ranighat Palace,27.85,83.54,Palpa,2.0,4.0,0.0,5.0,4.0,4.0,4.0,1.0,55.0,45.0,49.0,MEDIUM
Satyawati Lake,27.83,83.6,Gulmi,3.0,7.0,0.0,4.0,5.0,1.0,2.0,0.0,85.0,55.0,73.0,HIGH
Resunga Hill,28.05,83.25,Gulmi,2.0,5.0,0.0,3.0,4.0,5.0,4.0,1.0,55.0,40.0,46.0,MEDIUM
Tamghas Bazaar,28.07,83.25,Gulmi,1.0,3.0,0.0,3.0,3.0,8.0,6.0,2.0,35.0,30.0,32.0,MEDIUM
Ruru Kshetra,27.9,83.77,Gulmi,2.0,2.0,0.0,5.0,3.0,6.0,5.0,1.0,45.0,35.0,39.0,MEDIUM
Dhorpatan Valley,28.5,83.0,Baglung,6.0,14.0,8.0,3.0,8.0,0.0,1.0,0.0,95.0,90.0,92.0,HIGH
Baglung Kalika Temple,28.27,83.59,Baglung,1.0,3.0,0.0,3.0,4.0,8.0,6.0,2.0,35.0,30.0,32.0,MEDIUM
Panchakot Dham,28.23,83.58,Baglung,1.0,4.0,0.0,2.0,3.0,5.0,5.0,1.0,45.0,35.0,39.0,MEDIUM
Galeshwor Temple,28.55,83.65,Myagdi,2.0,5.0,0.0,5.0,4.0,3.0,3.0,1.0,55.0,45.0,49.0,MEDIUM
Tatopani Myagdi,28.54,83.67,Myagdi,3.0,8.0,0.0,7.0,5.0,2.0,2.0,0.0,75.0,65.0,69.0,HIGH
Beni Bazaar,28.34,83.56,Myagdi,1.0,3.0,0.0,5.0,3.0,10.0,8.0,2.0,30.0,30.0,30.0,LOW
Narchyang Village,28.55,83.7,Myagdi,4.0,10.0,3.0,3.0,6.0,0.0,1.0,0.0,90.0,75.0,81.0,HIGH
Khopra Ridge,28.46,83.63,Myagdi,4.0,9.0,5.0,2.0,6.0,0.0,0.0,0.0,100.0,80.0,88.0,HIGH
Mohare Danda,28.43,83.6,Myagdi,3.0,8.0,3.0,2.0,5.0,0.0,1.0,0.0,90.0,65.0,75.0,HIGH
Sikles Eco Village,28.37,84.12,Kaski,3.0,7.0,2.0,2.0,5.0,1.0,2.0,0.0,80.0,65.0,71.0,HIGH
Tangting Village,28.35,84.15,Kaski,2.0,5.0,1.0,2.0,4.0,3.0,3.0,1.0,55.0,45.0,49.0,MEDIUM
Lwang Village,28.35,83.95,Kaski,2.0,4.0,0.0,3.0,4.0,5.0,4.0,1.0,50.0,40.0,44.0,MEDIUM
Poon Hill Sunrise Point,28.4,83.69,Myagdi,4.0,8.0,4.0,2.0,5.0,1.0,1.0,0.0,85.0,70.0,76.0,HIGH
Deurali Pass,28.42,83.75,Kaski,5.0,10.0,6.0,2.0,7.0,0.0,0.0,0.0,100.0,85.0,91.0,HIGH
Annapurna View Hotel Area,28.3,83.82,Kaski,1.0,3.0,0.0,2.0,3.0,8.0,6.0,2.0,35.0,25.0,29.0,LOW
Lumbini Museum,27.47,83.28,Rupandehi,0.0,0.0,0.0,1.0,1.0,20.0,15.0,5.0,10.0,8.0,9.0,LOW
Mayadevi Temple,27.47,83.275,Rupandehi,0.0,0.0,0.0,2.0,1.0,25.0,20.0,5.0,5.0,10.0,7.0,LOW
Tilaurakot Palace,27.57,83.05,Kapilvastu,1.0,1.0,0.0,3.0,2.0,10.0,8.0,2.0,25.0,15.0,19.0,LOW
Jagadishpur Wetland,27.55,83.05,Kapilvastu,1.0,0.0,0.0,8.0,2.0,5.0,5.0,1.0,45.0,35.0,41.0,MEDIUM
Bardia Tiger Camp,28.45,81.3,Bardiya,4.0,1.0,0.0,15.0,2.0,4.0,4.0,1.0,70.0,55.0,61.0,MEDIUM
Bardia Visitor Center,28.45,81.31,Bardiya,2.0,1.0,0.0,12.0,2.0,8.0,6.0,2.0,40.0,40.0,40.0,MEDIUM
Thakurdwara Village,28.53,81.3,Bardiya,3.0,1.0,0.0,14.0,2.0,5.0,4.0,1.0,65.0,50.0,56.0,MEDIUM
Karnali Bridge Area,28.9,81.25,Kailali,4.0,0.0,0.0,15.0,2.0,10.0,8.0,2.0,35.0,50.0,41.0,MEDIUM
Tikapur Park,28.52,81.13,Kailali,1.0,0.0,0.0,10.0,1.0,15.0,10.0,3.0,25.0,25.0,25.0,LOW
Ghodaghodi Lake,28.72,80.93,Kailali,2.0,0.0,0.0,12.0,2.0,8.0,5.0,2.0,40.0,40.0,40.0,MEDIUM
Shuklaphanta National Park,28.85,80.18,Kanchanpur,3.0,0.0,0.0,14.0,2.0,5.0,5.0,1.0,60.0,50.0,54.0,MEDIUM
Dodhara Chandani Bridge,28.85,80.1,Kanchanpur,1.0,0.0,0.0,10.0,1.0,10.0,8.0,2.0,35.0,30.0,32.0,MEDIUM
Api Nampa Conservation Area,29.85,80.6,Darchula,8.0,15.0,10.0,3.0,9.0,0.0,0.0,0.0,100.0,100.0,100.0,HIGH
Malikarjun Temple,29.8,80.55,Darchula,3.0,8.0,3.0,2.0,6.0,0.0,1.0,0.0,90.0,65.0,75.0,HIGH
Shaileshwari Temple,29.3,80.6,Doti,2.0,5.0,0.0,3.0,5.0,3.0,3.0,1.0,60.0,45.0,51.0,MEDIUM
Khaptad Lake,29.35,81.1,Bajhang,4.0,10.0,4.0,3.0,7.0,0.0,0.0,0.0,100.0,80.0,88.0,HIGH
Khaptad Baba Ashram,29.36,81.11,Bajhang,3.0,8.0,2.0,3.0,6.0,0.0,0.0,0.0,100.0,70.0,82.0,HIGH
Badimalika Trail,29.15,81.5,Bajura,5.0,12.0,5.0,3.0,8.0,0.0,0.0,0.0,100.0,90.0,96.0,HIGH
Ramaroshan Lake,29.25,81.35,Achham,3.0,9.0,2.0,4.0,6.0,0.0,0.0,0.0,0.0,0.0,0.0,
1,0.0,90.0,75,81.0,0.0,0.0,0.0,0.0,0.0,0.0,0.0,0.0,0.0,0.0,
Ramaroshan Area,29.25,81.35,Achham,3.0,9.0,2.0,4.0,6.0,0.0,1.0,0.0,90.0,75.0,81.0,HIGH
Bajrabarahi Temple,29.12,81.25,Achham,2.0,5.0,0.0,3.0,5.0,2.0,2.0,1.0,65.0,45.0,53.0,MEDIUM
Sanphebagar Airport Area,29.24,81.22,Achham,1.0,3.0,0.0,5.0,3.0,8.0,6.0,2.0,35.0,35.0,35.0,MEDIUM
Martadi Bazaar,29.45,81.48,Bajura,2.0,6.0,0.0,4.0,6.0,1.0,2.0,0.0,85.0,60.0,70.0,HIGH
Kolti Village,29.55,81.65,Bajura,3.0,8.0,1.0,3.0,7.0,0.0,1.0,0.0,90.0,70.0,78.0,HIGH
Budhinanda Lake,29.65,81.5,Bajura,5.0,12.0,4.0,3.0,8.0,0.0,0.0,0.0,100.0,90.0,96.0,HIGH
Ramaroshan Trek Route,29.28,81.4,Achham,4.0,10.0,3.0,4.0,7.0,0.0,0.0,0.0,100.0,85.0,92.0,HIGH
Surma Sarovar Lake,29.8,81.2,Bajhang,6.0,14.0,8.0,2.0,9.0,0.0,0.0,0.0,100.0,98.0,99.0,HIGH
Chainpur Bazaar,29.54,81.2,Bajhang,2.0,5.0,0.0,3.0,5.0,3.0,3.0,1.0,60.0,45.0,51.0,MEDIUM
Saipal Base Camp,29.95,81.3,Bajhang,8.0,16.0,12.0,2.0,10.0,0.0,0.0,0.0,100.0,100.0,100.0,HIGH
Jumla Bazaar,29.27,82.18,Jumla,2.0,5.0,1.0,3.0,5.0,4.0,4.0,1.0,55.0,45.0,49.0,MEDIUM
Sinja Valley,29.25,82.0,Jumla,5.0,10.0,4.0,3.0,7.0,0.0,1.0,0.0,90.0,80.0,86.0,HIGH
Chandannath Temple,29.28,82.18,Jumla,1.0,3.0,0.0,2.0,4.0,8.0,5.0,2.0,35.0,30.0,32.0,MEDIUM
Patmara Village,29.4,82.1,Jumla,3.0,8.0,2.0,3.0,6.0,0.0,1.0,0.0,90.0,70.0,78.0,HIGH
Rara National Park Area,29.52,82.08,Mugu,6.0,12.0,5.0,5.0,8.0,0.0,0.0,0.0,100.0,90.0,96.0,HIGH
Murma Village,29.53,82.05,Mugu,4.0,10.0,3.0,4.0,7.0,0.0,0.0,0.0,100.0,80.0,88.0,HIGH
Talcha Airport Area,29.5,82.1,Mugu,2.0,5.0,1.0,3.0,5.0,2.0,2.0,1.0,65.0,50.0,56.0,MEDIUM
Karnali River Rafting,29.0,81.9,Kalikot,6.0,5.0,0.0,12.0,5.0,1.0,2.0,0.0,85.0,75.0,81.0,HIGH
Raskot View Point,29.2,81.65,Kalikot,3.0,9.0,2.0,3.0,7.0,0.0,1.0,0.0,90.0,75.0,81.0,HIGH
Pachal Jharana,29.25,81.7,Kalikot,4.0,10.0,1.0,5.0,6.0,0.0,0.0,0.0,100.0,80.0,88.0,HIGH
Chandannath Hill,29.28,82.16,Jumla,2.0,6.0,1.0,2.0,5.0,2.0,2.0,0.0,75.0,55.0,63.0,MEDIUM
Shey Phoksundo Waterfall,29.2,82.95,Dolpa,7.0,15.0,8.0,3.0,9.0,0.0,0.0,0.0,100.0,98.0,99.0,HIGH
Ringmo Village,29.22,82.96,Dolpa,5.0,12.0,6.0,2.0,8.0,0.0,0.0,0.0,100.0,90.0,96.0,HIGH
Dunai Bazaar,29.0,82.82,Dolpa,2.0,6.0,1.0,3.0,6.0,1.0,2.0,0.0,85.0,55.0,67.0,HIGH
Juphal Airport Area,29.28,82.19,Dolpa,3.0,7.0,2.0,2.0,6.0,1.0,1.0,0.0,90.0,65.0,75.0,HIGH
Dho Tarap Valley,29.35,83.0,Dolpa,8.0,16.0,10.0,2.0,10.0,0.0,0.0,0.0,100.0,100.0,100.0,HIGH
Phoksundo Lake Camp,29.21,82.95,Dolpa,6.0,13.0,8.0,2.0,9.0,0.0,0.0,0.0,100.0,95.0,98.0,HIGH
Kakre Bihar,28.6,81.65,Surkhet,1.0,3.0,0.0,4.0,4.0,10.0,8.0,2.0,35.0,30.0,32.0,MEDIUM
Deuti Bajai Temple,28.6,81.63,Surkhet,1.0,2.0,0.0,3.0,3.0,15.0,10.0,3.0,25.0,25.0,25.0,LOW
Bulbule Lake,28.61,81.65,Surkhet,1.0,1.0,0.0,5.0,2.0,12.0,8.0,2.0,35.0,25.0,29.0,LOW
Gurbhakot Valley,28.5,81.65,Surkhet,3.0,8.0,0.0,8.0,5.0,3.0,3.0,1.0,65.0,60.0,62.0,MEDIUM
Bardiya Karnali Corridor,28.6,81.2,Bardiya,4.0,2.0,0.0,12.0,3.0,4.0,5.0,1.0,55.0,55.0,55.0,MEDIUM
Kankrebihar Forest,28.6,81.63,Surkhet,2.0,3.0,0.0,3.0,4.0,8.0,7.0,2.0,40.0,30.0,34.0,MEDIUM
Kupinde Lake,28.88,82.1,Salyan,4.0,9.0,1.0,5.0,6.0,1.0,1.0,0.0,85.0,75.0,79.0,HIGH
Kumakh Lake,28.95,82.2,Salyan,3.0,7.0,0.0,5.0,5.0,1.0,2.0,0.0,80.0,65.0,71.0,HIGH
Khalanga Salyan,28.37,82.18,Salyan,1.0,4.0,0.0,3.0,4.0,5.0,5.0,1.0,45.0,35.0,39.0,MEDIUM
Swargadwari Temple,28.13,82.85,Pyuthan,2.0,5.0,0.0,3.0,4.0,8.0,6.0,2.0,35.0,40.0,38.0,MEDIUM
Jaljala Hill,28.25,82.6,Pyuthan,3.0,8.0,1.0,3.0,5.0,1.0,1.0,0.0,90.0,65.0,75.0,HIGH
Gaumukhi Area,28.15,82.7,Pyuthan,2.0,7.0,0.0,4.0,5.0,1.0,1.0,0.0,90.0,60.0,72.0,HIGH
Rolpa War Museum Area,28.3,82.64,Rolpa,2.0,6.0,0.0,3.0,5.0,3.0,3.0,1.0,65.0,50.0,56.0,MEDIUM
Jaljala Rolpa,28.38,82.65,Rolpa,4.0,10.0,2.0,3.0,7.0,0.0,1.0,0.0,90.0,80.0,86.0,HIGH
Thawang Village,28.45,82.55,Rolpa,5.0,12.0,3.0,2.0,8.0,0.0,0.0,0.0,100.0,90.0,96.0,HIGH
Libang Bazaar,28.3,82.63,Rolpa,1.0,4.0,0.0,3.0,4.0,5.0,5.0,1.0,45.0,35.0,39.0,MEDIUM
Nuwakot Kakani Trail,27.8,85.28,Nuwakot,2.0,5.0,0.0,3.0,5.0,50.0,35.0,10.0,15.0,35.0,40.0,LOW
Dupcheshwor Rural,27.92,85.35,Nuwakot,4.0,7.0,0.0,4.0,6.0,20.0,15.0,5.0,35.0,45.0,50.0,MEDIUM
Tadi Rural Hills,27.85,85.2,Nuwakot,3.0,5.0,0.0,5.0,5.0,25.0,20.0,5.0,25.0,40.0,45.0,MEDIUM
Rasuwa Dhunche,28.17,85.3,Rasuwa,5.0,8.0,4.0,2.0,8.0,30.0,25.0,5.0,40.0,60.0,65.0,MEDIUM
Gatlang Village,28.22,85.35,Rasuwa,8.0,12.0,6.0,2.0,8.0,5.0,5.0,2.0,75.0,80.0,78.0,HIGH
Briddim Village,28.18,85.38,Rasuwa,6.0,10.0,5.0,3.0,7.0,5.0,5.0,2.0,65.0,70.0,72.0,HIGH
Thuman Village,28.23,85.4,Rasuwa,7.0,12.0,5.0,2.0,8.0,0.0,0.0,0.0,100.0,80.0,82.0,HIGH
Timure Village,28.26,85.37,Rasuwa,10.0,15.0,8.0,3.0,9.0,5.0,5.0,2.0,80.0,85.0,85.0,HIGH
Langtang Village,28.22,85.5,Rasuwa,12.0,15.0,10.0,2.0,10.0,0.0,0.0,0.0,100.0,95.0,92.0,HIGH
Kyanjin Gompa,28.21,85.57,Rasuwa,15.0,18.0,12.0,1.0,10.0,0.0,0.0,0.0,100.0,95.0,95.0,HIGH
Chautara Bazaar,27.78,85.72,Sindhupalchok,3.0,5.0,0.0,8.0,7.0,30.0,25.0,10.0,30.0,55.0,55.0,MEDIUM
Balephi Village,27.9,85.75,Sindhupalchok,4.0,8.0,0.0,10.0,8.0,20.0,15.0,5.0,45.0,65.0,65.0,MEDIUM
Listikot Village,27.9,85.85,Sindhupalchok,7.0,12.0,4.0,5.0,8.0,5.0,5.0,2.0,70.0,75.0,75.0,HIGH
Helambu Sermathang,28.05,85.58,Sindhupalchok,5.0,10.0,5.0,3.0,7.0,10.0,10.0,3.0,65.0,70.0,70.0,HIGH
Melamchi Area,28.13,85.57,Sindhupalchok,4.0,6.0,0.0,12.0,7.0,30.0,25.0,10.0,35.0,60.0,60.0,MEDIUM
Banepa Hills,27.63,85.52,Kavre,1.0,2.0,0.0,3.0,5.0,70.0,50.0,20.0,5.0,20.0,25.0,LOW
Dapcha Village,27.52,85.6,Kavre,3.0,5.0,0.0,5.0,4.0,30.0,20.0,5.0,20.0,35.0,40.0,MEDIUM
Bethanchok Hill,27.53,85.45,Kavre,4.0,8.0,0.0,4.0,6.0,20.0,15.0,5.0,35.0,45.0,50.0,MEDIUM
Panauti Old Town,27.58,85.52,Kavre,1.0,1.0,0.0,3.0,3.0,70.0,50.0,20.0,5.0,15.0,22.0,LOW
Namobuddha Monastery,27.58,85.56,Kavre,1.0,2.0,0.0,3.0,4.0,60.0,50.0,20.0,5.0,20.0,25.0,LOW
Dolalghat River Area,27.62,85.6,Kavre,2.0,2.0,0.0,12.0,4.0,40.0,30.0,10.0,20.0,45.0,45.0,MEDIUM
Hetauda Martyr Memorial,27.43,85.03,Makwanpur,1.0,3.0,0.0,8.0,4.0,70.0,50.0,20.0,10.0,30.0,32.0,LOW
Indrasarowar Lake,27.57,85.15,Makwanpur,3.0,5.0,0.0,10.0,5.0,30.0,20.0,10.0,30.0,45.0,50.0,MEDIUM
Bharatpur Elephant Breeding Area,27.6,84.45,Chitwan,3.0,1.0,0.0,12.0,3.0,70.0,50.0,15.0,10.0,45.0,40.0,MEDIUM
Sauraha Village,27.58,84.49,Chitwan,2.0,1.0,0.0,15.0,3.0,80.0,60.0,20.0,5.0,50.0,40.0,MEDIUM
Devghat Area,27.92,84.41,Tanahun,1.0,2.0,0.0,8.0,4.0,50.0,40.0,10.0,10.0,30.0,32.0,LOW
Bandipur View Point,27.94,84.41,Tanahun,2.0,3.0,0.0,4.0,4.0,50.0,40.0,10.0,10.0,30.0,32.0,LOW
Muglin River Area,27.85,84.6,Chitwan,5.0,8.0,0.0,15.0,5.0,40.0,30.0,10.0,35.0,60.0,60.0,MEDIUM
Manakamana Temple,27.95,84.59,Gorkha,2.0,3.0,0.0,4.0,5.0,50.0,40.0,10.0,10.0,25.0,30.0,LOW
Chepe River Trail,28.0,84.5,Gorkha,5.0,8.0,0.0,5.0,6.0,15.0,10.0,3.0,45.0,55.0,60.0,MEDIUM
Annapurna Village Trail,28.35,84.2,Kaski,4.0,8.0,3.0,3.0,5.0,10.0,5.0,2.0,60.0,60.0,65.0,MEDIUM
Kaskikot Village,28.26,83.9,Kaski,2.0,3.0,0.0,4.0,4.0,50.0,40.0,10.0,15.0,25.0,30.0,LOW
Rupa Lake,28.13,84.12,Kaski,1.0,1.0,0.0,10.0,3.0,60.0,40.0,15.0,10.0,35.0,35.0,LOW
Kahun Danda,28.24,84.0,Kaski,1.0,3.0,0.0,3.0,3.0,70.0,50.0,20.0,5.0,20.0,25.0,LOW
Begnas Rural Trail,28.15,84.1,Kaski,2.0,2.0,0.0,8.0,3.0,60.0,40.0,15.0,10.0,30.0,32.0,LOW
Pumdikot Temple,28.16,83.9,Kaski,2.0,3.0,0.0,3.0,3.0,60.0,50.0,15.0,10.0,20.0,25.0,LOW
Sarangkot Sunrise Point,28.21,83.95,Kaski,2.0,3.0,0.0,4.0,4.0,70.0,60.0,20.0,10.0,25.0,30.0,LOW
Ghandruk Route,28.37,83.81,Kaski,3.0,6.0,2.0,3.0,4.0,20.0,15.0,5.0,30.0,45.0,45.0,MEDIUM
Chhomrong Village,28.52,83.82,Kaski,8.0,10.0,5.0,2.0,6.0,0.0,0.0,0.0,90.0,75.0,80.0,HIGH
Sinuwa Village,28.52,83.85,Kaski,7.0,10.0,5.0,3.0,6.0,0.0,0.0,0.0,90.0,75.0,78.0,HIGH
Machhapuchhre Base Camp,28.5,83.95,Kaski,15.0,15.0,12.0,1.0,8.0,0.0,0.0,0.0,100.0,90.0,90.0,HIGH
Deurali Annapurna Route,28.54,83.9,Kaski,12.0,14.0,10.0,1.0,8.0,0.0,0.0,0.0,100.0,85.0,87.0,HIGH
Dhorpatan Hunting Reserve,28.51,83.0,Baglung,6.0,14.0,8.0,3.0,8.0,0.0,0.0,0.0,100.0,95.0,98.0,HIGH
Tamang Heritage Trail,28.35,85.3,Rasuwa,5.0,11.0,6.0,3.0,7.0,0.0,1.0,0.0,95.0,85.0,89.0,HIGH
Gatlang Village,28.15,85.25,Rasuwa,4.0,10.0,4.0,2.0,6.0,0.0,1.0,0.0,90.0,75.0,81.0,HIGH
Chilime Hydropower Area,28.2,85.35,Rasuwa,3.0,8.0,2.0,5.0,5.0,1.0,1.0,0.0,85.0,65.0,73.0,HIGH
Thuman Village,28.17,85.18,Rasuwa,5.0,12.0,5.0,2.0,7.0,0.0,0.0,0.0,100.0,85.0,91.0,HIGH
Briddim Village,28.23,85.3,Rasuwa,3.0,8.0,3.0,2.0,5.0,1.0,1.0,0.0,85.0,65.0,73.0,HIGH
Nagarkot View Tower,27.72,85.52,Bhaktapur,1.0,2.0,0.0,2.0,3.0,15.0,10.0,4.0,20.0,20.0,20.0,LOW
Changu Narayan Temple,27.72,85.43,Bhaktapur,1.0,1.0,0.0,2.0,4.0,20.0,15.0,5.0,15.0,15.0,15.0,LOW
Bhaktapur Durbar Square,27.67,85.43,Bhaktapur,1.0,1.0,0.0,1.0,6.0,25.0,20.0,6.0,10.0,15.0,12.0,LOW
Suryabinayak Forest,27.66,85.43,Bhaktapur,2.0,3.0,0.0,3.0,4.0,10.0,8.0,2.0,35.0,30.0,32.0,MEDIUM
Boudhanath Stupa,27.72,85.36,Kathmandu,0.0,0.0,0.0,1.0,5.0,40.0,30.0,10.0,5.0,10.0,7.0,LOW
Pashupatinath Temple,27.71,85.35,Kathmandu,0.0,0.0,0.0,1.0,5.0,50.0,35.0,12.0,5.0,10.0,7.0,LOW
Swayambhunath Stupa,27.715,85.29,Kathmandu,1.0,1.0,0.0,1.0,5.0,35.0,25.0,8.0,10.0,12.0,11.0,LOW
Kirtipur Old Town,27.68,85.28,Kathmandu,1.0,2.0,0.0,2.0,5.0,20.0,15.0,5.0,20.0,20.0,20.0,LOW
Garden of Dreams,27.71,85.32,Kathmandu,0.0,0.0,0.0,1.0,2.0,40.0,30.0,10.0,5.0,5.0,5.0,LOW
Shivapuri National Park,27.82,85.38,Kathmandu,3.0,8.0,0.0,4.0,5.0,5.0,5.0,1.0,55.0,60.0,58.0,MEDIUM
Kakani Hill,27.82,85.25,Nuwakot,2.0,5.0,0.0,3.0,4.0,5.0,4.0,1.0,55.0,45.0,49.0,MEDIUM
Chisapani Village,27.8,85.43,Kathmandu,3.0,7.0,1.0,2.0,5.0,2.0,2.0,0.0,80.0,60.0,68.0,HIGH
Sundarijal Waterfall,27.79,85.4,Kathmandu,2.0,3.0,0.0,8.0,3.0,10.0,8.0,2.0,35.0,45.0,39.0,MEDIUM
Budhanilkantha Temple,27.78,85.36,Kathmandu,1.0,1.0,0.0,2.0,3.0,30.0,20.0,5.0,10.0,15.0,12.0,LOW
White Gumba,27.75,85.26,Kathmandu,1.0,2.0,0.0,2.0,4.0,15.0,10.0,3.0,30.0,25.0,27.0,LOW
Jamacho Monastery,27.78,85.23,Kathmandu,2.0,5.0,0.0,2.0,4.0,5.0,4.0,1.0,50.0,40.0,44.0,MEDIUM
Patan Durbar Square,27.67,85.32,Lalitpur,0.0,1.0,0.0,1.0,6.0,40.0,30.0,8.0,5.0,10.0,8.0,LOW
Godavari Botanical Garden,27.59,85.36,Lalitpur,1.0,2.0,0.0,3.0,3.0,20.0,15.0,5.0,20.0,25.0,22.0,LOW
Phulchoki Hill,27.58,85.38,Lalitpur,4.0,9.0,2.0,2.0,6.0,3.0,3.0,1.0,60.0,75.0,69.0,HIGH
Bungamati Village,27.62,85.3,Lalitpur,1.0,1.0,0.0,2.0,5.0,20.0,15.0,5.0,20.0,15.0,18.0,LOW
Khokana Village,27.62,85.28,Lalitpur,1.0,2.0,0.0,2.0,5.0,18.0,15.0,4.0,25.0,20.0,22.0,LOW
Ranikot View Point,27.62,85.41,Bhaktapur,2.0,5.0,0.0,2.0,4.0,8.0,5.0,1.0,40.0,40.0,40.0,MEDIUM
Daman View Tower,27.6,85.12,Makwanpur,3.0,6.0,1.0,3.0,5.0,5.0,4.0,1.0,55.0,60.0,58.0,MEDIUM
Markhu Village,27.58,85.15,Makwanpur,3.0,7.0,0.0,8.0,4.0,3.0,3.0,1.0,60.0,65.0,63.0,MEDIUM
Kulekhani Lake,27.58,85.15,Makwanpur,4.0,5.0,0.0,12.0,5.0,4.0,4.0,1.0,55.0,70.0,64.0,MEDIUM
Indrasarovar,27.57,85.16,Makwanpur,3.0,4.0,0.0,10.0,4.0,5.0,4.0,1.0,50.0,55.0,53.0,MEDIUM
Hetauda Martyr Memorial,27.43,85.03,Makwanpur,1.0,2.0,0.0,3.0,3.0,15.0,10.0,3.0,25.0,25.0,25.0,LOW
Sim Bhanjyang,27.58,85.1,Makwanpur,4.0,8.0,2.0,2.0,6.0,2.0,2.0,0.0,75.0,70.0,72.0,HIGH
Chandragiri Hills,27.69,85.22,Kathmandu,1.0,3.0,0.0,2.0,4.0,25.0,15.0,5.0,15.0,25.0,19.0,LOW
Thankot View Point,27.69,85.2,Kathmandu,1.0,2.0,0.0,2.0,4.0,15.0,10.0,3.0,30.0,25.0,27.0,LOW
Kalinchowk Temple Route,27.95,86.05,Dolakha,5.0,10.0,6.0,2.0,7.0,1.0,1.0,0.0,85.0,85.0,85.0,HIGH
Jugal Himal Base Area,28.0,85.85,Sindhupalchok,7.0,14.0,10.0,2.0,9.0,0.0,0.0,0.0,100.0,100.0,100.0,HIGH
Panch Pokhari Trail,28.0,85.62,Sindhupalchok,5.0,12.0,5.0,3.0,8.0,0.0,1.0,0.0,95.0,90.0,92.0,HIGH
Helambu Village,28.05,85.55,Sindhupalchok,4.0,10.0,4.0,3.0,7.0,1.0,1.0,0.0,85.0,80.0,82.0,HIGH
Melamchi Bazaar,28.13,85.57,Sindhupalchok,2.0,6.0,0.0,8.0,5.0,5.0,5.0,1.0,55.0,55.0,55.0,MEDIUM
Ama Yangri Peak,28.07,85.65,Sindhupalchok,4.0,11.0,5.0,2.0,7.0,0.0,0.0,0.0,100.0,85.0,91.0,HIGH
Kori Danda Trail,28.4,84.15,Kaski,8.0,12.0,5.0,3.0,7.0,0.0,0.0,0.0,100.0,75.0,80.0,HIGH
Kapuche Glacier Lake,28.48,84.15,Kaski,10.0,15.0,8.0,4.0,8.0,0.0,0.0,0.0,100.0,85.0,85.0,HIGH
Sikles Village Route,28.38,84.15,Kaski,5.0,8.0,3.0,3.0,5.0,10.0,5.0,2.0,55.0,60.0,62.0,MEDIUM
Tangting Village,28.33,84.1,Kaski,3.0,5.0,0.0,4.0,4.0,20.0,15.0,5.0,30.0,45.0,45.0,MEDIUM
Lwang Village,28.42,83.93,Kaski,2.0,4.0,0.0,4.0,3.0,30.0,25.0,5.0,20.0,35.0,38.0,MEDIUM
Astam Village,28.33,83.9,Kaski,1.0,2.0,0.0,3.0,3.0,50.0,40.0,10.0,10.0,20.0,25.0,LOW
Australian Camp,28.31,83.87,Kaski,2.0,5.0,0.0,3.0,4.0,40.0,30.0,10.0,15.0,30.0,35.0,LOW
Dhampus Trek Route,28.32,83.82,Kaski,2.0,3.0,0.0,3.0,3.0,50.0,40.0,10.0,10.0,20.0,25.0,LOW
Panchase Bhanjyang,28.25,83.8,Kaski,3.0,6.0,0.0,3.0,5.0,20.0,15.0,5.0,30.0,40.0,45.0,MEDIUM
Kahun View Tower,28.24,84.0,Kaski,1.0,3.0,0.0,3.0,3.0,70.0,50.0,20.0,5.0,20.0,25.0,LOW
Ghalegaun Homestay,28.25,84.37,Lamjung,2.0,4.0,0.0,4.0,5.0,25.0,15.0,5.0,20.0,35.0,38.0,LOW
Siurung Village,28.3,84.35,Lamjung,3.0,6.0,0.0,4.0,5.0,15.0,10.0,3.0,35.0,45.0,50.0,MEDIUM
Ghanpokhara,28.3,84.42,Lamjung,4.0,7.0,2.0,3.0,6.0,15.0,10.0,3.0,40.0,50.0,55.0,MEDIUM
Dordi River Valley,28.35,84.45,Lamjung,6.0,10.0,4.0,5.0,7.0,5.0,5.0,2.0,65.0,70.0,72.0,HIGH
Besisahar Market,28.23,84.38,Lamjung,2.0,3.0,0.0,5.0,4.0,50.0,40.0,10.0,10.0,25.0,30.0,LOW
Trekker Camp Tal,28.52,84.4,Manang,10.0,15.0,8.0,3.0,8.0,0.0,0.0,0.0,100.0,85.0,85.0,HIGH
Dharapani Trek Point,28.55,84.26,Manang,8.0,12.0,6.0,3.0,7.0,5.0,5.0,2.0,75.0,75.0,75.0,HIGH
Bagarchhap Village,28.56,84.22,Manang,9.0,13.0,7.0,2.0,8.0,0.0,0.0,0.0,100.0,85.0,85.0,HIGH
Chame Village,28.55,84.21,Manang,6.0,10.0,5.0,2.0,7.0,10.0,5.0,2.0,70.0,70.0,72.0,HIGH
Pisang Village,28.61,84.08,Manang,8.0,12.0,7.0,3.0,8.0,0.0,0.0,0.0,100.0,80.0,82.0,HIGH
Manang Village,28.67,84.02,Manang,10.0,15.0,10.0,2.0,9.0,0.0,0.0,0.0,100.0,90.0,88.0,HIGH
Ice Lake Manang,28.68,84.0,Manang,15.0,18.0,12.0,1.0,10.0,0.0,0.0,0.0,100.0,95.0,95.0,HIGH
Yak Kharka Trail,28.7,84.0,Manang,15.0,18.0,15.0,1.0,10.0,0.0,0.0,0.0,100.0,100.0,97.0,HIGH
Thorong Phedi,28.75,84.0,Manang,18.0,20.0,18.0,0.0,10.0,0.0,0.0,0.0,100.0,100.0,98.0,HIGH
Muktinath Rural Route,28.82,83.87,Mustang,5.0,8.0,5.0,1.0,5.0,10.0,10.0,3.0,70.0,65.0,68.0,HIGH
Jharkot Village,28.82,83.85,Mustang,4.0,6.0,4.0,1.0,5.0,10.0,10.0,3.0,60.0,55.0,60.0,MEDIUM
Kagbeni Trail,28.83,83.78,Mustang,4.0,5.0,3.0,2.0,5.0,10.0,10.0,3.0,60.0,55.0,60.0,MEDIUM
Jomsom Airport Area,28.78,83.72,Mustang,3.0,4.0,3.0,2.0,4.0,20.0,20.0,5.0,40.0,45.0,45.0,MEDIUM
Marpha Apple Village,28.75,83.69,Mustang,2.0,4.0,3.0,1.0,5.0,20.0,15.0,5.0,40.0,45.0,45.0,MEDIUM
Tatopani Hot Spring,28.5,83.6,Myagdi,5.0,7.0,2.0,10.0,5.0,20.0,15.0,5.0,45.0,55.0,55.0,MEDIUM
Dana Village,28.55,83.62,Myagdi,5.0,8.0,3.0,5.0,6.0,15.0,10.0,3.0,50.0,60.0,62.0,MEDIUM
Dhaulagiri Base Route,28.7,83.5,Myagdi,18.0,20.0,18.0,1.0,10.0,0.0,0.0,0.0,100.0,100.0,98.0,HIGH
Khayar Lake,28.5,83.85,Myagdi,15.0,18.0,12.0,1.0,9.0,0.0,0.0,0.0,100.0,90.0,92.0,HIGH
Mohare Danda,28.42,83.6,Myagdi,5.0,8.0,3.0,3.0,5.0,5.0,5.0,2.0,60.0,60.0,65.0,MEDIUM
Poon Hill Sunrise,28.4,83.69,Myagdi,3.0,5.0,2.0,2.0,4.0,10.0,8.0,3.0,45.0,40.0,48.0,MEDIUM
Khopra Ridge,28.45,83.7,Myagdi,10.0,14.0,8.0,2.0,7.0,0.0,0.0,0.0,100.0,85.0,85.0,HIGH
Sikha Village,28.52,83.65,Myagdi,4.0,7.0,2.0,5.0,5.0,10.0,10.0,3.0,55.0,55.0,60.0,MEDIUM
Beni Bazaar,28.34,83.55,Myagdi,2.0,4.0,0.0,8.0,5.0,50.0,40.0,10.0,20.0,40.0,42.0,MEDIUM
Melamchi Waterfall,28.12,85.57,Sindhupalchok,3.0,7.0,0.0,10.0,5.0,4.0,4.0,1.0,60.0,65.0,63.0,MEDIUM
Bhotang Village,28.1,85.7,Sindhupalchok,5.0,12.0,4.0,3.0,8.0,0.0,1.0,0.0,95.0,85.0,89.0,HIGH
Yarsa Trail Area,28.05,85.8,Sindhupalchok,6.0,13.0,6.0,2.0,8.0,0.0,0.0,0.0,100.0,90.0,96.0,HIGH
Ganesh Himal Base Area,28.2,85.1,Dhading,7.0,14.0,8.0,3.0,9.0,0.0,0.0,0.0,100.0,95.0,98.0,HIGH
Ruby Valley,28.3,85.15,Dhading,5.0,11.0,5.0,3.0,7.0,0.0,1.0,0.0,95.0,85.0,89.0,HIGH
Sertung Village,28.25,85.15,Dhading,4.0,9.0,3.0,3.0,6.0,1.0,1.0,0.0,85.0,75.0,79.0,HIGH
Adhikari Village,28.1,84.95,Dhading,2.0,6.0,0.0,5.0,5.0,3.0,3.0,1.0,65.0,55.0,59.0,MEDIUM
Dhadingbesi Bazaar,28.01,84.88,Dhading,1.0,3.0,0.0,5.0,4.0,10.0,8.0,2.0,30.0,35.0,32.0,LOW
Trishuli River Beach,27.92,85.15,Dhading,4.0,2.0,0.0,12.0,3.0,5.0,4.0,1.0,55.0,55.0,55.0,MEDIUM
Chitlang Village,27.65,85.25,Makwanpur,2.0,4.0,0.0,3.0,4.0,10.0,8.0,2.0,30.0,35.0,32.0,LOW
Kulekhani Dam,27.59,85.15,Makwanpur,3.0,5.0,0.0,15.0,4.0,8.0,6.0,2.0,45.0,60.0,51.0,MEDIUM
Palung Village,27.62,85.1,Makwanpur,2.0,5.0,1.0,3.0,5.0,5.0,4.0,1.0,55.0,50.0,52.0,MEDIUM
Tistung Village,27.62,85.08,Makwanpur,3.0,7.0,1.0,3.0,5.0,3.0,3.0,0.0,70.0,60.0,64.0,MEDIUM
Namo Buddha Monastery,27.56,85.58,Kavrepalanchok,1.0,1.0,0.0,2.0,4.0,20.0,15.0,5.0,15.0,15.0,15.0,LOW
Panauti Heritage Town,27.58,85.52,Kavrepalanchok,1.0,1.0,0.0,4.0,5.0,15.0,12.0,4.0,20.0,20.0,20.0,LOW
Dhulikhel View Tower,27.62,85.54,Kavrepalanchok,1.0,2.0,0.0,2.0,4.0,20.0,15.0,5.0,15.0,20.0,17.0,LOW
Namobuddha Trail,27.56,85.57,Kavrepalanchok,2.0,4.0,0.0,2.0,5.0,8.0,6.0,2.0,35.0,35.0,35.0,MEDIUM
Timal Village,27.7,85.65,Kavrepalanchok,3.0,7.0,1.0,3.0,5.0,3.0,3.0,1.0,65.0,60.0,62.0,MEDIUM
Bethanchok Narayanthan,27.57,85.68,Kavrepalanchok,2.0,5.0,0.0,3.0,4.0,5.0,5.0,1.0,50.0,40.0,44.0,MEDIUM
Gosaikunda Lake Route,28.08,85.42,Rasuwa,8.0,15.0,10.0,2.0,9.0,0.0,0.0,0.0,100.0,100.0,100.0,HIGH
Lauribina Pass,28.07,85.43,Rasuwa,9.0,16.0,12.0,2.0,10.0,0.0,0.0,0.0,100.0,100.0,100.0,HIGH
Dhunchhe Village,28.11,85.3,Rasuwa,3.0,8.0,3.0,4.0,6.0,2.0,2.0,0.0,75.0,70.0,72.0,HIGH
Langtang Village,28.22,85.55,Rasuwa,6.0,14.0,7.0,2.0,8.0,0.0,0.0,0.0,100.0,95.0,98.0,HIGH
Kyanjin Ri Viewpoint,28.22,85.57,Rasuwa,7.0,15.0,9.0,1.0,9.0,0.0,0.0,0.0,100.0,100.0,100.0,HIGH
Yala Peak Base Camp,28.25,85.58,Rasuwa,8.0,16.0,12.0,1.0,10.0,0.0,0.0,0.0,100.0,100.0,100.0,HIGH
Timure Border,28.3,85.38,Rasuwa,4.0,10.0,4.0,5.0,7.0,0.0,1.0,0.0,90.0,80.0,84.0,HIGH
Rasuwa Fort,28.15,85.25,Rasuwa,2.0,5.0,1.0,2.0,5.0,2.0,2.0,0.0,70.0,50.0,58.0,MEDIUM
Sundari Dada,27.95,85.9,Sindhupalchok,3.0,6.0,0.0,4.0,5.0,2.0,2.0,0.0,75.0,55.0,63.0,MEDIUM
Tatopani Border,27.99,85.97,Sindhupalchok,4.0,8.0,2.0,8.0,6.0,2.0,2.0,0.0,70.0,75.0,73.0,HIGH
Barhabise Bazaar,27.78,85.9,Sindhupalchok,2.0,5.0,0.0,7.0,5.0,5.0,5.0,1.0,55.0,55.0,55.0,MEDIUM
Larcha Village,28.0,85.97,Sindhupalchok,4.0,10.0,3.0,6.0,7.0,1.0,1.0,0.0,90.0,80.0,84.0,HIGH
Dolalghat River Area,27.6,85.72,Kavrepalanchok,3.0,2.0,0.0,10.0,3.0,8.0,6.0,2.0,40.0,55.0,46.0,MEDIUM
Sanga View Tower,27.67,85.43,Bhaktapur,0.0,1.0,0.0,1.0,3.0,25.0,20.0,6.0,5.0,8.0,6.0,LOW
Ranikot Hiking Trail,27.62,85.41,Bhaktapur,2.0,5.0,0.0,2.0,4.0,8.0,5.0,1.0,40.0,40.0,40.0,MEDIUM
Panchase Trek,28.23,83.83,Kaski,3.0,8.0,2.0,2.0,5.0,2.0,2.0,0.0,75.0,65.0,69.0,HIGH
Begnas Tal,28.16,84.11,Kaski,1.0,2.0,0.0,8.0,3.0,12.0,10.0,3.0,30.0,35.0,32.0,LOW
Rupa Lake Wetland,28.15,84.1,Kaski,2.0,2.0,0.0,8.0,3.0,10.0,8.0,2.0,35.0,40.0,38.0,MEDIUM
Kahun Danda,28.25,83.99,Kaski,1.0,3.0,0.0,2.0,3.0,10.0,8.0,2.0,30.0,25.0,27.0,LOW
World Peace Pagoda,28.19,83.93,Kaski,1.0,2.0,0.0,2.0,3.0,20.0,15.0,5.0,15.0,20.0,17.0,LOW
Sarangkot Sunrise Point,28.21,83.95,Kaski,1.0,3.0,0.0,2.0,4.0,20.0,15.0,5.0,15.0,25.0,19.0,LOW
Seti River Gorge,28.23,83.98,Kaski,4.0,2.0,0.0,6.0,3.0,10.0,8.0,2.0,40.0,45.0,42.0,MEDIUM
Seti River Gorge Adventure,28.23,83.98,Kaski,5.0,2.0,0.0,7.0,3.0,10.0,8.0,2.0,45.0,50.0,48.0,MEDIUM
Davis Falls,28.19,83.97,Kaski,3.0,1.0,0.0,6.0,2.0,25.0,20.0,5.0,10.0,25.0,16.0,LOW
Tal Barahi Temple,28.21,83.96,Kaski,1.0,0.0,0.0,5.0,2.0,30.0,20.0,5.0,10.0,15.0,12.0,LOW
Phewa Lake Boating Area,28.21,83.95,Kaski,3.0,0.0,0.0,8.0,2.0,25.0,20.0,5.0,15.0,25.0,21.0,LOW
Begnas Lake Boating,28.16,84.11,Kaski,2.0,1.0,0.0,9.0,2.0,15.0,10.0,3.0,30.0,30.0,30.0,LOW
Pumdikot Hill,28.17,83.92,Kaski,1.0,3.0,0.0,2.0,3.0,12.0,8.0,2.0,30.0,25.0,27.0,LOW
Annapurna Sanctuary Route,28.53,84.56,Kaski,8.0,14.0,10.0,2.0,8.0,0.0,0.0,0.0,100.0,98.0,99.0,HIGH
Machhapuchhre Base Camp,28.5,84.53,Kaski,7.0,15.0,12.0,2.0,9.0,0.0,0.0,0.0,100.0,100.0,100.0,HIGH
Deurali Annapurna,28.52,84.47,Kaski,8.0,16.0,11.0,2.0,9.0,0.0,0.0,0.0,100.0,100.0,100.0,HIGH
Jhinu Danda,28.42,83.82,Kaski,3.0,7.0,2.0,3.0,5.0,2.0,2.0,0.0,75.0,65.0,69.0,HIGH
Chhomrong Village,28.52,83.82,Kaski,4.0,9.0,4.0,2.0,6.0,1.0,1.0,0.0,90.0,75.0,81.0,HIGH
Sinuwa Village,28.5,83.82,Kaski,4.0,8.0,3.0,2.0,6.0,1.0,1.0,0.0,85.0,70.0,76.0,HIGH
Bamboo Forest Route,28.5,83.8,Kaski,5.0,10.0,5.0,2.0,7.0,0.0,1.0,0.0,95.0,80.0,86.0,HIGH
Muldai View Point,28.42,83.72,Myagdi,3.0,8.0,3.0,2.0,5.0,0.0,1.0,0.0,90.0,70.0,78.0,HIGH
Kopra Danda,28.46,83.63,Myagdi,4.0,10.0,5.0,2.0,7.0,0.0,0.0,0.0,100.0,85.0,91.0,HIGH
Khayer Lake,28.48,83.63,Myagdi,6.0,13.0,8.0,2.0,8.0,0.0,0.0,0.0,100.0,95.0,98.0,HIGH
Tatopani Natural Hot Spring,28.54,83.67,Myagdi,2.0,6.0,0.0,7.0,4.0,3.0,3.0,1.0,60.0,55.0,57.0,MEDIUM
Beni Jomsom Road,28.6,83.7,Myagdi,7.0,12.0,3.0,5.0,7.0,1.0,1.0,0.0,90.0,85.0,87.0,HIGH
Kali Gandaki River Trail,28.65,83.65,Mustang,5.0,10.0,4.0,4.0,6.0,0.0,1.0,0.0,90.0,80.0,84.0,HIGH
Muktinath Temple,28.82,83.87,Mustang,2.0,6.0,3.0,1.0,5.0,2.0,2.0,0.0,75.0,55.0,63.0,MEDIUM
Jomsom Wind Valley,28.78,83.72,Mustang,5.0,7.0,4.0,2.0,5.0,2.0,2.0,0.0,75.0,65.0,69.0,HIGH
Kagbeni Village,28.84,83.78,Mustang,3.0,6.0,2.0,3.0,5.0,2.0,2.0,0.0,70.0,55.0,61.0,MEDIUM
Eklebhatti Mustang,28.85,83.76,Mustang,3.0,7.0,2.0,2.0,5.0,1.0,1.0,0.0,85.0,60.0,70.0,HIGH
Tiji Festival Area,29.18,83.96,Mustang,2.0,5.0,2.0,1.0,5.0,0.0,0.0,0.0,100.0,55.0,73.0,HIGH
Chhoser Cave,29.25,83.9,Mustang,3.0,8.0,4.0,1.0,6.0,0.0,0.0,0.0,100.0,75.0,85.0,HIGH
Muktinath Hiking Route,28.83,83.86,Mustang,4.0,8.0,4.0,2.0,6.0,1.0,1.0,0.0,90.0,75.0,81.0,HIGH
Kagbeni River Crossing,28.84,83.77,Mustang,4.0,5.0,0.0,10.0,4.0,1.0,1.0,0.0,85.0,65.0,73.0,HIGH
Manakamana Cable Car,27.95,84.58,Gorkha,1.0,2.0,0.0,3.0,5.0,20.0,15.0,5.0,15.0,20.0,17.0,LOW
Gorkha Palace,28.0,84.63,Gorkha,2.0,2.0,0.0,2.0,7.0,15.0,12.0,3.0,20.0,25.0,22.0,LOW
Ligligkot Hill,27.98,84.65,Gorkha,2.0,5.0,0.0,2.0,5.0,4.0,4.0,1.0,55.0,40.0,46.0,MEDIUM
Barpak Trek,28.22,84.75,Gorkha,5.0,12.0,3.0,3.0,8.0,0.0,1.0,0.0,95.0,85.0,89.0,HIGH
Laprak Homestay Area,28.28,84.77,Gorkha,4.0,10.0,3.0,2.0,7.0,0.0,1.0,0.0,95.0,75.0,83.0,HIGH
Sama Gaun Trek Route,28.6,84.65,Gorkha,6.0,14.0,8.0,2.0,9.0,0.0,0.0,0.0,100.0,95.0,98.0,HIGH
Birendra Lake Manaslu,28.65,84.62,Gorkha,7.0,15.0,10.0,2.0,9.0,0.0,0.0,0.0,100.0,100.0,100.0,HIGH
Manaslu Base Camp,28.65,84.56,Gorkha,9.0,17.0,13.0,1.0,10.0,0.0,0.0,0.0,100.0,100.0,100.0,HIGH
Larke Pass Route,28.75,84.6,Gorkha,10.0,18.0,15.0,2.0,10.0,0.0,0.0,0.0,100.0,100.0,100.0,HIGH
Tsum Valley Trek,28.53,84.85,Gorkha,7.0,15.0,8.0,2.0,9.0,0.0,0.0,0.0,100.0,95.0,98.0,HIGH
Mu Gompa,28.65,85.0,Gorkha,6.0,14.0,10.0,1.0,9.0,0.0,0.0,0.0,100.0,98.0,99.0,HIGH
Boudha Himal Area,28.7,84.9,Gorkha,7.0,16.0,12.0,1.0,10.0,0.0,0.0,0.0,100.0,100.0,100.0,HIGH
Dhorpatan Hunting Reserve,28.48,83.0,Baglung,12.0,15.0,8.0,4.0,8.0,5.0,5.0,2.0,75.0,85.0,82.0,HIGH
Galkot Palace Area,28.22,83.42,Baglung,3.0,5.0,0.0,5.0,5.0,30.0,25.0,10.0,20.0,35.0,40.0,MEDIUM
Taman Khola Valley,28.65,83.1,Baglung,8.0,12.0,5.0,3.0,7.0,0.0,0.0,0.0,90.0,75.0,78.0,HIGH
Nishi Khola Village,28.4,82.9,Baglung,6.0,10.0,3.0,4.0,6.0,5.0,5.0,2.0,65.0,70.0,70.0,HIGH
Dhorpatan Trail Camp,28.52,83.0,Baglung,10.0,15.0,8.0,3.0,8.0,0.0,0.0,0.0,100.0,85.0,88.0,HIGH
Kushma Suspension Bridge,28.215,83.68,Parbat,1.0,2.0,0.0,4.0,3.0,50.0,40.0,15.0,5.0,20.0,25.0,LOW
Jaljala Hill,28.35,83.5,Parbat,5.0,8.0,3.0,3.0,5.0,5.0,5.0,2.0,60.0,60.0,62.0,MEDIUM
Modi Khola Valley,28.3,83.7,Parbat,4.0,7.0,2.0,5.0,5.0,10.0,10.0,3.0,55.0,60.0,62.0,MEDIUM
Arthar Village,28.2,83.7,Parbat,2.0,4.0,0.0,4.0,3.0,40.0,30.0,10.0,15.0,25.0,30.0,LOW
Syangja Chisapani,28.0,83.8,Syangja,2.0,4.0,0.0,5.0,4.0,30.0,25.0,10.0,15.0,30.0,35.0,LOW
Aandhikhola Trail,28.05,83.9,Syangja,2.0,3.0,0.0,5.0,3.0,30.0,25.0,10.0,10.0,25.0,30.0,LOW
Waling Hill Route,27.98,83.76,Syangja,2.0,4.0,0.0,5.0,4.0,30.0,20.0,5.0,20.0,35.0,40.0,MEDIUM
Tansen Srinagar View,27.87,83.54,Palpa,1.0,2.0,0.0,3.0,3.0,60.0,50.0,15.0,5.0,20.0,25.0,LOW
Rani Mahal Palace,27.85,83.54,Palpa,1.0,1.0,0.0,8.0,3.0,40.0,35.0,10.0,5.0,30.0,30.0,LOW
Satyawati Lake Trail,27.9,83.3,Gulmi,3.0,6.0,0.0,4.0,5.0,20.0,20.0,5.0,30.0,45.0,50.0,MEDIUM
Resunga Hill Forest,28.07,83.25,Gulmi,2.0,4.0,0.0,3.0,5.0,30.0,25.0,10.0,15.0,30.0,35.0,LOW
Tamghas Rural Area,28.05,83.25,Gulmi,3.0,5.0,0.0,5.0,5.0,25.0,20.0,5.0,25.0,40.0,45.0,MEDIUM
Jaljala Rolpa,28.42,82.65,Rolpa,10.0,15.0,5.0,3.0,9.0,0.0,0.0,0.0,100.0,85.0,85.0,HIGH
Runtigadhi Village,28.2,82.75,Rolpa,5.0,10.0,2.0,3.0,7.0,5.0,5.0,2.0,65.0,70.0,70.0,HIGH
Thawang Village,28.45,82.7,Rolpa,12.0,15.0,8.0,2.0,9.0,0.0,0.0,0.0,100.0,90.0,90.0,HIGH
Putha Himal Area,28.7,82.6,Rukum East,15.0,18.0,10.0,2.0,10.0,0.0,0.0,0.0,100.0,95.0,92.0,HIGH
Jajarkot Khalanga,28.7,82.18,Jajarkot,3.0,5.0,0.0,5.0,8.0,25.0,20.0,5.0,40.0,60.0,60.0,MEDIUM
Nalgad Valley,28.65,82.1,Jajarkot,6.0,10.0,2.0,6.0,7.0,10.0,10.0,3.0,60.0,70.0,72.0,HIGH
Dailekh Dullu,28.84,81.71,Dailekh,4.0,7.0,0.0,5.0,6.0,20.0,20.0,5.0,40.0,55.0,60.0,MEDIUM
Dullu Heritage Site,28.84,81.7,Dailekh,2.0,3.0,0.0,4.0,5.0,30.0,25.0,10.0,20.0,30.0,35.0,LOW
Surkhet Kakrebihar,28.6,81.63,Surkhet,1.0,2.0,0.0,5.0,4.0,60.0,50.0,15.0,5.0,20.0,25.0,LOW
Bulbule Lake,28.59,81.62,Surkhet,1.0,1.0,0.0,6.0,3.0,60.0,50.0,15.0,5.0,25.0,28.0,LOW
Rara Trek Route,29.53,82.08,Mugu,8.0,12.0,5.0,3.0,7.0,0.0,0.0,0.0,100.0,80.0,82.0,HIGH
Talcha Village,29.52,82.09,Mugu,7.0,10.0,4.0,3.0,6.0,0.0,0.0,0.0,90.0,75.0,78.0,HIGH
Mugu Karnali Trail,29.4,82.1,Mugu,10.0,15.0,5.0,5.0,8.0,0.0,0.0,0.0,100.0,85.0,88.0,HIGH
Shey Phoksundo Route,29.21,82.96,Dolpa,12.0,18.0,12.0,3.0,8.0,0.0,0.0,0.0,100.0,95.0,90.0,HIGH
Dolpo Crystal Mountain,29.0,82.9,Dolpa,15.0,20.0,15.0,1.0,10.0,0.0,0.0,0.0,100.0,100.0,97.0,HIGH
Kang La Pass,28.95,82.7,Dolpa,18.0,20.0,18.0,0.0,10.0,0.0,0.0,0.0,100.0,100.0,98.0,HIGH
Bajura Badimalika,29.42,81.42,Bajura,12.0,15.0,8.0,3.0,8.0,0.0,0.0,0.0,100.0,85.0,86.0,HIGH
Bajura Budhinanda,29.5,81.43,Bajura,10.0,14.0,7.0,2.0,7.0,0.0,0.0,0.0,100.0,80.0,82.0,HIGH
Achham Ramaroshan,29.1,81.2,Achham,5.0,8.0,0.0,8.0,5.0,10.0,10.0,3.0,55.0,60.0,65.0,MEDIUM
Doti Khaptad Route,29.32,81.15,Doti,4.0,6.0,0.0,6.0,4.0,15.0,20.0,5.0,40.0,50.0,55.0,MEDIUM
Baitadi Patan,29.52,80.43,Baitadi,3.0,5.0,0.0,5.0,5.0,20.0,20.0,5.0,35.0,45.0,50.0,MEDIUM
Manaslu Conservation Area,28.65,84.7,Gorkha,8.0,16.0,12.0,2.0,10.0,0.0,0.0,0.0,100.0,100.0,100.0,HIGH
Pungyen Gompa,28.65,84.6,Gorkha,6.0,13.0,9.0,1.0,8.0,0.0,0.0,0.0,100.0,95.0,98.0,HIGH
Chhekampar Village,28.62,84.85,Gorkha,6.0,14.0,8.0,2.0,9.0,0.0,0.0,0.0,100.0,95.0,98.0,HIGH
Mu Gompa Trail,28.68,84.95,Gorkha,8.0,16.0,12.0,1.0,10.0,0.0,0.0,0.0,100.0,100.0,100.0,HIGH
Tsum Nubri Border,28.7,84.8,Gorkha,7.0,15.0,10.0,2.0,9.0,0.0,0.0,0.0,100.0,98.0,99.0,HIGH
Boudha Himal Glacier,28.75,84.85,Gorkha,9.0,18.0,15.0,1.0,10.0,0.0,0.0,0.0,100.0,100.0,100.0,HIGH
Ganesh Himal View,28.15,85.0,Dhading,4.0,10.0,5.0,3.0,7.0,1.0,1.0,0.0,85.0,80.0,82.0,HIGH
Jharlang Village,28.18,85.2,Dhading,5.0,12.0,4.0,4.0,8.0,0.0,1.0,0.0,95.0,85.0,89.0,HIGH
Tipling Village,28.25,85.18,Dhading,4.0,11.0,5.0,3.0,7.0,0.0,1.0,0.0,95.0,85.0,89.0,HIGH
Kuri Village Kalinchowk,27.95,86.05,Dolakha,5.0,10.0,7.0,2.0,7.0,1.0,1.0,0.0,85.0,85.0,85.0,HIGH
Bigubesi Village,27.8,86.0,Dolakha,3.0,7.0,2.0,3.0,6.0,1.0,1.0,0.0,85.0,65.0,73.0,HIGH
Rolwaling Glacier Lake,27.85,86.45,Dolakha,8.0,16.0,12.0,2.0,10.0,0.0,0.0,0.0,100.0,100.0,100.0,HIGH
Na Village,27.85,86.45,Dolakha,7.0,15.0,10.0,2.0,9.0,0.0,0.0,0.0,100.0,98.0,99.0,HIGH
Beding Village,27.85,86.4,Dolakha,5.0,13.0,8.0,2.0,8.0,0.0,0.0,0.0,100.0,95.0,98.0,HIGH
Simigaun Village,27.85,86.38,Dolakha,4.0,10.0,5.0,3.0,7.0,0.0,1.0,0.0,90.0,80.0,84.0,HIGH
Everest View Hotel Area,27.97,86.74,Solukhumbu,3.0,8.0,5.0,1.0,6.0,0.0,0.0,0.0,100.0,80.0,88.0,HIGH
Namche Bazaar,27.805,86.71,Solukhumbu,4.0,10.0,6.0,1.0,7.0,1.0,1.0,0.0,90.0,85.0,87.0,HIGH
Sagarmatha National Park,27.95,86.8,Solukhumbu,8.0,16.0,14.0,2.0,10.0,0.0,0.0,0.0,100.0,100.0,100.0,HIGH
Kala Patthar,27.98,86.83,Solukhumbu,10.0,18.0,15.0,1.0,10.0,0.0,0.0,0.0,100.0,100.0,100.0,HIGH
Gokyo Lake,27.95,86.7,Solukhumbu,8.0,15.0,12.0,2.0,9.0,0.0,0.0,0.0,100.0,100.0,100.0,HIGH
Gokyo Ri,27.96,86.69,Solukhumbu,9.0,17.0,14.0,1.0,10.0,0.0,0.0,0.0,100.0,100.0,100.0,HIGH
Cho La Pass,27.95,86.65,Solukhumbu,10.0,18.0,16.0,1.0,10.0,0.0,0.0,0.0,100.0,100.0,100.0,HIGH
Renjo La Pass,27.98,86.62,Solukhumbu,9.0,17.0,15.0,1.0,10.0,0.0,0.0,0.0,100.0,100.0,100.0,HIGH
Thame Valley,27.95,86.7,Solukhumbu,5.0,11.0,7.0,2.0,7.0,0.0,1.0,0.0,95.0,85.0,89.0,HIGH
Phakding Village,27.74,86.72,Solukhumbu,3.0,7.0,3.0,2.0,5.0,2.0,2.0,0.0,75.0,60.0,66.0,HIGH
Lukla Airport Area,27.687,86.731,Solukhumbu,5.0,5.0,2.0,1.0,6.0,3.0,3.0,1.0,65.0,55.0,59.0,MEDIUM
Pheriche Village,27.9,86.82,Solukhumbu,6.0,12.0,9.0,1.0,8.0,0.0,0.0,0.0,100.0,90.0,96.0,HIGH
Tengboche Monastery,27.84,86.76,Solukhumbu,3.0,8.0,5.0,1.0,6.0,1.0,1.0,0.0,85.0,70.0,76.0,HIGH
Dole Village,27.92,86.71,Solukhumbu,5.0,12.0,8.0,1.0,8.0,0.0,0.0,0.0,100.0,95.0,98.0,HIGH
Machhermo Village,27.95,86.73,Solukhumbu,6.0,13.0,9.0,1.0,8.0,0.0,0.0,0.0,100.0,98.0,99.0,HIGH
Makalu Base Camp Trail,27.78,87.1,Sankhuwasabha,8.0,17.0,13.0,2.0,10.0,0.0,0.0,0.0,100.0,100.0,100.0,HIGH
Barun Glacier Area,27.76,87.05,Sankhuwasabha,9.0,18.0,15.0,1.0,10.0,0.0,0.0,0.0,100.0,100.0,100.0,HIGH
Tumlingtar View Point,27.3,87.19,Sankhuwasabha,1.0,3.0,0.0,3.0,3.0,10.0,8.0,2.0,30.0,25.0,27.0,LOW
Arun Valley,27.55,87.25,Sankhuwasabha,4.0,10.0,3.0,5.0,6.0,1.0,1.0,0.0,90.0,80.0,84.0,HIGH
Mundum Trail,27.4,87.0,Khotang,4.0,9.0,3.0,3.0,6.0,1.0,1.0,0.0,85.0,75.0,79.0,HIGH
Halesi Mahadev Cave,27.32,86.72,Khotang,1.0,2.0,0.0,2.0,5.0,15.0,10.0,3.0,25.0,20.0,22.0,LOW
Diktel Rupakot Hill,27.21,86.79,Khotang,2.0,5.0,0.0,3.0,5.0,5.0,5.0,1.0,50.0,45.0,47.0,MEDIUM
Silichung Peak Route,27.5,87.05,Sankhuwasabha,8.0,15.0,12.0,2.0,9.0,0.0,0.0,0.0,100.0,100.0,100.0,HIGH
Kanchenjunga North Base Camp,27.75,88.0,Taplejung,10.0,18.0,16.0,2.0,10.0,0.0,0.0,0.0,100.0,100.0,100.0,HIGH
Kanchenjunga South Base Camp,27.6,87.9,Taplejung,9.0,17.0,14.0,2.0,10.0,0.0,0.0,0.0,100.0,100.0,100.0,HIGH
Pathibhara Temple Trail,27.42,87.75,Taplejung,5.0,11.0,6.0,2.0,7.0,1.0,1.0,0.0,90.0,85.0,87.0,HIGH
Api Base Camp,29.95,80.95,Darchula,15.0,18.0,15.0,2.0,10.0,0.0,0.0,0.0,100.0,95.0,92.0,HIGH
Darchula Khalanga,29.85,80.55,Darchula,4.0,7.0,0.0,5.0,6.0,20.0,20.0,5.0,40.0,55.0,60.0,MEDIUM
Gokuleshwor Village,29.85,80.6,Darchula,3.0,6.0,0.0,5.0,5.0,15.0,15.0,5.0,45.0,50.0,55.0,MEDIUM
Kailash Mansarovar Route Nepal,30.0,80.9,Darchula,18.0,20.0,18.0,1.0,10.0,0.0,0.0,0.0,100.0,100.0,98.0,HIGH
Shaileshwari Temple,29.2,80.9,Doti,2.0,4.0,0.0,5.0,4.0,30.0,25.0,10.0,20.0,35.0,40.0,MEDIUM
Dipayal Silgadhi,29.27,80.95,Doti,2.0,3.0,0.0,5.0,4.0,40.0,30.0,10.0,15.0,30.0,35.0,LOW
Dadeldhura Ajaymeru,29.3,80.55,Dadeldhura,3.0,5.0,0.0,4.0,5.0,25.0,20.0,5.0,30.0,45.0,50.0,MEDIUM
Amargadhi Fort,29.3,80.58,Dadeldhura,1.0,2.0,0.0,3.0,4.0,40.0,30.0,10.0,10.0,20.0,25.0,LOW
Ugratara Temple,29.31,80.6,Dadeldhura,1.0,1.0,0.0,3.0,4.0,40.0,35.0,10.0,5.0,20.0,22.0,LOW
Baitadi Tripura Sundari,29.52,80.43,Baitadi,3.0,5.0,0.0,4.0,5.0,20.0,20.0,5.0,35.0,45.0,50.0,MEDIUM
Patan Baitadi Village,29.51,80.5,Baitadi,2.0,4.0,0.0,5.0,5.0,20.0,20.0,5.0,30.0,40.0,45.0,MEDIUM
Suklaphanta National Park,28.85,80.25,Kanchanpur,4.0,1.0,0.0,15.0,3.0,30.0,30.0,10.0,20.0,50.0,50.0,MEDIUM
Mahendranagar Area,28.96,80.18,Kanchanpur,1.0,1.0,0.0,12.0,3.0,70.0,50.0,20.0,5.0,35.0,35.0,LOW
Dodhara Chandani Bridge,28.95,80.08,Kanchanpur,2.0,2.0,0.0,12.0,3.0,50.0,40.0,10.0,15.0,40.0,42.0,MEDIUM
Godawari Kailali,28.7,80.6,Kailali,2.0,1.0,0.0,15.0,3.0,40.0,30.0,10.0,20.0,45.0,45.0,MEDIUM
Tikapur Park,28.53,81.13,Kailali,1.0,1.0,0.0,12.0,3.0,50.0,40.0,15.0,10.0,40.0,38.0,MEDIUM
Ghodaghodi Lake,28.7,80.95,Kailali,2.0,2.0,0.0,15.0,3.0,30.0,25.0,10.0,20.0,50.0,50.0,MEDIUM
Bardiya National Park East,28.4,81.3,Bardiya,6.0,1.0,0.0,10.0,3.0,25.0,30.0,10.0,25.0,45.0,48.0,MEDIUM
Thakurdwara Village,28.42,81.32,Bardiya,3.0,1.0,0.0,10.0,3.0,20.0,20.0,5.0,30.0,40.0,42.0,MEDIUM
Karnali Bridge Area,28.45,81.3,Bardiya,4.0,2.0,0.0,15.0,3.0,25.0,20.0,5.0,35.0,50.0,52.0,MEDIUM
Nepalgunj Bageshwori,28.05,81.62,Banke,1.0,1.0,0.0,10.0,4.0,90.0,70.0,25.0,5.0,35.0,32.0,LOW
Banke National Park,28.1,81.75,Banke,5.0,2.0,0.0,10.0,3.0,20.0,20.0,5.0,25.0,45.0,50.0,MEDIUM
Kohalpur Forest Area,28.15,81.68,Banke,3.0,2.0,0.0,12.0,3.0,50.0,40.0,15.0,15.0,40.0,42.0,MEDIUM
Tansen Rural Trail,27.87,83.54,Palpa,2.0,3.0,0.0,4.0,4.0,50.0,40.0,10.0,10.0,25.0,30.0,LOW
Argali Village,27.85,83.6,Palpa,2.0,4.0,0.0,4.0,4.0,30.0,25.0,10.0,15.0,30.0,35.0,LOW
Ridi Bazaar,27.87,83.45,Gulmi,1.0,2.0,0.0,8.0,4.0,30.0,25.0,10.0,15.0,35.0,38.0,MEDIUM
Kali Gandaki Corridor,27.9,83.5,Palpa,4.0,8.0,0.0,10.0,5.0,20.0,15.0,5.0,40.0,60.0,62.0,MEDIUM
Nawalparasi Forest Route,27.6,83.8,Nawalpur,3.0,1.0,0.0,12.0,3.0,40.0,30.0,10.0,20.0,40.0,42.0,MEDIUM
Devchuli Hill,27.7,84.0,Nawalpur,2.0,4.0,0.0,6.0,4.0,30.0,25.0,10.0,20.0,35.0,40.0,MEDIUM
Maula Kalika Temple,27.7,84.42,Nawalpur,1.0,2.0,0.0,5.0,4.0,50.0,40.0,10.0,10.0,25.0,30.0,LOW
Triveni Dham,27.55,83.9,Nawalparasi,1.0,1.0,0.0,12.0,3.0,30.0,25.0,10.0,15.0,40.0,42.0,MEDIUM
Lumbini Garden Area,27.4698,83.276,Rupandehi,0.0,0.0,0.0,5.0,2.0,100.0,90.0,30.0,0.0,10.0,15.0,LOW
Tilaurakot Palace,27.57,83.05,Kapilvastu,1.0,1.0,0.0,5.0,3.0,50.0,40.0,15.0,5.0,20.0,25.0,LOW
Jagadishpur Reservoir,27.6,83.1,Kapilvastu,1.0,1.0,0.0,15.0,3.0,30.0,25.0,10.0,20.0,40.0,45.0,MEDIUM
Swargadwari Rural Route,28.06,82.8,Pyuthan,4.0,6.0,0.0,3.0,5.0,20.0,20.0,5.0,35.0,45.0,50.0,MEDIUM
Pyuthan Khalanga,28.09,82.87,Pyuthan,2.0,4.0,0.0,5.0,5.0,30.0,25.0,10.0,20.0,35.0,40.0,MEDIUM
Jaljale Lekh Trail,28.4,82.65,Rolpa,10.0,15.0,5.0,3.0,9.0,0.0,0.0,0.0,100.0,85.0,85.0,HIGH
Rukum Sisne Trail,28.7,82.6,Rukum East,15.0,18.0,10.0,2.0,10.0,0.0,0.0,0.0,100.0,95.0,92.0,HIGH
Sani Bheri Valley,28.6,82.25,Rukum West,8.0,12.0,3.0,4.0,7.0,5.0,5.0,2.0,70.0,75.0,75.0,HIGH
Musikot Bazaar,28.63,82.48,Rukum West,3.0,5.0,0.0,5.0,6.0,30.0,25.0,10.0,25.0,45.0,50.0,MEDIUM
Chaurjahari Area,28.65,82.2,Rukum West,4.0,8.0,0.0,5.0,6.0,20.0,20.0,5.0,40.0,50.0,55.0,MEDIUM
Musikot Khalanga View,28.63,82.48,Rukum West,3.0,5.0,0.0,5.0,6.0,30.0,25.0,10.0,25.0,45.0,50.0,MEDIUM
Sani Bheri Riverside,28.62,82.3,Rukum West,5.0,8.0,0.0,10.0,5.0,15.0,15.0,5.0,45.0,60.0,62.0,MEDIUM
Dolpa Juphal Trail,29.27,82.19,Dolpa,8.0,12.0,5.0,2.0,8.0,0.0,0.0,0.0,100.0,80.0,82.0,HIGH
Chharka Village,29.05,83.0,Dolpa,12.0,18.0,12.0,1.0,9.0,0.0,0.0,0.0,100.0,90.0,90.0,HIGH
Phoksundo Waterfall,29.22,82.96,Dolpa,12.0,18.0,12.0,2.0,8.0,0.0,0.0,0.0,100.0,95.0,90.0,HIGH
Ringmo Village,29.2,82.95,Dolpa,10.0,15.0,10.0,2.0,8.0,0.0,0.0,0.0,100.0,85.0,88.0,HIGH
Shey Gompa,29.25,83.05,Dolpa,15.0,20.0,15.0,1.0,10.0,0.0,0.0,0.0,100.0,100.0,97.0,HIGH
Saldang Village,29.4,83.1,Dolpa,15.0,18.0,14.0,1.0,10.0,0.0,0.0,0.0,100.0,95.0,94.0,HIGH
Dho Tarap Valley,29.15,82.9,Dolpa,14.0,18.0,12.0,1.0,10.0,0.0,0.0,0.0,100.0,95.0,94.0,HIGH
Karnali River Camp,29.0,82.6,Dolpa,8.0,15.0,5.0,8.0,7.0,0.0,0.0,0.0,100.0,80.0,82.0,HIGH
Mugu Gamgadhi,29.55,82.1,Mugu,5.0,8.0,0.0,5.0,7.0,15.0,10.0,3.0,65.0,65.0,68.0,MEDIUM
Chankheli Himal Area,29.65,82.8,Mugu,14.0,18.0,12.0,2.0,9.0,0.0,0.0,0.0,100.0,95.0,92.0,HIGH
Rara View Point,29.53,82.08,Mugu,6.0,8.0,3.0,3.0,6.0,0.0,0.0,0.0,90.0,75.0,78.0,HIGH
Mugu Karnali Camp,29.45,82.1,Mugu,10.0,15.0,5.0,5.0,8.0,0.0,0.0,0.0,100.0,85.0,88.0,HIGH
Jumla Chandannath,29.27,82.18,Jumla,3.0,6.0,0.0,5.0,6.0,20.0,20.0,5.0,45.0,55.0,60.0,MEDIUM
Jumla Sinja Valley,29.4,82.2,Jumla,8.0,12.0,3.0,4.0,7.0,5.0,5.0,2.0,70.0,75.0,75.0,HIGH
Patmara Village,29.3,82.25,Jumla,6.0,10.0,2.0,3.0,7.0,5.0,5.0,2.0,65.0,65.0,70.0,HIGH
Raskot Valley,29.3,81.9,Kalikot,8.0,12.0,3.0,5.0,8.0,5.0,5.0,2.0,70.0,75.0,78.0,HIGH
Pachal Jharana,29.12,81.8,Kalikot,5.0,10.0,0.0,4.0,7.0,0.0,0.0,0.0,90.0,70.0,75.0,HIGH
Manma Bazaar,29.15,81.65,Kalikot,3.0,5.0,0.0,5.0,6.0,20.0,20.0,5.0,40.0,55.0,60.0,MEDIUM
Ramaroshan Lake Trail,29.1,81.2,Achham,5.0,8.0,0.0,8.0,5.0,10.0,10.0,3.0,55.0,60.0,65.0,MEDIUM
Achham Turmakhad,29.1,81.4,Achham,4.0,7.0,0.0,5.0,6.0,15.0,15.0,5.0,45.0,55.0,60.0,MEDIUM
Bajura Martadi,29.45,81.6,Bajura,4.0,8.0,0.0,5.0,7.0,15.0,10.0,3.0,50.0,60.0,65.0,MEDIUM
Kolti Airport Area,29.5,81.15,Bajura,5.0,7.0,0.0,4.0,6.0,15.0,10.0,3.0,55.0,55.0,60.0,MEDIUM
Bajura Swamikartik,29.5,81.5,Bajura,8.0,12.0,3.0,4.0,7.0,0.0,0.0,0.0,90.0,75.0,80.0,HIGH
Baitadi Patan Hill,29.52,80.43,Baitadi,2.0,4.0,0.0,5.0,5.0,20.0,20.0,5.0,30.0,40.0,45.0,MEDIUM
Darchula Api Trail,29.95,80.95,Darchula,15.0,18.0,15.0,2.0,10.0,0.0,0.0,0.0,100.0,95.0,92.0,HIGH
Darchula Rapla Village,29.85,80.85,Darchula,6.0,10.0,5.0,3.0,7.0,5.0,5.0,2.0,65.0,70.0,72.0,HIGH
Kailali Tikapur River,28.52,81.13,Kailali,2.0,1.0,0.0,15.0,3.0,50.0,40.0,15.0,10.0,40.0,42.0,MEDIUM
Ghodaghodi Wetland,28.7,80.95,Kailali,2.0,2.0,0.0,15.0,3.0,30.0,25.0,10.0,20.0,50.0,50.0,MEDIUM
Suklaphanta Grassland,28.85,80.25,Kanchanpur,4.0,1.0,0.0,15.0,3.0,30.0,30.0,10.0,20.0,50.0,50.0,MEDIUM
Mahakali River Side,28.95,80.15,Kanchanpur,3.0,2.0,0.0,18.0,3.0,40.0,30.0,10.0,20.0,55.0,55.0,MEDIUM
Belauri Area,28.8,80.65,Kanchanpur,2.0,1.0,0.0,12.0,3.0,30.0,25.0,10.0,20.0,40.0,42.0,MEDIUM
Banke Forest Route,28.1,81.75,Banke,5.0,2.0,0.0,10.0,3.0,20.0,20.0,5.0,25.0,45.0,50.0,MEDIUM
Kohalpur Forest,28.15,81.68,Banke,3.0,2.0,0.0,12.0,3.0,50.0,40.0,15.0,15.0,40.0,42.0,MEDIUM
Bardia Tiger Camp,28.4,81.3,Bardia,5.0,1.0,0.0,10.0,3.0,25.0,30.0,10.0,25.0,45.0,48.0,MEDIUM
Thakurdwara Safari Route,28.42,81.32,Bardia,3.0,1.0,0.0,10.0,3.0,20.0,20.0,5.0,30.0,40.0,42.0,MEDIUM
Nawalpur Community Forest,27.6,84.0,Nawalpur,3.0,1.0,0.0,12.0,3.0,40.0,30.0,10.0,20.0,40.0,42.0,MEDIUM
Devchuli Hill Trail,27.7,84.0,Nawalpur,2.0,4.0,0.0,6.0,4.0,30.0,25.0,10.0,20.0,35.0,40.0,MEDIUM
Triveni Riverside,27.55,83.9,Nawalparasi,1.0,1.0,0.0,12.0,3.0,30.0,25.0,10.0,15.0,40.0,42.0,MEDIUM
Jagadishpur Lake,27.6,83.1,Kapilvastu,1.0,1.0,0.0,15.0,3.0,30.0,25.0,10.0,20.0,40.0,45.0,MEDIUM
Pathibhara Base Area,27.41,87.75,Taplejung,4.0,10.0,5.0,2.0,7.0,1.0,1.0,0.0,90.0,80.0,84.0,HIGH
Olangchung Gola Village,27.65,87.95,Taplejung,7.0,15.0,10.0,2.0,9.0,0.0,0.0,0.0,100.0,98.0,99.0,HIGH
Ghunsa Village,27.65,87.85,Taplejung,6.0,14.0,9.0,1.0,9.0,0.0,0.0,0.0,100.0,95.0,98.0,HIGH
Lhonak Camp Area,27.8,88.0,Taplejung,10.0,18.0,16.0,1.0,10.0,0.0,0.0,0.0,100.0,100.0,100.0,HIGH
Sele La Pass,27.7,87.9,Taplejung,9.0,17.0,15.0,1.0,10.0,0.0,0.0,0.0,100.0,100.0,100.0,HIGH
Panchthar View Tower,27.15,87.85,Panchthar,1.0,3.0,0.0,2.0,4.0,8.0,6.0,2.0,35.0,25.0,29.0,LOW
Kanyam Tea Garden,26.9,87.93,Ilam,1.0,2.0,0.0,4.0,3.0,15.0,10.0,3.0,20.0,20.0,20.0,LOW
Antu Danda,26.88,87.9,Ilam,2.0,4.0,0.0,3.0,4.0,8.0,6.0,2.0,40.0,35.0,37.0,MEDIUM
Sandakpur Hill,26.95,87.92,Ilam,4.0,9.0,2.0,3.0,5.0,3.0,3.0,1.0,70.0,65.0,68.0,HIGH
Mai Pokhari,26.98,87.95,Ilam,2.0,3.0,0.0,5.0,3.0,10.0,8.0,2.0,35.0,35.0,35.0,MEDIUM
Fikkal Bazaar,26.9,88.0,Ilam,1.0,2.0,0.0,3.0,3.0,15.0,10.0,3.0,20.0,20.0,20.0,LOW
Siddhithumka Hill,26.9,87.9,Ilam,2.0,5.0,0.0,3.0,4.0,5.0,5.0,1.0,50.0,40.0,44.0,MEDIUM
Tinjure Milke Jaljale,27.25,87.4,Tehrathum,5.0,12.0,5.0,2.0,7.0,0.0,1.0,0.0,95.0,85.0,89.0,HIGH
Gupha Pokhari,27.25,87.35,Tehrathum,3.0,7.0,2.0,3.0,5.0,2.0,2.0,0.0,75.0,60.0,66.0,HIGH
Basantapur Hill,27.17,87.4,Tehrathum,2.0,4.0,0.0,3.0,4.0,5.0,5.0,1.0,45.0,35.0,39.0,MEDIUM
Mude View Point,27.17,87.3,Dhankuta,2.0,5.0,0.0,2.0,4.0,5.0,4.0,1.0,50.0,40.0,44.0,MEDIUM
Hile Bazaar,26.99,87.33,Dhankuta,1.0,2.0,0.0,3.0,3.0,12.0,10.0,3.0,25.0,20.0,22.0,LOW
Namaste Jharana,27.05,87.35,Dhankuta,3.0,6.0,0.0,7.0,4.0,5.0,4.0,1.0,55.0,55.0,55.0,MEDIUM
Bhedetar View Point,26.8,87.28,Dhankuta,1.0,3.0,0.0,2.0,3.0,20.0,15.0,5.0,15.0,20.0,17.0,LOW
Dharan Clock Tower,26.81,87.28,Sunsari,0.0,0.0,0.0,4.0,5.0,30.0,25.0,8.0,5.0,10.0,8.0,LOW
Budhasubba Temple,26.82,87.27,Sunsari,1.0,1.0,0.0,3.0,4.0,25.0,20.0,6.0,10.0,15.0,12.0,LOW
Vijayapur Hill,26.82,87.27,Sunsari,1.0,2.0,0.0,3.0,4.0,15.0,10.0,3.0,25.0,25.0,25.0,LOW
Koshi Tappu Wildlife Reserve,26.67,87.0,Sunsari,3.0,0.0,0.0,15.0,2.0,10.0,8.0,2.0,45.0,50.0,48.0,MEDIUM
Baraha Kshetra,26.85,87.15,Sunsari,1.0,1.0,0.0,8.0,2.0,15.0,12.0,3.0,30.0,35.0,32.0,LOW
Namaste Falls,27.02,87.33,Dhankuta,3.0,6.0,0.0,6.0,4.0,5.0,4.0,1.0,55.0,50.0,52.0,MEDIUM
Arun River Valley,27.35,87.25,Sankhuwasabha,5.0,12.0,4.0,10.0,7.0,0.0,1.0,0.0,95.0,90.0,93.0,HIGH
Makalu Barun Area,27.7,87.1,Sankhuwasabha,9.0,18.0,14.0,2.0,10.0,0.0,0.0,0.0,100.0,100.0,100.0,HIGH
Num Village,27.55,87.25,Sankhuwasabha,3.0,8.0,3.0,5.0,6.0,1.0,1.0,0.0,85.0,75.0,79.0,HIGH
Hatuwagadhi,27.0,87.15,Bhojpur,2.0,5.0,0.0,3.0,4.0,5.0,4.0,1.0,50.0,40.0,44.0,MEDIUM
Taksar Bazaar,27.17,87.05,Bhojpur,1.0,3.0,0.0,3.0,3.0,8.0,6.0,2.0,35.0,30.0,32.0,MEDIUM
Silichong Rural Trail,27.45,87.1,Sankhuwasabha,7.0,15.0,10.0,2.0,9.0,0.0,0.0,0.0,100.0,98.0,99.0,HIGH
Milmke Danda,27.2,87.3,Bhojpur,4.0,10.0,4.0,2.0,6.0,1.0,1.0,0.0,90.0,75.0,81.0,HIGH
Temke Danda,27.3,86.95,Bhojpur,4.0,9.0,3.0,2.0,6.0,1.0,1.0,0.0,90.0,70.0,78.0,HIGH
Salpa Pokhari,27.4,86.9,Bhojpur,6.0,13.0,7.0,2.0,8.0,0.0,0.0,0.0,100.0,90.0,96.0,HIGH
Halesi Trail Route,27.32,86.72,Khotang,2.0,5.0,0.0,2.0,5.0,8.0,6.0,2.0,40.0,40.0,40.0,MEDIUM
Aiselukharka Village,27.25,86.8,Khotang,3.0,7.0,1.0,3.0,5.0,3.0,3.0,1.0,65.0,60.0,62.0,MEDIUM
Diktel View Tower,27.21,86.79,Khotang,1.0,4.0,0.0,2.0,4.0,5.0,5.0,1.0,45.0,35.0,39.0,MEDIUM
Panchase Hill,28.23,83.83,Kaski,3.0,8.0,2.0,2.0,5.0,2.0,2.0,0.0,75.0,65.0,69.0,HIGH
Lamachaur Area,28.25,83.97,Kaski,1.0,2.0,0.0,3.0,3.0,15.0,10.0,3.0,20.0,20.0,20.0,LOW
Matepani Gumba,28.23,84.0,Kaski,1.0,2.0,0.0,2.0,3.0,20.0,15.0,5.0,15.0,15.0,15.0,LOW
Koshi Tappu Wildlife Area,26.85,87.15,Sunsari,2.0,0.0,0.0,15.0,2.0,40.0,30.0,10.0,20.0,45.0,45.0,MEDIUM
Barahachhetra Temple,26.85,87.2,Sunsari,1.0,1.0,0.0,12.0,3.0,50.0,40.0,15.0,10.0,35.0,38.0,MEDIUM
Dharan Bhedetar Hill,26.81,87.3,Sunsari,2.0,4.0,0.0,6.0,4.0,60.0,50.0,20.0,10.0,25.0,30.0,LOW
Bhedetar View Tower,26.81,87.3,Sunsari,1.0,3.0,0.0,5.0,3.0,60.0,50.0,20.0,5.0,20.0,25.0,LOW
Namaste Falls Area,26.76,87.25,Sunsari,3.0,5.0,0.0,8.0,4.0,30.0,25.0,10.0,25.0,40.0,45.0,MEDIUM
Dhankuta Bazaar,26.98,87.35,Dhankuta,2.0,4.0,0.0,5.0,4.0,40.0,30.0,10.0,15.0,30.0,35.0,LOW
Hile Village,26.93,87.34,Dhankuta,2.0,5.0,0.0,4.0,5.0,30.0,25.0,10.0,20.0,35.0,40.0,MEDIUM
Pakhribas Garden,26.99,87.28,Dhankuta,1.0,3.0,0.0,4.0,4.0,40.0,30.0,10.0,15.0,25.0,30.0,LOW
Arun Valley Trail,27.05,87.4,Sankhuwasabha,8.0,12.0,4.0,3.0,7.0,5.0,5.0,2.0,70.0,75.0,78.0,HIGH
Makalu Base Camp,27.7,87.1,Sankhuwasabha,18.0,20.0,18.0,1.0,10.0,0.0,0.0,0.0,100.0,100.0,98.0,HIGH
Num Village,27.55,87.15,Sankhuwasabha,8.0,12.0,5.0,3.0,7.0,5.0,5.0,2.0,70.0,75.0,75.0,HIGH
Tumlingtar Area,27.3,87.2,Sankhuwasabha,3.0,4.0,0.0,8.0,5.0,30.0,25.0,10.0,25.0,45.0,48.0,MEDIUM
Khandbari Hills,27.38,87.2,Sankhuwasabha,2.0,4.0,0.0,5.0,5.0,40.0,30.0,10.0,15.0,30.0,35.0,LOW
Manebhanjyang Village,27.5,86.9,Khotang,4.0,8.0,0.0,5.0,6.0,20.0,20.0,5.0,45.0,55.0,60.0,MEDIUM
Halesi Mahadev Cave,27.38,86.67,Khotang,2.0,3.0,0.0,4.0,5.0,50.0,40.0,10.0,10.0,25.0,30.0,LOW
Diktel Rural Area,27.21,86.79,Khotang,3.0,6.0,0.0,5.0,6.0,25.0,20.0,5.0,35.0,50.0,55.0,MEDIUM
Bhojpur Silichung Trail,27.15,87.05,Bhojpur,12.0,16.0,8.0,3.0,8.0,0.0,0.0,0.0,100.0,90.0,90.0,HIGH
Bhojpur Bazaar,27.17,87.05,Bhojpur,2.0,5.0,0.0,5.0,5.0,35.0,30.0,10.0,20.0,35.0,40.0,MEDIUM
Salpa Pokhari,27.25,87.1,Bhojpur,10.0,14.0,6.0,2.0,8.0,0.0,0.0,0.0,100.0,85.0,85.0,HIGH
Milke Danda,27.4,87.6,Taplejung,15.0,18.0,12.0,2.0,10.0,0.0,0.0,0.0,100.0,95.0,94.0,HIGH
Pathibhara Temple Route,27.35,87.7,Taplejung,12.0,15.0,8.0,3.0,8.0,0.0,0.0,0.0,100.0,85.0,88.0,HIGH
Phungling Bazaar,27.35,87.67,Taplejung,3.0,5.0,0.0,5.0,6.0,30.0,25.0,10.0,30.0,45.0,50.0,MEDIUM
Olangchung Gola,27.87,87.8,Taplejung,18.0,20.0,15.0,1.0,10.0,0.0,0.0,0.0,100.0,100.0,98.0,HIGH
Kanchenjunga Base Camp,27.7,88.0,Taplejung,20.0,20.0,18.0,1.0,10.0,0.0,0.0,0.0,100.0,100.0,99.0,HIGH
Ilam Tea Garden,26.92,87.93,Ilam,1.0,2.0,0.0,5.0,3.0,70.0,60.0,20.0,5.0,20.0,25.0,LOW
Sandakpur View Point,27.0,87.9,Ilam,4.0,8.0,0.0,3.0,5.0,10.0,10.0,3.0,50.0,55.0,60.0,MEDIUM
Kanyam Tea Estate,26.87,87.92,Ilam,1.0,1.0,0.0,4.0,3.0,60.0,50.0,20.0,5.0,15.0,22.0,LOW
Mai Pokhari,26.95,87.85,Ilam,2.0,3.0,0.0,8.0,4.0,40.0,30.0,10.0,20.0,35.0,40.0,MEDIUM
Fikkal Village,26.89,87.94,Ilam,1.0,2.0,0.0,4.0,3.0,60.0,50.0,20.0,5.0,15.0,22.0,LOW
Panchthar Phidim,27.15,87.75,Panchthar,2.0,5.0,0.0,5.0,5.0,35.0,25.0,10.0,20.0,35.0,40.0,MEDIUM
Tinjure Milke Jaljale,27.3,87.5,Tehrathum,15.0,18.0,10.0,2.0,9.0,0.0,0.0,0.0,100.0,95.0,92.0,HIGH
Gupha Pokhari,27.2,87.55,Tehrathum,8.0,12.0,5.0,3.0,7.0,5.0,5.0,2.0,70.0,75.0,78.0,HIGH
Basanta Ritu Trail,27.25,87.45,Tehrathum,6.0,10.0,3.0,3.0,6.0,5.0,5.0,2.0,65.0,70.0,72.0,HIGH
Chainpur Area,27.3,87.25,Sankhuwasabha,3.0,6.0,0.0,5.0,6.0,20.0,20.0,5.0,40.0,55.0,60.0,MEDIUM
Dharan Namaste Trail,26.81,87.29,Sunsari,2.0,3.0,0.0,5.0,3.0,60.0,50.0,20.0,5.0,20.0,25.0,LOW
Itahari Wetland Area,26.66,87.28,Sunsari,1.0,1.0,0.0,12.0,3.0,70.0,60.0,20.0,5.0,30.0,32.0,LOW
Koshi River Camp,26.7,87.1,Sunsari,4.0,1.0,0.0,18.0,3.0,25.0,20.0,5.0,30.0,55.0,58.0,MEDIUM
Birtamod Tea Route,26.65,87.98,Jhapa,1.0,0.0,0.0,15.0,2.0,60.0,50.0,20.0,5.0,30.0,32.0,LOW
Kachankawal Area,26.47,88.05,Jhapa,1.0,0.0,0.0,15.0,2.0,50.0,40.0,15.0,10.0,35.0,35.0,LOW
Damak Forest Area,26.67,87.7,Jhapa,2.0,1.0,0.0,12.0,3.0,60.0,50.0,20.0,10.0,35.0,38.0,MEDIUM
Mechi River Side,26.55,88.1,Jhapa,3.0,1.0,0.0,20.0,3.0,30.0,25.0,10.0,25.0,55.0,55.0,MEDIUM
Ilam Mai Valley,26.9,87.85,Ilam,2.0,3.0,0.0,6.0,4.0,40.0,30.0,10.0,15.0,30.0,35.0,LOW
Solu Junbesi Village,27.58,86.6,Solukhumbu,8.0,12.0,5.0,2.0,7.0,5.0,5.0,2.0,70.0,75.0,78.0,HIGH
Pike Peak Trail,27.6,86.55,Solukhumbu,14.0,18.0,10.0,1.0,9.0,0.0,0.0,0.0,100.0,90.0,92.0,HIGH
Chiwang Monastery,27.7,86.72,Solukhumbu,3.0,5.0,0.0,2.0,5.0,20.0,15.0,5.0,35.0,45.0,50.0,MEDIUM
Phaplu Airport Area,27.52,86.59,Solukhumbu,2.0,4.0,0.0,3.0,5.0,40.0,30.0,10.0,20.0,35.0,40.0,MEDIUM
Kharikhola Village,27.65,86.68,Solukhumbu,6.0,10.0,4.0,2.0,7.0,5.0,5.0,2.0,65.0,70.0,72.0,HIGH
Bupsa Village Trail,27.7,86.72,Solukhumbu,7.0,12.0,5.0,2.0,8.0,0.0,0.0,0.0,90.0,80.0,85.0,HIGH
Thame Village,27.95,86.72,Solukhumbu,10.0,15.0,8.0,1.0,9.0,0.0,0.0,0.0,100.0,90.0,90.0,HIGH
Namche Rural Area,27.81,86.71,Solukhumbu,8.0,12.0,6.0,1.0,8.0,0.0,0.0,0.0,100.0,85.0,88.0,HIGH
Khumjung Village,27.83,86.73,Solukhumbu,8.0,13.0,7.0,1.0,8.0,0.0,0.0,0.0,100.0,90.0,90.0,HIGH
Gokyo Lake Route,27.95,86.69,Solukhumbu,15.0,18.0,12.0,0.0,10.0,0.0,0.0,0.0,100.0,100.0,97.0,HIGH
Renjo La Pass,28.0,86.65,Solukhumbu,18.0,20.0,18.0,0.0,10.0,0.0,0.0,0.0,100.0,100.0,98.0,HIGH
Mera Peak Base Camp,27.7,86.87,Solukhumbu,18.0,20.0,15.0,0.0,10.0,0.0,0.0,0.0,100.0,100.0,98.0,HIGH
Makalu Arun Camp,27.7,87.1,Sankhuwasabha,16.0,20.0,15.0,1.0,10.0,0.0,0.0,0.0,100.0,100.0,98.0,HIGH
Lukla Village,27.687,86.731,Solukhumbu,5.0,8.0,3.0,1.0,6.0,20.0,15.0,5.0,55.0,60.0,65.0,MEDIUM
Surke Village,27.62,86.72,Solukhumbu,6.0,10.0,3.0,2.0,7.0,5.0,5.0,2.0,65.0,70.0,72.0,HIGH
Paiya Village,27.62,86.65,Solukhumbu,5.0,8.0,3.0,2.0,6.0,5.0,5.0,2.0,60.0,65.0,68.0,MEDIUM
Chaurikharka,27.72,86.72,Solukhumbu,6.0,10.0,4.0,2.0,7.0,5.0,5.0,2.0,65.0,70.0,72.0,HIGH
Kangtega View,27.9,86.85,Solukhumbu,12.0,16.0,10.0,1.0,9.0,0.0,0.0,0.0,100.0,90.0,92.0,HIGH
Rolwaling Valley,27.85,86.35,Dolakha,15.0,18.0,12.0,1.0,10.0,0.0,0.0,0.0,100.0,95.0,95.0,HIGH
Bigus Village,27.8,86.25,Dolakha,6.0,10.0,4.0,3.0,7.0,5.0,5.0,2.0,65.0,70.0,72.0,HIGH
Charikot View Point,27.67,86.05,Dolakha,2.0,4.0,0.0,3.0,5.0,50.0,40.0,10.0,15.0,30.0,35.0,LOW
Kalinchowk Temple,27.72,86.05,Dolakha,10.0,15.0,7.0,2.0,8.0,0.0,0.0,0.0,100.0,85.0,88.0,HIGH
Jiri Village,27.63,86.23,Dolakha,4.0,7.0,0.0,4.0,6.0,25.0,20.0,5.0,35.0,50.0,55.0,MEDIUM
Shailung Hill,27.55,86.25,Dolakha,8.0,12.0,5.0,2.0,7.0,5.0,5.0,2.0,70.0,75.0,78.0,HIGH
Tsho Rolpa Lake,27.9,86.47,Dolakha,18.0,20.0,15.0,3.0,10.0,0.0,0.0,0.0,100.0,100.0,98.0,HIGH
Bhairav Kunda,27.95,86.1,Sindhupalchok,12.0,15.0,8.0,3.0,9.0,0.0,0.0,0.0,100.0,85.0,90.0,HIGH
Panch Pokhari,28.0,85.65,Sindhupalchok,15.0,18.0,10.0,2.0,10.0,0.0,0.0,0.0,100.0,95.0,95.0,HIGH
Jugal Himal Trail,28.05,85.85,Sindhupalchok,16.0,20.0,15.0,1.0,10.0,0.0,0.0,0.0,100.0,100.0,98.0,HIGH
Tarkeghyang Village,28.05,85.58,Sindhupalchok,6.0,10.0,5.0,2.0,7.0,5.0,5.0,2.0,65.0,70.0,72.0,HIGH
Nagarkot Rural Edge,27.73,85.52,Bhaktapur,1.0,2.0,0.0,3.0,3.0,80.0,60.0,20.0,5.0,15.0,20.0,LOW
Changu Narayan Rural Trail,27.72,85.43,Bhaktapur,1.0,2.0,0.0,3.0,4.0,70.0,50.0,20.0,5.0,20.0,25.0,LOW
Suryabinayak Forest,27.67,85.43,Bhaktapur,2.0,3.0,0.0,4.0,4.0,60.0,50.0,20.0,10.0,25.0,30.0,LOW
Lakuri Bhanjyang,27.63,85.43,Lalitpur,2.0,4.0,0.0,3.0,4.0,50.0,40.0,10.0,15.0,25.0,30.0,LOW
Phulchowki Hill,27.58,85.38,Lalitpur,4.0,8.0,0.0,3.0,5.0,30.0,25.0,10.0,35.0,45.0,50.0,MEDIUM
Godavari Botanical Area,27.59,85.39,Lalitpur,1.0,1.0,0.0,4.0,3.0,70.0,60.0,20.0,5.0,15.0,22.0,LOW
Kirtipur Heritage Hill,27.68,85.28,Kathmandu,1.0,1.0,0.0,2.0,4.0,90.0,80.0,30.0,0.0,10.0,15.0,LOW
Dakshinkali Temple Area,27.61,85.26,Kathmandu,2.0,3.0,0.0,4.0,4.0,60.0,50.0,20.0,10.0,25.0,30.0,LOW
Champadevi Trail,27.62,85.26,Kathmandu,3.0,5.0,0.0,3.0,5.0,40.0,30.0,10.0,20.0,35.0,40.0,MEDIUM
Shivapuri Ridge Trail,27.82,85.39,Kathmandu,3.0,6.0,0.0,3.0,5.0,50.0,40.0,10.0,20.0,35.0,40.0,MEDIUM
Sundarijal Waterfall,27.79,85.4,Kathmandu,2.0,3.0,0.0,10.0,4.0,50.0,40.0,15.0,15.0,40.0,42.0,MEDIUM
Machhapuchhre View Point,28.35,84.02,Kaski,2.0,4.0,1.0,2.0,4.0,8.0,6.0,2.0,45.0,40.0,42.0,MEDIUM
Pumdikot Shiva Statue,28.16,83.9,Kaski,1.0,2.0,0.0,2.0,3.0,20.0,15.0,5.0,15.0,15.0,15.0,LOW
Naudanda View Point,28.26,83.88,Kaski,1.0,3.0,0.0,2.0,3.0,12.0,8.0,2.0,30.0,25.0,27.0,LOW
Dhampus Village,28.31,83.83,Kaski,2.0,5.0,1.0,2.0,4.0,6.0,5.0,1.0,50.0,45.0,47.0,MEDIUM
Australian Camp,28.32,83.82,Kaski,3.0,6.0,2.0,2.0,5.0,4.0,3.0,1.0,65.0,55.0,60.0,MEDIUM
Kande Hiking Route,28.28,83.82,Kaski,2.0,5.0,0.0,2.0,4.0,5.0,4.0,1.0,50.0,40.0,44.0,MEDIUM
Ghandruk Village,28.37,83.81,Kaski,3.0,7.0,2.0,3.0,5.0,4.0,4.0,1.0,65.0,60.0,62.0,MEDIUM
Landruk Village,28.38,83.82,Kaski,3.0,8.0,2.0,3.0,6.0,3.0,3.0,1.0,70.0,65.0,68.0,HIGH
Tadapani Village,28.43,83.75,Kaski,4.0,9.0,4.0,2.0,6.0,1.0,1.0,0.0,90.0,75.0,81.0,HIGH
Ghorepani Village,28.4,83.69,Myagdi,3.0,8.0,3.0,2.0,5.0,2.0,2.0,0.0,80.0,70.0,75.0,HIGH
Kali Gandaki Gorge,28.7,83.6,Mustang,6.0,10.0,5.0,5.0,7.0,0.0,1.0,0.0,90.0,85.0,89.0,HIGH
Marpha Village,28.75,83.69,Mustang,1.0,4.0,1.0,2.0,4.0,4.0,4.0,1.0,55.0,40.0,46.0,MEDIUM
Tukuche Village,28.72,83.68,Mustang,2.0,5.0,2.0,2.0,5.0,3.0,3.0,0.0,65.0,55.0,60.0,MEDIUM
Dhumba Lake,28.79,83.72,Mustang,2.0,5.0,1.0,2.0,4.0,3.0,3.0,0.0,65.0,50.0,56.0,MEDIUM
Lo Manthang,29.19,83.96,Mustang,3.0,8.0,5.0,1.0,7.0,0.0,1.0,0.0,95.0,80.0,87.0,HIGH
Namgyal Monastery Mustang,29.19,83.95,Mustang,1.0,4.0,2.0,1.0,5.0,0.0,0.0,0.0,100.0,60.0,76.0,HIGH
Damodar Kunda,29.05,84.0,Mustang,7.0,15.0,12.0,1.0,9.0,0.0,0.0,0.0,100.0,100.0,100.0,HIGH
Tilicho Lake,28.69,83.85,Manang,9.0,17.0,15.0,1.0,10.0,0.0,0.0,0.0,100.0,100.0,100.0,HIGH
Manang Village,28.67,84.02,Manang,5.0,12.0,8.0,1.0,8.0,0.0,1.0,0.0,95.0,90.0,93.0,HIGH
Gangapurna Lake,28.66,84.0,Manang,7.0,15.0,12.0,1.0,9.0,0.0,0.0,0.0,100.0,100.0,100.0,HIGH
Thorong La Pass,28.78,84.4,Manang,10.0,18.0,17.0,1.0,10.0,0.0,0.0,0.0,100.0,100.0,100.0,HIGH
Ice Lake Manang,28.65,84.05,Manang,8.0,16.0,14.0,1.0,10.0,0.0,0.0,0.0,100.0,100.0,100.0,HIGH
Nar Phu Valley,28.8,84.15,Manang,7.0,15.0,10.0,2.0,9.0,0.0,0.0,0.0,100.0,98.0,99.0,HIGH
Koto Village,28.76,84.15,Manang,4.0,10.0,5.0,2.0,7.0,0.0,1.0,0.0,90.0,80.0,84.0,HIGH
Pisang Village,28.67,84.1,Manang,3.0,8.0,4.0,2.0,6.0,1.0,1.0,0.0,85.0,70.0,76.0,HIGH
Chame Bazaar,28.55,84.25,Manang,2.0,6.0,2.0,3.0,5.0,3.0,3.0,1.0,60.0,55.0,57.0,MEDIUM
Besisahar Gateway,28.23,84.37,Lamjung,1.0,3.0,0.0,5.0,4.0,10.0,8.0,2.0,35.0,35.0,35.0,MEDIUM
Ghale Gaun,28.28,84.4,Lamjung,2.0,5.0,1.0,3.0,5.0,5.0,4.0,1.0,55.0,45.0,49.0,MEDIUM
Bhujung Village,28.26,84.42,Lamjung,3.0,7.0,2.0,3.0,5.0,3.0,3.0,1.0,65.0,60.0,62.0,MEDIUM
Kapuche Lake,28.35,84.15,Kaski,5.0,10.0,5.0,2.0,7.0,0.0,1.0,0.0,95.0,85.0,89.0,HIGH
Sikles Trek Route,28.37,84.13,Kaski,4.0,9.0,4.0,2.0,6.0,1.0,1.0,0.0,90.0,80.0,84.0,HIGH
Tansen Durbar Square,27.87,83.54,Palpa,1.0,1.0,0.0,2.0,5.0,20.0,15.0,5.0,15.0,15.0,15.0,LOW
Rani Mahal,27.85,83.54,Palpa,2.0,4.0,0.0,5.0,4.0,5.0,5.0,1.0,50.0,45.0,47.0,MEDIUM
Kali Gandaki Riverside,27.95,83.55,Palpa,3.0,3.0,0.0,10.0,3.0,6.0,5.0,1.0,55.0,55.0,55.0,MEDIUM
Bhairabsthan Temple,27.85,83.52,Palpa,1.0,3.0,0.0,2.0,4.0,8.0,6.0,2.0,35.0,30.0,32.0,MEDIUM
Boudikali Temple,27.6,84.0,Nawalpur,1.0,1.0,0.0,8.0,2.0,12.0,10.0,3.0,30.0,30.0,30.0,LOW
Devchuli Hill,27.7,84.25,Nawalpur,3.0,7.0,0.0,4.0,5.0,4.0,4.0,1.0,65.0,55.0,60.0,MEDIUM
Triveni Dham,27.45,83.9,Nawalpur,1.0,0.0,0.0,10.0,2.0,15.0,12.0,3.0,30.0,35.0,32.0,LOW
Gaindakot Area,27.72,84.43,Nawalpur,1.0,0.0,0.0,8.0,2.0,20.0,15.0,5.0,20.0,25.0,22.0,LOW
Sankhu Village Trail,27.74,85.45,Kathmandu,1.0,2.0,0.0,3.0,3.0,70.0,60.0,20.0,5.0,15.0,22.0,LOW
Bagdwar Shivapuri,27.82,85.39,Kathmandu,2.0,4.0,0.0,3.0,4.0,50.0,40.0,10.0,15.0,25.0,30.0,LOW
Tokha Hiking Route,27.8,85.36,Kathmandu,1.0,2.0,0.0,3.0,3.0,80.0,70.0,25.0,5.0,15.0,20.0,LOW
Jamacho Gumba Trail,27.79,85.28,Kathmandu,3.0,5.0,0.0,2.0,4.0,50.0,40.0,10.0,20.0,30.0,35.0,LOW
Nagarjun Forest Area,27.74,85.27,Kathmandu,2.0,4.0,0.0,3.0,4.0,60.0,50.0,15.0,10.0,25.0,30.0,LOW
White Gumba Area,27.72,85.27,Kathmandu,1.0,2.0,0.0,3.0,3.0,70.0,60.0,20.0,5.0,15.0,22.0,LOW
Kakani View Point,27.82,85.25,Nuwakot,2.0,4.0,0.0,4.0,4.0,50.0,40.0,10.0,15.0,30.0,35.0,LOW
Kakani Strawberry Area,27.82,85.25,Nuwakot,1.0,2.0,0.0,4.0,3.0,60.0,50.0,15.0,10.0,20.0,25.0,LOW
Gosaikunda Lake,28.08,85.41,Rasuwa,18.0,20.0,15.0,1.0,10.0,0.0,0.0,0.0,100.0,100.0,98.0,HIGH
Lauribina Pass,28.1,85.41,Rasuwa,16.0,20.0,18.0,0.0,10.0,0.0,0.0,0.0,100.0,100.0,98.0,HIGH
Dhukure Village,28.05,85.25,Rasuwa,5.0,8.0,3.0,3.0,6.0,15.0,10.0,3.0,60.0,65.0,68.0,MEDIUM
Syabrubesi,28.16,85.36,Rasuwa,5.0,8.0,4.0,3.0,7.0,20.0,15.0,5.0,55.0,65.0,70.0,HIGH
Thulo Syabru,28.13,85.37,Rasuwa,8.0,12.0,5.0,2.0,8.0,5.0,5.0,2.0,70.0,75.0,78.0,HIGH
Langtang River Camp,28.23,85.52,Rasuwa,12.0,16.0,10.0,2.0,9.0,0.0,0.0,0.0,100.0,90.0,92.0,HIGH
Kyanjin Ri View,28.22,85.57,Rasuwa,15.0,18.0,12.0,0.0,10.0,0.0,0.0,0.0,100.0,100.0,98.0,HIGH
Chisapani Nagarkot Route,27.85,85.45,Nuwakot,4.0,7.0,0.0,3.0,5.0,20.0,15.0,5.0,40.0,50.0,55.0,MEDIUM
Helambu Village Trail,28.0,85.6,Sindhupalchok,8.0,12.0,6.0,2.0,8.0,5.0,5.0,2.0,75.0,80.0,82.0,HIGH
Melamchi Gaun,28.15,85.6,Sindhupalchok,4.0,7.0,0.0,10.0,6.0,20.0,15.0,5.0,40.0,65.0,65.0,MEDIUM
Panch Pokhari Camp,28.0,85.65,Sindhupalchok,15.0,18.0,10.0,2.0,10.0,0.0,0.0,0.0,100.0,95.0,95.0,HIGH
Bhotang Village,28.1,85.7,Sindhupalchok,8.0,12.0,5.0,3.0,7.0,5.0,5.0,2.0,70.0,75.0,78.0,HIGH
Tatopani Sindhupalchok,27.95,85.95,Sindhupalchok,3.0,6.0,0.0,15.0,6.0,30.0,25.0,10.0,35.0,60.0,60.0,MEDIUM
Barhabise Town,27.79,85.88,Sindhupalchok,3.0,5.0,0.0,12.0,6.0,40.0,30.0,10.0,30.0,55.0,58.0,MEDIUM
Lamosangu Lake,27.78,85.9,Sindhupalchok,2.0,3.0,0.0,12.0,5.0,40.0,30.0,10.0,25.0,45.0,48.0,MEDIUM
Dolakha Bhimeshwar Temple,27.67,86.02,Dolakha,1.0,2.0,0.0,3.0,5.0,60.0,50.0,20.0,5.0,20.0,25.0,LOW
Kalinchowk Snow Trail,27.72,86.05,Dolakha,12.0,16.0,10.0,1.0,9.0,0.0,0.0,0.0,100.0,90.0,92.0,HIGH
Jiri Everest Gateway,27.63,86.23,Dolakha,5.0,8.0,3.0,3.0,6.0,20.0,15.0,5.0,55.0,65.0,68.0,MEDIUM
Khawa Danda,27.62,86.15,Dolakha,6.0,10.0,4.0,2.0,7.0,10.0,5.0,2.0,65.0,70.0,72.0,HIGH
Bigu Monastery,27.85,86.18,Dolakha,6.0,10.0,4.0,2.0,7.0,5.0,5.0,2.0,65.0,70.0,72.0,HIGH
Lamabagar Village,27.9,86.2,Dolakha,10.0,15.0,8.0,2.0,8.0,0.0,0.0,0.0,100.0,85.0,88.0,HIGH
Chhorolpa Glacier Lake,27.9,86.47,Dolakha,18.0,20.0,15.0,3.0,10.0,0.0,0.0,0.0,100.0,100.0,98.0,HIGH
Ramechhap Manthali,27.35,86.08,Ramechhap,2.0,4.0,0.0,5.0,5.0,50.0,40.0,15.0,15.0,30.0,35.0,LOW
Thulo Sailung,27.55,86.3,Ramechhap,10.0,15.0,6.0,2.0,8.0,0.0,0.0,0.0,100.0,85.0,88.0,HIGH
Lamjura Pass,27.65,86.35,Ramechhap,15.0,18.0,12.0,1.0,9.0,0.0,0.0,0.0,100.0,95.0,95.0,HIGH
Okhaldhunga Halesi Route,27.3,86.5,Okhaldhunga,5.0,8.0,0.0,5.0,6.0,20.0,20.0,5.0,40.0,55.0,60.0,MEDIUM
Pikey Peak,27.65,86.62,Okhaldhunga,12.0,16.0,8.0,2.0,9.0,0.0,0.0,0.0,100.0,90.0,92.0,HIGH
Khotang Halesi Trail,27.38,86.67,Khotang,2.0,4.0,0.0,5.0,5.0,50.0,40.0,10.0,15.0,30.0,35.0,LOW
Aiselukharka Village,27.4,86.75,Khotang,5.0,8.0,0.0,4.0,6.0,20.0,15.0,5.0,40.0,50.0,55.0,MEDIUM
Trishuli River Rafting,27.93,84.9,Nuwakot,4.0,2.0,0.0,12.0,3.0,8.0,6.0,2.0,45.0,55.0,50.0,MEDIUM
Nuwakot Durbar Square,27.91,85.16,Nuwakot,1.0,2.0,0.0,3.0,5.0,10.0,8.0,2.0,30.0,30.0,30.0,LOW
Kakani View Tower,27.82,85.25,Nuwakot,2.0,5.0,0.0,3.0,4.0,6.0,5.0,1.0,50.0,40.0,44.0,MEDIUM
Bidur Bazaar,27.9,85.15,Nuwakot,1.0,3.0,0.0,5.0,4.0,12.0,10.0,3.0,25.0,35.0,30.0,LOW
Dupcheshwor Temple,27.95,85.25,Nuwakot,2.0,5.0,0.0,3.0,5.0,5.0,5.0,1.0,50.0,45.0,47.0,MEDIUM
Gosainkunda Helambu Route,28.05,85.45,Sindhupalchok,7.0,15.0,12.0,2.0,9.0,0.0,0.0,0.0,100.0,100.0,100.0,HIGH
Thadepati Pass,28.02,85.48,Sindhupalchok,6.0,14.0,10.0,1.0,8.0,0.0,0.0,0.0,100.0,95.0,98.0,HIGH
Melamchi Trek Route,28.12,85.55,Sindhupalchok,4.0,10.0,4.0,5.0,7.0,0.0,1.0,0.0,90.0,80.0,84.0,HIGH
Panch Pokhari Lake,28.0,85.62,Sindhupalchok,7.0,15.0,9.0,2.0,9.0,0.0,0.0,0.0,100.0,98.0,99.0,HIGH
Bhairav Kunda,27.98,85.75,Sindhupalchok,6.0,13.0,7.0,3.0,8.0,0.0,0.0,0.0,100.0,90.0,96.0,HIGH
Jiri Town,27.63,86.23,Dolakha,2.0,5.0,0.0,3.0,5.0,8.0,6.0,2.0,40.0,45.0,42.0,MEDIUM
Jiri Everest Gateway,27.63,86.23,Dolakha,3.0,7.0,2.0,3.0,6.0,5.0,5.0,1.0,60.0,65.0,63.0,MEDIUM
Chechet Lake,27.8,86.15,Dolakha,5.0,10.0,5.0,2.0,7.0,0.0,1.0,0.0,95.0,85.0,89.0,HIGH
Tsho Rolpa Lake,27.85,86.47,Dolakha,8.0,16.0,14.0,2.0,10.0,0.0,0.0,0.0,100.0,100.0,100.0,HIGH
Pike Peak Trail,27.6,86.55,Solukhumbu,6.0,14.0,10.0,2.0,8.0,0.0,0.0,0.0,100.0,95.0,98.0,HIGH
Junbesi Village,27.57,86.6,Solukhumbu,3.0,8.0,3.0,2.0,6.0,1.0,1.0,0.0,85.0,70.0,76.0,HIGH
Chiwong Monastery,27.6,86.58,Solukhumbu,2.0,5.0,2.0,2.0,5.0,1.0,1.0,0.0,75.0,55.0,63.0,MEDIUM
Mera Peak Base Camp,27.7,86.92,Solukhumbu,9.0,17.0,15.0,1.0,10.0,0.0,0.0,0.0,100.0,100.0,100.0,HIGH
Island Peak Base Camp,27.92,86.93,Solukhumbu,9.0,18.0,16.0,1.0,10.0,0.0,0.0,0.0,100.0,100.0,100.0,HIGH
Amphu Labtsa Pass,27.85,86.95,Solukhumbu,10.0,18.0,17.0,1.0,10.0,0.0,0.0,0.0,100.0,100.0,100.0,HIGH
Makalu Base Camp East,27.75,87.1,Sankhuwasabha,9.0,17.0,14.0,2.0,10.0,0.0,0.0,0.0,100.0,100.0,100.0,HIGH
Num Village Route,27.55,87.25,Sankhuwasabha,3.0,8.0,3.0,4.0,6.0,1.0,1.0,0.0,85.0,75.0,79.0,HIGH
Yuksom Style Trail Area,27.4,87.9,Taplejung,6.0,13.0,8.0,2.0,9.0,0.0,0.0,0.0,100.0,95.0,98.0,HIGH
Pathibhara Cable Route,27.41,87.75,Taplejung,4.0,9.0,4.0,2.0,6.0,1.0,1.0,0.0,90.0,75.0,81.0,HIGH
Ilam Tea Estate,26.91,87.93,Ilam,1.0,2.0,0.0,3.0,3.0,15.0,10.0,3.0,20.0,20.0,20.0,LOW
Mai Valley,26.92,87.85,Ilam,2.0,4.0,0.0,6.0,3.0,8.0,6.0,2.0,40.0,40.0,40.0,MEDIUM
Kanyam Picnic Area,26.9,87.92,Ilam,1.0,1.0,0.0,4.0,2.0,15.0,12.0,3.0,20.0,15.0,18.0,LOW
Antu Sunrise View,26.88,87.9,Ilam,2.0,3.0,0.0,3.0,3.0,10.0,8.0,2.0,35.0,30.0,32.0,MEDIUM
Maipokhari Wetland,26.97,87.93,Ilam,1.0,1.0,0.0,5.0,2.0,12.0,10.0,3.0,30.0,25.0,27.0,LOW
Dharan Jungle Area,26.81,87.28,Sunsari,2.0,1.0,0.0,8.0,2.0,20.0,15.0,5.0,25.0,30.0,27.0,LOW
Koshi Barrage,26.69,87.02,Sunsari,3.0,0.0,0.0,18.0,2.0,15.0,12.0,4.0,55.0,60.0,58.0,MEDIUM
Koshi Tappu Bird Watching,26.67,87.0,Sunsari,2.0,0.0,0.0,14.0,2.0,10.0,8.0,2.0,45.0,45.0,45.0,MEDIUM
Baraha Chhetra River Area,26.85,87.15,Sunsari,3.0,0.0,0.0,10.0,2.0,12.0,10.0,3.0,40.0,40.0,40.0,MEDIUM
Hile Bazaar View,26.99,87.33,Dhankuta,1.0,2.0,0.0,3.0,3.0,12.0,10.0,3.0,25.0,20.0,22.0,LOW
Bhedetar Forest Trail,26.8,87.28,Dhankuta,2.0,5.0,0.0,3.0,4.0,6.0,5.0,1.0,50.0,40.0,44.0,MEDIUM
Namaste Waterfall Area,27.05,87.35,Dhankuta,3.0,6.0,0.0,6.0,4.0,5.0,4.0,1.0,55.0,50.0,52.0,MEDIUM
Tinjure Trail,27.25,87.4,Tehrathum,5.0,12.0,5.0,2.0,7.0,0.0,1.0,0.0,95.0,85.0,89.0,HIGH
Milke Danda Forest,27.2,87.3,Tehrathum,4.0,10.0,4.0,2.0,6.0,0.0,1.0,0.0,90.0,80.0,84.0,HIGH
Aamchok Village Trail,27.2,87.05,Bhojpur,5.0,8.0,0.0,4.0,6.0,20.0,15.0,5.0,40.0,50.0,55.0,MEDIUM
Silichung Base Route,27.15,87.1,Bhojpur,14.0,18.0,10.0,1.0,9.0,0.0,0.0,0.0,100.0,95.0,95.0,HIGH
Dingla Village,27.3,87.1,Bhojpur,3.0,6.0,0.0,4.0,5.0,25.0,20.0,5.0,35.0,45.0,50.0,MEDIUM
Shadananda Area,27.25,87.15,Bhojpur,3.0,5.0,0.0,5.0,5.0,30.0,25.0,10.0,30.0,45.0,50.0,MEDIUM
Mundum Trail,27.2,87.3,Khotang,10.0,15.0,5.0,3.0,8.0,0.0,0.0,0.0,100.0,85.0,88.0,HIGH
Halesi Rural Route,27.38,86.67,Khotang,3.0,5.0,0.0,4.0,5.0,40.0,30.0,10.0,20.0,35.0,40.0,MEDIUM
Aiselukharka Ridge,27.42,86.78,Khotang,6.0,10.0,3.0,3.0,7.0,10.0,5.0,2.0,65.0,70.0,72.0,HIGH
Khotang Diktel View,27.21,86.79,Khotang,2.0,4.0,0.0,4.0,5.0,40.0,30.0,10.0,20.0,35.0,40.0,MEDIUM
Chainpur Forest Trail,27.28,87.25,Sankhuwasabha,4.0,8.0,0.0,4.0,6.0,20.0,15.0,5.0,45.0,55.0,60.0,MEDIUM
Makalu Barun Valley,27.7,87.1,Sankhuwasabha,18.0,20.0,18.0,1.0,10.0,0.0,0.0,0.0,100.0,100.0,98.0,HIGH
Barun Glacier Camp,27.78,87.05,Sankhuwasabha,18.0,20.0,18.0,0.0,10.0,0.0,0.0,0.0,100.0,100.0,99.0,HIGH
Tumlingtar Riverside,27.3,87.2,Sankhuwasabha,3.0,4.0,0.0,10.0,4.0,30.0,25.0,10.0,30.0,50.0,52.0,MEDIUM
Arun River Valley,27.5,87.0,Sankhuwasabha,6.0,8.0,0.0,15.0,5.0,10.0,10.0,3.0,65.0,75.0,75.0,HIGH
Sakhejung Village,27.0,87.85,Ilam,2.0,4.0,0.0,4.0,4.0,40.0,30.0,10.0,20.0,30.0,35.0,LOW
Maipokhari Wetland,26.95,87.85,Ilam,2.0,3.0,0.0,8.0,4.0,40.0,30.0,10.0,20.0,35.0,40.0,MEDIUM
Antu Danda Sunrise,26.88,88.0,Ilam,1.0,2.0,0.0,4.0,3.0,60.0,50.0,20.0,5.0,15.0,22.0,LOW
Sandakpur Ridge,27.0,87.9,Ilam,5.0,8.0,0.0,3.0,5.0,10.0,10.0,3.0,55.0,60.0,65.0,MEDIUM
Kanyam Tea Route,26.87,87.92,Ilam,1.0,1.0,0.0,4.0,3.0,70.0,60.0,20.0,5.0,15.0,22.0,LOW
Phidim View Point,27.15,87.75,Panchthar,2.0,5.0,0.0,4.0,5.0,30.0,25.0,10.0,30.0,40.0,45.0,MEDIUM
Tinjure Forest Trail,27.3,87.5,Tehrathum,10.0,15.0,8.0,2.0,9.0,0.0,0.0,0.0,100.0,90.0,92.0,HIGH
Gupha Pokhari Trail,27.2,87.55,Tehrathum,8.0,12.0,5.0,3.0,7.0,5.0,5.0,2.0,70.0,75.0,78.0,HIGH
Myanglung Village,27.0,87.55,Tehrathum,2.0,5.0,0.0,5.0,5.0,30.0,25.0,10.0,30.0,45.0,50.0,MEDIUM
Madi Valley,26.95,87.4,Sankhuwasabha,6.0,9.0,0.0,10.0,6.0,15.0,10.0,3.0,60.0,70.0,72.0,HIGH
Bhedetar Dhankuta Route,26.81,87.3,Dhankuta,2.0,4.0,0.0,6.0,4.0,60.0,50.0,20.0,10.0,25.0,30.0,LOW
Namaste Jharana,26.76,87.25,Dhankuta,3.0,5.0,0.0,8.0,4.0,30.0,25.0,10.0,25.0,40.0,45.0,MEDIUM
Hile Tea Garden,26.93,87.34,Dhankuta,1.0,2.0,0.0,4.0,3.0,60.0,50.0,20.0,5.0,15.0,22.0,LOW
Raja Rani Lake,26.95,87.4,Dhankuta,2.0,3.0,0.0,8.0,4.0,30.0,25.0,10.0,20.0,35.0,40.0,MEDIUM
Sunsari Koshi Island,26.7,87.1,Sunsari,3.0,1.0,0.0,18.0,3.0,25.0,20.0,5.0,30.0,55.0,58.0,MEDIUM
Koshi Tappu Bird Camp,26.85,87.15,Sunsari,2.0,0.0,0.0,15.0,2.0,40.0,30.0,10.0,20.0,45.0,45.0,MEDIUM
Baraha Area Trail,26.85,87.2,Sunsari,1.0,1.0,0.0,12.0,3.0,50.0,40.0,15.0,10.0,35.0,38.0,MEDIUM
Dharan Forest Route,26.81,87.28,Sunsari,3.0,5.0,0.0,6.0,4.0,50.0,40.0,15.0,20.0,35.0,40.0,MEDIUM
Itahari Wetland,26.66,87.28,Sunsari,1.0,1.0,0.0,12.0,3.0,70.0,60.0,20.0,5.0,30.0,32.0,LOW
Mechi Hill Area,26.55,88.1,Jhapa,3.0,1.0,0.0,20.0,3.0,30.0,25.0,10.0,25.0,55.0,55.0,MEDIUM
Damak Forest Trail,26.67,87.7,Jhapa,2.0,1.0,0.0,12.0,3.0,60.0,50.0,20.0,10.0,35.0,38.0,MEDIUM
Kakarbhitta River Side,26.65,88.15,Jhapa,2.0,0.0,0.0,15.0,2.0,50.0,40.0,15.0,10.0,40.0,42.0,MEDIUM
Birat Chowk Area,26.65,87.28,Morang,1.0,0.0,0.0,10.0,2.0,80.0,70.0,25.0,5.0,25.0,28.0,LOW
Betana Wetland,26.55,87.5,Morang,2.0,0.0,0.0,15.0,2.0,40.0,30.0,10.0,20.0,45.0,45.0,MEDIUM
Rangeli Rural Area,26.45,87.63,Morang,2.0,0.0,0.0,12.0,2.0,50.0,40.0,15.0,10.0,35.0,38.0,MEDIUM
Sundar Haraicha Forest,26.7,87.18,Morang,2.0,1.0,0.0,12.0,3.0,60.0,50.0,20.0,10.0,35.0,38.0,MEDIUM
Pathibhara Lower Trail,27.3,87.65,Taplejung,8.0,12.0,6.0,2.0,8.0,5.0,5.0,2.0,70.0,80.0,82.0,HIGH
Khebang Village,27.25,87.7,Taplejung,5.0,8.0,3.0,3.0,7.0,10.0,5.0,2.0,65.0,70.0,72.0,HIGH
Sinwa Village,27.4,87.7,Taplejung,7.0,12.0,5.0,2.0,8.0,5.0,5.0,2.0,75.0,80.0,82.0,HIGH
Lelep Village,27.7,87.75,Taplejung,12.0,16.0,10.0,1.0,9.0,0.0,0.0,0.0,100.0,90.0,92.0,HIGH
Ghunsa Village,27.73,87.95,Taplejung,15.0,18.0,14.0,1.0,10.0,0.0,0.0,0.0,100.0,95.0,95.0,HIGH
Sele La Pass,27.75,87.95,Taplejung,18.0,20.0,18.0,0.0,10.0,0.0,0.0,0.0,100.0,100.0,98.0,HIGH
Lhonak Camp,27.9,88.0,Taplejung,20.0,20.0,20.0,0.0,10.0,0.0,0.0,0.0,100.0,100.0,99.0,HIGH
Olangchung Gola Route,27.87,87.8,Taplejung,18.0,20.0,15.0,1.0,10.0,0.0,0.0,0.0,100.0,100.0,98.0,HIGH
Yamphudin Village,27.55,87.8,Taplejung,8.0,12.0,5.0,3.0,7.0,5.0,5.0,2.0,70.0,75.0,78.0,HIGH
Khebang Ridge,27.35,87.7,Taplejung,6.0,10.0,4.0,2.0,7.0,5.0,5.0,2.0,65.0,70.0,72.0,HIGH
Ilam Chhintapu Trail,27.0,87.85,Ilam,4.0,8.0,0.0,3.0,5.0,15.0,10.0,3.0,50.0,55.0,60.0,MEDIUM
Siddhithumka Hill,26.9,87.9,Ilam,3.0,5.0,0.0,4.0,4.0,30.0,25.0,10.0,25.0,40.0,45.0,MEDIUM
Mai Valley Resort Area,26.92,87.93,Ilam,1.0,2.0,0.0,4.0,3.0,60.0,50.0,20.0,5.0,15.0,22.0,LOW
Fikkal Tea Village,26.89,87.94,Ilam,1.0,2.0,0.0,4.0,3.0,60.0,50.0,20.0,5.0,15.0,22.0,LOW
Kanyam Sunrise Point,26.87,87.92,Ilam,1.0,1.0,0.0,4.0,3.0,70.0,60.0,20.0,5.0,15.0,22.0,LOW
Panchthar Silauti Pokhari,27.15,87.65,Panchthar,5.0,8.0,0.0,3.0,6.0,15.0,10.0,3.0,55.0,60.0,65.0,MEDIUM
Limbu Cultural Trail,27.1,87.7,Panchthar,4.0,7.0,0.0,4.0,5.0,20.0,15.0,5.0,45.0,55.0,60.0,MEDIUM
Aathrai Village,27.1,87.55,Tehrathum,5.0,9.0,0.0,4.0,6.0,10.0,10.0,3.0,60.0,65.0,70.0,HIGH
Menchhayayem Hill,27.2,87.5,Tehrathum,10.0,15.0,6.0,2.0,8.0,0.0,0.0,0.0,100.0,85.0,88.0,HIGH
Chhathar Lake,27.05,87.45,Tehrathum,4.0,7.0,0.0,6.0,5.0,20.0,15.0,5.0,40.0,55.0,60.0,MEDIUM
Dhankuta Hile Route,26.93,87.34,Dhankuta,2.0,5.0,0.0,4.0,5.0,30.0,25.0,10.0,30.0,40.0,45.0,MEDIUM
Namaste Waterfall,26.76,87.25,Dhankuta,3.0,5.0,0.0,8.0,4.0,30.0,25.0,10.0,25.0,40.0,45.0,MEDIUM
Rajarani Lake,26.95,87.4,Dhankuta,2.0,3.0,0.0,8.0,4.0,30.0,25.0,10.0,20.0,35.0,40.0,MEDIUM
Bhojpur Taksar Village,27.15,87.05,Bhojpur,3.0,6.0,0.0,4.0,6.0,25.0,20.0,5.0,35.0,45.0,50.0,MEDIUM
Mundum Heritage Trail,27.2,87.3,Bhojpur,10.0,15.0,5.0,3.0,8.0,0.0,0.0,0.0,100.0,85.0,88.0,HIGH
Temke Danda,27.25,87.25,Bhojpur,12.0,16.0,8.0,2.0,9.0,0.0,0.0,0.0,100.0,90.0,92.0,HIGH
Khotang Halesi Area,27.38,86.67,Khotang,2.0,4.0,0.0,5.0,5.0,50.0,40.0,10.0,15.0,30.0,35.0,LOW
Diktel Rupakot,27.21,86.79,Khotang,3.0,5.0,0.0,5.0,5.0,35.0,30.0,10.0,25.0,40.0,45.0,MEDIUM
Okhaldhunga Pikey Route,27.65,86.62,Okhaldhunga,12.0,16.0,8.0,2.0,9.0,0.0,0.0,0.0,100.0,90.0,92.0,HIGH
Khiji Demba,27.4,86.5,Okhaldhunga,7.0,12.0,5.0,3.0,7.0,5.0,5.0,2.0,70.0,75.0,78.0,HIGH
Likhu Valley,27.3,86.4,Okhaldhunga,6.0,10.0,2.0,4.0,7.0,5.0,5.0,2.0,65.0,70.0,72.0,HIGH
Ramechhap Sailung Trail,27.55,86.25,Ramechhap,10.0,15.0,6.0,2.0,8.0,0.0,0.0,0.0,100.0,85.0,88.0,HIGH
Manthali River Area,27.35,86.08,Ramechhap,2.0,4.0,0.0,10.0,5.0,50.0,40.0,15.0,15.0,40.0,42.0,MEDIUM
Doramba Village,27.35,86.25,Ramechhap,5.0,8.0,0.0,4.0,6.0,20.0,15.0,5.0,40.0,50.0,55.0,MEDIUM
Sunapati Rural Trail,27.45,86.3,Ramechhap,6.0,10.0,3.0,3.0,7.0,10.0,10.0,3.0,60.0,70.0,72.0,HIGH
Dolakha Sailung Ridge,27.55,86.3,Dolakha,10.0,15.0,6.0,2.0,8.0,0.0,0.0,0.0,100.0,85.0,88.0,HIGH
Jiri Deurali,27.63,86.23,Dolakha,5.0,8.0,3.0,3.0,6.0,20.0,15.0,5.0,55.0,65.0,68.0,MEDIUM
Bigu Lake Area,27.85,86.18,Dolakha,8.0,12.0,5.0,3.0,7.0,5.0,5.0,2.0,70.0,75.0,78.0,HIGH
Rolwaling Glacier Trail,27.9,86.35,Dolakha,18.0,20.0,15.0,0.0,10.0,0.0,0.0,0.0,100.0,100.0,98.0,HIGH
Helambu Yangri Trail,28.0,85.6,Sindhupalchok,7.0,10.0,5.0,2.0,8.0,5.0,5.0,2.0,70.0,75.0,78.0,HIGH
Tarkeghyang Monastery,28.05,85.58,Sindhupalchok,6.0,10.0,5.0,2.0,7.0,5.0,5.0,2.0,65.0,70.0,72.0,HIGH
Sermathang Village,28.06,85.6,Sindhupalchok,5.0,8.0,3.0,3.0,7.0,10.0,5.0,2.0,60.0,70.0,72.0,HIGH
Jaljale Himal Trail,27.22,87.35,Tehrathum,6.0,13.0,7.0,2.0,8.0,0.0,0.0,0.0,100.0,90.0,96.0,HIGH
Basantapur Hill Station,27.17,87.4,Tehrathum,2.0,4.0,0.0,3.0,4.0,8.0,6.0,2.0,40.0,35.0,37.0,MEDIUM
Dhankuta Hile Road View,27.0,87.33,Dhankuta,1.0,3.0,0.0,4.0,3.0,10.0,8.0,2.0,30.0,30.0,30.0,LOW
Sankhuwasabha Arun Valley,27.55,87.25,Sankhuwasabha,5.0,12.0,5.0,8.0,7.0,0.0,1.0,0.0,95.0,90.0,93.0,HIGH
Barun National Park Area,27.75,87.1,Sankhuwasabha,9.0,18.0,14.0,2.0,10.0,0.0,0.0,0.0,100.0,100.0,100.0,HIGH
Makalu Base Camp West,27.72,87.05,Sankhuwasabha,8.0,17.0,13.0,2.0,10.0,0.0,0.0,0.0,100.0,100.0,100.0,HIGH
Kanchenjunga Circuit Trail,27.7,87.9,Taplejung,9.0,18.0,15.0,2.0,10.0,0.0,0.0,0.0,100.0,100.0,100.0,HIGH
Yamphudin Village,27.5,87.8,Taplejung,5.0,12.0,6.0,3.0,7.0,0.0,1.0,0.0,95.0,85.0,89.0,HIGH
Khebang Village,27.45,87.65,Taplejung,3.0,8.0,3.0,4.0,6.0,1.0,1.0,0.0,85.0,70.0,76.0,HIGH
Pathibhara Forest Route,27.42,87.76,Taplejung,4.0,10.0,5.0,2.0,7.0,1.0,1.0,0.0,90.0,80.0,84.0,HIGH
Mai Pokhari Trail,26.97,87.95,Ilam,2.0,3.0,0.0,5.0,3.0,10.0,8.0,2.0,35.0,35.0,35.0,MEDIUM
Sandakpur Border View,26.95,87.92,Ilam,4.0,9.0,2.0,3.0,5.0,3.0,3.0,1.0,70.0,65.0,68.0,HIGH
Kanyam Tea Route,26.9,87.93,Ilam,1.0,2.0,0.0,3.0,3.0,15.0,10.0,3.0,20.0,20.0,20.0,LOW
Panchthar Highlands,27.15,87.85,Panchthar,3.0,7.0,1.0,3.0,5.0,3.0,3.0,1.0,65.0,60.0,62.0,MEDIUM
Phidim Bazaar,27.15,87.81,Panchthar,1.0,3.0,0.0,3.0,3.0,10.0,8.0,2.0,30.0,30.0,30.0,LOW
Tinjure View Point,27.23,87.39,Tehrathum,3.0,8.0,3.0,2.0,5.0,2.0,2.0,0.0,80.0,70.0,75.0,HIGH
Hatuwa Gadhi Trail,27.0,87.15,Bhojpur,3.0,6.0,0.0,3.0,5.0,3.0,3.0,1.0,65.0,55.0,59.0,MEDIUM
Temke Danda Route,27.3,86.95,Bhojpur,4.0,10.0,4.0,2.0,6.0,1.0,1.0,0.0,90.0,80.0,84.0,HIGH
Salpa Lake Trail,27.4,86.9,Bhojpur,6.0,13.0,7.0,2.0,8.0,0.0,0.0,0.0,100.0,90.0,96.0,HIGH
Halesi Cave Area,27.32,86.72,Khotang,1.0,2.0,0.0,2.0,5.0,15.0,10.0,3.0,25.0,20.0,22.0,LOW
Mundum Adventure Trail,27.4,86.9,Khotang,5.0,12.0,6.0,2.0,8.0,0.0,1.0,0.0,95.0,85.0,89.0,HIGH
Diktel Rupakot View,27.21,86.79,Khotang,2.0,5.0,0.0,3.0,4.0,6.0,5.0,1.0,50.0,40.0,44.0,MEDIUM
Okhaldhunga Siddhicharan Park,27.32,86.5,Okhaldhunga,1.0,3.0,0.0,3.0,4.0,8.0,6.0,2.0,35.0,30.0,32.0,MEDIUM
Pikey Peak,27.65,86.58,Solukhumbu,7.0,15.0,10.0,2.0,9.0,0.0,0.0,0.0,100.0,95.0,98.0,HIGH
Dudhkunda Lake,27.55,86.5,Solukhumbu,8.0,16.0,12.0,1.0,10.0,0.0,0.0,0.0,100.0,100.0,100.0,HIGH
Mahalangur Himal Route,27.95,86.9,Solukhumbu,10.0,18.0,16.0,1.0,10.0,0.0,0.0,0.0,100.0,100.0,100.0,HIGH
Thukla Pass,27.89,86.82,Solukhumbu,8.0,16.0,13.0,1.0,9.0,0.0,0.0,0.0,100.0,100.0,100.0,HIGH
Dingboche Village,27.89,86.82,Solukhumbu,6.0,13.0,9.0,1.0,8.0,0.0,0.0,0.0,100.0,95.0,98.0,HIGH
Lobuche Village,27.95,86.81,Solukhumbu,8.0,16.0,13.0,1.0,9.0,0.0,0.0,0.0,100.0,100.0,100.0,HIGH
Everest Three Pass Route,27.95,86.7,Solukhumbu,10.0,18.0,17.0,1.0,10.0,0.0,0.0,0.0,100.0,100.0,100.0,HIGH
Chhukung Valley,27.9,86.93,Solukhumbu,7.0,15.0,12.0,1.0,9.0,0.0,0.0,0.0,100.0,100.0,100.0,HIGH
Amadablam Base Area,27.86,86.85,Solukhumbu,8.0,16.0,14.0,1.0,10.0,0.0,0.0,0.0,100.0,100.0,100.0,HIGH
Thame Monastery,27.95,86.72,Solukhumbu,3.0,8.0,3.0,2.0,6.0,0.0,1.0,0.0,85.0,70.0,76.0,HIGH
Salleri Bazaar,27.5,86.58,Solukhumbu,2.0,4.0,0.0,4.0,4.0,8.0,6.0,2.0,40.0,35.0,37.0,MEDIUM
Khumjung Village,27.83,86.72,Solukhumbu,4.0,10.0,5.0,1.0,7.0,1.0,1.0,0.0,90.0,85.0,87.0,HIGH
Phaplu Airport Area,27.52,86.58,Solukhumbu,2.0,3.0,0.0,3.0,4.0,10.0,8.0,2.0,35.0,30.0,32.0,MEDIUM
Dudh Kunda Trail,27.55,86.5,Solukhumbu,8.0,16.0,12.0,1.0,9.0,0.0,0.0,0.0,100.0,100.0,100.0,HIGH
Melamchi Source Trail,28.15,85.6,Sindhupalchok,6.0,10.0,3.0,8.0,7.0,10.0,10.0,3.0,65.0,75.0,78.0,HIGH
Panch Pokhari Upper Trail,28.0,85.65,Sindhupalchok,15.0,18.0,10.0,2.0,10.0,0.0,0.0,0.0,100.0,95.0,95.0,HIGH
Jugal Base Camp,28.05,85.85,Sindhupalchok,18.0,20.0,15.0,1.0,10.0,0.0,0.0,0.0,100.0,100.0,98.0,HIGH
Balephi Riverside,27.95,85.8,Sindhupalchok,3.0,5.0,0.0,15.0,5.0,30.0,25.0,10.0,30.0,55.0,58.0,MEDIUM
Tatopani Border Trail,27.95,85.95,Sindhupalchok,4.0,7.0,0.0,15.0,6.0,30.0,25.0,10.0,35.0,60.0,62.0,MEDIUM
Bhairab Kunda Camp,27.95,86.1,Sindhupalchok,12.0,15.0,8.0,2.0,9.0,0.0,0.0,0.0,100.0,85.0,90.0,HIGH
Langtang Kyanjin Village,28.22,85.57,Rasuwa,15.0,18.0,12.0,0.0,10.0,0.0,0.0,0.0,100.0,100.0,98.0,HIGH
Lama Hotel Trail,28.2,85.45,Rasuwa,10.0,15.0,8.0,2.0,8.0,0.0,0.0,0.0,100.0,85.0,88.0,HIGH
Gatlang Village,28.15,85.25,Rasuwa,7.0,12.0,5.0,2.0,7.0,5.0,5.0,2.0,70.0,75.0,78.0,HIGH
Tamangs Heritage Trail,28.1,85.3,Rasuwa,6.0,10.0,3.0,3.0,7.0,5.0,5.0,2.0,65.0,70.0,72.0,HIGH
Dhunche View Point,28.11,85.3,Rasuwa,3.0,6.0,0.0,3.0,6.0,25.0,20.0,5.0,35.0,50.0,55.0,MEDIUM
Yarsa Village,28.2,85.35,Rasuwa,8.0,12.0,5.0,3.0,8.0,5.0,5.0,2.0,70.0,75.0,78.0,HIGH
Nuwakot Kakani Trail,27.82,85.25,Nuwakot,2.0,4.0,0.0,4.0,4.0,50.0,40.0,10.0,15.0,30.0,35.0,LOW
Trishuli River Camp,27.9,85.17,Nuwakot,5.0,2.0,0.0,15.0,5.0,30.0,25.0,10.0,35.0,55.0,60.0,MEDIUM
Bidur Heritage Area,27.92,85.16,Nuwakot,1.0,3.0,0.0,8.0,5.0,50.0,40.0,15.0,15.0,35.0,38.0,MEDIUM
Devighat Area,27.87,85.15,Nuwakot,2.0,2.0,0.0,12.0,4.0,50.0,40.0,15.0,15.0,40.0,42.0,MEDIUM
Rasuwa Gosaikunda Route,28.08,85.41,Rasuwa,18.0,20.0,15.0,1.0,10.0,0.0,0.0,0.0,100.0,100.0,98.0,HIGH
Dhading Ruby Valley,28.3,85.15,Dhading,15.0,18.0,12.0,2.0,9.0,0.0,0.0,0.0,100.0,95.0,95.0,HIGH
Ganesh Himal Trail,28.4,85.1,Dhading,18.0,20.0,15.0,1.0,10.0,0.0,0.0,0.0,100.0,100.0,98.0,HIGH
Sertung Village,28.3,85.18,Dhading,8.0,12.0,5.0,3.0,7.0,5.0,5.0,2.0,70.0,75.0,78.0,HIGH
Tipling Village,28.25,85.12,Dhading,7.0,10.0,4.0,3.0,7.0,5.0,5.0,2.0,65.0,70.0,72.0,HIGH
Kuri Village Dhading,28.2,85.0,Dhading,5.0,8.0,0.0,5.0,6.0,15.0,10.0,3.0,55.0,60.0,65.0,MEDIUM
Salyantar View,28.1,84.95,Dhading,3.0,6.0,0.0,8.0,5.0,25.0,20.0,5.0,40.0,55.0,60.0,MEDIUM
Trishuli Dhading Camp,27.95,85.0,Dhading,5.0,4.0,0.0,15.0,5.0,30.0,25.0,10.0,35.0,55.0,60.0,MEDIUM
Manaslu Base Camp,28.65,84.56,Gorkha,20.0,20.0,18.0,1.0,10.0,0.0,0.0,0.0,100.0,100.0,99.0,HIGH
Samagaun Village,28.65,84.57,Gorkha,15.0,18.0,12.0,1.0,10.0,0.0,0.0,0.0,100.0,95.0,95.0,HIGH
Lho Village,28.65,84.6,Gorkha,12.0,16.0,10.0,2.0,9.0,0.0,0.0,0.0,100.0,90.0,92.0,HIGH
Soti Khola Trail,28.55,84.75,Gorkha,8.0,12.0,5.0,5.0,7.0,5.0,5.0,2.0,70.0,75.0,78.0,HIGH
Barpak Village,28.2,84.75,Gorkha,6.0,10.0,3.0,4.0,7.0,10.0,10.0,3.0,60.0,70.0,72.0,HIGH
Laprak Village,28.25,84.8,Gorkha,7.0,12.0,5.0,3.0,8.0,5.0,5.0,2.0,70.0,75.0,78.0,HIGH
Gorkha Palace,28.0,84.63,Gorkha,1.0,2.0,0.0,3.0,5.0,70.0,60.0,20.0,5.0,20.0,25.0,LOW
Ligligkot Hill,28.05,84.55,Gorkha,4.0,6.0,0.0,4.0,5.0,30.0,25.0,10.0,30.0,45.0,50.0,MEDIUM
Chum Valley,28.7,84.8,Gorkha,18.0,20.0,15.0,0.0,10.0,0.0,0.0,0.0,100.0,100.0,98.0,HIGH
Tsum Valley Trail,28.6,84.9,Gorkha,15.0,18.0,12.0,1.0,10.0,0.0,0.0,0.0,100.0,95.0,95.0,HIGH
Boudha Himal Route,28.5,84.7,Gorkha,12.0,16.0,8.0,2.0,9.0,0.0,0.0,0.0,100.0,90.0,92.0,HIGH
Annapurna Sanctuary Route,28.53,84.56,Kaski,15.0,18.0,10.0,2.0,9.0,0.0,0.0,0.0,100.0,95.0,95.0,HIGH
Mardi Himal Base Camp,28.47,83.95,Kaski,10.0,15.0,8.0,2.0,8.0,0.0,0.0,0.0,100.0,85.0,88.0,HIGH
Australian Camp,28.37,83.82,Kaski,2.0,4.0,0.0,3.0,4.0,50.0,40.0,10.0,15.0,25.0,30.0,LOW
Dhampus Village,28.3,83.85,Kaski,2.0,3.0,0.0,4.0,4.0,60.0,50.0,15.0,10.0,25.0,30.0,LOW
Sarangkot Hill,28.21,83.95,Kaski,1.0,2.0,0.0,3.0,3.0,80.0,70.0,25.0,5.0,15.0,20.0,LOW
Begnas Lake Area,28.17,84.08,Kaski,2.0,1.0,0.0,10.0,3.0,60.0,50.0,20.0,10.0,35.0,38.0,MEDIUM
Phewa Lake Trail,28.21,83.95,Kaski,1.0,1.0,0.0,8.0,3.0,90.0,80.0,30.0,0.0,15.0,18.0,LOW
Panchase Forest Trail,28.22,83.82,Kaski,3.0,7.0,1.0,2.0,5.0,3.0,3.0,1.0,65.0,60.0,62.0,MEDIUM
Rupa Lake Viewpoint,28.15,84.1,Kaski,1.0,2.0,0.0,8.0,3.0,15.0,10.0,3.0,25.0,35.0,30.0,LOW
Begnas Lake Viewpoint,28.16,84.11,Kaski,1.0,2.0,0.0,9.0,2.0,15.0,12.0,3.0,25.0,35.0,30.0,LOW
Kahu Danda,28.25,83.99,Kaski,1.0,3.0,0.0,2.0,3.0,10.0,8.0,2.0,30.0,25.0,27.0,LOW
Sarangkot Paragliding Area,28.21,83.95,Kaski,5.0,2.0,0.0,2.0,3.0,20.0,15.0,5.0,40.0,20.0,32.0,MEDIUM
Phewa Lake Peace Temple Route,28.19,83.93,Kaski,2.0,2.0,0.0,3.0,3.0,20.0,15.0,5.0,20.0,25.0,22.0,LOW
Kaskikot Village,28.25,83.9,Kaski,2.0,5.0,0.0,3.0,4.0,8.0,6.0,2.0,45.0,40.0,42.0,MEDIUM
Madi Valley,28.35,84.05,Kaski,3.0,8.0,1.0,4.0,5.0,3.0,3.0,1.0,70.0,65.0,68.0,HIGH
Sikles View Point,28.37,84.12,Kaski,4.0,9.0,3.0,3.0,6.0,1.0,1.0,0.0,90.0,75.0,81.0,HIGH
Kapuche Glacier Lake,28.35,84.15,Kaski,6.0,13.0,8.0,2.0,8.0,0.0,0.0,0.0,100.0,95.0,98.0,HIGH
Manang Airport Area,28.65,84.02,Manang,4.0,10.0,5.0,1.0,8.0,1.0,1.0,0.0,90.0,80.0,84.0,HIGH
Humde Village,28.67,84.05,Manang,5.0,12.0,7.0,1.0,8.0,0.0,1.0,0.0,95.0,90.0,93.0,HIGH
Yak Kharka,28.75,84.35,Manang,8.0,16.0,13.0,1.0,10.0,0.0,0.0,0.0,100.0,100.0,100.0,HIGH
High Camp Thorong,28.76,84.4,Manang,10.0,18.0,17.0,1.0,10.0,0.0,0.0,0.0,100.0,100.0,100.0,HIGH
Muktinath Trek Route,28.82,83.87,Mustang,4.0,9.0,4.0,2.0,6.0,1.0,1.0,0.0,90.0,75.0,81.0,HIGH
Kagbeni Trail Route,28.84,83.78,Mustang,3.0,7.0,2.0,3.0,5.0,2.0,2.0,0.0,75.0,65.0,69.0,HIGH
Lupra Village,28.85,83.75,Mustang,3.0,8.0,3.0,2.0,6.0,1.0,1.0,0.0,85.0,70.0,76.0,HIGH
Yara Valley,29.15,83.9,Mustang,6.0,13.0,8.0,1.0,9.0,0.0,0.0,0.0,100.0,95.0,98.0,HIGH
Ghami Village,29.18,83.9,Mustang,3.0,8.0,4.0,1.0,6.0,0.0,1.0,0.0,90.0,75.0,81.0,HIGH
Tsarang Village,29.16,83.95,Mustang,3.0,7.0,3.0,1.0,5.0,0.0,1.0,0.0,90.0,65.0,75.0,HIGH
Damodar Himal Route,29.0,84.05,Mustang,9.0,17.0,15.0,1.0,10.0,0.0,0.0,0.0,100.0,100.0,100.0,HIGH
Kailash Mountain View Area,29.1,84.0,Mustang,7.0,15.0,10.0,1.0,9.0,0.0,0.0,0.0,100.0,98.0,99.0,HIGH
Barpak Village,28.22,84.75,Gorkha,5.0,12.0,4.0,3.0,8.0,0.0,1.0,0.0,95.0,85.0,89.0,HIGH
Laprak View Point,28.28,84.77,Gorkha,4.0,10.0,3.0,3.0,7.0,0.0,1.0,0.0,90.0,80.0,84.0,HIGH
Gorkha Durbar,28.0,84.63,Gorkha,1.0,2.0,0.0,2.0,7.0,20.0,15.0,5.0,15.0,20.0,17.0,LOW
Manakamana Temple,27.95,84.58,Gorkha,1.0,2.0,0.0,3.0,5.0,20.0,15.0,5.0,15.0,20.0,17.0,LOW
Chumnubri Valley,28.65,84.8,Gorkha,8.0,16.0,12.0,2.0,10.0,0.0,0.0,0.0,100.0,100.0,100.0,HIGH
Tsum Valley Monastery,28.6,84.85,Gorkha,7.0,15.0,10.0,2.0,9.0,0.0,0.0,0.0,100.0,98.0,99.0,HIGH
Ruby Valley Trek,28.3,85.15,Dhading,6.0,13.0,7.0,3.0,8.0,0.0,1.0,0.0,95.0,90.0,93.0,HIGH
Ganesh Himal Base Trail,28.2,85.1,Dhading,8.0,16.0,12.0,2.0,10.0,0.0,0.0,0.0,100.0,100.0,100.0,HIGH
Sertung Homestay,28.25,85.15,Dhading,4.0,9.0,3.0,3.0,6.0,1.0,1.0,0.0,85.0,75.0,79.0,HIGH
Kuri Kalinchowk,27.95,86.05,Dolakha,5.0,11.0,7.0,2.0,7.0,1.0,1.0,0.0,90.0,85.0,87.0,HIGH
Kalinchowk Bhagwati Temple,27.96,86.04,Dolakha,4.0,10.0,6.0,2.0,7.0,1.0,1.0,0.0,90.0,80.0,84.0,HIGH
Rolwaling Valley,27.85,86.45,Dolakha,9.0,18.0,15.0,1.0,10.0,0.0,0.0,0.0,100.0,100.0,100.0,HIGH
Tsho Rolpa Trek Route,27.85,86.47,Dolakha,9.0,17.0,14.0,2.0,10.0,0.0,0.0,0.0,100.0,100.0,100.0,HIGH
Jiri Trail,27.63,86.23,Dolakha,2.0,6.0,0.0,3.0,5.0,6.0,5.0,1.0,55.0,45.0,50.0,MEDIUM
Pumdikot View Tower,28.16,83.9,Kaski,2.0,3.0,0.0,3.0,4.0,60.0,50.0,15.0,10.0,25.0,30.0,LOW
Kahun Danda,28.26,84.0,Kaski,2.0,4.0,0.0,4.0,4.0,40.0,30.0,10.0,20.0,30.0,35.0,LOW
Panchase Trail,28.25,83.9,Kaski,5.0,8.0,0.0,4.0,5.0,20.0,15.0,5.0,45.0,55.0,60.0,MEDIUM
Kaskikot Village,28.26,83.95,Kaski,2.0,3.0,0.0,4.0,4.0,50.0,40.0,10.0,15.0,25.0,30.0,LOW
Lumle Village,28.33,83.82,Kaski,3.0,6.0,0.0,5.0,5.0,30.0,25.0,10.0,30.0,45.0,50.0,MEDIUM
Ghandruk Village,28.38,83.8,Kaski,5.0,8.0,3.0,3.0,7.0,15.0,10.0,3.0,55.0,65.0,70.0,HIGH
Chhomrong Village,28.43,83.85,Kaski,8.0,12.0,5.0,2.0,8.0,5.0,5.0,2.0,70.0,75.0,78.0,HIGH
MBC Trail,28.47,83.9,Kaski,12.0,16.0,10.0,1.0,9.0,0.0,0.0,0.0,100.0,90.0,92.0,HIGH
Machhapuchhre Base Camp,28.5,83.95,Kaski,16.0,20.0,15.0,0.0,10.0,0.0,0.0,0.0,100.0,100.0,98.0,HIGH
Khopra Danda,28.48,83.65,Myagdi,12.0,16.0,8.0,2.0,9.0,0.0,0.0,0.0,100.0,90.0,92.0,HIGH
Poon Hill Route,28.4,83.69,Myagdi,8.0,12.0,5.0,2.0,7.0,5.0,5.0,2.0,70.0,75.0,78.0,HIGH
Tatopani Myagdi,28.52,83.65,Myagdi,3.0,5.0,0.0,15.0,5.0,25.0,20.0,5.0,35.0,55.0,60.0,MEDIUM
Dhaulagiri Base Camp,28.7,83.5,Myagdi,20.0,20.0,18.0,0.0,10.0,0.0,0.0,0.0,100.0,100.0,99.0,HIGH
French Pass Trail,28.75,83.45,Myagdi,18.0,20.0,18.0,0.0,10.0,0.0,0.0,0.0,100.0,100.0,99.0,HIGH
Muktinath Temple,28.82,83.87,Mukthinath,5.0,8.0,3.0,1.0,7.0,20.0,15.0,5.0,55.0,65.0,70.0,HIGH
Jomsom Area,28.78,83.72,Mustang,4.0,6.0,3.0,2.0,7.0,20.0,15.0,5.0,45.0,60.0,65.0,MEDIUM
Kagbeni Village,28.85,83.78,Mustang,6.0,10.0,5.0,1.0,8.0,5.0,5.0,2.0,70.0,75.0,78.0,HIGH
Marpha Village,28.75,83.69,Mustang,2.0,4.0,0.0,2.0,5.0,40.0,30.0,10.0,20.0,35.0,40.0,MEDIUM
Tukuche Village,28.78,83.68,Mustang,3.0,5.0,2.0,2.0,6.0,30.0,25.0,10.0,35.0,45.0,50.0,MEDIUM
Upper Mustang Lo Manthang,29.19,83.96,Mustang,15.0,18.0,12.0,0.0,10.0,0.0,0.0,0.0,100.0,95.0,95.0,HIGH
Chhoser Cave,29.25,83.98,Mustang,12.0,16.0,10.0,0.0,9.0,0.0,0.0,0.0,100.0,90.0,92.0,HIGH
Damodar Kunda,29.2,84.1,Mustang,18.0,20.0,15.0,0.0,10.0,0.0,0.0,0.0,100.0,100.0,98.0,HIGH
Tilicho Lake,28.7,84.0,Manang,18.0,20.0,15.0,0.0,10.0,0.0,0.0,0.0,100.0,100.0,98.0,HIGH
Manang Village,28.67,84.02,Manang,10.0,15.0,8.0,1.0,9.0,0.0,0.0,0.0,100.0,90.0,92.0,HIGH
Ice Lake Manang,28.65,84.05,Manang,14.0,18.0,12.0,0.0,10.0,0.0,0.0,0.0,100.0,100.0,98.0,HIGH
Thorong La Pass,28.78,84.39,Manang,20.0,20.0,20.0,0.0,10.0,0.0,0.0,0.0,100.0,100.0,99.0,HIGH
Nar Phu Valley,28.9,84.3,Manang,16.0,20.0,15.0,0.0,10.0,0.0,0.0,0.0,100.0,100.0,98.0,HIGH
Koto Village,28.85,84.35,Manang,8.0,12.0,5.0,2.0,8.0,5.0,5.0,2.0,70.0,75.0,78.0,HIGH
Dharapani Trail,28.55,84.38,Manang,6.0,10.0,3.0,3.0,7.0,5.0,5.0,2.0,65.0,70.0,72.0,HIGH
Besisahar Rural Trail,28.23,84.38,Lamjung,3.0,6.0,0.0,8.0,5.0,30.0,25.0,10.0,35.0,55.0,60.0,MEDIUM
Ghalegaun Village,28.3,84.42,Lamjung,4.0,7.0,0.0,4.0,5.0,30.0,25.0,10.0,35.0,45.0,50.0,MEDIUM
Kakani Lamjung Hill,28.25,84.35,Lamjung,3.0,5.0,0.0,5.0,5.0,40.0,30.0,10.0,25.0,40.0,45.0,MEDIUM
Nangidhar Trail,28.4,84.4,Lamjung,5.0,8.0,0.0,4.0,6.0,20.0,15.0,5.0,45.0,55.0,60.0,MEDIUM
Sikles Village,28.42,84.17,Kaski,6.0,10.0,3.0,3.0,7.0,5.0,5.0,2.0,65.0,70.0,72.0,HIGH
Tangting Village,28.45,84.15,Kaski,4.0,7.0,0.0,3.0,6.0,15.0,10.0,3.0,55.0,60.0,65.0,MEDIUM
Kapuche Lake,28.5,84.2,Kaski,12.0,16.0,8.0,1.0,9.0,0.0,0.0,0.0,100.0,90.0,92.0,HIGH
Nawalpur Hill Route,27.7,84.0,Nawalpur,2.0,4.0,0.0,8.0,4.0,40.0,30.0,10.0,20.0,35.0,40.0,MEDIUM
Maula Kalika Trail,27.7,84.42,Nawalpur,1.0,2.0,0.0,5.0,4.0,50.0,40.0,10.0,10.0,25.0,30.0,LOW
Devchuli Mountain,27.7,84.0,Nawalpur,4.0,7.0,0.0,5.0,5.0,20.0,15.0,5.0,40.0,50.0,55.0,MEDIUM
Shailung Hill,27.65,86.25,Dolakha,4.0,9.0,2.0,3.0,6.0,2.0,2.0,0.0,80.0,70.0,75.0,HIGH
Charikot View Tower,27.67,86.04,Dolakha,1.0,3.0,0.0,2.0,4.0,10.0,8.0,2.0,30.0,25.0,27.0,LOW
Big Lake Dolakha,27.8,86.1,Dolakha,3.0,7.0,2.0,3.0,5.0,3.0,3.0,1.0,65.0,60.0,62.0,MEDIUM
Bigu Monastery,27.78,86.0,Dolakha,2.0,5.0,0.0,3.0,5.0,5.0,4.0,1.0,50.0,45.0,47.0,MEDIUM
Kalinchowk Snow Area,27.95,86.05,Dolakha,7.0,15.0,12.0,1.0,9.0,0.0,0.0,0.0,100.0,100.0,100.0,HIGH
Langtang National Park,28.2,85.55,Rasuwa,8.0,16.0,13.0,2.0,10.0,0.0,0.0,0.0,100.0,100.0,100.0,HIGH
Langtang Village,28.23,85.56,Rasuwa,5.0,12.0,8.0,2.0,8.0,0.0,1.0,0.0,95.0,90.0,93.0,HIGH
Kyanjin Gompa,28.21,85.57,Rasuwa,7.0,15.0,12.0,1.0,9.0,0.0,0.0,0.0,100.0,100.0,100.0,HIGH
Tserko Ri,28.21,85.6,Rasuwa,9.0,17.0,15.0,1.0,10.0,0.0,0.0,0.0,100.0,100.0,100.0,HIGH
Gosaikunda Lake,28.08,85.42,Rasuwa,10.0,18.0,16.0,1.0,10.0,0.0,0.0,0.0,100.0,100.0,100.0,HIGH
Helambu Trek,28.05,85.45,Sindhupalchok,6.0,13.0,9.0,2.0,8.0,0.0,1.0,0.0,95.0,90.0,93.0,HIGH
Ama Yangri Peak,28.05,85.65,Sindhupalchok,4.0,10.0,4.0,2.0,7.0,1.0,1.0,0.0,90.0,80.0,84.0,HIGH
Panch Pokhari Trail,28.0,85.62,Sindhupalchok,7.0,15.0,9.0,2.0,9.0,0.0,0.0,0.0,100.0,98.0,99.0,HIGH
Melamchi Bazaar,28.13,85.57,Sindhupalchok,1.0,4.0,0.0,8.0,4.0,12.0,10.0,3.0,30.0,40.0,35.0,MEDIUM
Tatopani Border Area,27.95,85.95,Sindhupalchok,3.0,6.0,0.0,10.0,5.0,8.0,7.0,2.0,60.0,65.0,62.0,MEDIUM
Chisapani Village,28.02,85.28,Kathmandu,2.0,5.0,0.0,2.0,5.0,10.0,8.0,2.0,40.0,35.0,37.0,MEDIUM
Sundarijal Waterfall,27.8,85.4,Kathmandu,3.0,5.0,0.0,8.0,4.0,20.0,15.0,5.0,35.0,50.0,43.0,MEDIUM
Shivapuri National Park,27.82,85.4,Kathmandu,4.0,8.0,0.0,5.0,5.0,15.0,10.0,3.0,55.0,55.0,55.0,MEDIUM
Kirtipur Historical Area,27.67,85.28,Kathmandu,1.0,1.0,0.0,2.0,5.0,30.0,25.0,8.0,5.0,10.0,8.0,LOW
Swayambhunath Temple,27.715,85.29,Kathmandu,1.0,0.0,0.0,2.0,5.0,40.0,30.0,10.0,5.0,10.0,8.0,LOW
Boudhanath Stupa,27.72,85.36,Kathmandu,0.0,0.0,0.0,2.0,4.0,45.0,35.0,12.0,5.0,8.0,7.0,LOW
Pashupatinath Temple,27.71,85.35,Kathmandu,0.0,0.0,0.0,3.0,4.0,50.0,40.0,15.0,5.0,10.0,8.0,LOW
Kathmandu Durbar Square,27.704,85.307,Kathmandu,1.0,0.0,0.0,3.0,8.0,50.0,40.0,15.0,5.0,20.0,12.0,LOW
Bhaktapur Durbar Square,27.671,85.429,Bhaktapur,1.0,0.0,0.0,2.0,7.0,35.0,30.0,10.0,5.0,15.0,10.0,LOW
Nagarkot Sunrise View,27.72,85.52,Bhaktapur,2.0,4.0,0.0,3.0,5.0,15.0,10.0,3.0,30.0,35.0,32.0,LOW
Changunarayan Temple,27.72,85.43,Bhaktapur,1.0,2.0,0.0,2.0,6.0,20.0,15.0,5.0,15.0,20.0,17.0,LOW
Dhulikhel View Point,27.62,85.55,Kavrepalanchok,1.0,3.0,0.0,2.0,4.0,15.0,12.0,3.0,25.0,25.0,25.0,LOW
Namobuddha Monastery,27.56,85.59,Kavrepalanchok,2.0,5.0,0.0,3.0,5.0,8.0,6.0,2.0,45.0,40.0,42.0,MEDIUM
Panauti Heritage Town,27.58,85.52,Kavrepalanchok,1.0,1.0,0.0,8.0,4.0,15.0,12.0,3.0,25.0,35.0,30.0,LOW
Tindhara Waterfall,27.6,85.4,Kavrepalanchok,3.0,6.0,0.0,7.0,4.0,5.0,4.0,1.0,55.0,50.0,52.0,MEDIUM
Rara Lake,29.5269,82.0835,Mugu,6.0,13.0,5.0,4.0,8.0,0.0,0.0,0.0,100.0,95.0,98.0,HIGH
Rara National Park,29.5,82.1,Mugu,7.0,15.0,7.0,3.0,9.0,0.0,0.0,0.0,100.0,98.0,99.0,HIGH
Mugu Karnali Valley,29.6,82.2,Mugu,5.0,12.0,6.0,6.0,8.0,0.0,1.0,0.0,95.0,90.0,93.0,HIGH
Shey Phoksundo Lake,29.2,82.95,Dolpa,8.0,16.0,12.0,2.0,10.0,0.0,0.0,0.0,100.0,100.0,100.0,HIGH
Phoksundo Waterfall,29.21,82.94,Dolpa,7.0,15.0,10.0,2.0,9.0,0.0,0.0,0.0,100.0,98.0,99.0,HIGH
Dho Tarap Valley,29.1,83.0,Dolpa,8.0,16.0,13.0,1.0,10.0,0.0,0.0,0.0,100.0,100.0,100.0,HIGH
Chitwan Jungle Walk,27.5291,84.3542,Chitwan,4.0,1.0,0.0,10.0,3.0,40.0,30.0,10.0,20.0,45.0,45.0,MEDIUM
Kasara Wildlife Area,27.53,84.35,Chitwan,5.0,1.0,0.0,12.0,3.0,30.0,25.0,10.0,25.0,50.0,52.0,MEDIUM
Sauraha Village,27.58,84.5,Chitwan,2.0,0.0,0.0,10.0,2.0,70.0,60.0,20.0,5.0,30.0,32.0,LOW
Bishazari Lake,27.62,84.45,Chitwan,2.0,1.0,0.0,12.0,3.0,50.0,40.0,15.0,10.0,35.0,38.0,MEDIUM
Devghat Dham,27.95,84.42,Tanahu,1.0,2.0,0.0,8.0,4.0,60.0,50.0,20.0,10.0,25.0,30.0,LOW
Bandipur Village,27.94,84.41,Tanahu,3.0,5.0,0.0,5.0,5.0,50.0,40.0,15.0,20.0,35.0,40.0,MEDIUM
Siddha Cave,27.95,84.4,Tanahu,2.0,4.0,0.0,5.0,4.0,50.0,40.0,15.0,15.0,30.0,35.0,LOW
Dumre Rural Area,27.95,84.3,Tanahu,2.0,3.0,0.0,10.0,4.0,50.0,40.0,15.0,15.0,40.0,42.0,MEDIUM
Tanahu Kalika Trail,27.95,84.35,Tanahu,3.0,6.0,0.0,6.0,5.0,30.0,25.0,10.0,35.0,45.0,50.0,MEDIUM
Madi Valley Trail,27.9,84.2,Tanahu,5.0,8.0,0.0,8.0,6.0,15.0,10.0,3.0,55.0,65.0,70.0,HIGH
Rupa Lake Area,28.15,84.1,Kaski,1.0,1.0,0.0,10.0,3.0,60.0,50.0,20.0,10.0,35.0,38.0,MEDIUM
Begnas View Point,28.17,84.08,Kaski,2.0,2.0,0.0,10.0,3.0,60.0,50.0,20.0,10.0,35.0,38.0,MEDIUM
Panchase Hill,28.25,83.9,Kaski,5.0,8.0,0.0,4.0,5.0,20.0,15.0,5.0,45.0,55.0,60.0,MEDIUM
Annapurna Rural Route,28.5,83.8,Kaski,10.0,15.0,8.0,2.0,9.0,0.0,0.0,0.0,100.0,90.0,92.0,HIGH
Dharapani Annapurna,28.55,84.38,Manang,6.0,10.0,3.0,3.0,7.0,5.0,5.0,2.0,65.0,70.0,72.0,HIGH
Chame Village,28.55,84.25,Manang,8.0,12.0,5.0,2.0,8.0,5.0,5.0,2.0,70.0,75.0,78.0,HIGH
Pisang Village,28.62,84.15,Manang,10.0,15.0,8.0,1.0,9.0,0.0,0.0,0.0,100.0,90.0,92.0,HIGH
Humde Airport Area,28.65,84.08,Manang,4.0,7.0,3.0,2.0,7.0,10.0,5.0,2.0,60.0,65.0,70.0,HIGH
Khangsar Village,28.7,84.05,Manang,12.0,16.0,10.0,1.0,9.0,0.0,0.0,0.0,100.0,90.0,92.0,HIGH
Muktinath Upper Trail,28.82,83.87,Mustang,8.0,12.0,8.0,0.0,8.0,5.0,5.0,2.0,75.0,80.0,82.0,HIGH
Kagbeni River Camp,28.85,83.78,Mustang,5.0,8.0,4.0,5.0,7.0,10.0,5.0,2.0,65.0,70.0,72.0,HIGH
Lo Manthang Route,29.19,83.96,Mustang,15.0,18.0,12.0,0.0,10.0,0.0,0.0,0.0,100.0,95.0,95.0,HIGH
Muktinath Jomsom Road,28.78,83.72,Mustang,5.0,10.0,5.0,2.0,7.0,10.0,10.0,3.0,65.0,75.0,78.0,HIGH
Tansen Palpa Heritage,27.87,83.54,Palpa,1.0,3.0,0.0,5.0,4.0,70.0,60.0,20.0,5.0,20.0,25.0,LOW
Srinagar Hill Palpa,27.85,83.55,Palpa,3.0,5.0,0.0,4.0,5.0,40.0,30.0,10.0,25.0,35.0,40.0,MEDIUM
Rani Mahal,27.88,83.58,Palpa,2.0,3.0,0.0,8.0,4.0,50.0,40.0,15.0,10.0,30.0,35.0,LOW
Argali Trail,27.85,83.6,Palpa,3.0,6.0,0.0,4.0,5.0,30.0,25.0,10.0,30.0,45.0,50.0,MEDIUM
Gulmi Resunga Hill,28.05,83.25,Gulmi,4.0,8.0,0.0,5.0,6.0,20.0,15.0,5.0,45.0,55.0,60.0,MEDIUM
Resunga Temple,28.07,83.25,Gulmi,2.0,4.0,0.0,5.0,5.0,40.0,30.0,10.0,20.0,35.0,40.0,MEDIUM
Tamghas Village,28.08,83.25,Gulmi,2.0,5.0,0.0,5.0,5.0,30.0,25.0,10.0,30.0,40.0,45.0,MEDIUM
Ruru Kshetra,27.87,83.45,Gulmi,1.0,2.0,0.0,10.0,4.0,50.0,40.0,15.0,10.0,35.0,38.0,MEDIUM
Swargadwari Temple,28.06,82.8,Pyuthan,4.0,6.0,0.0,3.0,5.0,20.0,20.0,5.0,35.0,45.0,50.0,MEDIUM
Pyuthan Khalanga Hill,28.09,82.87,Pyuthan,2.0,5.0,0.0,5.0,5.0,30.0,25.0,10.0,25.0,40.0,45.0,MEDIUM
Jaljala Rolpa Trail,28.4,82.65,Rolpa,12.0,16.0,8.0,3.0,9.0,0.0,0.0,0.0,100.0,90.0,92.0,HIGH
Sisne Himal Route,28.7,82.6,Rukum East,18.0,20.0,15.0,1.0,10.0,0.0,0.0,0.0,100.0,100.0,98.0,HIGH
Kamal Daha,28.6,82.5,Rukum West,6.0,10.0,3.0,5.0,7.0,5.0,5.0,2.0,65.0,75.0,78.0,HIGH
Musikot View Point,28.63,82.48,Rukum West,3.0,5.0,0.0,5.0,6.0,30.0,25.0,10.0,25.0,45.0,50.0,MEDIUM
Dolpa Phoksundo Route,29.22,82.96,Dolpa,18.0,20.0,15.0,1.0,10.0,0.0,0.0,0.0,100.0,100.0,98.0,HIGH
Shey Phoksundo Trail,29.25,83.05,Dolpa,18.0,20.0,18.0,0.0,10.0,0.0,0.0,0.0,100.0,100.0,99.0,HIGH
Jumla Sinja Heritage,29.4,82.2,Jumla,8.0,12.0,3.0,4.0,7.0,5.0,5.0,2.0,70.0,75.0,78.0,HIGH
Rara Lake Route,29.5269,82.0835,Mugu,8.0,12.0,5.0,3.0,8.0,0.0,0.0,0.0,90.0,85.0,88.0,HIGH
Khaptad National Park,29.3,81.1,Doti,6.0,8.0,2.0,5.0,6.0,5.0,5.0,2.0,65.0,70.0,72.0,HIGH
Khaptad Ashram Trail,29.25,81.15,Doti,5.0,10.0,3.0,4.0,7.0,5.0,5.0,2.0,70.0,75.0,78.0,HIGH
Ramaroshan Lake,29.1,81.2,Achham,8.0,12.0,3.0,5.0,7.0,5.0,5.0,2.0,70.0,75.0,78.0,HIGH
Badimalika Temple Route,29.5,81.6,Bajura,14.0,18.0,10.0,2.0,9.0,0.0,0.0,0.0,100.0,95.0,95.0,HIGH
Budhinanda Lake,29.7,81.3,Bajura,15.0,18.0,12.0,1.0,10.0,0.0,0.0,0.0,100.0,95.0,95.0,HIGH
Kolti Mountain Trail,29.5,81.15,Bajura,8.0,12.0,5.0,3.0,7.0,5.0,5.0,2.0,70.0,75.0,78.0,HIGH
Api Himal Trek Route,29.95,80.95,Darchula,18.0,20.0,18.0,1.0,10.0,0.0,0.0,0.0,100.0,100.0,99.0,HIGH
Malikarjun Temple,29.8,80.55,Darchula,3.0,6.0,0.0,5.0,6.0,20.0,20.0,5.0,40.0,55.0,60.0,MEDIUM
Khalanga Api View,29.85,80.55,Darchula,4.0,8.0,0.0,5.0,6.0,20.0,15.0,5.0,45.0,55.0,60.0,MEDIUM
Suklaphanta Wetland Trail,28.85,80.25,Kanchanpur,3.0,1.0,0.0,15.0,3.0,30.0,30.0,10.0,20.0,50.0,50.0,MEDIUM
Mahakali River Camp,28.95,80.15,Kanchanpur,5.0,2.0,0.0,18.0,3.0,20.0,20.0,5.0,40.0,60.0,65.0,HIGH
Ghodaghodi Bird Area,28.7,80.95,Kailali,2.0,1.0,0.0,15.0,3.0,40.0,30.0,10.0,20.0,45.0,45.0,MEDIUM
Tikapur Riverside Park,28.52,81.13,Kailali,2.0,1.0,0.0,12.0,3.0,50.0,40.0,15.0,10.0,40.0,38.0,MEDIUM
Bardiya Karnali Camp,28.45,81.3,Bardiya,6.0,2.0,0.0,15.0,3.0,20.0,20.0,5.0,35.0,55.0,60.0,MEDIUM
Blackbuck Conservation Area,28.3,81.3,Bardiya,4.0,1.0,0.0,10.0,3.0,30.0,25.0,10.0,20.0,45.0,45.0,MEDIUM
Banke Forest Safari Route,28.1,81.75,Banke,5.0,2.0,0.0,10.0,3.0,20.0,20.0,5.0,25.0,45.0,50.0,MEDIUM
Balkumari Hill Trail,27.9,82.5,Dang,3.0,4.0,0.0,6.0,5.0,40.0,30.0,10.0,20.0,35.0,40.0,MEDIUM
Chillikot Hill,28.0,82.7,Dang,5.0,7.0,0.0,5.0,6.0,25.0,20.0,5.0,35.0,50.0,55.0,MEDIUM
Ghorahi Valley View,28.03,82.48,Dang,2.0,3.0,0.0,8.0,4.0,60.0,50.0,20.0,10.0,25.0,30.0,LOW
Deukhuri Valley,27.9,82.6,Dang,2.0,1.0,0.0,15.0,3.0,50.0,40.0,15.0,10.0,40.0,42.0,MEDIUM
Tulsipur Hill Route,28.13,82.3,Dang,3.0,5.0,0.0,6.0,5.0,40.0,30.0,10.0,25.0,40.0,45.0,MEDIUM
Swargadwari Rural Path,28.06,82.8,Pyuthan,5.0,8.0,0.0,3.0,6.0,15.0,10.0,3.0,55.0,60.0,65.0,MEDIUM
Rolpa Guerrilla Trail,28.4,82.65,Rolpa,10.0,15.0,5.0,3.0,8.0,0.0,0.0,0.0,100.0,85.0,88.0,HIGH
Thawang Village,28.6,82.65,Rolpa,12.0,16.0,8.0,2.0,9.0,0.0,0.0,0.0,100.0,90.0,92.0,HIGH
Rukum Guerrilla Trail,28.6,82.5,Rukum West,10.0,15.0,5.0,4.0,8.0,0.0,0.0,0.0,100.0,85.0,88.0,HIGH
Sani Bheri Camp,28.62,82.3,Rukum West,6.0,10.0,3.0,5.0,7.0,5.0,5.0,2.0,65.0,75.0,78.0,HIGH
Jajarkot Khalanga View,28.7,82.18,Jajarkot,5.0,10.0,0.0,5.0,7.0,10.0,10.0,3.0,65.0,70.0,72.0,HIGH
Jajarkot River Trail,28.65,82.15,Jajarkot,6.0,12.0,0.0,8.0,7.0,5.0,5.0,2.0,75.0,80.0,82.0,HIGH
Bheri River Camp,28.6,82.2,Jajarkot,8.0,12.0,3.0,10.0,7.0,5.0,5.0,2.0,80.0,85.0,85.0,HIGH
Dailekh Dullu Heritage,28.85,81.7,Dailekh,2.0,5.0,0.0,5.0,6.0,30.0,25.0,10.0,30.0,45.0,50.0,MEDIUM
Pancha Deval Area,28.85,81.71,Dailekh,1.0,3.0,0.0,5.0,5.0,40.0,30.0,10.0,20.0,35.0,40.0,MEDIUM
Surkhet Kakrebihar,28.6,81.63,Surkhet,1.0,2.0,0.0,8.0,4.0,70.0,60.0,20.0,5.0,25.0,30.0,LOW
Bulbule Lake,28.6,81.62,Surkhet,2.0,1.0,0.0,10.0,3.0,70.0,60.0,20.0,10.0,35.0,38.0,MEDIUM
Kankrebihar Forest,28.62,81.65,Surkhet,3.0,3.0,0.0,8.0,4.0,50.0,40.0,15.0,15.0,30.0,35.0,LOW
Shey Phoksundo Trek Route,29.21,82.95,Dolpa,8.0,17.0,12.0,2.0,10.0,0.0,0.0,0.0,100.0,100.0,100.0,HIGH
Dunai Village,29.0,82.82,Dolpa,3.0,8.0,2.0,4.0,6.0,1.0,1.0,0.0,85.0,75.0,79.0,HIGH
Juphal Airport Area,29.28,82.18,Dolpa,2.0,5.0,0.0,3.0,5.0,3.0,3.0,1.0,65.0,55.0,60.0,MEDIUM
Tripurakot Temple,29.05,82.85,Dolpa,2.0,4.0,0.0,5.0,4.0,2.0,2.0,0.0,60.0,50.0,55.0,MEDIUM
Kagbeni Dolpa Route,29.1,82.9,Dolpa,6.0,14.0,9.0,2.0,8.0,0.0,0.0,0.0,100.0,95.0,98.0,HIGH
Jumla Sinja Valley,29.27,82.18,Jumla,4.0,10.0,3.0,5.0,7.0,1.0,1.0,0.0,90.0,80.0,84.0,HIGH
Rara Jumla Trek,29.4,82.3,Jumla,7.0,15.0,8.0,3.0,9.0,0.0,0.0,0.0,100.0,95.0,98.0,HIGH
Chandannath Temple,29.27,82.18,Jumla,1.0,3.0,0.0,4.0,5.0,10.0,8.0,2.0,35.0,30.0,32.0,MEDIUM
Patmara Village,29.35,82.25,Jumla,3.0,8.0,3.0,3.0,6.0,1.0,1.0,0.0,85.0,75.0,79.0,HIGH
Kanakasundari Area,29.3,82.05,Jumla,3.0,7.0,2.0,4.0,6.0,1.0,1.0,0.0,85.0,70.0,76.0,HIGH
Limi Valley,30.15,81.25,Humla,9.0,18.0,15.0,1.0,10.0,0.0,0.0,0.0,100.0,100.0,100.0,HIGH
Simikot Town,29.97,81.82,Humla,3.0,8.0,4.0,2.0,7.0,1.0,1.0,0.0,90.0,80.0,84.0,HIGH
Hilsa Border Area,30.0,81.3,Humla,7.0,16.0,12.0,1.0,9.0,0.0,0.0,0.0,100.0,100.0,100.0,HIGH
Limi Lapcha Trek,30.1,81.3,Humla,10.0,18.0,16.0,1.0,10.0,0.0,0.0,0.0,100.0,100.0,100.0,HIGH
Kailash Mansarovar Route Nepal,30.0,81.5,Humla,9.0,17.0,14.0,1.0,10.0,0.0,0.0,0.0,100.0,100.0,100.0,HIGH
Api Himal Base Camp,29.9,80.9,Darchula,9.0,18.0,15.0,2.0,10.0,0.0,0.0,0.0,100.0,100.0,100.0,HIGH
Khalanga Darchula,29.3,80.6,Darchula,2.0,5.0,0.0,8.0,5.0,8.0,6.0,2.0,55.0,60.0,58.0,MEDIUM
Malikarjun Temple,29.4,80.6,Darchula,1.0,3.0,0.0,5.0,4.0,8.0,6.0,2.0,40.0,40.0,40.0,MEDIUM
Tinkar Village,30.0,80.7,Darchula,7.0,15.0,12.0,2.0,9.0,0.0,0.0,0.0,100.0,100.0,100.0,HIGH
Saipal Himal Route,30.0,81.2,Bajhang,9.0,18.0,15.0,1.0,10.0,0.0,0.0,0.0,100.0,100.0,100.0,HIGH
Khaptad National Park,29.3,81.1,Bajhang,5.0,12.0,4.0,5.0,8.0,0.0,1.0,0.0,95.0,85.0,89.0,HIGH
Surma Sarovar,29.6,81.3,Bajhang,7.0,15.0,10.0,3.0,9.0,0.0,0.0,0.0,100.0,95.0,98.0,HIGH
Bungl Valley,29.7,81.4,Bajhang,6.0,14.0,8.0,3.0,8.0,0.0,1.0,0.0,95.0,90.0,93.0,HIGH
Badimalika Temple,29.5,81.4,Bajura,7.0,15.0,9.0,2.0,9.0,0.0,0.0,0.0,100.0,95.0,98.0,HIGH
Budhinanda Lake,29.7,81.5,Bajura,8.0,16.0,12.0,2.0,10.0,0.0,0.0,0.0,100.0,100.0,100.0,HIGH
Martadi Bazaar,29.5,81.6,Bajura,2.0,6.0,1.0,4.0,6.0,3.0,3.0,1.0,70.0,65.0,68.0,HIGH
Khaptad View Tower,29.25,81.1,Bajhang,4.0,10.0,3.0,4.0,7.0,1.0,1.0,0.0,90.0,80.0,84.0,HIGH
Ramaroshan Lake,29.3,81.0,Achham,5.0,11.0,3.0,5.0,7.0,1.0,1.0,0.0,90.0,85.0,87.0,HIGH
Ramaroshan Tourism Area,29.35,81.05,Achham,4.0,10.0,2.0,5.0,6.0,1.0,1.0,0.0,85.0,80.0,84.0,HIGH
Mangalsen View Point,29.13,81.25,Achham,2.0,5.0,0.0,4.0,5.0,5.0,4.0,1.0,50.0,45.0,47.0,MEDIUM
Panchadewal Temple,29.2,81.3,Achham,1.0,3.0,0.0,4.0,4.0,8.0,6.0,2.0,35.0,30.0,32.0,MEDIUM
Ghodaghodi Lake,28.7,80.95,Kailali,2.0,0.0,0.0,15.0,3.0,15.0,12.0,3.0,45.0,55.0,50.0,MEDIUM
Tikapur Park,28.52,81.12,Kailali,1.0,0.0,0.0,8.0,2.0,20.0,15.0,5.0,25.0,30.0,27.0,LOW
Karnali River Area,28.65,81.0,Kailali,4.0,0.0,0.0,15.0,3.0,8.0,6.0,2.0,60.0,65.0,62.0,MEDIUM
Dhangadhi Lake Area,28.7,80.6,Kailali,1.0,0.0,0.0,6.0,2.0,30.0,25.0,8.0,10.0,20.0,15.0,LOW
Shuklaphanta National Park,28.9,80.25,Kanchanpur,3.0,0.0,0.0,12.0,2.0,10.0,8.0,2.0,45.0,45.0,45.0,MEDIUM
Dodhara Chandani Bridge,28.87,80.18,Kanchanpur,2.0,0.0,0.0,10.0,2.0,15.0,12.0,3.0,35.0,40.0,38.0,MEDIUM
Brahmadev Temple,29.0,80.2,Kanchanpur,1.0,1.0,0.0,6.0,3.0,10.0,8.0,2.0,30.0,30.0,30.0,LOW
Dadeldhura View Point,29.3,80.58,Dadeldhura,2.0,5.0,0.0,4.0,5.0,6.0,5.0,1.0,50.0,45.0,47.0,MEDIUM
Amargadhi Fort,29.3,80.58,Dadeldhura,1.0,2.0,0.0,3.0,5.0,10.0,8.0,2.0,30.0,25.0,27.0,LOW
Ugratara Temple,29.32,80.6,Dadeldhura,1.0,3.0,0.0,4.0,4.0,8.0,6.0,2.0,35.0,35.0,35.0,MEDIUM
Gokuleshwar Area,29.5,80.5,Dadeldhura,3.0,7.0,1.0,3.0,6.0,3.0,3.0,1.0,65.0,60.0,62.0,MEDIUM
Patrasi Himal Route,29.3,82.8,Jumla,8.0,16.0,12.0,2.0,10.0,0.0,0.0,0.0,100.0,100.0,100.0,HIGH
Kakre Bihar,28.6,81.6,Surkhet,1.0,2.0,0.0,4.0,4.0,15.0,12.0,3.0,25.0,30.0,27.0,LOW
Bulbule Lake,28.6,81.63,Surkhet,1.0,1.0,0.0,5.0,3.0,20.0,15.0,5.0,15.0,25.0,20.0,LOW
Deuti Bajai Temple,28.6,81.63,Surkhet,1.0,2.0,0.0,3.0,4.0,20.0,15.0,5.0,15.0,20.0,17.0,LOW
Rara Surkhet Route,28.9,82.0,Surkhet,5.0,12.0,5.0,5.0,7.0,1.0,1.0,0.0,90.0,85.0,87.0,HIGH
Karnali River Rafting Area,28.7,81.0,Surkhet,5.0,0.0,0.0,15.0,3.0,5.0,4.0,1.0,70.0,70.0,70.0,HIGH
Rara National Park East Trail,29.55,82.15,Mugu,12.0,16.0,8.0,2.0,9.0,0.0,0.0,0.0,100.0,90.0,92.0,HIGH
Mugu Gamghadi View,29.32,82.18,Mugu,4.0,8.0,2.0,5.0,6.0,15.0,10.0,3.0,55.0,65.0,70.0,HIGH
Chhayanath Temple,29.35,82.2,Mugu,3.0,6.0,0.0,4.0,5.0,20.0,15.0,5.0,40.0,50.0,55.0,MEDIUM
Dolpa Dunai Valley,29.0,82.82,Dolpa,8.0,12.0,5.0,2.0,8.0,5.0,5.0,2.0,70.0,75.0,78.0,HIGH
Tarap Valley,29.2,83.0,Dolpa,15.0,18.0,12.0,0.0,10.0,0.0,0.0,0.0,100.0,95.0,95.0,HIGH
Dho Tarap Village,29.25,83.1,Dolpa,16.0,20.0,15.0,0.0,10.0,0.0,0.0,0.0,100.0,100.0,98.0,HIGH
Kang La Pass,29.35,83.3,Dolpa,20.0,20.0,20.0,0.0,10.0,0.0,0.0,0.0,100.0,100.0,99.0,HIGH
Jumla Rara Route,29.4,82.2,Jumla,10.0,15.0,8.0,3.0,8.0,0.0,0.0,0.0,100.0,85.0,88.0,HIGH
Chandannath Temple,29.27,82.18,Jumla,2.0,4.0,0.0,5.0,5.0,40.0,30.0,10.0,20.0,35.0,40.0,MEDIUM
Sinja Valley,29.35,82.1,Jumla,6.0,10.0,3.0,4.0,7.0,5.0,5.0,2.0,65.0,70.0,72.0,HIGH
Patmara Village,29.45,82.25,Jumla,8.0,12.0,5.0,3.0,8.0,5.0,5.0,2.0,70.0,75.0,78.0,HIGH
Kalikot Raskot View,29.13,81.6,Kalikot,6.0,10.0,0.0,5.0,7.0,5.0,5.0,2.0,65.0,70.0,72.0,HIGH
Pachal Jharana,29.15,81.65,Kalikot,5.0,8.0,0.0,8.0,6.0,10.0,10.0,3.0,60.0,70.0,72.0,HIGH
Manma Village,29.13,81.62,Kalikot,3.0,6.0,0.0,5.0,6.0,20.0,15.0,5.0,45.0,55.0,60.0,MEDIUM
Chuli Himal Route,29.8,81.5,HumlA,18.0,20.0,18.0,0.0,10.0,0.0,0.0,0.0,100.0,100.0,99.0,HIGH
Simkot Valley,29.97,81.82,Humla,8.0,15.0,10.0,1.0,9.0,0.0,0.0,0.0,100.0,90.0,92.0,HIGH
Limi Valley,30.0,81.3,Humla,18.0,20.0,15.0,0.0,10.0,0.0,0.0,0.0,100.0,100.0,98.0,HIGH
Yari Village,30.0,81.65,Humla,12.0,16.0,10.0,0.0,9.0,0.0,0.0,0.0,100.0,90.0,92.0,HIGH
Saipal Himal Base,30.1,81.4,Bajhang,20.0,20.0,20.0,0.0,10.0,0.0,0.0,0.0,100.0,100.0,99.0,HIGH
Chainpur Bajhang,29.55,81.2,Bajhang,5.0,9.0,3.0,5.0,7.0,10.0,10.0,3.0,65.0,75.0,78.0,HIGH
Surma Sarovar,29.6,81.25,Bajhang,10.0,15.0,8.0,2.0,9.0,0.0,0.0,0.0,100.0,90.0,92.0,HIGH
Bajura Martadi,29.42,81.4,Bajura,3.0,6.0,0.0,5.0,6.0,20.0,15.0,5.0,45.0,55.0,60.0,MEDIUM
Khaptad West Trail,29.28,81.1,Doti,5.0,8.0,2.0,5.0,6.0,10.0,10.0,3.0,60.0,70.0,72.0,HIGH
Dipayal View Point,29.26,80.95,Doti,2.0,3.0,0.0,10.0,4.0,60.0,50.0,20.0,10.0,35.0,38.0,MEDIUM
Silgadhi Heritage Route,29.27,80.97,Doti,2.0,5.0,0.0,6.0,5.0,40.0,30.0,10.0,25.0,40.0,45.0,MEDIUM
Dadeldhura Amargadhi,29.3,80.58,Dadeldhura,1.0,3.0,0.0,6.0,4.0,60.0,50.0,20.0,5.0,25.0,30.0,LOW
Ajaymeru Kot,29.35,80.45,Dadeldhura,3.0,6.0,0.0,5.0,6.0,30.0,25.0,10.0,35.0,45.0,50.0,MEDIUM
Ugratara Temple,29.3,80.6,Dadeldhura,1.0,2.0,0.0,5.0,4.0,70.0,60.0,20.0,5.0,20.0,25.0,LOW
Baitadi Patan View,29.52,80.43,Baitadi,4.0,8.0,0.0,5.0,7.0,20.0,15.0,5.0,45.0,55.0,60.0,MEDIUM
Tripura Sundari Temple,29.52,80.45,Baitadi,2.0,5.0,0.0,4.0,5.0,30.0,25.0,10.0,30.0,40.0,45.0,MEDIUM
Darchula Api Trail,29.95,80.95,Darchula,18.0,20.0,18.0,1.0,10.0,0.0,0.0,0.0,100.0,100.0,99.0,HIGH
Khalanga Darchula,29.85,80.55,Darchula,3.0,6.0,0.0,8.0,6.0,20.0,15.0,5.0,40.0,55.0,60.0,MEDIUM
Mahakali Gorge,29.85,80.45,Darchula,7.0,10.0,2.0,15.0,7.0,5.0,5.0,2.0,75.0,80.0,82.0,HIGH
Api Nampa Conservation Trail,30.0,80.9,Darchula,20.0,20.0,20.0,0.0,10.0,0.0,0.0,0.0,100.0,100.0,99.0,HIGH
Shuklaphanta Grassland,28.85,80.25,Kanchanpur,3.0,1.0,0.0,12.0,3.0,40.0,30.0,10.0,20.0,45.0,45.0,MEDIUM
Dodhara Chandani Bridge,28.85,80.1,Kanchanpur,2.0,0.0,0.0,15.0,2.0,50.0,40.0,15.0,10.0,40.0,42.0,MEDIUM
Kailali Karnali Island,28.55,81.1,Kailali,5.0,1.0,0.0,18.0,3.0,20.0,20.0,5.0,40.0,60.0,65.0,HIGH
Bardiya Karnali River,28.45,81.3,Bardiya,5.0,2.0,0.0,15.0,3.0,20.0,20.0,5.0,35.0,55.0,60.0,MEDIUM
Tharu Cultural Village,28.4,81.2,Bardiya,2.0,1.0,0.0,10.0,3.0,50.0,40.0,15.0,10.0,35.0,38.0,MEDIUM
Banke National Park Trail,28.1,81.75,Banke,4.0,1.0,0.0,10.0,3.0,30.0,25.0,10.0,20.0,45.0,45.0,MEDIUM
Nepalgunj Wetland Area,28.05,81.62,Banke,1.0,0.0,0.0,12.0,2.0,70.0,60.0,20.0,5.0,30.0,32.0,LOW
Kakrebihar Forest Trail,28.6,81.61,Surkhet,2.0,4.0,0.0,3.0,4.0,10.0,8.0,2.0,35.0,35.0,35.0,MEDIUM
Devisthan Temple,28.55,81.7,Surkhet,1.0,2.0,0.0,4.0,3.0,12.0,10.0,3.0,25.0,25.0,25.0,LOW
Kumakh Mountain Area,28.6,81.9,Surkhet,4.0,10.0,2.0,3.0,7.0,1.0,1.0,0.0,90.0,80.0,84.0,HIGH
Bheri River Corridor,28.6,81.8,Surkhet,5.0,3.0,0.0,12.0,4.0,5.0,4.0,1.0,70.0,65.0,68.0,HIGH
Jajarkot Darbar Area,28.65,82.18,Jajarkot,2.0,6.0,1.0,4.0,7.0,5.0,4.0,1.0,60.0,60.0,60.0,MEDIUM
Kudari Waterfall,28.7,82.25,Jajarkot,4.0,9.0,2.0,5.0,6.0,1.0,1.0,0.0,90.0,80.0,84.0,HIGH
Kushe Patan,28.8,82.15,Jajarkot,5.0,12.0,4.0,3.0,8.0,0.0,1.0,0.0,95.0,85.0,89.0,HIGH
Dolpa Jajarkot Trail,28.9,82.4,Jajarkot,7.0,15.0,9.0,2.0,9.0,0.0,0.0,0.0,100.0,95.0,98.0,HIGH
Rukum East Himal Area,28.7,82.6,Rukum East,8.0,16.0,12.0,2.0,10.0,0.0,0.0,0.0,100.0,100.0,100.0,HIGH
Sisne Himal Base Area,28.8,82.5,Rukum East,9.0,17.0,14.0,1.0,10.0,0.0,0.0,0.0,100.0,100.0,100.0,HIGH
Rukuni Waterfall,28.65,82.4,Rukum East,3.0,8.0,2.0,5.0,6.0,1.0,1.0,0.0,85.0,75.0,79.0,HIGH
Kamal Daha Lake,28.65,82.5,Rukum East,2.0,5.0,0.0,6.0,5.0,3.0,3.0,1.0,60.0,55.0,57.0,MEDIUM
Sani Bheri River,28.6,82.7,Rukum West,5.0,4.0,0.0,12.0,4.0,3.0,3.0,1.0,75.0,70.0,73.0,HIGH
Rukumkot Lake,28.7,82.6,Rukum West,3.0,7.0,2.0,4.0,6.0,2.0,2.0,0.0,75.0,65.0,69.0,HIGH
Syarpu Lake,28.95,82.25,Rukum West,2.0,5.0,0.0,6.0,4.0,5.0,4.0,1.0,55.0,50.0,52.0,MEDIUM
Sisne View Point,28.85,82.65,Rukum West,6.0,13.0,8.0,2.0,9.0,0.0,0.0,0.0,100.0,95.0,98.0,HIGH
Dhorpatan Hunting Reserve,28.55,83.05,Baglung,6.0,14.0,6.0,3.0,8.0,0.0,1.0,0.0,95.0,90.0,93.0,HIGH
Dhorpatan Valley,28.6,83.0,Baglung,5.0,12.0,5.0,4.0,8.0,0.0,1.0,0.0,95.0,85.0,89.0,HIGH
Panchkot Hill,28.27,83.6,Baglung,2.0,5.0,0.0,3.0,5.0,5.0,4.0,1.0,50.0,45.0,47.0,MEDIUM
Galkot Palace,28.22,83.47,Baglung,1.0,3.0,0.0,4.0,5.0,8.0,6.0,2.0,35.0,35.0,35.0,MEDIUM
Baglung Kalika Temple,28.27,83.59,Baglung,1.0,2.0,0.0,3.0,4.0,10.0,8.0,2.0,30.0,25.0,27.0,LOW
Galeshwor Temple,28.35,83.56,Myagdi,1.0,3.0,0.0,5.0,4.0,8.0,6.0,2.0,40.0,35.0,37.0,MEDIUM
Dhaulagiri Base Camp,28.75,83.49,Myagdi,10.0,18.0,17.0,1.0,10.0,0.0,0.0,0.0,100.0,100.0,100.0,HIGH
French Pass Route,28.72,83.5,Myagdi,10.0,18.0,16.0,1.0,10.0,0.0,0.0,0.0,100.0,100.0,100.0,HIGH
Italian Base Camp,28.73,83.45,Myagdi,9.0,17.0,15.0,1.0,10.0,0.0,0.0,0.0,100.0,100.0,100.0,HIGH
Khopra Ridge,28.46,83.65,Myagdi,5.0,12.0,7.0,2.0,8.0,0.0,1.0,0.0,95.0,90.0,93.0,HIGH
Morang Hill View,26.65,87.45,Morang,1.0,0.0,0.0,8.0,2.0,30.0,25.0,8.0,10.0,25.0,18.0,LOW
Biratnagar Tourism Area,26.45,87.27,Morang,1.0,0.0,0.0,10.0,2.0,40.0,35.0,10.0,5.0,30.0,20.0,LOW
Kanepokhari Lake,26.65,87.5,Morang,2.0,0.0,0.0,12.0,2.0,15.0,12.0,3.0,40.0,45.0,42.0,MEDIUM
Dhanpalthan Area,26.5,87.45,Morang,1.0,0.0,0.0,15.0,2.0,10.0,8.0,2.0,45.0,50.0,48.0,MEDIUM
Koshi River Bank,26.6,87.1,Morang,3.0,0.0,0.0,15.0,3.0,10.0,8.0,2.0,55.0,60.0,58.0,MEDIUM
Janakpur Dham,26.73,85.92,Dhanusha,0.0,0.0,0.0,8.0,3.0,50.0,40.0,15.0,5.0,20.0,12.0,LOW
Ram Mandir Janakpur,26.73,85.93,Dhanusha,0.0,0.0,0.0,7.0,3.0,45.0,35.0,12.0,5.0,15.0,10.0,LOW
Dhanushadham,26.8,85.9,Dhanusha,1.0,0.0,0.0,10.0,2.0,20.0,15.0,5.0,20.0,30.0,25.0,LOW
Jaleshwar Temple,26.65,85.8,Mahottari,1.0,0.0,0.0,12.0,2.0,15.0,12.0,3.0,40.0,45.0,42.0,MEDIUM
Gadhimai Temple,26.95,85.55,Bara,1.0,0.0,0.0,10.0,2.0,25.0,20.0,5.0,25.0,30.0,27.0,LOW
Simraungadh Historical Area,27.0,85.1,Bara,1.0,0.0,0.0,8.0,3.0,15.0,12.0,3.0,30.0,30.0,30.0,LOW
Parsa National Park,27.3,84.8,Parsa,3.0,0.0,0.0,10.0,2.0,10.0,8.0,2.0,45.0,45.0,45.0,MEDIUM
Birgunj Border Area,27.0,84.87,Parsa,1.0,0.0,0.0,8.0,2.0,35.0,30.0,8.0,10.0,20.0,15.0,LOW
Chitwan Bishazari Lake,27.6,84.42,Chitwan,2.0,0.0,0.0,10.0,3.0,20.0,15.0,5.0,30.0,40.0,35.0,MEDIUM
Bishazari Wetland,27.6,84.42,Chitwan,2.0,0.0,0.0,12.0,2.0,15.0,12.0,3.0,40.0,45.0,42.0,MEDIUM
Sauraha Elephant Safari,27.58,84.49,Chitwan,3.0,0.0,0.0,8.0,2.0,25.0,20.0,5.0,25.0,30.0,27.0,LOW
Devghat Dham,27.73,84.43,Tanahun,1.0,1.0,0.0,8.0,3.0,20.0,15.0,5.0,25.0,30.0,27.0,LOW
Bandipur Bazaar,27.94,84.41,Tanahun,2.0,4.0,0.0,3.0,5.0,10.0,8.0,2.0,40.0,35.0,37.0,MEDIUM
Siddha Cave,27.94,84.39,Tanahun,3.0,5.0,0.0,4.0,4.0,8.0,6.0,2.0,50.0,40.0,44.0,MEDIUM
Madi Valley Tanahun,27.9,84.3,Tanahun,3.0,7.0,1.0,5.0,5.0,5.0,4.0,1.0,65.0,60.0,62.0,MEDIUM
Gaindakot Kalika Temple,27.72,84.43,Nawalpur,1.0,1.0,0.0,8.0,2.0,20.0,15.0,5.0,20.0,25.0,22.0,LOW
Maula Kalika Hill,27.72,84.43,Nawalpur,2.0,4.0,0.0,3.0,4.0,15.0,10.0,3.0,35.0,35.0,35.0,MEDIUM
Kushma Bridge Area,28.22,83.68,Parbat,2.0,3.0,0.0,8.0,4.0,15.0,12.0,3.0,35.0,40.0,37.0,MEDIUM
Gupteshwor Cave,28.22,83.67,Parbat,2.0,3.0,0.0,5.0,4.0,15.0,12.0,3.0,30.0,30.0,30.0,LOW
Panchase Parbat Route,28.23,83.8,Parbat,4.0,9.0,2.0,3.0,6.0,2.0,2.0,0.0,80.0,75.0,78.0,HIGH
Tamal Hill,28.3,83.7,Parbat,2.0,5.0,0.0,3.0,5.0,5.0,5.0,1.0,50.0,45.0,47.0,MEDIUM
Mahashila Rural Trail,28.2,83.65,Parbat,3.0,7.0,1.0,3.0,6.0,3.0,3.0,1.0,65.0,60.0,62.0,MEDIUM
Sikles to Parbat Trail,28.35,83.9,Parbat,5.0,12.0,6.0,2.0,8.0,0.0,1.0,0.0,95.0,85.0,89.0,HIGH
Tansen View Point,27.87,83.55,Palpa,1.0,3.0,0.0,2.0,5.0,12.0,10.0,3.0,30.0,25.0,27.0,LOW
Rani Mahal River Side,27.85,83.54,Palpa,2.0,4.0,0.0,10.0,4.0,8.0,6.0,2.0,50.0,55.0,52.0,MEDIUM
Srinagar Hill Palpa,27.87,83.55,Palpa,1.0,4.0,0.0,2.0,4.0,10.0,8.0,2.0,35.0,30.0,32.0,MEDIUM
Bhagwati Temple Palpa,27.87,83.54,Palpa,1.0,2.0,0.0,3.0,5.0,15.0,12.0,3.0,25.0,25.0,25.0,LOW
Lumbini Sacred Garden,27.47,83.28,Rupandehi,0.0,0.0,0.0,5.0,3.0,50.0,40.0,15.0,5.0,10.0,8.0,LOW
Tilaurakot Palace,27.57,83.05,Kapilvastu,1.0,0.0,0.0,8.0,3.0,20.0,15.0,5.0,20.0,25.0,22.0,LOW
Jagadishpur Lake,27.58,83.08,Kapilvastu,2.0,0.0,0.0,12.0,2.0,15.0,12.0,3.0,40.0,45.0,42.0,MEDIUM
Taulihawa Historical Area,27.55,83.05,Kapilvastu,1.0,0.0,0.0,7.0,3.0,25.0,20.0,5.0,20.0,25.0,22.0,LOW
Swargadwari Temple,28.05,82.85,Pyuthan,4.0,10.0,2.0,4.0,6.0,2.0,2.0,0.0,80.0,75.0,78.0,HIGH
Pyuthan Rural Trail,28.1,82.9,Pyuthan,3.0,8.0,2.0,5.0,6.0,1.0,1.0,0.0,85.0,75.0,79.0,HIGH
Gurase Danda,28.2,82.7,Pyuthan,4.0,9.0,3.0,3.0,6.0,1.0,1.0,0.0,90.0,80.0,84.0,HIGH
Jhimruk River Area,28.1,82.7,Pyuthan,3.0,5.0,0.0,12.0,4.0,3.0,3.0,1.0,65.0,65.0,65.0,HIGH
Dhorpatan East Route,28.55,83.0,Baglung,7.0,15.0,8.0,2.0,9.0,0.0,0.0,0.0,100.0,95.0,98.0,HIGH
Beni Bazaar,28.35,83.56,Myagdi,1.0,4.0,0.0,8.0,4.0,10.0,8.0,2.0,40.0,45.0,42.0,MEDIUM
Myagdi Tatopani,28.53,83.67,Myagdi,2.0,6.0,1.0,7.0,5.0,5.0,4.0,1.0,60.0,60.0,60.0,MEDIUM
Galeshwor Dham,28.35,83.56,Myagdi,1.0,2.0,0.0,6.0,4.0,10.0,8.0,2.0,35.0,30.0,32.0,MEDIUM
Khopra Danda Trek,28.46,83.63,Myagdi,5.0,13.0,8.0,2.0,8.0,0.0,1.0,0.0,95.0,90.0,93.0,HIGH
Mundum Trail Bhojpur,27.4,87.0,Bhojpur,5.0,12.0,5.0,3.0,8.0,0.0,1.0,0.0,95.0,85.0,89.0,HIGH
Bhojpur Siddhakali,27.18,87.05,Bhojpur,1.0,3.0,0.0,3.0,4.0,8.0,6.0,2.0,35.0,30.0,32.0,MEDIUM
Taksar Airport Area,27.17,87.05,Bhojpur,1.0,2.0,0.0,3.0,3.0,10.0,8.0,2.0,30.0,25.0,27.0,LOW
Mundum Danda View,27.35,86.95,Bhojpur,4.0,10.0,4.0,2.0,6.0,1.0,1.0,0.0,90.0,80.0,84.0,HIGH
Barahachhetra Temple,26.85,87.15,Sunsari,1.0,0.0,0.0,10.0,2.0,20.0,15.0,5.0,25.0,35.0,30.0,LOW
Koshi Barrage Wetland,26.69,87.02,Sunsari,3.0,0.0,0.0,18.0,2.0,15.0,12.0,3.0,55.0,60.0,58.0,MEDIUM
Dharan Jungle Camp,26.81,87.28,Sunsari,3.0,1.0,0.0,8.0,3.0,15.0,10.0,3.0,40.0,40.0,40.0,MEDIUM
Budhasubba Temple Area,26.82,87.27,Sunsari,1.0,1.0,0.0,3.0,4.0,25.0,20.0,6.0,10.0,15.0,12.0,LOW
Bhedetar Hill Station,26.8,87.28,Dhankuta,1.0,3.0,0.0,2.0,3.0,20.0,15.0,5.0,15.0,20.0,17.0,LOW
Hile Tourism Area,26.99,87.33,Dhankuta,1.0,2.0,0.0,3.0,3.0,12.0,10.0,3.0,25.0,20.0,22.0,LOW
Namaste Jharna Dhankuta,27.05,87.35,Dhankuta,3.0,6.0,0.0,6.0,4.0,5.0,4.0,1.0,55.0,50.0,52.0,MEDIUM
Tinjure Milke Jaljale Trail,27.25,87.4,Tehrathum,6.0,13.0,7.0,2.0,8.0,0.0,0.0,0.0,100.0,90.0,96.0,HIGH
Gupha Pokhari Trail,27.25,87.35,Tehrathum,3.0,7.0,2.0,3.0,5.0,2.0,2.0,0.0,75.0,60.0,66.0,HIGH
Sandakpur Trek Route,26.95,87.92,Ilam,5.0,10.0,3.0,2.0,7.0,1.0,1.0,0.0,90.0,85.0,87.0,HIGH
Kanyam Tea Garden Route,26.9,87.93,Ilam,1.0,2.0,0.0,3.0,3.0,15.0,10.0,3.0,20.0,20.0,20.0,LOW
Antu Danda Sunrise,26.88,87.9,Ilam,2.0,4.0,0.0,3.0,4.0,8.0,6.0,2.0,40.0,35.0,37.0,MEDIUM
Mai Pokhari Area,26.97,87.95,Ilam,1.0,1.0,0.0,5.0,2.0,12.0,10.0,3.0,30.0,25.0,27.0,LOW
Pathibhara Temple Route,27.41,87.73,Taplejung,6.0,14.0,8.0,2.0,9.0,0.0,0.0,0.0,100.0,95.0,98.0,HIGH
Taplejung Bazaar,27.35,87.67,Taplejung,2.0,5.0,0.0,4.0,6.0,8.0,6.0,2.0,55.0,50.0,52.0,MEDIUM
Olangchung Gola,27.67,87.8,Taplejung,8.0,17.0,14.0,1.0,10.0,0.0,0.0,0.0,100.0,100.0,100.0,HIGH
Ghunsa Village,27.72,87.9,Taplejung,9.0,18.0,16.0,1.0,10.0,0.0,0.0,0.0,100.0,100.0,100.0,HIGH
Kanchenjunga North Base Camp,27.75,87.9,Taplejung,10.0,19.0,18.0,1.0,10.0,0.0,0.0,0.0,100.0,100.0,100.0,HIGH
Mai Valley Trail,26.9,87.85,Ilam,2.0,5.0,0.0,5.0,3.0,10.0,8.0,2.0,40.0,40.0,40.0,MEDIUM
Fikkal Bazaar,26.9,87.93,Ilam,1.0,2.0,0.0,4.0,3.0,15.0,12.0,3.0,20.0,25.0,22.0,LOW
Panchthar Silauti Pokhari,27.12,87.85,Panchthar,3.0,7.0,2.0,3.0,5.0,3.0,3.0,1.0,65.0,60.0,62.0,MEDIUM
Phidim View Tower,27.15,87.81,Panchthar,1.0,3.0,0.0,2.0,4.0,10.0,8.0,2.0,30.0,25.0,27.0,LOW
Kumbhakarna Himal Area,27.65,87.85,Taplejung,10.0,19.0,18.0,1.0,10.0,0.0,0.0,0.0,100.0,100.0,100.0,HIGH
Makalu Base Camp Trail,27.62,87.15,Sankhuwasabha,10.0,19.0,17.0,1.0,10.0,0.0,0.0,0.0,100.0,100.0,100.0,HIGH
Num Valley,27.58,87.15,Sankhuwasabha,5.0,12.0,5.0,3.0,8.0,0.0,1.0,0.0,95.0,85.0,89.0,HIGH
Tumlingtar Airport Area,27.3,87.19,Sankhuwasabha,2.0,3.0,0.0,5.0,4.0,12.0,10.0,3.0,35.0,35.0,35.0,MEDIUM
Arun River Tourism Area,27.55,87.18,Sankhuwasabha,5.0,2.0,0.0,15.0,3.0,5.0,4.0,1.0,75.0,70.0,73.0,HIGH
Khadbari Bazaar,27.38,87.2,Sankhuwasabha,1.0,3.0,0.0,5.0,4.0,15.0,12.0,3.0,30.0,35.0,32.0,LOW
Ilam Tea Garden,26.9,87.92,Ilam,1.0,1.0,0.0,3.0,2.0,20.0,15.0,5.0,10.0,15.0,12.0,LOW
Koshi Tappu Wildlife Reserve,26.7,87.0,Sunsari,4.0,0.0,0.0,18.0,2.0,8.0,6.0,2.0,60.0,65.0,62.0,MEDIUM
Damak Wetland Area,26.65,87.7,Jhapa,1.0,0.0,0.0,12.0,2.0,20.0,15.0,5.0,30.0,40.0,35.0,MEDIUM
Kakarbhitta Border Tourism,26.65,88.15,Jhapa,1.0,0.0,0.0,8.0,2.0,30.0,25.0,8.0,10.0,20.0,15.0,LOW
Arjundhara Temple,26.65,88.0,Jhapa,1.0,0.0,0.0,6.0,2.0,25.0,20.0,5.0,10.0,15.0,12.0,LOW
Birat Chowk Area,26.5,87.28,Morang,1.0,0.0,0.0,8.0,2.0,25.0,20.0,5.0,15.0,25.0,20.0,LOW
Pathari Forest Area,26.6,87.5,Morang,2.0,0.0,0.0,12.0,3.0,10.0,8.0,2.0,45.0,50.0,48.0,MEDIUM
Sundar Haraicha Lake,26.7,87.35,Morang,1.0,0.0,0.0,10.0,2.0,15.0,12.0,3.0,30.0,35.0,32.0,LOW
Dharan Hiking Route,26.82,87.28,Sunsari,3.0,5.0,0.0,4.0,4.0,15.0,10.0,3.0,40.0,45.0,42.0,MEDIUM
Namaste Falls,26.95,87.35,Dhankuta,3.0,7.0,1.0,5.0,5.0,4.0,3.0,1.0,65.0,60.0,62.0,MEDIUM
Hile Tea View,26.99,87.33,Dhankuta,1.0,2.0,0.0,3.0,3.0,12.0,10.0,3.0,25.0,25.0,25.0,LOW
Jaljale Trail East,27.22,87.42,Tehrathum,6.0,13.0,7.0,2.0,8.0,0.0,0.0,0.0,100.0,95.0,98.0,HIGH
Milke Danda,27.25,87.4,Tehrathum,5.0,12.0,6.0,2.0,8.0,0.0,0.0,0.0,100.0,90.0,96.0,HIGH
Barah Pokhari Area,27.3,86.9,Khotang,4.0,10.0,3.0,4.0,6.0,1.0,1.0,0.0,90.0,80.0,84.0,HIGH
Halesi Mahadev Cave,27.32,86.72,Khotang,1.0,2.0,0.0,3.0,4.0,20.0,15.0,5.0,15.0,15.0,15.0,LOW
Diktel Rupakot Area,27.21,86.79,Khotang,2.0,5.0,0.0,3.0,5.0,8.0,6.0,2.0,50.0,45.0,47.0,MEDIUM
Silichung Mountain Route,27.55,87.0,Bhojpur,9.0,18.0,15.0,1.0,10.0,0.0,0.0,0.0,100.0,100.0,100.0,HIGH
Salpa Pokhari,27.45,86.95,Bhojpur,7.0,15.0,10.0,2.0,9.0,0.0,0.0,0.0,100.0,95.0,98.0,HIGH
Temke Danda,27.3,86.95,Bhojpur,5.0,12.0,5.0,2.0,8.0,0.0,1.0,0.0,95.0,85.0,89.0,HIGH
Dhankuta Hile Route,27.0,87.33,Dhankuta,1.0,3.0,0.0,3.0,4.0,12.0,10.0,3.0,30.0,30.0,30.0,LOW
Chhintang Waterfall,26.98,87.25,Dhankuta,3.0,7.0,0.0,6.0,4.0,5.0,4.0,1.0,55.0,55.0,55.0,MEDIUM
Sankhuwasabha River Camp,27.45,87.2,Sankhuwasabha,5.0,4.0,0.0,14.0,4.0,3.0,3.0,1.0,75.0,70.0,73.0,HIGH
Makalu Conservation Route,27.6,87.1,Sankhuwasabha,10.0,18.0,16.0,1.0,10.0,0.0,0.0,0.0,100.0,100.0,100.0,HIGH
Tsum Valley East Entry,28.6,84.85,Gorkha,8.0,16.0,12.0,2.0,10.0,0.0,0.0,0.0,100.0,100.0,100.0,HIGH
Manaslu Circuit North,28.65,84.7,Gorkha,10.0,18.0,17.0,1.0,10.0,0.0,0.0,0.0,100.0,100.0,100.0,HIGH
Larkya Pass,28.7,84.55,Gorkha,10.0,19.0,18.0,1.0,10.0,0.0,0.0,0.0,100.0,100.0,100.0,HIGH
Samagaun Village,28.65,84.63,Gorkha,7.0,15.0,12.0,1.0,9.0,0.0,0.0,0.0,100.0,100.0,100.0,HIGH
Birendra Lake,28.65,84.58,Gorkha,8.0,16.0,13.0,1.0,10.0,0.0,0.0,0.0,100.0,100.0,100.0,HIGH
Machhapuchhre Base Area,28.5,84.45,Kaski,9.0,17.0,15.0,1.0,10.0,0.0,0.0,0.0,100.0,100.0,100.0,HIGH
Mardi Himal Trek,28.44,83.95,Kaski,7.0,15.0,10.0,2.0,9.0,0.0,0.0,0.0,100.0,98.0,99.0,HIGH
Australian Camp,28.33,83.8,Kaski,2.0,5.0,0.0,2.0,5.0,8.0,6.0,2.0,45.0,40.0,42.0,MEDIUM
Dhampus Village,28.3,83.85,Kaski,2.0,4.0,0.0,3.0,5.0,10.0,8.0,2.0,35.0,35.0,35.0,MEDIUM
Koshi Tappu Buffer Trail,26.78,87.16,Sunsari,3.0,1.0,0.0,15.0,3.0,40.0,30.0,10.0,20.0,50.0,52.0,MEDIUM
Arun Valley Trek Route,27.45,87.1,Sankhuwasabha,12.0,16.0,8.0,3.0,9.0,0.0,0.0,0.0,100.0,90.0,92.0,HIGH
Makalu Base Camp Lower Trail,27.65,87.15,Sankhuwasabha,16.0,20.0,15.0,1.0,10.0,0.0,0.0,0.0,100.0,100.0,98.0,HIGH
Num Village,27.55,87.3,Sankhuwasabha,5.0,10.0,3.0,4.0,7.0,10.0,10.0,3.0,65.0,70.0,72.0,HIGH
Seduwa Village,27.6,87.2,Sankhuwasabha,8.0,12.0,5.0,3.0,8.0,5.0,5.0,2.0,70.0,75.0,78.0,HIGH
Yangle Kharka,27.7,87.25,Sankhuwasabha,12.0,16.0,10.0,2.0,9.0,0.0,0.0,0.0,100.0,90.0,92.0,HIGH
Ilam Mai Pokhari Trail,26.95,87.85,Ilam,2.0,3.0,0.0,8.0,4.0,50.0,40.0,15.0,10.0,35.0,38.0,MEDIUM
Todke Hill,26.98,87.9,Ilam,3.0,5.0,0.0,4.0,5.0,40.0,30.0,10.0,25.0,40.0,45.0,MEDIUM
Chhintapu Forest Route,27.0,87.85,Ilam,5.0,8.0,0.0,3.0,6.0,20.0,15.0,5.0,45.0,55.0,60.0,MEDIUM
Fakfokthum Village,27.0,87.7,Ilam,4.0,7.0,0.0,5.0,5.0,25.0,20.0,5.0,40.0,50.0,55.0,MEDIUM
Antu Sunrise Tower,26.87,88.0,Ilam,1.0,1.0,0.0,4.0,3.0,80.0,70.0,25.0,5.0,15.0,20.0,LOW
Sandakpur Ridge Trail,27.0,87.9,Ilam,6.0,10.0,2.0,3.0,7.0,10.0,10.0,3.0,65.0,70.0,72.0,HIGH
Tinjure Milke Jaljale,27.3,87.5,Tehrathum,12.0,16.0,8.0,2.0,9.0,0.0,0.0,0.0,100.0,90.0,92.0,HIGH
Milke Danda View,27.25,87.45,Tehrathum,8.0,12.0,5.0,3.0,7.0,5.0,5.0,2.0,70.0,75.0,78.0,HIGH
Gupha Pokhari Trail,27.2,87.55,Tehrathum,7.0,10.0,3.0,3.0,7.0,5.0,5.0,2.0,65.0,70.0,72.0,HIGH
Basantapur Hill,27.25,87.33,Tehrathum,2.0,4.0,0.0,4.0,4.0,50.0,40.0,15.0,15.0,30.0,35.0,LOW
Pathibhara Temple Upper Route,27.35,87.7,Taplejung,15.0,18.0,12.0,1.0,10.0,0.0,0.0,0.0,100.0,95.0,95.0,HIGH
Taplejung Phungling View,27.35,87.67,Taplejung,3.0,6.0,0.0,4.0,5.0,30.0,25.0,10.0,30.0,45.0,50.0,MEDIUM
Kanchenjunga North Base Camp,27.9,88.05,Taplejung,20.0,20.0,20.0,0.0,10.0,0.0,0.0,0.0,100.0,100.0,99.0,HIGH
Kanchenjunga South Base Camp,27.7,88.0,Taplejung,18.0,20.0,18.0,0.0,10.0,0.0,0.0,0.0,100.0,100.0,99.0,HIGH
Ghunsa Glacier Route,27.73,87.95,Taplejung,18.0,20.0,15.0,0.0,10.0,0.0,0.0,0.0,100.0,100.0,98.0,HIGH
Olangchung Gola Village,27.87,87.8,Taplejung,16.0,20.0,12.0,1.0,10.0,0.0,0.0,0.0,100.0,95.0,95.0,HIGH
Maiwa Khola Trail,27.6,87.7,Taplejung,8.0,12.0,5.0,3.0,8.0,5.0,5.0,2.0,70.0,75.0,78.0,HIGH
Bhojpur Mundum Trail,27.2,87.3,Bhojpur,10.0,15.0,5.0,3.0,8.0,0.0,0.0,0.0,100.0,85.0,88.0,HIGH
Temke Danda Summit,27.25,87.25,Bhojpur,12.0,16.0,8.0,2.0,9.0,0.0,0.0,0.0,100.0,90.0,92.0,HIGH
Silichung Peak Route,27.15,87.1,Bhojpur,15.0,18.0,12.0,1.0,10.0,0.0,0.0,0.0,100.0,95.0,95.0,HIGH
Dingla Cultural Trail,27.3,87.1,Bhojpur,3.0,5.0,0.0,5.0,5.0,30.0,25.0,10.0,30.0,40.0,45.0,MEDIUM
Dhankuta Hile View,26.93,87.34,Dhankuta,2.0,3.0,0.0,4.0,4.0,60.0,50.0,20.0,10.0,25.0,30.0,LOW
Bhedetar Hill Station,26.81,87.3,Dhankuta,2.0,4.0,0.0,6.0,4.0,60.0,50.0,20.0,10.0,30.0,35.0,LOW
Namaste Falls Trail,26.76,87.25,Dhankuta,3.0,5.0,0.0,8.0,4.0,30.0,25.0,10.0,25.0,40.0,45.0,MEDIUM
Rajarani Wetland,26.95,87.4,Dhankuta,2.0,3.0,0.0,8.0,4.0,30.0,25.0,10.0,20.0,35.0,40.0,MEDIUM
Halesi Mahadev Cave,27.38,86.67,Khotang,2.0,4.0,0.0,5.0,5.0,50.0,40.0,10.0,15.0,30.0,35.0,LOW
Diktel Rupakot Trail,27.21,86.79,Khotang,4.0,7.0,0.0,5.0,6.0,20.0,15.0,5.0,40.0,50.0,55.0,MEDIUM
Pikey Peak Lower Camp,27.65,86.62,Solukhumbu,12.0,16.0,8.0,2.0,9.0,0.0,0.0,0.0,100.0,90.0,92.0,HIGH
Junbesi Village,27.6,86.58,Solukhumbu,6.0,10.0,4.0,3.0,7.0,5.0,5.0,2.0,65.0,70.0,72.0,HIGH
Chiwang Monastery,27.62,86.7,Solukhumbu,4.0,8.0,2.0,3.0,6.0,10.0,10.0,3.0,55.0,65.0,70.0,HIGH
Thame Valley,27.95,86.75,Solukhumbu,15.0,18.0,12.0,1.0,10.0,0.0,0.0,0.0,100.0,95.0,95.0,HIGH
Gokyo Valley,27.95,86.7,Solukhumbu,18.0,20.0,15.0,0.0,10.0,0.0,0.0,0.0,100.0,100.0,98.0,HIGH
Renjo La Pass,28.0,86.75,Solukhumbu,20.0,20.0,20.0,0.0,10.0,0.0,0.0,0.0,100.0,100.0,99.0,HIGH
Cho La Pass,27.95,86.8,Solukhumbu,20.0,20.0,20.0,0.0,10.0,0.0,0.0,0.0,100.0,100.0,99.0,HIGH
Annapurna Sanctuary Route,28.53,84.56,Kaski,9.0,17.0,14.0,1.0,10.0,0.0,0.0,0.0,100.0,100.0,100.0,HIGH
Machhapuchhre Model Trek,28.47,84.35,Kaski,6.0,13.0,8.0,2.0,8.0,0.0,1.0,0.0,95.0,90.0,93.0,HIGH
Ghandruk Village,28.37,83.8,Kaski,3.0,7.0,1.0,3.0,5.0,5.0,4.0,1.0,55.0,55.0,55.0,MEDIUM
Chhomrong Village,28.45,83.83,Kaski,5.0,12.0,7.0,2.0,8.0,1.0,1.0,0.0,90.0,85.0,87.0,HIGH
Landruk Village,28.37,83.82,Kaski,2.0,6.0,1.0,3.0,5.0,5.0,4.0,1.0,55.0,50.0,52.0,MEDIUM
Tolka View Area,28.33,83.82,Kaski,2.0,5.0,0.0,3.0,5.0,8.0,6.0,2.0,45.0,40.0,42.0,MEDIUM
Poon Hill Sunrise Point,28.4,83.69,Myagdi,4.0,10.0,4.0,2.0,7.0,1.0,1.0,0.0,90.0,80.0,84.0,HIGH
Ghorepani Village,28.4,83.69,Myagdi,3.0,8.0,2.0,3.0,6.0,2.0,2.0,0.0,75.0,70.0,73.0,HIGH
Kopra Danda,28.46,83.65,Myagdi,6.0,14.0,8.0,2.0,9.0,0.0,0.0,0.0,100.0,95.0,98.0,HIGH
Muldai Viewpoint,28.43,83.65,Myagdi,5.0,12.0,6.0,2.0,8.0,0.0,1.0,0.0,95.0,90.0,93.0,HIGH
Tatopani Hot Spring,28.5,83.6,Myagdi,2.0,5.0,0.0,10.0,4.0,10.0,8.0,2.0,45.0,50.0,47.0,MEDIUM
Tilicho Lake Route,28.67,84.03,Manang,10.0,18.0,16.0,1.0,10.0,0.0,0.0,0.0,100.0,100.0,100.0,HIGH
Ice Lake Manang,28.68,84.03,Manang,8.0,16.0,14.0,1.0,10.0,0.0,0.0,0.0,100.0,100.0,100.0,HIGH
Nar Phu Valley,28.85,84.2,Manang,9.0,18.0,15.0,1.0,10.0,0.0,0.0,0.0,100.0,100.0,100.0,HIGH
Kicho Tal Area,28.7,84.15,Manang,7.0,15.0,10.0,2.0,9.0,0.0,0.0,0.0,100.0,95.0,98.0,HIGH
Thorong La Pass,28.78,84.4,Manang,10.0,19.0,18.0,1.0,10.0,0.0,0.0,0.0,100.0,100.0,100.0,HIGH
Jomsom Airport Area,28.78,83.72,Mustang,4.0,8.0,3.0,2.0,6.0,3.0,3.0,1.0,70.0,65.0,68.0,HIGH
Marpha Village,28.75,83.69,Mustang,2.0,5.0,0.0,3.0,5.0,8.0,6.0,2.0,45.0,40.0,42.0,MEDIUM
Tukuche Village,28.77,83.65,Mustang,3.0,8.0,2.0,3.0,6.0,4.0,3.0,1.0,65.0,60.0,62.0,MEDIUM
Kobang Village,28.8,83.65,Mustang,3.0,7.0,2.0,2.0,6.0,2.0,2.0,0.0,70.0,60.0,65.0,HIGH
Muktinath Temple,28.82,83.87,Mustang,2.0,5.0,0.0,2.0,6.0,10.0,8.0,2.0,40.0,40.0,40.0,MEDIUM
Lomanthang Palace,29.18,83.96,Mustang,2.0,4.0,0.0,1.0,5.0,3.0,3.0,1.0,60.0,45.0,52.0,MEDIUM
Chhoser Cave Area,29.2,84.0,Mustang,4.0,10.0,4.0,1.0,7.0,1.0,1.0,0.0,90.0,80.0,84.0,HIGH
Kagbeni Village,28.84,83.78,Mustang,3.0,6.0,1.0,3.0,5.0,4.0,3.0,1.0,60.0,55.0,57.0,MEDIUM
Tatopani Myagdi Route,28.53,83.67,Myagdi,3.0,8.0,1.0,7.0,5.0,5.0,4.0,1.0,65.0,70.0,68.0,HIGH
Beni Myagdi Gateway,28.35,83.56,Myagdi,1.0,3.0,0.0,8.0,4.0,15.0,12.0,3.0,35.0,45.0,40.0,MEDIUM
Kushma Suspension Bridge,28.22,83.68,Parbat,2.0,3.0,0.0,7.0,4.0,20.0,15.0,5.0,25.0,35.0,30.0,LOW
Modi River Area,28.35,83.8,Parbat,4.0,6.0,0.0,12.0,5.0,5.0,4.0,1.0,65.0,65.0,65.0,HIGH
Tansen Srinagar Hill,27.87,83.55,Palpa,1.0,3.0,0.0,3.0,4.0,12.0,10.0,3.0,30.0,30.0,30.0,LOW
Ridi Bazaar,27.9,83.45,Gulmi,2.0,4.0,0.0,9.0,4.0,8.0,6.0,2.0,50.0,50.0,50.0,MEDIUM
Resunga Hill,28.05,83.25,Gulmi,3.0,7.0,0.0,3.0,5.0,5.0,4.0,1.0,60.0,55.0,58.0,MEDIUM
Tamghas Area,28.08,83.25,Gulmi,1.0,4.0,0.0,5.0,5.0,10.0,8.0,2.0,45.0,40.0,42.0,MEDIUM
Ruru Kshetra,27.9,83.45,Gulmi,1.0,2.0,0.0,7.0,3.0,10.0,8.0,2.0,35.0,35.0,35.0,MEDIUM
Arghakhanchi Supa Deurali,28.1,83.12,Arghakhanchi,2.0,5.0,0.0,4.0,5.0,8.0,6.0,2.0,45.0,40.0,42.0,MEDIUM
Sandhikharka View,28.13,83.12,Arghakhanchi,1.0,3.0,0.0,3.0,4.0,12.0,10.0,3.0,30.0,30.0,30.0,LOW
Chandrakot Hill,28.0,83.3,Gulmi,3.0,6.0,0.0,3.0,5.0,5.0,4.0,1.0,60.0,50.0,55.0,MEDIUM
Bardiya National Park,28.4,81.3,Bardiya,4.0,0.0,0.0,12.0,2.0,10.0,8.0,2.0,45.0,45.0,45.0,MEDIUM
Babai River Area,28.3,81.4,Bardiya,5.0,0.0,0.0,15.0,3.0,5.0,4.0,1.0,70.0,70.0,70.0,HIGH
Tharu Village Bardiya,28.35,81.35,Bardiya,1.0,0.0,0.0,8.0,2.0,20.0,15.0,5.0,20.0,30.0,25.0,LOW
Bardia Jungle Safari,28.45,81.45,Bardiya,3.0,0.0,0.0,10.0,2.0,10.0,8.0,2.0,45.0,45.0,45.0,MEDIUM
Banke National Park,28.1,81.7,Banke,3.0,0.0,0.0,10.0,2.0,15.0,12.0,3.0,40.0,45.0,42.0,MEDIUM
Rapti River Area,28.1,81.6,Banke,4.0,0.0,0.0,14.0,3.0,8.0,6.0,2.0,60.0,65.0,62.0,MEDIUM
Nepalgunj Tourism Area,28.05,81.62,Banke,1.0,0.0,0.0,8.0,2.0,35.0,30.0,8.0,10.0,20.0,15.0,LOW
Swargadwari West Route,28.05,82.85,Pyuthan,5.0,12.0,4.0,3.0,8.0,0.0,1.0,0.0,95.0,85.0,89.0,HIGH
Rolpa Jaljala,28.3,82.65,Rolpa,6.0,13.0,5.0,3.0,8.0,0.0,1.0,0.0,95.0,90.0,93.0,HIGH
Jaljala Mountain Rolpa,28.35,82.6,Rolpa,7.0,15.0,8.0,2.0,9.0,0.0,0.0,0.0,100.0,95.0,98.0,HIGH
Runtigadhi Hill,28.3,82.55,Rolpa,4.0,10.0,3.0,3.0,7.0,1.0,1.0,0.0,90.0,80.0,84.0,HIGH
Thabang Village,28.5,82.7,Rolpa,5.0,12.0,5.0,2.0,8.0,0.0,1.0,0.0,95.0,85.0,89.0,HIGH
Everest View Hotel Trail,27.97,86.74,Solukhumbu,10.0,15.0,8.0,1.0,9.0,0.0,0.0,0.0,100.0,90.0,92.0,HIGH
Namche Bazaar Ridge,27.805,86.71,Solukhumbu,5.0,8.0,3.0,2.0,7.0,10.0,10.0,3.0,60.0,70.0,72.0,HIGH
Khumjung Village,27.83,86.73,Solukhumbu,6.0,10.0,5.0,2.0,8.0,5.0,5.0,2.0,70.0,75.0,78.0,HIGH
Kongde View Point,27.85,86.65,Solukhumbu,12.0,16.0,10.0,0.0,9.0,0.0,0.0,0.0,100.0,90.0,92.0,HIGH
Phortse Village,27.86,86.75,Solukhumbu,8.0,12.0,5.0,2.0,8.0,5.0,5.0,2.0,70.0,75.0,78.0,HIGH
Pangboche Village,27.85,86.78,Solukhumbu,10.0,15.0,8.0,1.0,9.0,0.0,0.0,0.0,100.0,90.0,92.0,HIGH
Dingboche Valley,27.89,86.83,Solukhumbu,14.0,18.0,12.0,0.0,10.0,0.0,0.0,0.0,100.0,95.0,95.0,HIGH
Lobuche Camp,27.95,86.82,Solukhumbu,18.0,20.0,18.0,0.0,10.0,0.0,0.0,0.0,100.0,100.0,99.0,HIGH
Kala Patthar Route,27.99,86.83,Solukhumbu,20.0,20.0,20.0,0.0,10.0,0.0,0.0,0.0,100.0,100.0,99.0,HIGH
Island Peak Base Camp,27.92,86.93,Solukhumbu,18.0,20.0,18.0,0.0,10.0,0.0,0.0,0.0,100.0,100.0,99.0,HIGH
Mera Peak Route,27.7,86.9,Solukhumbu,18.0,20.0,15.0,0.0,10.0,0.0,0.0,0.0,100.0,100.0,98.0,HIGH
Hinku Valley,27.65,86.85,Solukhumbu,12.0,16.0,8.0,2.0,9.0,0.0,0.0,0.0,100.0,90.0,92.0,HIGH
Panch Pokhari Solukhumbu,27.7,86.7,Solukhumbu,10.0,15.0,6.0,2.0,8.0,0.0,0.0,0.0,100.0,85.0,88.0,HIGH
Lukla Airport Trail,27.686,86.73,Solukhumbu,4.0,6.0,3.0,1.0,6.0,20.0,15.0,5.0,45.0,60.0,65.0,MEDIUM
Chaurikharka Village,27.7,86.72,Solukhumbu,5.0,8.0,3.0,2.0,7.0,10.0,10.0,3.0,60.0,70.0,72.0,HIGH
Surke Village,27.65,86.72,Solukhumbu,4.0,7.0,2.0,2.0,6.0,15.0,10.0,3.0,50.0,60.0,65.0,MEDIUM
Beni Jomsom Trail,28.35,83.65,Myagdi,6.0,10.0,4.0,8.0,7.0,5.0,5.0,2.0,65.0,75.0,78.0,HIGH
Kali Gandaki Gorge,28.6,83.7,Mustang,10.0,15.0,5.0,10.0,8.0,0.0,0.0,0.0,100.0,85.0,88.0,HIGH
Rupse Waterfall,28.55,83.65,Myagdi,3.0,6.0,0.0,8.0,5.0,25.0,20.0,5.0,40.0,55.0,60.0,MEDIUM
Galeshwor Temple,28.38,83.55,Myagdi,2.0,4.0,0.0,10.0,4.0,50.0,40.0,15.0,15.0,35.0,38.0,MEDIUM
Dhorpatan Hunting Reserve,28.5,83.0,Baglung,12.0,16.0,8.0,3.0,9.0,0.0,0.0,0.0,100.0,90.0,92.0,HIGH
Dhorpatan Valley,28.6,83.0,Baglung,10.0,15.0,5.0,4.0,8.0,0.0,0.0,0.0,100.0,85.0,88.0,HIGH
Panchase Baglung Route,28.3,83.0,Baglung,5.0,8.0,0.0,5.0,6.0,20.0,15.0,5.0,45.0,55.0,60.0,MEDIUM
Baglung Kalika Temple,28.27,83.59,Baglung,2.0,3.0,0.0,5.0,4.0,60.0,50.0,20.0,5.0,20.0,25.0,LOW
Galkot Palace,28.22,83.42,Baglung,3.0,5.0,0.0,5.0,5.0,40.0,30.0,10.0,25.0,40.0,45.0,MEDIUM
Kusma Suspension Bridge,28.22,83.68,Parbat,2.0,3.0,0.0,8.0,4.0,50.0,40.0,15.0,15.0,35.0,38.0,MEDIUM
Panchase Parbat Trail,28.25,83.75,Parbat,5.0,8.0,0.0,4.0,5.0,20.0,15.0,5.0,45.0,55.0,60.0,MEDIUM
Dhaulagiri View Trail,28.5,83.5,Myagdi,15.0,18.0,12.0,0.0,10.0,0.0,0.0,0.0,100.0,95.0,95.0,HIGH
Madi Himal Trail,28.45,83.95,Kaski,10.0,15.0,8.0,2.0,8.0,0.0,0.0,0.0,100.0,85.0,88.0,HIGH
Khudi Village,28.3,84.4,Lamjung,3.0,5.0,0.0,6.0,5.0,30.0,25.0,10.0,30.0,45.0,50.0,MEDIUM
Ngadi Village,28.35,84.4,Lamjung,4.0,7.0,0.0,5.0,6.0,20.0,15.0,5.0,40.0,50.0,55.0,MEDIUM
Tal Village,28.55,84.3,Manang,10.0,15.0,8.0,2.0,9.0,0.0,0.0,0.0,100.0,90.0,92.0,HIGH
Koto Nar Phu Gateway,28.85,84.35,Manang,12.0,16.0,10.0,0.0,9.0,0.0,0.0,0.0,100.0,90.0,92.0,HIGH
Phu Village,28.95,84.35,Manang,18.0,20.0,15.0,0.0,10.0,0.0,0.0,0.0,100.0,100.0,98.0,HIGH
Khang La Pass,28.95,84.3,Manang,20.0,20.0,20.0,0.0,10.0,0.0,0.0,0.0,100.0,100.0,99.0,HIGH
Mustang Muktinath Pass,28.8,83.85,Mustang,8.0,12.0,5.0,1.0,8.0,5.0,5.0,2.0,70.0,75.0,78.0,HIGH
Dhakmar Village,29.18,83.95,Mustang,12.0,16.0,10.0,0.0,9.0,0.0,0.0,0.0,100.0,90.0,92.0,HIGH
Ghami Village,29.17,83.95,Mustang,10.0,15.0,8.0,0.0,9.0,0.0,0.0,0.0,100.0,90.0,92.0,HIGH
Tsarang Village,29.13,83.97,Mustang,8.0,12.0,5.0,0.0,8.0,5.0,5.0,2.0,70.0,75.0,78.0,HIGH
Kagbeni Mustang Trail,28.85,83.78,Mustang,6.0,10.0,5.0,2.0,8.0,5.0,5.0,2.0,70.0,75.0,78.0,HIGH
You already have 2200 rows completed. I can continue expanding beyond that.,0.0,0.0,,0.0,0.0,0.0,0.0,0.0,0.0,0.0,0.0,0.0,0.0,0.0,
Continuing with:,0.0,0.0,,0.0,0.0,0.0,0.0,0.0,0.0,0.0,0.0,0.0,0.0,0.0,
Nepal_Tourism_Risk_Dataset_Part_7A.csv (Rows 2201–2300),0.0,0.0,,0.0,0.0,0.0,0.0,0.0,0.0,0.0,0.0,0.0,0.0,0.0,
Place,0.0,0.0,District,0.0,0.0,0.0,0.0,0.0,0.0,0.0,0.0,0.0,0.0,0.0,Risk_Category
Tsho Rolpa Lake Trail,27.95,86.47,Dolakha,18.0,20.0,15.0,1.0,10.0,0.0,0.0,0.0,100.0,100.0,98.0,HIGH
Beding Village,27.9,86.4,Dolakha,12.0,16.0,10.0,1.0,9.0,0.0,0.0,0.0,100.0,90.0,92.0,HIGH
Na Village Rolwaling,27.93,86.43,Dolakha,15.0,18.0,12.0,0.0,10.0,0.0,0.0,0.0,100.0,95.0,95.0,HIGH
Rolwaling Valley Camp,27.95,86.35,Dolakha,18.0,20.0,18.0,0.0,10.0,0.0,0.0,0.0,100.0,100.0,99.0,HIGH
Simigaon Village,27.85,86.35,Dolakha,8.0,12.0,5.0,3.0,8.0,5.0,5.0,2.0,70.0,75.0,78.0,HIGH
Lamabagar Hydropower Trail,27.9,86.2,Dolakha,10.0,15.0,8.0,3.0,9.0,0.0,0.0,0.0,100.0,90.0,92.0,HIGH
Gaurishankar Conservation Area,27.85,86.35,Dolakha,16.0,20.0,15.0,1.0,10.0,0.0,0.0,0.0,100.0,100.0,98.0,HIGH
Jatapokhari Lake,27.8,86.25,Dolakha,12.0,16.0,8.0,2.0,9.0,0.0,0.0,0.0,100.0,90.0,92.0,HIGH
Bhairav Kunda Dolakha,27.85,86.15,Dolakha,10.0,15.0,6.0,2.0,8.0,0.0,0.0,0.0,100.0,85.0,88.0,HIGH
Charikot View Tower,27.67,86.03,Dolakha,2.0,4.0,0.0,4.0,5.0,50.0,40.0,15.0,15.0,30.0,35.0,LOW
Jiri Old Trail,27.63,86.23,Dolakha,6.0,10.0,3.0,3.0,7.0,10.0,10.0,3.0,65.0,70.0,72.0,HIGH
Sailung Danda,27.55,86.3,Dolakha,10.0,15.0,5.0,2.0,8.0,0.0,0.0,0.0,100.0,85.0,88.0,HIGH
Timal Village Trail,27.55,85.6,Kavrepalanchok,3.0,5.0,0.0,5.0,5.0,40.0,30.0,10.0,25.0,40.0,45.0,MEDIUM
Namobuddha Monastery,27.57,85.58,Kavrepalanchok,1.0,2.0,0.0,3.0,4.0,70.0,60.0,20.0,5.0,20.0,25.0,LOW
Panauti Heritage Town,27.58,85.51,Kavrepalanchok,1.0,2.0,0.0,10.0,4.0,70.0,60.0,20.0,5.0,30.0,32.0,LOW
Namo Buddha Trail,27.56,85.6,Kavre,2.0,4.0,0.0,4.0,4.0,50.0,40.0,15.0,15.0,30.0,35.0,LOW
Dhulikhel View Point,27.62,85.55,Kavre,1.0,2.0,0.0,3.0,3.0,80.0,70.0,25.0,5.0,15.0,20.0,LOW
Balthali Village,27.6,85.53,Kavre,2.0,4.0,0.0,5.0,4.0,50.0,40.0,15.0,15.0,35.0,38.0,LOW
Indrasarovar Lake,27.65,85.2,Makwanpur,3.0,4.0,0.0,12.0,5.0,30.0,25.0,10.0,30.0,50.0,55.0,MEDIUM
Kulekhani Reservoir,27.59,85.15,Makwanpur,3.0,2.0,0.0,15.0,4.0,40.0,30.0,10.0,25.0,50.0,52.0,MEDIUM
Daman View Tower,27.6,85.1,Makwanpur,4.0,7.0,0.0,4.0,6.0,30.0,25.0,10.0,35.0,45.0,50.0,MEDIUM
Chitlang Village,27.65,85.2,Makwanpur,2.0,4.0,0.0,5.0,5.0,50.0,40.0,15.0,15.0,30.0,35.0,LOW
Markhu Village,27.62,85.2,Makwanpur,3.0,5.0,0.0,10.0,5.0,40.0,30.0,10.0,25.0,45.0,50.0,MEDIUM
Palung Valley,27.6,85.15,Makwanpur,4.0,7.0,0.0,5.0,6.0,30.0,25.0,10.0,35.0,45.0,50.0,MEDIUM
Tistung Trail,27.7,85.1,Makwanpur,5.0,8.0,0.0,4.0,6.0,20.0,15.0,5.0,45.0,55.0,60.0,MEDIUM
Bharatpur Lake Area,27.68,84.43,Chitwan,2.0,1.0,0.0,12.0,3.0,70.0,60.0,20.0,5.0,35.0,38.0,MEDIUM
Meghauli Tourism Area,27.58,84.2,Chitwan,3.0,1.0,0.0,15.0,3.0,50.0,40.0,15.0,10.0,45.0,45.0,MEDIUM
Patihani Village,27.6,84.45,Chitwan,2.0,1.0,0.0,12.0,3.0,60.0,50.0,20.0,10.0,35.0,38.0,MEDIUM
Kavre Bhanjyang Trail,27.65,85.55,Kavrepalanchok,3.0,5.0,0.0,4.0,5.0,40.0,30.0,10.0,25.0,40.0,45.0,MEDIUM
Khaptad National Park Trail,29.25,81.1,Doti,6.0,13.0,5.0,3.0,8.0,0.0,1.0,0.0,95.0,85.0,89.0,HIGH
Khaptad Ashram Area,29.27,81.12,Doti,3.0,7.0,1.0,3.0,6.0,2.0,2.0,0.0,75.0,65.0,69.0,HIGH
Silgadhi Bazaar,29.26,80.98,Doti,1.0,4.0,0.0,5.0,5.0,8.0,6.0,2.0,50.0,45.0,47.0,MEDIUM
Dipayal Seti River Area,29.27,80.98,Doti,4.0,1.0,0.0,14.0,3.0,5.0,4.0,1.0,70.0,65.0,68.0,HIGH
Jorayal Valley,29.18,80.9,Doti,3.0,8.0,2.0,5.0,6.0,1.0,1.0,0.0,85.0,80.0,82.0,HIGH
Badimalika Trek Route,29.5,81.4,Bajura,8.0,16.0,12.0,2.0,10.0,0.0,0.0,0.0,100.0,100.0,100.0,HIGH
Nagdaha Bajura,29.65,81.45,Bajura,5.0,12.0,6.0,3.0,8.0,0.0,1.0,0.0,95.0,90.0,93.0,HIGH
Kolti Airport Area,29.53,81.65,Bajura,2.0,6.0,1.0,3.0,6.0,2.0,2.0,0.0,75.0,65.0,69.0,HIGH
Bajura Martadi Route,29.42,81.6,Bajura,4.0,10.0,3.0,4.0,7.0,1.0,1.0,0.0,90.0,85.0,87.0,HIGH
Ramaroshan Valley,29.3,81.05,Achham,5.0,11.0,3.0,5.0,7.0,1.0,1.0,0.0,90.0,85.0,87.0,HIGH
Bannigadhi Tourism Area,29.05,81.25,Achham,3.0,7.0,1.0,4.0,5.0,3.0,3.0,1.0,65.0,60.0,62.0,MEDIUM
Sanphebagar Area,29.25,81.2,Achham,1.0,4.0,0.0,8.0,4.0,10.0,8.0,2.0,40.0,45.0,42.0,MEDIUM
Jaya Prithvi Museum,29.55,81.35,Bajhang,1.0,3.0,0.0,4.0,5.0,8.0,6.0,2.0,40.0,35.0,37.0,MEDIUM
Chainpur Bazaar,29.55,81.2,Bajhang,2.0,5.0,0.0,5.0,6.0,8.0,6.0,2.0,50.0,45.0,47.0,MEDIUM
Saipal Himal Trek,30.0,81.2,Bajhang,10.0,19.0,18.0,1.0,10.0,0.0,0.0,0.0,100.0,100.0,100.0,HIGH
Darchula Api Trail,29.85,80.9,Darchula,9.0,18.0,16.0,1.0,10.0,0.0,0.0,0.0,100.0,100.0,100.0,HIGH
Khalanga View Darchula,29.3,80.6,Darchula,2.0,5.0,0.0,7.0,5.0,8.0,6.0,2.0,55.0,55.0,55.0,MEDIUM
Mahakali River Area,29.25,80.6,Darchula,4.0,1.0,0.0,16.0,3.0,5.0,4.0,1.0,75.0,70.0,73.0,HIGH
Tinkar Pass Route,30.0,80.7,Darchula,10.0,18.0,17.0,1.0,10.0,0.0,0.0,0.0,100.0,100.0,100.0,HIGH
Kali River Adventure Area,29.2,80.7,Darchula,5.0,2.0,0.0,14.0,3.0,3.0,3.0,1.0,75.0,70.0,73.0,HIGH
Malikarjun Area,29.4,80.6,Darchula,1.0,3.0,0.0,5.0,4.0,8.0,6.0,2.0,40.0,35.0,37.0,MEDIUM
Shuklaphanta Safari Zone,28.9,80.25,Kanchanpur,3.0,0.0,0.0,12.0,2.0,10.0,8.0,2.0,45.0,45.0,45.0,MEDIUM
Mahendranagar Lake,28.97,80.18,Kanchanpur,1.0,0.0,0.0,10.0,2.0,20.0,15.0,5.0,30.0,35.0,32.0,LOW
Dodhara Tourism Area,28.87,80.18,Kanchanpur,2.0,0.0,0.0,12.0,2.0,15.0,12.0,3.0,40.0,45.0,42.0,MEDIUM
Brahmadev Forest Route,29.0,80.2,Kanchanpur,2.0,1.0,0.0,8.0,3.0,10.0,8.0,2.0,40.0,40.0,40.0,MEDIUM
Ghodaghodi Wetland,28.7,80.95,Kailali,2.0,0.0,0.0,15.0,2.0,15.0,12.0,3.0,45.0,55.0,50.0,MEDIUM
Karnali River Dolphin Area,28.6,81.0,Kailali,4.0,0.0,0.0,18.0,3.0,8.0,6.0,2.0,65.0,70.0,68.0,HIGH
Tikapur Park Area,28.52,81.12,Kailali,1.0,0.0,0.0,8.0,2.0,20.0,15.0,5.0,20.0,30.0,25.0,LOW
Dhangadhi Botanical Area,28.7,80.6,Kailali,1.0,0.0,0.0,7.0,2.0,30.0,25.0,8.0,10.0,15.0,12.0,LOW
Bardiya Tharu Museum,28.4,81.3,Bardiya,1.0,0.0,0.0,6.0,2.0,20.0,15.0,5.0,15.0,20.0,17.0,LOW
Karnali Chisapani Bridge,28.65,81.25,Bardiya,4.0,0.0,0.0,15.0,3.0,5.0,4.0,1.0,70.0,70.0,70.0,HIGH
Rara Karnali Route,29.0,82.3,Kalikot,8.0,16.0,10.0,3.0,10.0,0.0,0.0,0.0,100.0,98.0,99.0,HIGH
Panchal Waterfall,29.15,81.6,Kalikot,5.0,12.0,5.0,4.0,8.0,0.0,1.0,0.0,95.0,85.0,89.0,HIGH
Khandachakra Area,29.1,81.6,Kalikot,3.0,8.0,2.0,5.0,7.0,1.0,1.0,0.0,85.0,80.0,82.0,HIGH
Raskot Valley,29.05,81.7,Kalikot,4.0,10.0,3.0,4.0,7.0,1.0,1.0,0.0,90.0,85.0,87.0,HIGH
Karnali River Kalikot,29.0,81.7,Kalikot,6.0,3.0,0.0,16.0,4.0,2.0,2.0,0.0,80.0,75.0,78.0,HIGH
Humla Namkha Trail,30.1,81.4,Humla,10.0,19.0,18.0,1.0,10.0,0.0,0.0,0.0,100.0,100.0,100.0,HIGH
Yari Village,30.0,81.45,Humla,8.0,17.0,14.0,1.0,10.0,0.0,0.0,0.0,100.0,100.0,100.0,HIGH
Muchu Area,30.0,81.6,Humla,7.0,15.0,12.0,1.0,9.0,0.0,0.0,0.0,100.0,100.0,100.0,HIGH
Limi Valley Trail,30.15,81.25,Humla,10.0,19.0,18.0,1.0,10.0,0.0,0.0,0.0,100.0,100.0,100.0,HIGH
Simikot View Point,29.97,81.82,Humla,3.0,8.0,4.0,2.0,7.0,1.0,1.0,0.0,90.0,80.0,84.0,HIGH
Jumla Rara Route,29.4,82.3,Jumla,8.0,16.0,10.0,3.0,9.0,0.0,0.0,0.0,100.0,95.0,98.0,HIGH
Tatopani Jumla,29.3,82.2,Jumla,3.0,8.0,2.0,4.0,6.0,1.0,1.0,0.0,85.0,75.0,79.0,HIGH
Sinja Civilization Area,29.3,82.2,Jumla,2.0,5.0,0.0,4.0,6.0,3.0,3.0,1.0,65.0,55.0,60.0,MEDIUM
Chandannath Temple Route,29.27,82.18,Jumla,1.0,3.0,0.0,3.0,5.0,10.0,8.0,2.0,35.0,30.0,32.0,MEDIUM
Dolpa Shey Route,29.2,82.95,Dolpa,10.0,19.0,18.0,1.0,10.0,0.0,0.0,0.0,100.0,100.0,100.0,HIGH
Dunai Market,29.0,82.82,Dolpa,2.0,6.0,1.0,4.0,7.0,5.0,4.0,1.0,65.0,60.0,62.0,MEDIUM
Juphal Trek Entry,29.28,82.18,Dolpa,3.0,8.0,2.0,3.0,6.0,2.0,2.0,0.0,80.0,75.0,78.0,HIGH
Phoksundo Village,29.2,82.95,Dolpa,8.0,17.0,13.0,2.0,10.0,0.0,0.0,0.0,100.0,100.0,100.0,HIGH
Upper Dolpo Trek,29.2,82.85,Dolpa,10.0,19.0,18.0,1.0,10.0,0.0,0.0,0.0,100.0,100.0,100.0,HIGH
Dho Tarap Monastery,29.1,83.0,Dolpa,8.0,17.0,14.0,1.0,10.0,0.0,0.0,0.0,100.0,100.0,100.0,HIGH
Saldang Village,29.35,82.9,Dolpa,9.0,18.0,16.0,1.0,10.0,0.0,0.0,0.0,100.0,100.0,100.0,HIGH
Chharka Village,29.4,83.2,Dolpa,8.0,16.0,14.0,1.0,10.0,0.0,0.0,0.0,100.0,100.0,100.0,HIGH
Mugu Karnali Trail,29.6,82.2,Mugu,7.0,15.0,8.0,5.0,9.0,0.0,0.0,0.0,100.0,95.0,98.0,HIGH
Gamgadhi Bazaar,29.52,82.08,Mugu,2.0,6.0,1.0,5.0,6.0,5.0,4.0,1.0,60.0,60.0,60.0,MEDIUM
Chhayanath Temple,29.55,82.1,Mugu,2.0,5.0,0.0,4.0,5.0,5.0,4.0,1.0,55.0,50.0,52.0,MEDIUM
Mugu Rara Route,29.5,82.1,Mugu,7.0,15.0,10.0,3.0,9.0,0.0,0.0,0.0,100.0,98.0,99.0,HIGH
Karnali River Mugu,29.5,82.0,Mugu,6.0,2.0,0.0,16.0,4.0,2.0,2.0,0.0,80.0,75.0,78.0,HIGH
Rara View Tower,29.53,82.08,Mugu,3.0,6.0,0.0,4.0,5.0,5.0,5.0,1.0,60.0,55.0,57.0,MEDIUM
Kakre Bihar Surkhet,28.6,81.6,Surkhet,1.0,2.0,0.0,3.0,4.0,15.0,12.0,3.0,25.0,25.0,25.0,LOW
Bulbule Garden,28.6,81.63,Surkhet,1.0,1.0,0.0,4.0,3.0,20.0,15.0,5.0,15.0,20.0,17.0,LOW
Bheri River Rafting,28.6,81.8,Surkhet,6.0,2.0,0.0,15.0,3.0,3.0,3.0,1.0,80.0,70.0,75.0,HIGH
Latikoili Temple,28.58,81.62,Surkhet,1.0,2.0,0.0,3.0,4.0,15.0,12.0,3.0,25.0,25.0,25.0,LOW
Dailekh Dullu Area,28.85,81.7,Dailekh,3.0,8.0,2.0,5.0,7.0,1.0,1.0,0.0,85.0,80.0,82.0,HIGH
Pancha Deval Dailekh,28.85,81.7,Dailekh,1.0,3.0,0.0,4.0,5.0,10.0,8.0,2.0,35.0,35.0,35.0,MEDIUM
Jwala Malika Temple,28.95,81.7,Dailekh,3.0,7.0,1.0,4.0,6.0,2.0,2.0,0.0,75.0,65.0,69.0,HIGH
Kusma Waterfall Dailekh,28.9,81.65,Dailekh,4.0,9.0,2.0,5.0,6.0,1.0,1.0,0.0,90.0,80.0,84.0,HIGH
Jajarkot Nalgad Area,28.7,82.2,Jajarkot,3.0,8.0,2.0,6.0,7.0,1.0,1.0,0.0,85.0,80.0,82.0,HIGH
Nalgad River Route,28.65,82.25,Jajarkot,5.0,3.0,0.0,14.0,4.0,3.0,3.0,1.0,75.0,70.0,73.0,HIGH
Rukum West Sisne Trail,28.7,82.6,Rukum West,8.0,16.0,12.0,2.0,10.0,0.0,0.0,0.0,100.0,100.0,100.0,HIGH
Syarpu Lake Route,28.95,82.25,Rukum West,3.0,7.0,2.0,5.0,6.0,2.0,2.0,0.0,75.0,65.0,69.0,HIGH
Musikot View Point,28.62,82.48,Rukum West,2.0,5.0,0.0,4.0,5.0,8.0,6.0,2.0,50.0,45.0,47.0,MEDIUM
Dolpa Rukum Trek,28.9,82.5,Rukum West,7.0,15.0,10.0,3.0,9.0,0.0,0.0,0.0,100.0,95.0,98.0,HIGH
Rolpa Jaljala Route,28.35,82.6,Rolpa,6.0,14.0,7.0,3.0,8.0,0.0,1.0,0.0,95.0,90.0,93.0,HIGH
Thawang Village,28.5,82.7,Rolpa,5.0,12.0,5.0,3.0,8.0,0.0,1.0,0.0,95.0,85.0,89.0,HIGH
Rolpa War Tourism Area,28.3,82.65,Rolpa,3.0,8.0,2.0,4.0,7.0,1.0,1.0,0.0,85.0,75.0,79.0,HIGH
Lisne Lekh,28.4,82.6,Rolpa,5.0,11.0,4.0,3.0,7.0,1.0,1.0,0.0,90.0,85.0,87.0,HIGH
Pyuthan Bijuwar Area,28.1,82.8,Pyuthan,1.0,4.0,0.0,5.0,5.0,10.0,8.0,2.0,45.0,40.0,42.0,MEDIUM
Jhimruk River Camp,28.1,82.7,Pyuthan,4.0,1.0,0.0,14.0,3.0,3.0,3.0,1.0,70.0,65.0,68.0,HIGH
Gulmi Resunga,28.05,83.25,Gulmi,3.0,7.0,0.0,3.0,5.0,5.0,4.0,1.0,60.0,55.0,58.0,MEDIUM
Tamghas Hill,28.08,83.25,Gulmi,2.0,5.0,0.0,4.0,5.0,8.0,6.0,2.0,50.0,45.0,47.0,MEDIUM
Palpa Rani Mahal,27.85,83.54,Palpa,2.0,4.0,0.0,10.0,4.0,8.0,6.0,2.0,50.0,55.0,52.0,MEDIUM
Satyawati Lake,28.0,83.25,Gulmi,3.0,6.0,0.0,4.0,5.0,5.0,4.0,1.0,60.0,55.0,58.0,MEDIUM
Supa Deurali Temple,28.1,83.12,Arghakhanchi,2.0,5.0,0.0,4.0,5.0,8.0,6.0,2.0,45.0,40.0,42.0,MEDIUM
Lumbini Peace Area,27.47,83.28,Rupandehi,0.0,0.0,0.0,5.0,2.0,50.0,40.0,15.0,5.0,10.0,8.0,LOW
Kapilvastu Museum,27.57,83.05,Kapilvastu,1.0,0.0,0.0,7.0,3.0,25.0,20.0,5.0,20.0,25.0,22.0,LOW
Bardia River Camp,28.4,81.3,Bardiya,4.0,0.0,0.0,15.0,2.0,8.0,6.0,2.0,60.0,60.0,60.0,MEDIUM
Thakurdwara Village,28.45,81.3,Bardiya,2.0,0.0,0.0,10.0,2.0,15.0,12.0,3.0,35.0,40.0,38.0,MEDIUM
Banke Forest Route,28.1,81.7,Banke,3.0,0.0,0.0,12.0,2.0,12.0,10.0,3.0,45.0,50.0,47.0,MEDIUM
Nepalgunj Heritage Area,28.05,81.62,Banke,1.0,0.0,0.0,6.0,2.0,35.0,30.0,8.0,10.0,15.0,12.0,LOW
Bhotekoshi Riverside Camp,27.95,85.95,Sindhupalchok,6.0,8.0,0.0,18.0,6.0,20.0,15.0,5.0,55.0,75.0,78.0,HIGH
Listikot Village,27.9,86.0,Sindhupalchok,8.0,12.0,3.0,5.0,8.0,5.0,5.0,2.0,70.0,75.0,78.0,HIGH
Fulpingkatti Trail,27.95,85.95,Sindhupalchok,7.0,10.0,2.0,12.0,7.0,10.0,10.0,3.0,65.0,75.0,80.0,HIGH
Jalbire Waterfall,27.85,85.75,Sindhupalchok,3.0,6.0,0.0,10.0,5.0,30.0,25.0,10.0,35.0,50.0,55.0,MEDIUM
Chautara View Hill,27.78,85.71,Sindhupalchok,2.0,4.0,0.0,5.0,5.0,50.0,40.0,15.0,15.0,30.0,35.0,LOW
Helambu Melamchi Route,28.0,85.6,Sindhupalchok,10.0,15.0,6.0,3.0,8.0,0.0,0.0,0.0,100.0,85.0,88.0,HIGH
Thadepati Pass,28.02,85.6,Sindhupalchok,15.0,18.0,12.0,1.0,10.0,0.0,0.0,0.0,100.0,95.0,95.0,HIGH
Melinchok View,27.95,85.7,Sindhupalchok,5.0,8.0,0.0,6.0,6.0,15.0,10.0,3.0,55.0,65.0,70.0,HIGH
Nuwakot Samari Village,27.9,85.25,Nuwakot,3.0,5.0,0.0,6.0,5.0,40.0,30.0,10.0,25.0,45.0,50.0,MEDIUM
Kakani Forest Trail,27.82,85.25,Nuwakot,2.0,4.0,0.0,3.0,4.0,60.0,50.0,15.0,10.0,25.0,30.0,LOW
Nuwakot Durbar Area,27.92,85.16,Nuwakot,1.0,3.0,0.0,5.0,5.0,60.0,50.0,20.0,5.0,20.0,25.0,LOW
Trishuli River Rafting,27.9,85.17,Nuwakot,5.0,2.0,0.0,18.0,4.0,30.0,25.0,10.0,40.0,60.0,65.0,HIGH
Dhading Pangsang Pass,28.25,85.1,Dhading,12.0,16.0,8.0,2.0,9.0,0.0,0.0,0.0,100.0,90.0,92.0,HIGH
Pangsang Kharka,28.3,85.1,Dhading,14.0,18.0,10.0,1.0,9.0,0.0,0.0,0.0,100.0,95.0,95.0,HIGH
Ganesh Himal Base Route,28.4,85.1,Dhading,18.0,20.0,15.0,0.0,10.0,0.0,0.0,0.0,100.0,100.0,98.0,HIGH
Kuri Valley Dhading,28.15,85.05,Dhading,6.0,10.0,3.0,4.0,7.0,5.0,5.0,2.0,65.0,70.0,72.0,HIGH
Manakamana Temple,27.95,84.87,Gorkha,2.0,3.0,0.0,5.0,5.0,70.0,60.0,20.0,5.0,20.0,25.0,LOW
Manaslu Circuit Lower Trail,28.5,84.7,Gorkha,12.0,16.0,8.0,3.0,9.0,0.0,0.0,0.0,100.0,90.0,92.0,HIGH
Bihi Village,28.7,84.6,Gorkha,14.0,18.0,12.0,1.0,10.0,0.0,0.0,0.0,100.0,95.0,95.0,HIGH
Dharapani Manaslu Route,28.65,84.75,Gorkha,10.0,15.0,8.0,2.0,9.0,0.0,0.0,0.0,100.0,90.0,92.0,HIGH
Tsum Valley Chumling,28.65,84.85,Gorkha,16.0,20.0,15.0,0.0,10.0,0.0,0.0,0.0,100.0,100.0,98.0,HIGH
Mu Gompa Trail,28.75,84.9,Gorkha,18.0,20.0,18.0,0.0,10.0,0.0,0.0,0.0,100.0,100.0,99.0,HIGH
Pokhara Peace Pagoda,28.19,83.95,Kaski,1.0,2.0,0.0,5.0,3.0,90.0,80.0,30.0,0.0,15.0,18.0,LOW
World Peace Stupa Trail,28.19,83.94,Kaski,2.0,2.0,0.0,6.0,3.0,80.0,70.0,25.0,5.0,20.0,25.0,LOW
Sarangkot Sunrise Route,28.21,83.95,Kaski,1.0,2.0,0.0,3.0,3.0,90.0,80.0,30.0,0.0,15.0,18.0,LOW
Kahun Danda Trail,28.26,84.0,Kaski,2.0,4.0,0.0,4.0,4.0,60.0,50.0,20.0,10.0,25.0,30.0,LOW
Begnas Wetland Trail,28.17,84.08,Kaski,2.0,1.0,0.0,12.0,3.0,60.0,50.0,20.0,10.0,35.0,38.0,MEDIUM
Rupa Lake Bird Area,28.15,84.1,Kaski,2.0,1.0,0.0,10.0,3.0,60.0,50.0,20.0,10.0,30.0,35.0,MEDIUM
Kaskikot Ridge,28.26,83.95,Kaski,3.0,4.0,0.0,5.0,4.0,50.0,40.0,15.0,15.0,30.0,35.0,LOW
Lwang Village,28.35,83.82,Kaski,4.0,7.0,2.0,4.0,6.0,20.0,15.0,5.0,45.0,55.0,60.0,MEDIUM
Ghalegaun Trek,28.3,84.42,Lamjung,5.0,8.0,2.0,3.0,6.0,20.0,15.0,5.0,45.0,55.0,60.0,MEDIUM
Kapurkot Trail,28.25,84.4,Lamjung,3.0,6.0,0.0,4.0,5.0,30.0,25.0,10.0,35.0,45.0,50.0,MEDIUM
Besisahar View Hill,28.23,84.38,Lamjung,2.0,4.0,0.0,5.0,5.0,50.0,40.0,15.0,15.0,30.0,35.0,LOW
Khudi River Camp,28.3,84.4,Lamjung,4.0,3.0,0.0,15.0,4.0,30.0,25.0,10.0,35.0,55.0,60.0,MEDIUM
Narchyang Village,28.6,83.65,Myagdi,8.0,12.0,5.0,2.0,8.0,5.0,5.0,2.0,70.0,75.0,78.0,HIGH
Khopra Ridge Trail,28.48,83.65,Myagdi,12.0,16.0,8.0,2.0,9.0,0.0,0.0,0.0,100.0,90.0,92.0,HIGH
Mohare Danda,28.4,83.6,Myagdi,10.0,15.0,6.0,2.0,8.0,0.0,0.0,0.0,100.0,85.0,88.0,HIGH
Bhairahawa Maya Devi Area,27.5,83.45,Rupandehi,1.0,0.0,0.0,6.0,2.0,40.0,35.0,10.0,10.0,15.0,12.0,LOW
Siddharthanagar Park,27.51,83.45,Rupandehi,0.0,0.0,0.0,5.0,2.0,50.0,40.0,12.0,5.0,10.0,8.0,LOW
Devdaha Historical Site,27.62,83.55,Rupandehi,1.0,0.0,0.0,8.0,2.0,25.0,20.0,5.0,20.0,25.0,22.0,LOW
Palpa Bhairavsthan,27.9,83.5,Palpa,2.0,4.0,0.0,3.0,5.0,8.0,6.0,2.0,45.0,40.0,42.0,MEDIUM
Kali Gandaki River Route,27.9,83.6,Palpa,4.0,2.0,0.0,15.0,4.0,3.0,3.0,1.0,75.0,70.0,73.0,HIGH
Nuwakot Durbar Square,27.92,85.17,Nuwakot,1.0,3.0,0.0,4.0,6.0,15.0,12.0,3.0,30.0,35.0,32.0,LOW
Trishuli River Adventure,28.0,85.2,Nuwakot,7.0,1.0,0.0,18.0,4.0,3.0,3.0,1.0,90.0,75.0,84.0,HIGH
Kakani View Tower,27.8,85.26,Nuwakot,2.0,5.0,0.0,3.0,5.0,10.0,8.0,2.0,50.0,45.0,47.0,MEDIUM
Langtang Village,28.23,85.56,Rasuwa,8.0,16.0,12.0,2.0,10.0,0.0,0.0,0.0,100.0,100.0,100.0,HIGH
Kyanjin Gompa,28.22,85.61,Rasuwa,10.0,18.0,16.0,1.0,10.0,0.0,0.0,0.0,100.0,100.0,100.0,HIGH
Gosainkunda Lake,28.08,85.42,Rasuwa,9.0,17.0,14.0,1.0,10.0,0.0,0.0,0.0,100.0,100.0,100.0,HIGH
Dhunche Bazaar,28.11,85.3,Rasuwa,2.0,5.0,0.0,4.0,7.0,8.0,6.0,2.0,55.0,50.0,52.0,MEDIUM
Helambu Trek Route,28.05,85.5,Sindhupalchok,7.0,15.0,10.0,2.0,9.0,0.0,0.0,0.0,100.0,95.0,98.0,HIGH
Melamchi Area,28.0,85.6,Sindhupalchok,4.0,8.0,2.0,12.0,8.0,2.0,2.0,0.0,75.0,80.0,78.0,HIGH
Tatopani Border Area,27.95,85.95,Sindhupalchok,3.0,5.0,0.0,15.0,6.0,5.0,4.0,1.0,65.0,70.0,68.0,HIGH
Panch Pokhari,28.0,85.65,Sindhupalchok,6.0,14.0,8.0,3.0,9.0,0.0,0.0,0.0,100.0,95.0,98.0,HIGH
Jugal Himal Base,28.1,85.8,Sindhupalchok,9.0,18.0,15.0,1.0,10.0,0.0,0.0,0.0,100.0,100.0,100.0,HIGH
Dolakha Bhimeshwor,27.78,86.07,Dolakha,1.0,3.0,0.0,3.0,5.0,15.0,12.0,3.0,30.0,30.0,30.0,LOW
Kalinchowk Bhagwati,27.8,86.02,Dolakha,5.0,12.0,8.0,2.0,8.0,1.0,1.0,0.0,95.0,90.0,93.0,HIGH
Rolwaling Valley,27.9,86.4,Dolakha,10.0,19.0,18.0,1.0,10.0,0.0,0.0,0.0,100.0,100.0,100.0,HIGH
Tsho Rolpa Lake,27.85,86.45,Dolakha,9.0,18.0,16.0,1.0,10.0,0.0,0.0,0.0,100.0,100.0,100.0,HIGH
Jiri Trek Route,27.63,86.23,Dolakha,3.0,8.0,2.0,4.0,6.0,5.0,4.0,1.0,65.0,70.0,68.0,HIGH
Charikot View Point,27.67,86.05,Dolakha,1.0,3.0,0.0,3.0,5.0,12.0,10.0,3.0,30.0,30.0,30.0,LOW
Ramechhap Manthali Area,27.39,86.07,Ramechhap,1.0,4.0,0.0,5.0,6.0,10.0,8.0,2.0,45.0,45.0,45.0,MEDIUM
Pikey Peak Trek,27.65,86.6,Ramechhap,6.0,14.0,8.0,2.0,9.0,0.0,0.0,0.0,100.0,95.0,98.0,HIGH
Tham Danda,27.6,86.5,Ramechhap,4.0,10.0,4.0,3.0,7.0,1.0,1.0,0.0,90.0,85.0,87.0,HIGH
Namche Bazaar,27.8,86.72,Solukhumbu,3.0,8.0,4.0,2.0,8.0,2.0,2.0,0.0,80.0,75.0,78.0,HIGH
Gokyo Lakes,27.95,86.7,Solukhumbu,8.0,17.0,14.0,1.0,10.0,0.0,0.0,0.0,100.0,100.0,100.0,HIGH
Cho La Pass,27.9,86.7,Solukhumbu,10.0,19.0,18.0,1.0,10.0,0.0,0.0,0.0,100.0,100.0,100.0,HIGH
Island Peak Base Camp,27.92,86.93,Solukhumbu,9.0,18.0,17.0,1.0,10.0,0.0,0.0,0.0,100.0,100.0,100.0,HIGH
Mera Peak Route,27.7,86.9,Solukhumbu,10.0,19.0,18.0,1.0,10.0,0.0,0.0,0.0,100.0,100.0,100.0,HIGH
Panchase Trek,28.23,83.8,Kaski,3.0,7.0,1.0,3.0,5.0,5.0,4.0,1.0,55.0,60.0,58.0,MEDIUM
World Peace Pagoda,28.19,83.94,Kaski,1.0,2.0,0.0,3.0,4.0,25.0,20.0,5.0,15.0,20.0,17.0,LOW
Begnas Lake,28.14,84.1,Kaski,2.0,0.0,0.0,12.0,3.0,15.0,12.0,3.0,40.0,45.0,42.0,MEDIUM
Rupa Lake,28.14,84.13,Kaski,2.0,0.0,0.0,10.0,3.0,15.0,12.0,3.0,35.0,40.0,38.0,MEDIUM
Sarangkot View Point,28.25,83.95,Kaski,1.0,3.0,0.0,2.0,4.0,20.0,15.0,5.0,15.0,20.0,17.0,LOW
Gupteshwor Cave Pokhara,28.21,83.96,Kaski,1.0,1.0,0.0,3.0,4.0,30.0,25.0,8.0,10.0,15.0,12.0,LOW
Phewa Lake,28.21,83.95,Kaski,3.0,0.0,0.0,15.0,2.0,25.0,20.0,5.0,45.0,50.0,48.0,MEDIUM
Seti Gorge,28.22,83.98,Kaski,5.0,1.0,0.0,5.0,3.0,20.0,15.0,5.0,55.0,45.0,50.0,MEDIUM
Tatopani Myagdi Hot Spring,28.48,83.65,Myagdi,3.0,5.0,0.0,12.0,4.0,40.0,30.0,10.0,25.0,45.0,50.0,MEDIUM
Kali Gandaki Gorge Trail,28.55,83.7,Myagdi,8.0,12.0,3.0,10.0,7.0,5.0,5.0,2.0,70.0,80.0,82.0,HIGH
Kokhe Danda,28.42,83.55,Myagdi,9.0,14.0,5.0,2.0,8.0,0.0,0.0,0.0,100.0,85.0,88.0,HIGH
Muldai View Point,28.43,83.68,Myagdi,10.0,15.0,6.0,2.0,8.0,0.0,0.0,0.0,100.0,85.0,88.0,HIGH
Khayer Lake Trail,28.45,83.7,Myagdi,15.0,18.0,12.0,0.0,10.0,0.0,0.0,0.0,100.0,95.0,95.0,HIGH
Annapurna North Base Route,28.53,84.0,Kaski,18.0,20.0,18.0,0.0,10.0,0.0,0.0,0.0,100.0,100.0,99.0,HIGH
Mardi Himal High Camp,28.46,83.92,Kaski,15.0,18.0,12.0,0.0,10.0,0.0,0.0,0.0,100.0,95.0,95.0,HIGH
Mardi View Ridge,28.43,83.9,Kaski,10.0,15.0,5.0,2.0,8.0,0.0,0.0,0.0,100.0,85.0,88.0,HIGH
Khumai Danda,28.35,83.9,Kaski,8.0,12.0,4.0,3.0,7.0,5.0,5.0,2.0,70.0,75.0,78.0,HIGH
Korchon Hill Trail,28.3,83.85,Kaski,6.0,10.0,2.0,4.0,6.0,10.0,10.0,3.0,60.0,70.0,72.0,HIGH
Sikles Village,28.45,84.05,Kaski,6.0,9.0,2.0,4.0,7.0,10.0,10.0,3.0,65.0,70.0,72.0,HIGH
Kapuche Glacier Lake,28.55,84.15,Kaski,15.0,18.0,12.0,1.0,10.0,0.0,0.0,0.0,100.0,95.0,95.0,HIGH
Lamjung Himal View,28.5,84.2,Lamjung,12.0,16.0,8.0,2.0,9.0,0.0,0.0,0.0,100.0,90.0,92.0,HIGH
Tanjung Village,28.25,84.4,Lamjung,4.0,7.0,0.0,5.0,6.0,20.0,15.0,5.0,40.0,50.0,55.0,MEDIUM
Bhujung Village,28.3,84.35,Lamjung,5.0,8.0,0.0,4.0,6.0,20.0,15.0,5.0,45.0,55.0,60.0,MEDIUM
Ghalegaun View Point,28.28,84.42,Lamjung,3.0,5.0,0.0,3.0,5.0,40.0,30.0,10.0,25.0,40.0,45.0,MEDIUM
Gorkha Durbar Hill,28.0,84.63,Gorkha,1.0,3.0,0.0,5.0,6.0,70.0,60.0,20.0,5.0,25.0,30.0,LOW
Ligligkot Trail,27.95,84.6,Gorkha,3.0,6.0,0.0,5.0,5.0,30.0,25.0,10.0,35.0,45.0,50.0,MEDIUM
Barpak Village,28.2,84.75,Gorkha,10.0,15.0,5.0,3.0,9.0,0.0,0.0,0.0,100.0,85.0,88.0,HIGH
Laprak Village,28.25,84.7,Gorkha,12.0,16.0,8.0,2.0,9.0,0.0,0.0,0.0,100.0,90.0,92.0,HIGH
Rubina La Pass,28.65,84.6,Gorkha,20.0,20.0,20.0,0.0,10.0,0.0,0.0,0.0,100.0,100.0,99.0,HIGH
Samagaun Manaslu,28.65,84.63,Gorkha,18.0,20.0,15.0,0.0,10.0,0.0,0.0,0.0,100.0,100.0,98.0,HIGH
Larkya Pass,28.7,84.5,Gorkha,20.0,20.0,20.0,0.0,10.0,0.0,0.0,0.0,100.0,100.0,99.0,HIGH
Jagat Manaslu,28.55,84.7,Gorkha,10.0,15.0,8.0,2.0,8.0,0.0,0.0,0.0,100.0,85.0,88.0,HIGH
Chisapani Shivapuri Trail,28.0,85.35,Kathmandu,3.0,5.0,0.0,5.0,4.0,80.0,70.0,25.0,5.0,25.0,30.0,LOW
Shivapuri National Park Trail,27.85,85.4,Kathmandu,4.0,6.0,0.0,6.0,5.0,60.0,50.0,20.0,15.0,35.0,40.0,MEDIUM
Nagarjun Forest Route,27.75,85.25,Kathmandu,2.0,4.0,0.0,5.0,4.0,70.0,60.0,20.0,5.0,20.0,25.0,LOW
Kirtipur Heritage Area,27.67,85.28,Kathmandu,1.0,1.0,0.0,4.0,5.0,90.0,80.0,30.0,0.0,15.0,18.0,LOW
Sundarijal Waterfall Trail,27.8,85.43,Kathmandu,3.0,4.0,0.0,10.0,4.0,70.0,60.0,20.0,10.0,35.0,38.0,MEDIUM
Champadevi Hill,27.62,85.26,Kathmandu,3.0,5.0,0.0,4.0,5.0,60.0,50.0,20.0,10.0,30.0,35.0,LOW
Phulchowki Mountain Trail,27.58,85.42,Lalitpur,5.0,8.0,0.0,4.0,5.0,50.0,40.0,15.0,25.0,45.0,50.0,MEDIUM
Godavari Botanical Area,27.59,85.38,Lalitpur,1.0,2.0,0.0,5.0,3.0,90.0,80.0,30.0,0.0,15.0,18.0,LOW
Bungamati Heritage Village,27.62,85.3,Lalitpur,1.0,1.0,0.0,5.0,5.0,80.0,70.0,25.0,5.0,20.0,25.0,LOW
Patan Durbar Area,27.67,85.32,Lalitpur,1.0,1.0,0.0,3.0,5.0,90.0,80.0,30.0,0.0,15.0,18.0,LOW
Chandragiri Hill,27.68,85.24,Kathmandu,2.0,4.0,0.0,5.0,5.0,80.0,70.0,25.0,5.0,20.0,25.0,LOW
Thankot View Route,27.69,85.2,Kathmandu,2.0,3.0,0.0,4.0,4.0,80.0,70.0,25.0,5.0,20.0,25.0,LOW
Chobhar Gorge Trail,27.62,85.27,Kathmandu,2.0,2.0,0.0,8.0,4.0,80.0,70.0,25.0,5.0,25.0,30.0,LOW
Taudaha Lake Area,27.62,85.25,Kathmandu,1.0,1.0,0.0,12.0,3.0,80.0,70.0,25.0,5.0,30.0,32.0,LOW
Kapan Monastery Trail,27.75,85.36,Kathmandu,1.0,2.0,0.0,3.0,4.0,90.0,80.0,30.0,0.0,15.0,18.0,LOW
Kakani View Tower,27.82,85.25,Nuwakot,3.0,5.0,0.0,5.0,5.0,60.0,50.0,20.0,15.0,35.0,40.0,MEDIUM
Shivapuri Ridge Camp,27.85,85.4,Nuwakot,4.0,7.0,0.0,4.0,5.0,40.0,30.0,10.0,25.0,45.0,50.0,MEDIUM
Bidur Heritage Trail,27.92,85.16,Nuwakot,2.0,4.0,0.0,5.0,5.0,50.0,40.0,15.0,15.0,30.0,35.0,LOW
Trishuli Beach Camp,27.95,85.17,Nuwakot,5.0,2.0,0.0,20.0,4.0,25.0,20.0,5.0,45.0,65.0,70.0,HIGH
Langtang Village Route,28.22,85.56,Rasuwa,15.0,18.0,12.0,1.0,10.0,0.0,0.0,0.0,100.0,95.0,95.0,HIGH
Kyanjin Gompa,28.21,85.57,Rasuwa,18.0,20.0,15.0,0.0,10.0,0.0,0.0,0.0,100.0,100.0,98.0,HIGH
Tserko Ri View Point,28.23,85.55,Rasuwa,20.0,20.0,20.0,0.0,10.0,0.0,0.0,0.0,100.0,100.0,99.0,HIGH
Gosaikunda Lake Route,28.08,85.42,Rasuwa,18.0,20.0,15.0,0.0,10.0,0.0,0.0,0.0,100.0,100.0,98.0,HIGH
Lauribina Pass,28.1,85.41,Rasuwa,20.0,20.0,20.0,0.0,10.0,0.0,0.0,0.0,100.0,100.0,99.0,HIGH
Dhunchhe Village,28.11,85.3,Rasuwa,5.0,8.0,2.0,3.0,7.0,10.0,10.0,3.0,65.0,70.0,72.0,HIGH
Timure Border Trail,28.35,85.38,Rasuwa,8.0,12.0,5.0,3.0,8.0,5.0,5.0,2.0,70.0,75.0,78.0,HIGH
Tatopani Rasuwa,28.3,85.35,Rasuwa,5.0,10.0,3.0,10.0,7.0,10.0,10.0,3.0,65.0,75.0,80.0,HIGH
Dhunche View Point,28.11,85.3,Rasuwa,3.0,6.0,0.0,5.0,6.0,30.0,25.0,10.0,35.0,45.0,50.0,MEDIUM
Kyanjin Glacier Trail,28.22,85.58,Rasuwa,20.0,20.0,20.0,0.0,10.0,0.0,0.0,0.0,100.0,100.0,99.0,HIGH
Langtang Lirung Base,28.24,85.59,Rasuwa,18.0,20.0,18.0,0.0,10.0,0.0,0.0,0.0,100.0,100.0,99.0,HIGH
Helambu Sermathang,28.05,85.55,Sindhupalchok,6.0,10.0,3.0,3.0,7.0,5.0,5.0,2.0,65.0,70.0,72.0,HIGH
Tarke Gyang Village,28.03,85.58,Sindhupalchok,8.0,12.0,5.0,2.0,8.0,5.0,5.0,2.0,70.0,75.0,78.0,HIGH
Melamchi Gaun,28.05,85.6,Sindhupalchok,7.0,10.0,2.0,8.0,7.0,10.0,10.0,3.0,65.0,75.0,80.0,HIGH
Panch Pokhari Trail,28.1,85.7,Sindhupalchok,14.0,18.0,10.0,2.0,9.0,0.0,0.0,0.0,100.0,95.0,95.0,HIGH
Yarsha Khola Route,28.2,85.75,Sindhupalchok,15.0,18.0,12.0,1.0,10.0,0.0,0.0,0.0,100.0,95.0,95.0,HIGH
Jugal Himal Base Camp,28.25,85.8,Sindhupalchok,20.0,20.0,20.0,0.0,10.0,0.0,0.0,0.0,100.0,100.0,99.0,HIGH
Ganesh Himal Trek,28.35,85.15,Dhading,16.0,20.0,15.0,0.0,10.0,0.0,0.0,0.0,100.0,100.0,98.0,HIGH
Ruby Valley Trail,28.35,85.2,Dhading,12.0,16.0,8.0,3.0,9.0,0.0,0.0,0.0,100.0,90.0,92.0,HIGH
Pangsang Pass View,28.3,85.05,Dhading,14.0,18.0,12.0,1.0,10.0,0.0,0.0,0.0,100.0,95.0,95.0,HIGH
Tripurasundari Temple,28.05,85.15,Dhading,2.0,5.0,0.0,5.0,5.0,40.0,30.0,10.0,25.0,40.0,45.0,MEDIUM
Davis Fall Pokhara,28.19,83.96,Kaski,3.0,1.0,0.0,5.0,4.0,30.0,25.0,8.0,15.0,20.0,17.0,LOW
International Mountain Museum,28.19,83.96,Kaski,0.0,0.0,0.0,3.0,3.0,40.0,35.0,10.0,5.0,10.0,8.0,LOW
Tal Barahi Temple,28.21,83.95,Kaski,2.0,0.0,0.0,10.0,3.0,25.0,20.0,5.0,35.0,35.0,35.0,MEDIUM
Mahendra Cave Pokhara,28.26,84.0,Kaski,2.0,2.0,0.0,3.0,4.0,20.0,15.0,5.0,25.0,20.0,22.0,LOW
Begnas View Tower,28.15,84.1,Kaski,2.0,3.0,0.0,8.0,4.0,12.0,10.0,3.0,45.0,40.0,42.0,MEDIUM
Rupa Lake View,28.14,84.13,Kaski,1.0,0.0,0.0,10.0,3.0,15.0,12.0,3.0,35.0,40.0,38.0,MEDIUM
Sikles Village,28.43,84.03,Kaski,5.0,12.0,6.0,3.0,8.0,1.0,1.0,0.0,95.0,85.0,89.0,HIGH
Kapuche Lake,28.45,84.1,Kaski,8.0,16.0,12.0,2.0,9.0,0.0,0.0,0.0,100.0,100.0,100.0,HIGH
Madi Valley Trail,28.35,84.0,Kaski,4.0,9.0,3.0,5.0,7.0,2.0,2.0,0.0,85.0,80.0,82.0,HIGH
Lamjung Besishahar,28.23,84.38,Lamjung,1.0,4.0,0.0,5.0,5.0,15.0,12.0,3.0,35.0,40.0,37.0,MEDIUM
Marsyangdi River Area,28.25,84.45,Lamjung,6.0,2.0,0.0,16.0,4.0,3.0,3.0,1.0,80.0,75.0,78.0,HIGH
Ngadi Village,28.35,84.45,Lamjung,3.0,8.0,2.0,4.0,7.0,2.0,2.0,0.0,80.0,75.0,78.0,HIGH
Trekking Route Lamjung,28.4,84.5,Lamjung,6.0,14.0,8.0,2.0,9.0,0.0,0.0,0.0,100.0,95.0,98.0,HIGH
Ghalegaun Village,28.35,84.37,Lamjung,2.0,5.0,0.0,3.0,5.0,8.0,6.0,2.0,45.0,40.0,42.0,MEDIUM
Ilam Mai Pokhari,26.97,87.95,Ilam,1.0,1.0,0.0,5.0,2.0,12.0,10.0,3.0,30.0,25.0,27.0,LOW
Sandakpur View Point,27.0,87.9,Ilam,5.0,11.0,5.0,2.0,7.0,1.0,1.0,0.0,90.0,85.0,87.0,HIGH
Fikkal Tea Garden,26.9,87.93,Ilam,1.0,2.0,0.0,3.0,3.0,15.0,12.0,3.0,20.0,20.0,20.0,LOW
Maipokhari Wetland,26.97,87.95,Ilam,1.0,1.0,0.0,6.0,3.0,10.0,8.0,2.0,35.0,30.0,32.0,LOW
Pathibhara Lower Route,27.4,87.7,Taplejung,6.0,14.0,8.0,2.0,9.0,0.0,0.0,0.0,100.0,95.0,98.0,HIGH
Fungling Bazaar,27.35,87.67,Taplejung,1.0,5.0,0.0,5.0,6.0,8.0,6.0,2.0,55.0,50.0,52.0,MEDIUM
Panchthar Phidim,27.15,87.81,Panchthar,1.0,3.0,0.0,3.0,4.0,12.0,10.0,3.0,30.0,30.0,30.0,LOW
Kanyam Hill Route,26.9,87.92,Ilam,1.0,2.0,0.0,3.0,3.0,15.0,12.0,3.0,20.0,20.0,20.0,LOW
Tinjure Trail,27.25,87.4,Tehrathum,6.0,13.0,7.0,2.0,8.0,0.0,0.0,0.0,100.0,95.0,98.0,HIGH
Mundum Trail,27.4,87.0,Bhojpur,5.0,12.0,5.0,3.0,8.0,0.0,1.0,0.0,95.0,85.0,89.0,HIGH
Halesi Mahadev,27.32,86.72,Khotang,1.0,2.0,0.0,3.0,4.0,20.0,15.0,5.0,15.0,15.0,15.0,LOW
Diktel View Point,27.21,86.79,Khotang,2.0,5.0,0.0,3.0,5.0,8.0,6.0,2.0,50.0,45.0,47.0,MEDIUM
Makalu Base Camp,27.62,87.15,Sankhuwasabha,10.0,19.0,17.0,1.0,10.0,0.0,0.0,0.0,100.0,100.0,100.0,HIGH
Barun Valley,27.7,87.1,Sankhuwasabha,9.0,18.0,15.0,1.0,10.0,0.0,0.0,0.0,100.0,100.0,100.0,HIGH
Tumlingtar Area,27.3,87.19,Sankhuwasabha,2.0,3.0,0.0,5.0,4.0,12.0,10.0,3.0,35.0,35.0,35.0,MEDIUM
Arun River Camp,27.55,87.18,Sankhuwasabha,5.0,2.0,0.0,15.0,3.0,5.0,4.0,1.0,75.0,70.0,73.0,HIGH
Koshi Tappu,26.7,87.0,Sunsari,4.0,0.0,0.0,18.0,2.0,8.0,6.0,2.0,60.0,65.0,62.0,MEDIUM
Dharan Bhedetar,26.8,87.28,Sunsari,1.0,3.0,0.0,2.0,3.0,20.0,15.0,5.0,15.0,20.0,17.0,LOW
Hile Bazaar,26.99,87.33,Dhankuta,1.0,2.0,0.0,3.0,3.0,12.0,10.0,3.0,25.0,25.0,25.0,LOW
Namaste Waterfall,27.05,87.35,Dhankuta,3.0,6.0,0.0,6.0,4.0,5.0,4.0,1.0,55.0,50.0,52.0,MEDIUM
Jaljale Milke Trail,27.22,87.42,Tehrathum,6.0,13.0,7.0,2.0,8.0,0.0,0.0,0.0,100.0,95.0,98.0,HIGH
Kalo Tal Lake,28.15,85.3,Dhading,8.0,12.0,4.0,3.0,8.0,5.0,5.0,2.0,70.0,75.0,78.0,HIGH
Bhairab Kunda Trail,28.2,85.7,Sindhupalchok,12.0,16.0,8.0,2.0,9.0,0.0,0.0,0.0,100.0,90.0,92.0,HIGH
Panch Pokhari Upper Camp,28.22,85.72,Sindhupalchok,16.0,20.0,12.0,1.0,10.0,0.0,0.0,0.0,100.0,95.0,95.0,HIGH
Jugal Himal Glacier Route,28.3,85.85,Sindhupalchok,20.0,20.0,20.0,0.0,10.0,0.0,0.0,0.0,100.0,100.0,99.0,HIGH
Barhabise River Camp,27.95,85.89,Sindhupalchok,6.0,5.0,0.0,20.0,6.0,20.0,15.0,5.0,55.0,80.0,85.0,HIGH
Dolalghat Riverside,27.6,85.72,Kavrepalanchok,2.0,1.0,0.0,15.0,3.0,70.0,60.0,20.0,5.0,40.0,42.0,MEDIUM
Indrawati River Trail,27.8,85.8,Sindhupalchok,5.0,3.0,0.0,18.0,5.0,30.0,25.0,10.0,40.0,65.0,70.0,HIGH
Tindhara Waterfall,27.65,85.75,Kavre,3.0,4.0,0.0,10.0,4.0,50.0,40.0,15.0,15.0,35.0,40.0,MEDIUM
Bethanchok Narayan Hill,27.6,85.55,Kavre,5.0,8.0,0.0,4.0,6.0,20.0,15.0,5.0,45.0,55.0,60.0,MEDIUM
Kalinchowk Bhagwati,27.85,86.0,Dolakha,15.0,18.0,12.0,1.0,10.0,0.0,0.0,0.0,100.0,95.0,95.0,HIGH
Kalinchowk Ridge Camp,27.85,86.02,Dolakha,18.0,20.0,18.0,0.0,10.0,0.0,0.0,0.0,100.0,100.0,99.0,HIGH
Kharidhunga Trail,27.75,86.1,Dolakha,10.0,15.0,6.0,2.0,8.0,0.0,0.0,0.0,100.0,85.0,88.0,HIGH
Bigu Village,27.85,86.2,Dolakha,8.0,12.0,5.0,3.0,8.0,5.0,5.0,2.0,70.0,75.0,78.0,HIGH
Tsho Rolpa Glacier View,27.95,86.45,Dolakha,20.0,20.0,20.0,0.0,10.0,0.0,0.0,0.0,100.0,100.0,99.0,HIGH
Lamjura Pass,27.6,86.55,Solu,15.0,18.0,12.0,0.0,10.0,0.0,0.0,0.0,100.0,95.0,95.0,HIGH
Junbesi Monastery,27.62,86.58,Solukhumbu,4.0,8.0,2.0,3.0,6.0,10.0,10.0,3.0,55.0,65.0,70.0,HIGH
Ringmo Village,27.6,86.6,Solukhumbu,6.0,10.0,4.0,2.0,7.0,5.0,5.0,2.0,65.0,70.0,72.0,HIGH
Dudh Kund Lake,27.7,86.6,Solukhumbu,15.0,18.0,12.0,0.0,10.0,0.0,0.0,0.0,100.0,95.0,95.0,HIGH
Panch Pokhari Bhojpur,27.2,87.2,Bhojpur,8.0,12.0,3.0,3.0,7.0,5.0,5.0,2.0,70.0,75.0,78.0,HIGH
Mundum Trail Upper,27.3,87.3,Bhojpur,14.0,18.0,10.0,1.0,9.0,0.0,0.0,0.0,100.0,95.0,95.0,HIGH
Salpa Pokhari,27.35,87.35,Bhojpur,12.0,16.0,8.0,2.0,9.0,0.0,0.0,0.0,100.0,90.0,92.0,HIGH
Hatuwa Hill,27.15,87.1,Bhojpur,5.0,8.0,0.0,4.0,6.0,20.0,15.0,5.0,45.0,55.0,60.0,MEDIUM
Mai Khola Trail,26.9,87.8,Ilam,2.0,3.0,0.0,8.0,4.0,60.0,50.0,20.0,10.0,35.0,38.0,MEDIUM
Kanyam Tea Garden,26.9,87.9,Ilam,1.0,1.0,0.0,5.0,3.0,90.0,80.0,30.0,0.0,15.0,18.0,LOW
Shree Antu Ridge,26.88,88.0,Ilam,2.0,3.0,0.0,4.0,4.0,70.0,60.0,20.0,5.0,20.0,25.0,LOW
Mai Pokhari Wetland,26.98,87.9,Ilam,3.0,4.0,0.0,10.0,4.0,50.0,40.0,15.0,15.0,35.0,40.0,MEDIUM
Sandakpur Himalayan View,27.0,87.9,Ilam,8.0,12.0,5.0,2.0,8.0,5.0,5.0,2.0,70.0,75.0,78.0,HIGH
Tinjure Ridge Camp,27.25,87.5,Tehrathum,10.0,15.0,6.0,2.0,8.0,0.0,0.0,0.0,100.0,85.0,88.0,HIGH
Gupha Pokhari Camp,27.22,87.55,Tehrathum,8.0,12.0,4.0,3.0,7.0,5.0,5.0,2.0,70.0,75.0,78.0,HIGH
Milke Danda Flower Trail,27.3,87.45,Tehrathum,12.0,16.0,8.0,2.0,9.0,0.0,0.0,0.0,100.0,90.0,92.0,HIGH
Pathibhara Lower Route,27.35,87.7,Taplejung,10.0,15.0,8.0,2.0,9.0,0.0,0.0,0.0,100.0,90.0,92.0,HIGH
Kanchenjunga Glacier Camp,27.9,88.1,Taplejung,20.0,20.0,20.0,0.0,10.0,0.0,0.0,0.0,100.0,100.0,99.0,HIGH
Ghunsa Glacier Lake,27.75,87.95,Taplejung,18.0,20.0,18.0,0.0,10.0,0.0,0.0,0.0,100.0,100.0,99.0,HIGH
Olangchung Gola Pass,27.9,87.8,Taplejung,16.0,20.0,15.0,0.0,10.0,0.0,0.0,0.0,100.0,100.0,98.0,HIGH
Maiwa Khola Camp,27.65,87.7,Taplejung,8.0,12.0,5.0,3.0,8.0,5.0,5.0,2.0,70.0,75.0,78.0,HIGH
Barun Conservation Area,27.7,87.1,Sankhuwasabha,9.0,18.0,16.0,1.0,10.0,0.0,0.0,0.0,100.0,100.0,100.0,HIGH
Num Valley Trail,27.58,87.15,Sankhuwasabha,6.0,13.0,8.0,2.0,8.0,0.0,1.0,0.0,95.0,90.0,93.0,HIGH
Khadbari Market,27.38,87.2,Sankhuwasabha,1.0,3.0,0.0,5.0,4.0,15.0,12.0,3.0,30.0,35.0,32.0,LOW
Arun River Rafting,27.5,87.18,Sankhuwasabha,7.0,2.0,0.0,15.0,3.0,3.0,3.0,1.0,85.0,70.0,78.0,HIGH
Salpa Pass Trail,27.45,86.95,Bhojpur,8.0,16.0,10.0,2.0,9.0,0.0,0.0,0.0,100.0,95.0,98.0,HIGH
Silichung Mountain,27.55,87.0,Bhojpur,10.0,19.0,18.0,1.0,10.0,0.0,0.0,0.0,100.0,100.0,100.0,HIGH
Hatuwagadhi Area,27.2,87.05,Bhojpur,3.0,7.0,1.0,4.0,6.0,2.0,2.0,0.0,75.0,65.0,69.0,HIGH
Miklagarh View,27.3,87.1,Bhojpur,2.0,5.0,0.0,3.0,5.0,5.0,4.0,1.0,55.0,50.0,52.0,MEDIUM
Khotang Diktel Trail,27.2,86.79,Khotang,3.0,8.0,2.0,4.0,6.0,2.0,2.0,0.0,80.0,75.0,78.0,HIGH
Halesi Cave Route,27.32,86.72,Khotang,1.0,2.0,0.0,3.0,4.0,20.0,15.0,5.0,15.0,15.0,15.0,LOW
Aiselukharka Area,27.35,86.8,Khotang,3.0,7.0,1.0,5.0,6.0,2.0,2.0,0.0,75.0,70.0,73.0,HIGH
Lamidanda Airport,27.25,86.9,Khotang,2.0,4.0,0.0,3.0,5.0,8.0,6.0,2.0,50.0,45.0,47.0,MEDIUM
Okhaldhunga Siddhicharan,27.32,86.5,Okhaldhunga,1.0,4.0,0.0,4.0,5.0,10.0,8.0,2.0,45.0,40.0,42.0,MEDIUM
Tholedemba Hill,27.25,86.6,Okhaldhunga,4.0,10.0,3.0,3.0,7.0,1.0,1.0,0.0,90.0,80.0,84.0,HIGH
Pike Peak Okhaldhunga,27.6,86.6,Okhaldhunga,7.0,15.0,10.0,2.0,9.0,0.0,0.0,0.0,100.0,95.0,98.0,HIGH
Likhu River Area,27.4,86.4,Okhaldhunga,5.0,2.0,0.0,14.0,3.0,4.0,3.0,1.0,75.0,70.0,73.0,HIGH
Kakani Nuwakot,27.8,85.26,Nuwakot,2.0,5.0,0.0,3.0,5.0,10.0,8.0,2.0,50.0,45.0,47.0,MEDIUM
Trishuli River Nuwakot,28.0,85.2,Nuwakot,7.0,1.0,0.0,18.0,4.0,3.0,3.0,1.0,90.0,75.0,84.0,HIGH
Nuwakot Durbar,27.92,85.17,Nuwakot,1.0,3.0,0.0,4.0,6.0,15.0,12.0,3.0,30.0,35.0,32.0,LOW
Kakani Hiking Trail,27.8,85.25,Nuwakot,3.0,6.0,0.0,3.0,5.0,8.0,6.0,2.0,60.0,55.0,58.0,MEDIUM
Langtang National Park,28.2,85.5,Rasuwa,8.0,17.0,13.0,2.0,10.0,0.0,0.0,0.0,100.0,100.0,100.0,HIGH
Syabrubesi,28.15,85.37,Rasuwa,2.0,6.0,1.0,5.0,7.0,5.0,4.0,1.0,65.0,60.0,62.0,MEDIUM
Dhunche View Point,28.11,85.3,Rasuwa,2.0,5.0,0.0,4.0,7.0,8.0,6.0,2.0,55.0,50.0,52.0,MEDIUM
Gosainkunda Pass,28.08,85.42,Rasuwa,9.0,18.0,16.0,1.0,10.0,0.0,0.0,0.0,100.0,100.0,100.0,HIGH
Helambu Village,28.05,85.5,Sindhupalchok,5.0,12.0,7.0,2.0,8.0,1.0,1.0,0.0,95.0,90.0,93.0,HIGH
Panch Pokhari Trail,28.0,85.65,Sindhupalchok,6.0,14.0,8.0,2.0,9.0,0.0,0.0,0.0,100.0,95.0,98.0,HIGH
Jugal Himal,28.1,85.8,Sindhupalchok,9.0,18.0,15.0,1.0,10.0,0.0,0.0,0.0,100.0,100.0,100.0,HIGH
Melamchi River,28.0,85.6,Sindhupalchok,5.0,2.0,0.0,16.0,4.0,3.0,3.0,1.0,80.0,75.0,78.0,HIGH
Tatopani Sindhupalchok,27.95,85.95,Sindhupalchok,3.0,5.0,0.0,15.0,6.0,5.0,4.0,1.0,65.0,70.0,68.0,HIGH
Kalinchowk Dolakha,27.8,86.02,Dolakha,5.0,12.0,8.0,2.0,8.0,1.0,1.0,0.0,95.0,90.0,93.0,HIGH
Charikot,27.67,86.05,Dolakha,1.0,3.0,0.0,3.0,5.0,12.0,10.0,3.0,30.0,30.0,30.0,LOW
Jiri Bazaar,27.63,86.23,Dolakha,2.0,5.0,0.0,4.0,6.0,10.0,8.0,2.0,50.0,45.0,47.0,MEDIUM
Pikey Peak,27.65,86.6,Ramechhap,6.0,14.0,8.0,2.0,9.0,0.0,0.0,0.0,100.0,95.0,98.0,HIGH
Manthali Airport,27.39,86.07,Ramechhap,1.0,2.0,0.0,5.0,4.0,20.0,15.0,5.0,20.0,25.0,22.0,LOW
Likhu Khola Trail,27.45,86.3,Ramechhap,5.0,10.0,4.0,3.0,7.0,1.0,1.0,0.0,90.0,85.0,87.0,HIGH
Everest View Hotel Route,27.96,86.73,Solukhumbu,5.0,10.0,7.0,1.0,9.0,1.0,1.0,0.0,90.0,95.0,92.0,HIGH
Khumjung Village,27.83,86.75,Solukhumbu,5.0,11.0,8.0,1.0,9.0,0.0,0.0,0.0,100.0,95.0,98.0,HIGH
Tengboche Monastery,27.84,86.77,Solukhumbu,7.0,14.0,10.0,1.0,10.0,0.0,0.0,0.0,100.0,98.0,99.0,HIGH
Lukla Airport,27.687,86.731,Solukhumbu,12.0,3.0,0.0,1.0,8.0,2.0,2.0,1.0,60.0,50.0,55.0,MEDIUM
Koshi Hill View Trail,27.2,87.35,Dhankuta,4.0,7.0,0.0,4.0,6.0,25.0,20.0,5.0,35.0,50.0,55.0,MEDIUM
Namaste Jharana,26.85,87.3,Dhankuta,3.0,5.0,0.0,8.0,4.0,40.0,30.0,10.0,25.0,45.0,50.0,MEDIUM
Hile Tea Garden,26.92,87.34,Dhankuta,1.0,2.0,0.0,4.0,3.0,80.0,70.0,25.0,5.0,15.0,20.0,LOW
Rhododendron Forest Trail,27.25,87.5,Tehrathum,8.0,12.0,5.0,2.0,8.0,5.0,5.0,2.0,70.0,75.0,78.0,HIGH
Basantapur Ridge,27.23,87.33,Tehrathum,3.0,5.0,0.0,5.0,5.0,40.0,30.0,10.0,25.0,40.0,45.0,MEDIUM
Tamor River Camp,27.35,87.45,Panchthar,7.0,4.0,0.0,18.0,6.0,15.0,10.0,3.0,60.0,75.0,80.0,HIGH
Phidim View Point,27.15,87.75,Panchthar,2.0,4.0,0.0,5.0,5.0,50.0,40.0,15.0,15.0,30.0,35.0,LOW
Siddha Devi Temple Trail,27.2,87.8,Panchthar,3.0,5.0,0.0,5.0,5.0,40.0,30.0,10.0,25.0,40.0,45.0,MEDIUM
Kangchenjunga South Camp,27.7,88.0,Taplejung,20.0,20.0,20.0,0.0,10.0,0.0,0.0,0.0,100.0,100.0,99.0,HIGH
Yamphudin Village,27.65,87.9,Taplejung,12.0,16.0,8.0,2.0,9.0,0.0,0.0,0.0,100.0,90.0,92.0,HIGH
Torong La Alternative Trail,28.8,84.6,Manang,20.0,20.0,20.0,0.0,10.0,0.0,0.0,0.0,100.0,100.0,99.0,HIGH
Tilicho Lake Route,28.7,84.02,Manang,18.0,20.0,15.0,0.0,10.0,0.0,0.0,0.0,100.0,100.0,98.0,HIGH
Tilicho Base Camp,28.65,84.05,Manang,15.0,18.0,12.0,1.0,10.0,0.0,0.0,0.0,100.0,95.0,95.0,HIGH
Ice Lake Manang,28.65,84.0,Manang,16.0,20.0,15.0,0.0,10.0,0.0,0.0,0.0,100.0,100.0,98.0,HIGH
Gangapurna Lake,28.67,84.02,Manang,10.0,15.0,8.0,2.0,9.0,0.0,0.0,0.0,100.0,90.0,92.0,HIGH
Pisand Valley Route,28.6,84.15,Manang,12.0,16.0,8.0,2.0,9.0,0.0,0.0,0.0,100.0,90.0,92.0,HIGH
Nar Phu Hidden Valley,28.95,84.35,Manang,18.0,20.0,18.0,0.0,10.0,0.0,0.0,0.0,100.0,100.0,99.0,HIGH
Mustang Damodar Kunda,29.0,84.1,Mustang,18.0,20.0,15.0,0.0,10.0,0.0,0.0,0.0,100.0,100.0,98.0,HIGH
Yara Village Mustang,29.15,83.9,Mustang,12.0,16.0,8.0,0.0,9.0,0.0,0.0,0.0,100.0,90.0,92.0,HIGH
Tangbe Village,28.9,83.8,Mustang,8.0,12.0,5.0,0.0,8.0,5.0,5.0,2.0,70.0,75.0,78.0,HIGH
Chhusang Village,28.95,83.8,Mustang,7.0,10.0,3.0,1.0,8.0,5.0,5.0,2.0,65.0,70.0,72.0,HIGH
Tetang Village,29.0,83.85,Mustang,8.0,12.0,5.0,0.0,8.0,5.0,5.0,2.0,70.0,75.0,78.0,HIGH
Nile Village Upper Mustang,29.25,83.95,Mustang,14.0,18.0,10.0,0.0,9.0,0.0,0.0,0.0,100.0,95.0,95.0,HIGH
Chhoser Cave,29.26,83.95,Mustang,5.0,8.0,0.0,0.0,7.0,10.0,10.0,3.0,65.0,70.0,72.0,HIGH
Kagbeni Muktinath Trail,28.85,83.78,Mustang,8.0,12.0,5.0,2.0,8.0,5.0,5.0,2.0,70.0,75.0,78.0,HIGH
Jomsom Wind Valley,28.78,83.72,Mustang,7.0,10.0,3.0,3.0,7.0,5.0,5.0,2.0,65.0,70.0,72.0,HIGH
Marpha Apple Village,28.75,83.7,Mustang,2.0,4.0,0.0,5.0,5.0,40.0,30.0,10.0,25.0,40.0,45.0,MEDIUM
Tukche Village,28.73,83.69,Mustang,3.0,5.0,0.0,5.0,5.0,40.0,30.0,10.0,25.0,40.0,45.0,MEDIUM
Lete Village,28.62,83.65,Mustang,4.0,7.0,2.0,5.0,6.0,20.0,15.0,5.0,40.0,55.0,60.0,MEDIUM
Kopra Danda,28.5,83.65,Myagdi,12.0,16.0,8.0,2.0,9.0,0.0,0.0,0.0,100.0,90.0,92.0,HIGH
Swanta Village,28.45,83.65,Myagdi,5.0,8.0,0.0,4.0,6.0,20.0,15.0,5.0,45.0,55.0,60.0,MEDIUM
Bans Kharka Trail,28.4,83.6,Myagdi,7.0,10.0,3.0,3.0,7.0,10.0,10.0,3.0,65.0,70.0,72.0,HIGH
Dhaulagiri Circuit,28.75,83.35,Myagdi,20.0,20.0,20.0,0.0,10.0,0.0,0.0,0.0,100.0,100.0,99.0,HIGH
French Pass Route,28.8,83.3,Myagdi,20.0,20.0,20.0,0.0,10.0,0.0,0.0,0.0,100.0,100.0,99.0,HIGH
Italian Base Camp,28.75,83.35,Myagdi,18.0,20.0,18.0,0.0,10.0,0.0,0.0,0.0,100.0,100.0,99.0,HIGH
Dhaulagiri Hidden Valley,28.85,83.25,Myagdi,18.0,20.0,18.0,0.0,10.0,0.0,0.0,0.0,100.0,100.0,99.0,HIGH
Yak Kharka Dhaulagiri,28.78,83.32,Myagdi,15.0,18.0,12.0,0.0,10.0,0.0,0.0,0.0,100.0,95.0,95.0,HIGH
Italian Camp Glacier Route,28.73,83.37,Myagdi,18.0,20.0,20.0,0.0,10.0,0.0,0.0,0.0,100.0,100.0,99.0,HIGH
Rupse Waterfall Trail,28.55,83.65,Myagdi,3.0,5.0,0.0,10.0,4.0,40.0,30.0,10.0,25.0,45.0,50.0,MEDIUM
Beni Bazaar View,28.35,83.55,Myagdi,2.0,3.0,0.0,8.0,4.0,70.0,60.0,20.0,5.0,25.0,30.0,LOW
Tatopani Natural Spring,28.48,83.65,Myagdi,3.0,4.0,0.0,12.0,4.0,40.0,30.0,10.0,25.0,45.0,50.0,MEDIUM
Poon Hill Sunrise Trail,28.4,83.69,Myagdi,6.0,8.0,2.0,3.0,6.0,20.0,15.0,5.0,45.0,55.0,60.0,MEDIUM
Ghandruk Village,28.37,83.8,Kaski,5.0,7.0,0.0,5.0,5.0,30.0,25.0,10.0,30.0,45.0,50.0,MEDIUM
Chhomrong Village,28.52,83.82,Kaski,10.0,15.0,6.0,2.0,8.0,0.0,0.0,0.0,100.0,85.0,88.0,HIGH
Machhapuchhre Base Camp,28.5,83.95,Kaski,18.0,20.0,15.0,0.0,10.0,0.0,0.0,0.0,100.0,100.0,98.0,HIGH
Annapurna Sanctuary Trail,28.53,83.88,Kaski,16.0,20.0,15.0,0.0,10.0,0.0,0.0,0.0,100.0,100.0,98.0,HIGH
Deurali Annapurna,28.54,83.85,Kaski,15.0,18.0,12.0,0.0,10.0,0.0,0.0,0.0,100.0,95.0,95.0,HIGH
Bamboo Annapurna Camp,28.56,83.82,Kaski,12.0,16.0,8.0,2.0,9.0,0.0,0.0,0.0,100.0,90.0,92.0,HIGH
Tadapani Trail,28.35,83.8,Kaski,5.0,8.0,0.0,4.0,6.0,20.0,15.0,5.0,45.0,55.0,60.0,MEDIUM
Landruk Village,28.37,83.85,Kaski,4.0,6.0,0.0,5.0,5.0,30.0,25.0,10.0,30.0,45.0,50.0,MEDIUM
Australian Camp,28.33,83.83,Kaski,2.0,3.0,0.0,3.0,4.0,70.0,60.0,20.0,5.0,20.0,25.0,LOW
Dhampus Village,28.26,83.82,Kaski,2.0,2.0,0.0,4.0,4.0,80.0,70.0,25.0,5.0,15.0,20.0,LOW
Kahule Hill Trail,28.3,83.75,Kaski,3.0,5.0,0.0,4.0,5.0,50.0,40.0,15.0,20.0,35.0,40.0,MEDIUM
Panchase Lake Route,28.25,83.85,Kaski,5.0,8.0,0.0,3.0,5.0,30.0,25.0,10.0,35.0,45.0,50.0,MEDIUM
Sikles Annapurna Trail,28.45,84.05,Kaski,7.0,10.0,3.0,4.0,7.0,10.0,10.0,3.0,65.0,70.0,72.0,HIGH
Tara Top View,28.47,83.9,Kaski,8.0,12.0,4.0,3.0,8.0,5.0,5.0,2.0,70.0,75.0,78.0,HIGH
Kori Danda,28.5,84.0,Kaski,12.0,16.0,8.0,2.0,9.0,0.0,0.0,0.0,100.0,90.0,92.0,HIGH
Kapuche Lake Trail,28.55,84.15,Kaski,15.0,18.0,12.0,0.0,10.0,0.0,0.0,0.0,100.0,95.0,95.0,HIGH
Begnas Kot Trail,28.18,84.08,Kaski,2.0,3.0,0.0,10.0,3.0,60.0,50.0,20.0,10.0,35.0,38.0,MEDIUM
Rupa Lake Hiking Route,28.15,84.1,Kaski,2.0,2.0,0.0,10.0,3.0,60.0,50.0,20.0,10.0,35.0,38.0,MEDIUM
Lamachaur Trail,28.25,83.95,Kaski,1.0,3.0,0.0,5.0,4.0,70.0,60.0,20.0,5.0,20.0,25.0,LOW
Naudanda View Point,28.25,83.9,Kaski,1.0,2.0,0.0,4.0,3.0,80.0,70.0,25.0,5.0,15.0,20.0,LOW
Hemja Peace Trail,28.27,83.93,Kaski,1.0,1.0,0.0,5.0,3.0,90.0,80.0,30.0,0.0,15.0,18.0,LOW
Sarangkot Paragliding Zone,28.21,83.95,Kaski,4.0,2.0,0.0,5.0,3.0,90.0,80.0,30.0,15.0,20.0,25.0,LOW
Begnas View Tower,28.18,84.08,Kaski,2.0,2.0,0.0,8.0,3.0,70.0,60.0,20.0,10.0,30.0,35.0,MEDIUM
Kahun Danda Camp,28.27,84.0,Kaski,3.0,5.0,0.0,4.0,5.0,50.0,40.0,15.0,20.0,35.0,40.0,MEDIUM
Machhapuchhre Rural Route,28.45,83.95,Kaski,8.0,12.0,5.0,2.0,8.0,5.0,5.0,2.0,70.0,75.0,78.0,HIGH
Ama Dablam Base Camp,27.86,86.86,Solukhumbu,10.0,19.0,18.0,1.0,10.0,0.0,0.0,0.0,100.0,100.0,100.0,HIGH
Pheriche Village,27.9,86.82,Solukhumbu,8.0,17.0,15.0,1.0,10.0,0.0,0.0,0.0,100.0,100.0,100.0,HIGH
Dingboche Village,27.89,86.83,Solukhumbu,7.0,15.0,13.0,1.0,9.0,0.0,0.0,0.0,100.0,100.0,100.0,HIGH
Imja Lake,27.9,86.93,Solukhumbu,10.0,19.0,18.0,1.0,10.0,0.0,0.0,0.0,100.0,100.0,100.0,HIGH
Mera Peak Base Camp,27.7,86.9,Solukhumbu,10.0,19.0,18.0,1.0,10.0,0.0,0.0,0.0,100.0,100.0,100.0,HIGH
Hinku Valley,27.65,86.85,Solukhumbu,8.0,16.0,13.0,2.0,10.0,0.0,0.0,0.0,100.0,100.0,100.0,HIGH
Makalu View Point,27.55,87.1,Sankhuwasabha,7.0,15.0,10.0,2.0,9.0,0.0,0.0,0.0,100.0,95.0,98.0,HIGH
Kangchenjunga South Base Camp,27.6,87.8,Taplejung,10.0,19.0,18.0,1.0,10.0,0.0,0.0,0.0,100.0,100.0,100.0,HIGH
Ghunsa Trek Area,27.72,87.9,Taplejung,9.0,18.0,16.0,1.0,10.0,0.0,0.0,0.0,100.0,100.0,100.0,HIGH
Olangchung Gola Route,27.67,87.8,Taplejung,8.0,17.0,14.0,1.0,10.0,0.0,0.0,0.0,100.0,100.0,100.0,HIGH
Panchthar Silautibazar,27.15,87.85,Panchthar,2.0,5.0,0.0,4.0,5.0,8.0,6.0,2.0,50.0,45.0,47.0,MEDIUM
Khoranga View Area,27.25,87.7,Panchthar,3.0,7.0,1.0,3.0,5.0,3.0,3.0,1.0,65.0,60.0,62.0,MEDIUM
Kanchenjunga Trek Entry,27.35,87.7,Taplejung,6.0,14.0,10.0,2.0,9.0,0.0,0.0,0.0,100.0,95.0,98.0,HIGH
Mai River Corridor,26.9,87.9,Ilam,3.0,1.0,0.0,10.0,3.0,8.0,6.0,2.0,45.0,50.0,48.0,MEDIUM
Tea Garden View Ilam,26.9,87.93,Ilam,1.0,2.0,0.0,3.0,3.0,15.0,12.0,3.0,20.0,20.0,20.0,LOW
Kanyam Tea Estate,26.9,87.93,Ilam,1.0,1.0,0.0,3.0,2.0,20.0,15.0,5.0,10.0,15.0,12.0,LOW
Antu Danda Route,26.88,87.9,Ilam,2.0,4.0,0.0,3.0,4.0,8.0,6.0,2.0,40.0,35.0,37.0,MEDIUM
Mai Pokhari Trail,26.97,87.95,Ilam,2.0,3.0,0.0,5.0,3.0,10.0,8.0,2.0,35.0,30.0,32.0,LOW
Chhintang Falls,26.98,87.25,Dhankuta,3.0,7.0,0.0,6.0,4.0,5.0,4.0,1.0,55.0,50.0,52.0,MEDIUM
Hile View Tower,26.99,87.33,Dhankuta,1.0,2.0,0.0,3.0,3.0,12.0,10.0,3.0,25.0,25.0,25.0,LOW
Bhedetar Hill,26.8,87.28,Dhankuta,1.0,3.0,0.0,2.0,3.0,20.0,15.0,5.0,15.0,20.0,17.0,LOW
Namaste Jharna,27.05,87.35,Dhankuta,3.0,6.0,0.0,6.0,4.0,5.0,4.0,1.0,55.0,50.0,52.0,MEDIUM
Tinjure Peak,27.25,87.4,Tehrathum,6.0,13.0,7.0,2.0,8.0,0.0,0.0,0.0,100.0,95.0,98.0,HIGH
Milke Danda,27.25,87.35,Tehrathum,5.0,12.0,6.0,2.0,8.0,0.0,0.0,0.0,100.0,90.0,96.0,HIGH
Temke Hill,27.3,86.95,Bhojpur,5.0,12.0,5.0,2.0,8.0,0.0,1.0,0.0,95.0,85.0,89.0,HIGH
Halesi Mahadev Area,27.32,86.72,Khotang,1.0,2.0,0.0,3.0,4.0,20.0,15.0,5.0,15.0,15.0,15.0,LOW
Barah Pokhari Khotang,27.3,86.9,Khotang,4.0,10.0,3.0,4.0,6.0,1.0,1.0,0.0,90.0,80.0,84.0,HIGH
Diktel Bazaar,27.21,86.79,Khotang,2.0,5.0,0.0,3.0,5.0,8.0,6.0,2.0,50.0,45.0,47.0,MEDIUM
Okhaldhunga View,27.32,86.5,Okhaldhunga,1.0,4.0,0.0,4.0,5.0,10.0,8.0,2.0,45.0,40.0,42.0,MEDIUM
Pike Peak Route,27.6,86.6,Solukhumbu,7.0,15.0,10.0,2.0,9.0,0.0,0.0,0.0,100.0,95.0,98.0,HIGH
Ramechhap Trail Area,27.5,86.3,Ramechhap,4.0,9.0,3.0,3.0,7.0,1.0,1.0,0.0,90.0,80.0,84.0,HIGH
Kalinchowk Snow Area,27.8,86.02,Dolakha,6.0,14.0,9.0,2.0,9.0,0.0,0.0,0.0,100.0,95.0,98.0,HIGH
Jiri Hiking Route,27.63,86.23,Dolakha,3.0,8.0,2.0,4.0,6.0,5.0,4.0,1.0,65.0,70.0,68.0,HIGH
Charikot Market,27.67,86.05,Dolakha,1.0,3.0,0.0,3.0,5.0,12.0,10.0,3.0,30.0,30.0,30.0,LOW
Melamchi Bazaar,28.0,85.6,Sindhupalchok,3.0,5.0,0.0,12.0,7.0,5.0,4.0,1.0,65.0,70.0,68.0,HIGH
Jugal Himal Route,28.1,85.8,Sindhupalchok,9.0,18.0,15.0,1.0,10.0,0.0,0.0,0.0,100.0,100.0,100.0,HIGH
Panch Pokhari Lake,28.0,85.65,Sindhupalchok,6.0,14.0,8.0,2.0,9.0,0.0,0.0,0.0,100.0,95.0,98.0,HIGH
Helambu Pass,28.05,85.5,Sindhupalchok,7.0,15.0,10.0,2.0,9.0,0.0,0.0,0.0,100.0,95.0,98.0,HIGH
Nuwakot Trishuli,28.0,85.2,Nuwakot,7.0,1.0,0.0,18.0,4.0,3.0,3.0,1.0,90.0,75.0,84.0,HIGH
Kakani Picnic Area,27.8,85.26,Nuwakot,1.0,2.0,0.0,3.0,3.0,15.0,12.0,3.0,20.0,20.0,20.0,LOW
Rasuwa Gosainkunda Route,28.08,85.42,Rasuwa,9.0,18.0,16.0,1.0,10.0,0.0,0.0,0.0,100.0,100.0,100.0,HIGH
Manaslu Base Camp,28.65,84.55,Gorkha,10.0,19.0,18.0,1.0,10.0,0.0,0.0,0.0,100.0,100.0,100.0,HIGH
Larkya Pass,28.65,84.72,Gorkha,10.0,20.0,20.0,1.0,10.0,0.0,0.0,0.0,100.0,100.0,100.0,HIGH
Samagaun Village,28.65,84.63,Gorkha,8.0,17.0,15.0,1.0,10.0,0.0,0.0,0.0,100.0,100.0,100.0,HIGH
Tsum Valley,28.55,85.0,Gorkha,8.0,16.0,12.0,2.0,9.0,0.0,0.0,0.0,100.0,95.0,98.0,HIGH
Chum Valley Route,28.58,85.05,Gorkha,7.0,15.0,11.0,2.0,9.0,0.0,0.0,0.0,100.0,95.0,98.0,HIGH
Barpak Village,28.2,84.75,Gorkha,5.0,12.0,6.0,3.0,8.0,1.0,1.0,0.0,95.0,85.0,89.0,HIGH
Laprak Village,28.25,84.75,Gorkha,6.0,13.0,7.0,2.0,8.0,0.0,1.0,0.0,95.0,90.0,93.0,HIGH
Gorkha Durbar,28.0,84.63,Gorkha,1.0,3.0,0.0,4.0,7.0,15.0,12.0,3.0,30.0,40.0,35.0,MEDIUM
Manakamana Temple,27.95,84.58,Gorkha,2.0,5.0,0.0,5.0,6.0,10.0,8.0,2.0,50.0,45.0,47.0,MEDIUM
Trishuli River Gorkha,28.0,84.8,Gorkha,6.0,2.0,0.0,15.0,4.0,3.0,3.0,1.0,80.0,75.0,78.0,HIGH
Annapurna Circuit Thorong La,28.79,84.25,Manang,12.0,19.0,18.0,1.0,10.0,0.0,0.0,0.0,100.0,100.0,100.0,HIGH
Tilicho Lake,28.67,84.0,Manang,10.0,18.0,17.0,1.0,10.0,0.0,0.0,0.0,100.0,100.0,100.0,HIGH
Manang Village,28.67,84.02,Manang,6.0,14.0,12.0,1.0,9.0,0.0,0.0,0.0,100.0,95.0,98.0,HIGH
Ice Lake Manang,28.65,84.1,Manang,8.0,16.0,14.0,1.0,9.0,0.0,0.0,0.0,100.0,98.0,99.0,HIGH
Nar Phu Valley,28.85,84.2,Manang,9.0,18.0,16.0,1.0,10.0,0.0,0.0,0.0,100.0,100.0,100.0,HIGH
Muktinath Temple,28.82,83.87,Mustang,2.0,5.0,0.0,3.0,5.0,8.0,6.0,2.0,50.0,45.0,47.0,MEDIUM
Jomsom Valley,28.78,83.72,Mustang,4.0,9.0,4.0,2.0,7.0,3.0,3.0,1.0,75.0,80.0,78.0,HIGH
Kagbeni Village,28.84,83.78,Mustang,3.0,7.0,2.0,4.0,6.0,2.0,2.0,0.0,75.0,70.0,73.0,HIGH
Marpha Village,28.75,83.69,Mustang,1.0,4.0,0.0,3.0,5.0,10.0,8.0,2.0,45.0,40.0,42.0,MEDIUM
Tukuche Village,28.76,83.65,Mustang,2.0,6.0,1.0,3.0,6.0,5.0,4.0,1.0,65.0,60.0,62.0,MEDIUM
Kagbeni River Area,28.84,83.78,Mustang,5.0,2.0,0.0,14.0,4.0,3.0,3.0,1.0,75.0,70.0,73.0,HIGH
Upper Mustang Lo Manthang,29.19,83.96,Mustang,0.0,0.0,0.0,0.0,0.0,0.0,0.0,0.0,100.0,0.0,40.0,MEDIUM
Dhumba Lake,28.8,83.73,Mustang,2.0,3.0,0.0,3.0,5.0,5.0,4.0,1.0,55.0,50.0,52.0,MEDIUM
Ghorepani Village,28.4,83.69,Myagdi,2.0,6.0,1.0,3.0,5.0,5.0,4.0,1.0,60.0,55.0,58.0,MEDIUM
Khopra Danda,28.43,83.75,Myagdi,5.0,12.0,8.0,2.0,8.0,0.0,0.0,0.0,100.0,95.0,98.0,HIGH
Dhaulagiri Base Camp,28.7,83.48,Myagdi,10.0,19.0,18.0,1.0,10.0,0.0,0.0,0.0,100.0,100.0,100.0,HIGH
Tatopani Myagdi,28.5,83.65,Myagdi,3.0,2.0,0.0,12.0,4.0,5.0,4.0,1.0,65.0,65.0,65.0,HIGH
Beni Bazaar,28.35,83.55,Myagdi,1.0,4.0,0.0,5.0,5.0,15.0,12.0,3.0,35.0,40.0,37.0,MEDIUM
Rupa Kot View,28.15,84.13,Kaski,1.0,3.0,0.0,5.0,4.0,10.0,8.0,2.0,45.0,40.0,42.0,MEDIUM
Machhapuchhre Base Camp,28.5,84.0,Kaski,9.0,18.0,15.0,1.0,10.0,0.0,0.0,0.0,100.0,100.0,100.0,HIGH
Mardi Himal Base Camp,28.45,84.0,Kaski,7.0,15.0,10.0,2.0,9.0,0.0,0.0,0.0,100.0,95.0,98.0,HIGH
Australian Camp,28.3,83.8,Kaski,2.0,5.0,0.0,3.0,5.0,8.0,6.0,2.0,50.0,45.0,47.0,MEDIUM
Dhampus Village,28.32,83.83,Kaski,1.0,3.0,0.0,3.0,4.0,15.0,12.0,3.0,30.0,30.0,30.0,LOW
Tansen Palpa,27.87,83.55,Palpa,1.0,3.0,0.0,4.0,5.0,15.0,12.0,3.0,30.0,35.0,32.0,LOW
Rani Mahal,27.85,83.54,Palpa,2.0,4.0,0.0,10.0,4.0,8.0,6.0,2.0,50.0,55.0,52.0,MEDIUM
Srinagar Hill Palpa,27.87,83.55,Palpa,1.0,3.0,0.0,3.0,4.0,12.0,10.0,3.0,30.0,30.0,30.0,LOW
Ridi Bazaar,27.85,83.85,Gulmi,2.0,5.0,0.0,8.0,5.0,8.0,6.0,2.0,55.0,50.0,52.0,MEDIUM
Resunga Forest,28.05,83.25,Gulmi,3.0,7.0,1.0,3.0,5.0,5.0,4.0,1.0,60.0,55.0,58.0,MEDIUM
Satyawati Lake Gulmi,28.0,83.25,Gulmi,3.0,6.0,0.0,4.0,5.0,5.0,4.0,1.0,60.0,55.0,58.0,MEDIUM
Jaljala Rolpa,28.35,82.6,Rolpa,6.0,14.0,8.0,2.0,9.0,0.0,0.0,0.0,100.0,95.0,98.0,HIGH
Thawang Rolpa,28.5,82.7,Rolpa,5.0,12.0,5.0,3.0,8.0,0.0,1.0,0.0,95.0,85.0,89.0,HIGH
Upper Seti River Trail,28.2,84.0,Kaski,3.0,3.0,0.0,12.0,4.0,60.0,50.0,20.0,15.0,35.0,40.0,MEDIUM
Annapurna Cable Route Area,28.21,83.96,Kaski,2.0,2.0,0.0,5.0,3.0,90.0,80.0,30.0,0.0,15.0,18.0,LOW
Fewa Lake Boating Area,28.21,83.95,Kaski,2.0,1.0,0.0,15.0,3.0,90.0,80.0,30.0,0.0,25.0,30.0,LOW
Pumdikot View Point,28.15,83.92,Kaski,2.0,3.0,0.0,5.0,4.0,70.0,60.0,20.0,5.0,20.0,25.0,LOW
Rupa Lake Forest Trail,28.13,84.11,Kaski,3.0,5.0,0.0,10.0,4.0,50.0,40.0,15.0,20.0,40.0,45.0,MEDIUM
Lamjung Himal Route,28.45,84.3,Lamjung,12.0,16.0,8.0,2.0,9.0,0.0,0.0,0.0,100.0,90.0,92.0,HIGH
Ngadi Waterfall Trail,28.35,84.42,Lamjung,4.0,6.0,0.0,8.0,5.0,30.0,25.0,10.0,30.0,45.0,50.0,MEDIUM
Bahun Danda Trek Route,28.38,84.4,Lamjung,6.0,10.0,3.0,4.0,7.0,10.0,10.0,3.0,65.0,70.0,72.0,HIGH
Ghalegaun Heritage Trail,28.28,84.42,Lamjung,3.0,5.0,0.0,4.0,5.0,40.0,30.0,10.0,25.0,40.0,45.0,MEDIUM
Bhujung Homestay Area,28.3,84.35,Lamjung,4.0,6.0,0.0,5.0,5.0,30.0,25.0,10.0,30.0,45.0,50.0,MEDIUM
Ilampokhari Lake,28.55,84.3,Lamjung,8.0,12.0,5.0,2.0,8.0,5.0,5.0,2.0,70.0,75.0,78.0,HIGH
Manang Tilicho Junction,28.65,84.1,Manang,14.0,18.0,12.0,1.0,10.0,0.0,0.0,0.0,100.0,95.0,95.0,HIGH
Braga Monastery,28.65,84.02,Manang,5.0,8.0,2.0,2.0,7.0,10.0,10.0,3.0,65.0,70.0,72.0,HIGH
Yak Kharka Trail,28.7,84.0,Manang,15.0,18.0,12.0,0.0,10.0,0.0,0.0,0.0,100.0,95.0,95.0,HIGH
Thorong High Camp,28.79,84.0,Manang,20.0,20.0,20.0,0.0,10.0,0.0,0.0,0.0,100.0,100.0,99.0,HIGH
Muktinath Temple Route,28.82,83.87,Mustang,6.0,8.0,2.0,1.0,7.0,10.0,10.0,3.0,65.0,70.0,72.0,HIGH
Jomsom Airport Trail,28.78,83.72,Mustang,5.0,5.0,0.0,4.0,6.0,20.0,15.0,5.0,45.0,55.0,60.0,MEDIUM
Kagbeni River Camp,28.85,83.78,Mustang,7.0,10.0,3.0,8.0,7.0,5.0,5.0,2.0,70.0,75.0,78.0,HIGH
Lo Manthang Palace,29.19,83.96,Mustang,3.0,5.0,0.0,0.0,6.0,20.0,15.0,5.0,45.0,55.0,60.0,MEDIUM
Namgyal Gompa,29.2,83.95,Mustang,4.0,6.0,0.0,0.0,6.0,15.0,10.0,3.0,55.0,60.0,65.0,MEDIUM
Choser Cave Route,29.26,83.96,Mustang,6.0,10.0,3.0,0.0,7.0,10.0,10.0,3.0,65.0,70.0,72.0,HIGH
Mustang Yara Valley,29.15,83.9,Mustang,12.0,16.0,8.0,0.0,9.0,0.0,0.0,0.0,100.0,90.0,92.0,HIGH
Dheye Village Trail,29.1,83.85,Mustang,10.0,15.0,5.0,0.0,8.0,0.0,0.0,0.0,100.0,85.0,88.0,HIGH
Muktinath View Ridge,28.82,83.86,Mustang,5.0,8.0,2.0,1.0,7.0,10.0,10.0,3.0,65.0,70.0,72.0,HIGH
Dhorpatan Valley Camp,28.5,83.0,Baglung,12.0,16.0,8.0,3.0,9.0,0.0,0.0,0.0,100.0,90.0,92.0,HIGH
Phalebas Hill Trail,28.2,83.7,Parbat,3.0,5.0,0.0,5.0,5.0,40.0,30.0,10.0,25.0,40.0,45.0,MEDIUM
Kushma Cliff Bridge,28.22,83.68,Parbat,3.0,2.0,0.0,8.0,4.0,60.0,50.0,20.0,10.0,35.0,40.0,MEDIUM
Modi River Camp,28.35,83.7,Parbat,6.0,3.0,0.0,15.0,5.0,20.0,15.0,5.0,55.0,70.0,75.0,HIGH
Beni-Parbat Trail,28.35,83.55,Parbat,5.0,8.0,0.0,8.0,6.0,20.0,15.0,5.0,45.0,60.0,65.0,HIGH
Gupteshwor Cave,28.2,83.95,Kaski,1.0,1.0,0.0,5.0,3.0,90.0,80.0,30.0,0.0,15.0,18.0,LOW
Devi's Fall Area,28.19,83.96,Kaski,2.0,1.0,0.0,8.0,3.0,90.0,80.0,30.0,0.0,20.0,25.0,LOW
International Mountain Museum Area,28.19,83.98,Kaski,1.0,1.0,0.0,3.0,3.0,90.0,80.0,30.0,0.0,10.0,15.0,LOW
Rara National Park Trail,29.53,82.08,Mugu,8.0,12.0,5.0,3.0,8.0,0.0,0.0,0.0,100.0,85.0,88.0,HIGH
Rara View Tower,29.53,82.09,Mugu,5.0,8.0,2.0,4.0,7.0,10.0,10.0,3.0,65.0,70.0,72.0,HIGH
Rara Lakeside Camp,29.52,82.1,Mugu,6.0,10.0,3.0,5.0,8.0,5.0,5.0,2.0,70.0,75.0,78.0,HIGH
Mugu Karnali River Camp,29.6,82.2,Mugu,10.0,15.0,5.0,18.0,8.0,0.0,0.0,0.0,100.0,90.0,92.0,HIGH
Chhayanath Temple Trail,29.55,82.1,Mugu,3.0,6.0,0.0,5.0,6.0,20.0,15.0,5.0,45.0,55.0,60.0,MEDIUM
Shey Phoksundo Lake,29.17,82.95,Dolpa,15.0,18.0,12.0,0.0,10.0,0.0,0.0,0.0,100.0,95.0,95.0,HIGH
Phoksundo Waterfall Route,29.2,82.95,Dolpa,12.0,16.0,8.0,1.0,9.0,0.0,0.0,0.0,100.0,90.0,92.0,HIGH
Upper Dolpo Trek Route,29.3,83.0,Dolpa,18.0,20.0,18.0,0.0,10.0,0.0,0.0,0.0,100.0,100.0,99.0,HIGH
Shey Gompa,29.35,82.95,Dolpa,10.0,15.0,8.0,0.0,9.0,0.0,0.0,0.0,100.0,90.0,92.0,HIGH
Dho Tarap Valley,29.25,83.1,Dolpa,16.0,20.0,15.0,0.0,10.0,0.0,0.0,0.0,100.0,100.0,98.0,HIGH
Kang La Pass Dolpa,29.4,83.15,Dolpa,20.0,20.0,20.0,0.0,10.0,0.0,0.0,0.0,100.0,100.0,99.0,HIGH
Juphal Airport Trail,29.28,82.2,Dolpa,4.0,7.0,2.0,3.0,7.0,10.0,10.0,3.0,65.0,70.0,72.0,HIGH
Dunai Village,29.05,82.25,Dolpa,3.0,5.0,0.0,6.0,6.0,20.0,15.0,5.0,45.0,55.0,60.0,MEDIUM
Kakot Village,29.0,82.3,Dolpa,7.0,10.0,4.0,3.0,8.0,5.0,5.0,2.0,70.0,75.0,78.0,HIGH
Jumla Chandannath Temple,29.28,82.18,Jumla,2.0,4.0,0.0,5.0,5.0,40.0,30.0,10.0,25.0,40.0,45.0,MEDIUM
Jumla Sinja Valley,29.3,82.0,Jumla,8.0,12.0,4.0,5.0,8.0,5.0,5.0,2.0,70.0,75.0,78.0,HIGH
Rara-Jumla Trek Route,29.4,82.1,Jumla,12.0,16.0,8.0,3.0,9.0,0.0,0.0,0.0,100.0,90.0,92.0,HIGH
Patmara Village,29.35,82.2,Jumla,6.0,10.0,3.0,4.0,7.0,5.0,5.0,2.0,65.0,70.0,72.0,HIGH
Sinja Civilization Site,29.32,82.0,Jumla,2.0,3.0,0.0,4.0,5.0,40.0,30.0,10.0,25.0,40.0,45.0,MEDIUM
Khalanga View Point,29.28,82.18,Jumla,3.0,5.0,0.0,4.0,5.0,30.0,25.0,10.0,35.0,45.0,50.0,MEDIUM
Humla Limi Valley,30.0,81.8,Humla,18.0,20.0,18.0,0.0,10.0,0.0,0.0,0.0,100.0,100.0,99.0,HIGH
Simikot Village,29.97,81.82,Humla,5.0,8.0,3.0,2.0,8.0,10.0,10.0,3.0,65.0,70.0,72.0,HIGH
Limi Pass Trail,30.1,81.7,Humla,20.0,20.0,20.0,0.0,10.0,0.0,0.0,0.0,100.0,100.0,99.0,HIGH
Hilsa Border Route,30.15,81.22,Humla,12.0,16.0,8.0,0.0,9.0,0.0,0.0,0.0,100.0,90.0,92.0,HIGH
Yari Village,30.05,81.6,Humla,10.0,15.0,6.0,0.0,8.0,0.0,0.0,0.0,100.0,85.0,88.0,HIGH
Api Base Camp,29.9,80.95,Darchula,18.0,20.0,18.0,0.0,10.0,0.0,0.0,0.0,100.0,100.0,99.0,HIGH
Api Himal Route,29.95,80.9,Darchula,20.0,20.0,20.0,0.0,10.0,0.0,0.0,0.0,100.0,100.0,99.0,HIGH
Malikarjun Temple,29.85,80.55,Darchula,2.0,4.0,0.0,8.0,5.0,40.0,30.0,10.0,25.0,45.0,50.0,MEDIUM
Khalanga Darchula View,29.84,80.55,Darchula,3.0,5.0,0.0,6.0,5.0,40.0,30.0,10.0,25.0,40.0,45.0,MEDIUM
Mahakali River Camp,29.8,80.5,Darchula,6.0,3.0,0.0,20.0,5.0,20.0,15.0,5.0,55.0,70.0,75.0,HIGH
Khaptad National Park,29.3,81.15,Achham,8.0,12.0,0.0,5.0,8.0,5.0,5.0,2.0,70.0,75.0,78.0,HIGH
Khaptad Plateau Trail,29.35,81.2,Achham,10.0,15.0,2.0,4.0,8.0,0.0,0.0,0.0,100.0,85.0,88.0,HIGH
Saileshwari Temple,29.35,81.25,Achham,2.0,3.0,0.0,5.0,4.0,50.0,40.0,15.0,15.0,30.0,35.0,LOW
Badimalika Temple Route,29.4,81.3,Bajura,15.0,18.0,10.0,2.0,9.0,0.0,0.0,0.0,100.0,95.0,95.0,HIGH
Badimalika Meadow Camp,29.45,81.35,Bajura,18.0,20.0,15.0,0.0,10.0,0.0,0.0,0.0,100.0,100.0,98.0,HIGH
Budhinanda Lake,29.5,81.45,Bajura,12.0,16.0,8.0,1.0,9.0,0.0,0.0,0.0,100.0,90.0,92.0,HIGH
Rukum Syarpu Lake,28.95,82.25,Rukum West,3.0,7.0,2.0,5.0,6.0,2.0,2.0,0.0,75.0,65.0,69.0,HIGH
Sisne Himal View,28.7,82.6,Rukum West,8.0,16.0,12.0,2.0,10.0,0.0,0.0,0.0,100.0,100.0,100.0,HIGH
Musikot Bazaar,28.62,82.48,Rukum West,2.0,5.0,0.0,4.0,5.0,8.0,6.0,2.0,50.0,45.0,47.0,MEDIUM
Jaljala Rukum Trail,28.8,82.5,Rukum West,7.0,15.0,10.0,2.0,9.0,0.0,0.0,0.0,100.0,95.0,98.0,HIGH
Kakrebihar Surkhet,28.6,81.6,Surkhet,1.0,2.0,0.0,3.0,4.0,15.0,12.0,3.0,25.0,25.0,25.0,LOW
Bulbule Lake Surkhet,28.6,81.63,Surkhet,1.0,1.0,0.0,4.0,3.0,20.0,15.0,5.0,15.0,20.0,17.0,LOW
Bheri River Surkhet,28.6,81.8,Surkhet,6.0,2.0,0.0,15.0,3.0,3.0,3.0,1.0,80.0,70.0,75.0,HIGH
Dailekh Dullu Heritage,28.85,81.7,Dailekh,3.0,8.0,2.0,5.0,7.0,1.0,1.0,0.0,85.0,80.0,82.0,HIGH
Jwala Malika Dailekh,28.95,81.7,Dailekh,3.0,7.0,1.0,4.0,6.0,2.0,2.0,0.0,75.0,70.0,73.0,HIGH
Panchdeval Temple,28.85,81.7,Dailekh,1.0,3.0,0.0,4.0,5.0,10.0,8.0,2.0,35.0,35.0,35.0,MEDIUM
Jajarkot Nalgad River,28.65,82.25,Jajarkot,5.0,3.0,0.0,14.0,4.0,3.0,3.0,1.0,75.0,70.0,73.0,HIGH
Nalgad Valley,28.7,82.2,Jajarkot,3.0,8.0,2.0,6.0,7.0,1.0,1.0,0.0,85.0,80.0,82.0,HIGH
Dolpa Phoksundo Lake,29.2,82.95,Dolpa,8.0,17.0,13.0,2.0,10.0,0.0,0.0,0.0,100.0,100.0,100.0,HIGH
Shey Gompa,29.35,82.95,Dolpa,10.0,19.0,18.0,1.0,10.0,0.0,0.0,0.0,100.0,100.0,100.0,HIGH
Dho Tarap Valley,29.1,83.0,Dolpa,8.0,17.0,14.0,1.0,10.0,0.0,0.0,0.0,100.0,100.0,100.0,HIGH
Dunai Village,29.0,82.82,Dolpa,2.0,6.0,1.0,4.0,7.0,5.0,4.0,1.0,65.0,60.0,62.0,MEDIUM
Juphal Airport Area,29.28,82.18,Dolpa,3.0,8.0,2.0,3.0,6.0,2.0,2.0,0.0,80.0,75.0,78.0,HIGH
Mugu Rara Lake,29.5269,82.0835,Mugu,5.0,8.0,1.0,5.0,6.0,0.0,0.0,0.0,100.0,95.0,98.0,HIGH
Humla Simikot,29.97,81.82,Humla,3.0,8.0,4.0,2.0,7.0,1.0,1.0,0.0,90.0,80.0,84.0,HIGH
Limi Valley,30.15,81.25,Humla,10.0,19.0,18.0,1.0,10.0,0.0,0.0,0.0,100.0,100.0,100.0,HIGH
Yari Village Humla,30.0,81.45,Humla,8.0,17.0,14.0,1.0,10.0,0.0,0.0,0.0,100.0,100.0,100.0,HIGH
Saipal Himal,30.0,81.2,Bajhang,10.0,19.0,18.0,1.0,10.0,0.0,0.0,0.0,100.0,100.0,100.0,HIGH
Bajura Badimalika,29.5,81.4,Bajura,8.0,16.0,12.0,2.0,10.0,0.0,0.0,0.0,100.0,100.0,100.0,HIGH
Martadi Bazaar,29.42,81.6,Bajura,4.0,10.0,3.0,4.0,7.0,1.0,1.0,0.0,90.0,85.0,87.0,HIGH
Ramaroshan Area,29.3,81.05,Achham,5.0,11.0,3.0,5.0,7.0,1.0,1.0,0.0,90.0,85.0,87.0,HIGH
Sanphebagar,29.25,81.2,Achham,1.0,4.0,0.0,8.0,4.0,10.0,8.0,2.0,40.0,45.0,42.0,MEDIUM
Khaptad National Park,29.25,81.1,Doti,6.0,13.0,5.0,3.0,8.0,0.0,1.0,0.0,95.0,85.0,89.0,HIGH
Khaptad Ashram,29.27,81.12,Doti,3.0,7.0,1.0,3.0,6.0,2.0,2.0,0.0,75.0,65.0,69.0,HIGH
Silgadhi Doti,29.26,80.98,Doti,1.0,4.0,0.0,5.0,5.0,8.0,6.0,2.0,50.0,45.0,47.0,MEDIUM
Mahakali River Darchula,29.25,80.6,Darchula,4.0,1.0,0.0,16.0,3.0,5.0,4.0,1.0,75.0,70.0,73.0,HIGH
Api Himal Base,29.85,80.9,Darchula,9.0,18.0,16.0,1.0,10.0,0.0,0.0,0.0,100.0,100.0,100.0,HIGH
Tinkar Pass,30.0,80.7,Darchula,10.0,18.0,17.0,1.0,10.0,0.0,0.0,0.0,100.0,100.0,100.0,HIGH
Khalanga Darchula,29.3,80.6,Darchula,2.0,5.0,0.0,7.0,5.0,8.0,6.0,2.0,55.0,55.0,55.0,MEDIUM
Ghodaghodi Lake,28.7,80.95,Kailali,2.0,0.0,0.0,15.0,2.0,15.0,12.0,3.0,45.0,55.0,50.0,MEDIUM
Karnali Dolphin Area,28.6,81.0,Kailali,4.0,0.0,0.0,18.0,3.0,8.0,6.0,2.0,65.0,70.0,68.0,HIGH
Tikapur Park,28.52,81.12,Kailali,1.0,0.0,0.0,8.0,2.0,20.0,15.0,5.0,20.0,30.0,25.0,LOW
Bardiya National Park,28.4,81.3,Bardiya,3.0,0.0,0.0,10.0,2.0,12.0,10.0,3.0,40.0,45.0,42.0,MEDIUM
Phoksundo View Camp,29.19,82.95,Dolpa,14.0,18.0,12.0,0.0,10.0,0.0,0.0,0.0,100.0,95.0,95.0,HIGH
Ringmo Village Dolpa,29.18,82.97,Dolpa,8.0,12.0,4.0,2.0,8.0,5.0,5.0,2.0,70.0,75.0,78.0,HIGH
Suli Gad Waterfall,29.15,82.9,Dolpa,10.0,15.0,6.0,3.0,8.0,0.0,0.0,0.0,100.0,85.0,88.0,HIGH
Dho Tarap Monastery,29.25,83.1,Dolpa,12.0,16.0,8.0,0.0,9.0,0.0,0.0,0.0,100.0,90.0,92.0,HIGH
Crystal Mountain Route,29.35,82.95,Dolpa,18.0,20.0,18.0,0.0,10.0,0.0,0.0,0.0,100.0,100.0,99.0,HIGH
Saldang Village,29.4,83.0,Dolpa,15.0,18.0,12.0,0.0,10.0,0.0,0.0,0.0,100.0,95.0,95.0,HIGH
Tinje Valley,29.5,83.15,Dolpa,16.0,20.0,15.0,0.0,10.0,0.0,0.0,0.0,100.0,100.0,98.0,HIGH
Mukot Himal Camp,29.55,83.2,Dolpa,20.0,20.0,20.0,0.0,10.0,0.0,0.0,0.0,100.0,100.0,99.0,HIGH
Jumla Rara Trek Camp,29.35,82.1,Jumla,12.0,16.0,8.0,2.0,9.0,0.0,0.0,0.0,100.0,90.0,92.0,HIGH
Guthichaur Valley,29.35,82.25,Jumla,7.0,10.0,3.0,3.0,7.0,5.0,5.0,2.0,65.0,70.0,72.0,HIGH
Chere Chaur View,29.3,82.15,Jumla,5.0,8.0,2.0,4.0,6.0,10.0,10.0,3.0,65.0,70.0,72.0,HIGH
Kankasundari Temple,29.4,82.3,Jumla,2.0,4.0,0.0,5.0,5.0,40.0,30.0,10.0,25.0,40.0,45.0,MEDIUM
Sinja Valley Trail,29.32,82.0,Jumla,8.0,12.0,4.0,5.0,8.0,5.0,5.0,2.0,70.0,75.0,78.0,HIGH
Tila River Camp,29.25,82.2,Jumla,6.0,4.0,0.0,18.0,5.0,20.0,15.0,5.0,55.0,70.0,75.0,HIGH
Patrasi Himalayan Trail,29.45,82.35,Jumla,15.0,18.0,10.0,1.0,9.0,0.0,0.0,0.0,100.0,95.0,95.0,HIGH
Simikot Airport Route,29.97,81.82,Humla,4.0,7.0,3.0,2.0,7.0,10.0,10.0,3.0,65.0,70.0,72.0,HIGH
Limi Valley Camp,30.0,81.7,Humla,18.0,20.0,18.0,0.0,10.0,0.0,0.0,0.0,100.0,100.0,99.0,HIGH
Yari Pass Trail,30.05,81.6,Humla,16.0,20.0,15.0,0.0,10.0,0.0,0.0,0.0,100.0,100.0,98.0,HIGH
Namkha Khyung Valley,30.1,81.5,Humla,20.0,20.0,20.0,0.0,10.0,0.0,0.0,0.0,100.0,100.0,99.0,HIGH
Kermi Hot Spring,29.9,81.7,Humla,5.0,8.0,0.0,6.0,6.0,10.0,10.0,3.0,65.0,70.0,72.0,HIGH
Api Nampa Conservation Area,29.95,80.95,Darchula,18.0,20.0,18.0,0.0,10.0,0.0,0.0,0.0,100.0,100.0,99.0,HIGH
Khalanga Darchula Trail,29.84,80.55,Darchula,4.0,6.0,0.0,10.0,5.0,30.0,25.0,10.0,35.0,50.0,55.0,MEDIUM
Malikarjun Heritage Route,29.85,80.6,Darchula,2.0,3.0,0.0,5.0,4.0,50.0,40.0,15.0,15.0,30.0,35.0,LOW
Mahakali River Adventure Camp,29.8,80.5,Darchula,7.0,4.0,0.0,20.0,5.0,20.0,15.0,5.0,55.0,75.0,80.0,HIGH
Shivnath Temple Area,29.7,80.7,Darchula,2.0,3.0,0.0,7.0,4.0,50.0,40.0,15.0,15.0,30.0,35.0,LOW
Khaptad National Park Center,29.3,81.2,Achham,8.0,12.0,2.0,4.0,8.0,5.0,5.0,2.0,70.0,75.0,78.0,HIGH
Khaptad Lake Trail,29.33,81.22,Achham,10.0,15.0,5.0,3.0,9.0,0.0,0.0,0.0,100.0,90.0,92.0,HIGH
Tribeni Khaptad Route,29.25,81.15,Achham,6.0,10.0,2.0,5.0,7.0,5.0,5.0,2.0,65.0,70.0,72.0,HIGH
Badimalika Base Route,29.4,81.3,Bajura,15.0,18.0,12.0,1.0,10.0,0.0,0.0,0.0,100.0,95.0,95.0,HIGH
Badimalika Meadow,29.45,81.35,Bajura,18.0,20.0,15.0,0.0,10.0,0.0,0.0,0.0,100.0,100.0,98.0,HIGH
Budhinanda Lake Camp,29.5,81.45,Bajura,12.0,16.0,8.0,2.0,9.0,0.0,0.0,0.0,100.0,90.0,92.0,HIGH
Martadi View Point,29.4,81.25,Bajura,3.0,5.0,0.0,5.0,5.0,30.0,25.0,10.0,35.0,45.0,50.0,MEDIUM
Ramaroshan Lake,29.1,81.35,Achham,8.0,12.0,3.0,5.0,7.0,5.0,5.0,2.0,70.0,75.0,78.0,HIGH
Jaljala Bajura Trail,29.35,81.5,Bajura,10.0,15.0,6.0,2.0,8.0,0.0,0.0,0.0,100.0,85.0,88.0,High
Pashupatinath Temple,27.71,85.348,Kathmandu,1.0,0.0,0.0,2.0,4.0,60.0,50.0,15.0,5.0,10.0,8.0,LOW
Swayambhunath Stupa,27.7149,85.29,Kathmandu,1.0,1.0,0.0,2.0,5.0,50.0,40.0,12.0,10.0,15.0,12.0,LOW
Boudhanath Stupa,27.7215,85.362,Kathmandu,0.0,0.0,0.0,2.0,3.0,60.0,50.0,15.0,5.0,10.0,8.0,LOW
Kathmandu Durbar Square,27.7048,85.3076,Kathmandu,2.0,0.0,0.0,3.0,8.0,60.0,50.0,15.0,15.0,20.0,18.0,LOW
Garden of Dreams,27.712,85.315,Kathmandu,0.0,0.0,0.0,1.0,3.0,70.0,60.0,20.0,5.0,5.0,6.0,LOW
Narayanhiti Museum,27.715,85.318,Kathmandu,0.0,0.0,0.0,1.0,3.0,70.0,60.0,20.0,5.0,5.0,6.0,LOW
Chandragiri Hills,27.68,85.2,Kathmandu,3.0,7.0,0.0,3.0,5.0,15.0,12.0,3.0,40.0,45.0,42.0,MEDIUM
Kirtipur Old City,27.67,85.28,Kathmandu,1.0,2.0,0.0,2.0,5.0,30.0,25.0,8.0,15.0,20.0,17.0,LOW
Nagarkot View Tower,27.715,85.52,Bhaktapur,2.0,5.0,0.0,3.0,5.0,15.0,12.0,3.0,50.0,45.0,47.0,MEDIUM
Bhaktapur Durbar Square,27.671,85.4298,Bhaktapur,1.0,0.0,0.0,2.0,8.0,50.0,40.0,12.0,10.0,15.0,12.0,LOW
Changunarayan Temple,27.716,85.427,Bhaktapur,2.0,3.0,0.0,3.0,6.0,25.0,20.0,5.0,25.0,30.0,28.0,LOW
Sanga View Point,27.675,85.43,Bhaktapur,2.0,4.0,0.0,3.0,5.0,20.0,15.0,5.0,35.0,35.0,35.0,MEDIUM
Dhulikhel Old Town,27.62,85.54,Kavrepalanchok,1.0,3.0,0.0,3.0,5.0,20.0,15.0,5.0,30.0,35.0,32.0,LOW
Namobuddha Monastery,27.56,85.58,Kavrepalanchok,3.0,6.0,0.0,4.0,6.0,10.0,8.0,2.0,55.0,60.0,58.0,MEDIUM
Panauti Heritage Area,27.585,85.51,Kavre,1.0,2.0,0.0,5.0,6.0,20.0,15.0,5.0,30.0,35.0,32.0,LOW
Gosaikunda Alternative Trail,28.1,85.4,Rasuwa,7.0,15.0,12.0,2.0,9.0,0.0,0.0,0.0,100.0,98.0,99.0,HIGH
Tamang Heritage Trail,28.15,85.35,Rasuwa,6.0,14.0,10.0,2.0,9.0,0.0,0.0,0.0,100.0,95.0,98.0,HIGH
Ganesh Himal Route,28.2,85.0,Dhading,8.0,16.0,13.0,2.0,10.0,0.0,0.0,0.0,100.0,100.0,100.0,HIGH
Ruby Valley Trek,28.2,85.1,Dhading,7.0,15.0,10.0,2.0,9.0,0.0,0.0,0.0,100.0,95.0,98.0,HIGH
Salyantar Area,28.1,84.9,Dhading,3.0,7.0,1.0,5.0,7.0,3.0,3.0,1.0,70.0,65.0,68.0,HIGH
Dhading Besi,28.01,84.87,Dhading,1.0,3.0,0.0,4.0,6.0,15.0,12.0,3.0,30.0,35.0,32.0,LOW
Malekhu River,27.95,84.85,Dhading,5.0,2.0,0.0,16.0,4.0,3.0,3.0,1.0,80.0,75.0,78.0,HIGH
Siddha Cave,27.9,84.8,Tanahun,2.0,2.0,0.0,3.0,5.0,15.0,12.0,3.0,35.0,35.0,35.0,MEDIUM
Bandipur Bazaar,27.94,84.42,Tanahun,1.0,3.0,0.0,3.0,5.0,20.0,15.0,5.0,30.0,35.0,32.0,LOW
Thani Mai Temple,27.93,84.42,Tanahun,1.0,2.0,0.0,3.0,4.0,15.0,12.0,3.0,25.0,30.0,27.0,LOW
Damauli River Area,27.98,84.26,Tanahun,3.0,1.0,0.0,14.0,3.0,8.0,6.0,2.0,65.0,70.0,68.0,HIGH
Muglin River Route,27.85,84.55,Chitwan,7.0,1.0,0.0,18.0,4.0,5.0,4.0,1.0,90.0,75.0,84.0,HIGH
Sauraha Tourism Area,27.58,84.5,Chitwan,2.0,0.0,0.0,8.0,2.0,20.0,15.0,5.0,20.0,25.0,22.0,LOW
Rapti River Chitwan,27.58,84.5,Chitwan,4.0,0.0,0.0,15.0,2.0,10.0,8.0,2.0,55.0,60.0,58.0,MEDIUM
Devghat Dham,27.95,84.42,Tanahun,1.0,1.0,0.0,8.0,3.0,20.0,15.0,5.0,30.0,35.0,32.0,LOW
Madi River Camp,27.7,84.6,Chitwan,4.0,0.0,0.0,14.0,3.0,8.0,6.0,2.0,60.0,55.0,58.0,MEDIUM
Gorkha Manakamana Cable Area,27.95,84.58,Gorkha,2.0,5.0,0.0,5.0,6.0,10.0,8.0,2.0,50.0,45.0,47.0,MEDIUM
Chepang Hill Trail,27.8,84.6,Chitwan,5.0,10.0,2.0,4.0,7.0,1.0,1.0,0.0,90.0,80.0,84.0,HIGH
Kushma Bridge Area,28.21,83.68,Parbat,4.0,2.0,0.0,12.0,4.0,5.0,4.0,1.0,70.0,65.0,68.0,HIGH
Gupteshwor Cave Parbat,28.22,83.68,Parbat,2.0,3.0,0.0,3.0,5.0,10.0,8.0,2.0,40.0,35.0,37.0,MEDIUM
Dhorpatan Hunting Reserve,28.3,83.0,Baglung,8.0,16.0,10.0,3.0,9.0,0.0,0.0,0.0,100.0,95.0,98.0,HIGH
Panchakot Baglung,28.26,83.6,Baglung,3.0,8.0,2.0,4.0,6.0,2.0,2.0,0.0,80.0,75.0,78.0,HIGH
Baglung Kalika Temple,28.27,83.59,Baglung,1.0,3.0,0.0,3.0,5.0,12.0,10.0,3.0,30.0,30.0,30.0,LOW
Taman Khola Area,28.45,83.0,Baglung,6.0,14.0,8.0,2.0,9.0,0.0,0.0,0.0,100.0,95.0,98.0,HIGH
Galeshwor Temple,28.35,83.6,Myagdi,1.0,3.0,0.0,5.0,5.0,10.0,8.0,2.0,45.0,40.0,42.0,MEDIUM
Cheskam Village Homestay,27.52,86.7,Solukhumbu,7.0,12.0,5.0,2.0,8.0,12.0,8.0,3.0,70.0,75.0,78.0,HIGH
Bung Village Trail,27.6,86.75,Solukhumbu,9.0,15.0,6.0,1.0,9.0,5.0,5.0,2.0,80.0,85.0,88.0,HIGH
Pawai Rural Route,27.55,86.85,Solukhumbu,5.0,10.0,3.0,3.0,7.0,10.0,8.0,3.0,65.0,70.0,72.0,HIGH
Kaku Village Viewpoint,27.58,86.65,Solukhumbu,3.0,6.0,0.0,2.0,6.0,20.0,15.0,5.0,45.0,55.0,60.0,MEDIUM
Jubing Village Trail,27.6,86.65,Solukhumbu,6.0,11.0,3.0,2.0,7.0,10.0,8.0,3.0,65.0,70.0,72.0,HIGH
Necha Rural Tourism Area,27.45,86.58,Solukhumbu,2.0,5.0,0.0,4.0,5.0,30.0,25.0,10.0,35.0,45.0,50.0,MEDIUM
Taklung Village Route,27.42,86.62,Solukhumbu,4.0,8.0,2.0,3.0,6.0,20.0,15.0,5.0,45.0,55.0,60.0,MEDIUM
Barpak Rural Homestay,28.2,84.75,Gorkha,10.0,15.0,5.0,3.0,9.0,8.0,5.0,2.0,75.0,85.0,88.0,HIGH
Laprak Village Trail,28.25,84.7,Gorkha,12.0,16.0,8.0,2.0,9.0,5.0,5.0,2.0,85.0,90.0,92.0,HIGH
Larpak Community Route,28.26,84.72,Gorkha,8.0,13.0,5.0,3.0,8.0,10.0,8.0,3.0,70.0,80.0,82.0,HIGH
Prok Village Camp,28.58,84.7,Gorkha,11.0,15.0,8.0,1.0,9.0,0.0,0.0,0.0,100.0,90.0,92.0,HIGH
Nubri Valley Settlement,28.6,84.65,Gorkha,15.0,18.0,12.0,0.0,10.0,0.0,0.0,0.0,100.0,95.0,95.0,HIGH
Chumchet Village,28.57,84.62,Gorkha,13.0,17.0,10.0,0.0,9.0,0.0,0.0,0.0,100.0,95.0,95.0,HIGH
Sirdibas Village Trail,28.52,84.65,Gorkha,9.0,14.0,6.0,2.0,8.0,5.0,5.0,2.0,75.0,80.0,85.0,HIGH
Bihi Village Route,28.62,84.72,Gorkha,16.0,20.0,15.0,0.0,10.0,0.0,0.0,0.0,100.0,100.0,98.0,HIGH
Nile Village Manang,28.95,84.35,Manang,12.0,16.0,8.0,0.0,9.0,0.0,0.0,0.0,100.0,90.0,92.0,HIGH
Phu Village Settlement,28.96,84.35,Manang,18.0,20.0,18.0,0.0,10.0,0.0,0.0,0.0,100.0,100.0,99.0,HIGH
Khangsar Village,28.65,84.0,Manang,8.0,12.0,5.0,1.0,8.0,5.0,5.0,2.0,70.0,75.0,78.0,HIGH
Ngawal Village View,28.7,84.02,Manang,5.0,8.0,2.0,2.0,7.0,10.0,8.0,3.0,65.0,70.0,72.0,HIGH
Gyaru Village Trail,28.72,84.05,Manang,7.0,12.0,5.0,1.0,8.0,5.0,5.0,2.0,75.0,80.0,85.0,HIGH
Tachai Village Mustang,29.1,83.9,Mustang,6.0,10.0,3.0,0.0,8.0,5.0,5.0,2.0,70.0,75.0,78.0,HIGH
Yara Rural Settlement,29.15,83.9,Mustang,10.0,15.0,6.0,0.0,9.0,0.0,0.0,0.0,100.0,85.0,88.0,HIGH
Tangya Village,29.18,83.85,Mustang,9.0,14.0,5.0,0.0,8.0,0.0,0.0,0.0,100.0,85.0,88.0,HIGH
Namkha Rural Trail,29.22,83.92,Mustang,12.0,16.0,8.0,0.0,9.0,0.0,0.0,0.0,100.0,90.0,92.0,HIGH
Dhee Village Route,29.12,83.82,Mustang,7.0,12.0,4.0,0.0,8.0,5.0,5.0,2.0,70.0,75.0,78.0,HIGH
Choser Rural Cave Area,29.25,83.95,Mustang,5.0,8.0,2.0,0.0,7.0,10.0,8.0,3.0,65.0,70.0,72.0,HIGH
Lupra Village,28.82,83.72,Mustang,4.0,7.0,0.0,2.0,6.0,15.0,10.0,3.0,55.0,65.0,68.0,MEDIUM
Kobang Rural Area,28.7,83.65,Mustang,3.0,5.0,0.0,5.0,5.0,20.0,15.0,5.0,45.0,55.0,60.0,MEDIUM
Tukuche Village Trail,28.73,83.69,Mustang,5.0,8.0,2.0,3.0,6.0,15.0,10.0,3.0,55.0,65.0,68.0,MEDIUM
Sikha Village Homestay,28.5,83.65,Myagdi,4.0,8.0,0.0,5.0,6.0,20.0,15.0,5.0,45.0,55.0,60.0,MEDIUM
Nangi Rural Village,28.45,83.55,Myagdi,6.0,10.0,3.0,4.0,7.0,10.0,8.0,3.0,65.0,70.0,72.0,HIGH
Mohare Danda Trail,28.45,83.6,Myagdi,8.0,12.0,5.0,3.0,8.0,5.0,5.0,2.0,70.0,75.0,78.0,HIGH
Khimkhola Settlement,28.42,83.58,Myagdi,3.0,6.0,0.0,6.0,5.0,25.0,20.0,5.0,40.0,50.0,55.0,MEDIUM
Rakhubang Village,28.4,83.6,Myagdi,5.0,9.0,2.0,5.0,6.0,15.0,10.0,3.0,60.0,65.0,68.0,HIGH
Takura Village Trail,28.35,83.55,Myagdi,4.0,7.0,0.0,8.0,6.0,20.0,15.0,5.0,45.0,60.0,65.0,HIGH
Dhorpatan Valley,28.3,83.0,Baglung,8.0,16.0,10.0,3.0,9.0,0.0,0.0,0.0,100.0,95.0,98.0,HIGH
Dhaulagiri View Baglung,28.4,83.45,Baglung,7.0,15.0,12.0,2.0,9.0,0.0,0.0,0.0,100.0,98.0,99.0,HIGH
Galkot Palace,28.22,83.42,Baglung,2.0,5.0,0.0,4.0,6.0,8.0,6.0,2.0,55.0,50.0,52.0,MEDIUM
Panchase Hill,28.23,83.8,Parbat,3.0,7.0,1.0,3.0,5.0,5.0,4.0,1.0,55.0,60.0,58.0,MEDIUM
Kushma Suspension Bridge,28.21,83.68,Parbat,4.0,2.0,0.0,12.0,3.0,10.0,8.0,2.0,65.0,65.0,65.0,HIGH
Modi River Area,28.3,83.7,Parbat,5.0,2.0,0.0,14.0,4.0,5.0,4.0,1.0,75.0,70.0,73.0,HIGH
Mahashila Rural Trail,28.2,83.65,Parbat,3.0,8.0,2.0,4.0,6.0,2.0,2.0,0.0,80.0,75.0,78.0,HIGH
Muldai View Point,28.42,83.72,Myagdi,6.0,14.0,8.0,2.0,9.0,0.0,0.0,0.0,100.0,95.0,98.0,HIGH
Mohare Danda,28.42,83.65,Myagdi,5.0,12.0,6.0,2.0,8.0,0.0,0.0,0.0,100.0,90.0,96.0,HIGH
Ghandruk Village,28.37,83.8,Kaski,2.0,5.0,0.0,3.0,5.0,8.0,6.0,2.0,50.0,45.0,47.0,MEDIUM
Chhomrong Village,28.52,83.82,Kaski,5.0,12.0,8.0,2.0,8.0,1.0,1.0,0.0,95.0,90.0,93.0,HIGH
Sinuwa Trail,28.52,83.85,Kaski,6.0,14.0,9.0,2.0,9.0,0.0,0.0,0.0,100.0,95.0,98.0,HIGH
Jhinu Danda Hot Spring,28.47,83.82,Kaski,3.0,6.0,0.0,4.0,5.0,5.0,4.0,1.0,60.0,55.0,58.0,MEDIUM
Deurali Annapurna Route,28.54,83.85,Kaski,8.0,17.0,14.0,1.0,10.0,0.0,0.0,0.0,100.0,100.0,100.0,HIGH
Machhapuchhre Model Trek,28.5,84.0,Kaski,8.0,16.0,12.0,1.0,10.0,0.0,0.0,0.0,100.0,100.0,100.0,HIGH
Lamachaur Area,28.26,83.95,Kaski,1.0,2.0,0.0,4.0,3.0,20.0,15.0,5.0,15.0,20.0,17.0,LOW
Bindabasini Temple,28.24,83.99,Kaski,1.0,0.0,0.0,2.0,4.0,40.0,35.0,10.0,5.0,10.0,8.0,LOW
Pumdikot Shiva Statue,28.16,83.92,Kaski,2.0,4.0,0.0,3.0,5.0,15.0,12.0,3.0,35.0,40.0,37.0,MEDIUM
Kahun Danda,28.25,84.0,Kaski,2.0,5.0,0.0,3.0,5.0,10.0,8.0,2.0,50.0,45.0,47.0,MEDIUM
Tansen Srinagar,27.87,83.55,Palpa,1.0,3.0,0.0,3.0,4.0,12.0,10.0,3.0,30.0,30.0,30.0,LOW
Bhagwati Temple Palpa,27.86,83.55,Palpa,1.0,2.0,0.0,3.0,4.0,15.0,12.0,3.0,25.0,30.0,27.0,LOW
Ridi Khola Area,27.85,83.85,Gulmi,4.0,2.0,0.0,13.0,3.0,5.0,4.0,1.0,70.0,65.0,68.0,HIGH
Gulmi Tamghas,28.08,83.25,Gulmi,2.0,5.0,0.0,4.0,5.0,8.0,6.0,2.0,50.0,45.0,47.0,MEDIUM
Sandhikharka Bazaar,28.1,83.12,Arghakhanchi,1.0,3.0,0.0,4.0,5.0,12.0,10.0,3.0,30.0,35.0,32.0,LOW
Swargadwari Temple,28.09,82.75,Pyuthan,3.0,5.0,0.0,4.0,5.0,8.0,6.0,2.0,55.0,50.0,52.0,MEDIUM
Jhimruk River,28.1,82.7,Pyuthan,4.0,1.0,0.0,14.0,3.0,3.0,3.0,1.0,70.0,65.0,68.0,HIGH
Rolpa Thawang,28.5,82.7,Rolpa,5.0,12.0,5.0,3.0,8.0,0.0,1.0,0.0,95.0,85.0,89.0,HIGH
Rukum East Dhorpatan,28.7,83.0,Rukum East,8.0,16.0,12.0,2.0,10.0,0.0,0.0,0.0,100.0,100.0,100.0,HIGH
Sisne Himal Rukum East,28.7,82.6,Rukum East,9.0,18.0,15.0,1.0,10.0,0.0,0.0,0.0,100.0,100.0,100.0,HIGH
Kamalamai Sindhuli,27.25,85.97,Sindhuli,2.0,4.0,0.0,7.0,5.0,10.0,8.0,2.0,50.0,50.0,50.0,MEDIUM
Sindhuli Gadhi,27.27,85.97,Sindhuli,1.0,3.0,0.0,5.0,5.0,12.0,10.0,3.0,35.0,35.0,35.0,LOW
Bardibas Area,26.98,85.92,Mahottari,1.0,0.0,0.0,10.0,3.0,25.0,20.0,5.0,25.0,35.0,30.0,LOW
Jaleshwar Temple,26.65,85.8,Mahottari,1.0,0.0,0.0,12.0,2.0,20.0,15.0,5.0,30.0,40.0,35.0,LOW
Janakpur Dham,26.73,85.92,Dhanusha,0.0,0.0,0.0,8.0,2.0,50.0,40.0,10.0,10.0,20.0,15.0,LOW
Ram Mandir Janakpur,26.73,85.93,Dhanusha,0.0,0.0,0.0,6.0,2.0,40.0,35.0,8.0,10.0,15.0,12.0,LOW
Parsa Wildlife Reserve,27.25,84.85,Parsa,3.0,0.0,0.0,10.0,2.0,10.0,8.0,2.0,45.0,45.0,45.0,MEDIUM
Birgunj Heritage Area,27.01,84.88,Parsa,1.0,0.0,0.0,8.0,2.0,35.0,30.0,8.0,15.0,20.0,17.0,LOW
Bara Gadhimai Area,27.05,85.0,Bara,1.0,0.0,0.0,10.0,2.0,25.0,20.0,5.0,20.0,30.0,25.0,LOW
Simara Tourism Area,27.16,84.98,Bara,1.0,0.0,0.0,7.0,2.0,30.0,25.0,8.0,10.0,15.0,12.0,LOW
Hetauda Martyr Memorial,27.43,85.03,Makwanpur,1.0,2.0,0.0,5.0,5.0,25.0,20.0,5.0,20.0,30.0,25.0,LOW
Chisapani Makwanpur,27.55,85.1,Makwanpur,4.0,10.0,3.0,4.0,7.0,1.0,1.0,0.0,90.0,80.0,84.0,HIGH
Daman View Tower,27.6,85.1,Makwanpur,3.0,8.0,2.0,3.0,6.0,5.0,4.0,1.0,70.0,70.0,0.0,
Narchyang Village Trail,28.56,83.65,Myagdi,8.0,12.0,4.0,5.0,8.0,5.0,5.0,2.0,70.0,75.0,78.0,HIGH
Dana Rural Hot Spring,28.49,83.63,Myagdi,3.0,5.0,0.0,12.0,5.0,25.0,20.0,5.0,40.0,55.0,60.0,MEDIUM
Kuhu Village Route,28.35,83.5,Myagdi,5.0,9.0,2.0,4.0,7.0,15.0,10.0,3.0,60.0,65.0,68.0,HIGH
Muna Village Trail,28.47,83.45,Myagdi,6.0,11.0,3.0,3.0,7.0,10.0,8.0,3.0,65.0,70.0,72.0,HIGH
Ghorepani Rural Settlement,28.4,83.69,Myagdi,7.0,10.0,2.0,4.0,7.0,15.0,10.0,3.0,60.0,70.0,72.0,HIGH
Chimkhola Village,28.43,83.52,Myagdi,4.0,8.0,1.0,5.0,6.0,20.0,15.0,5.0,50.0,60.0,65.0,HIGH
Galeshwor Rural Temple,28.35,83.55,Myagdi,2.0,3.0,0.0,8.0,4.0,60.0,50.0,20.0,15.0,35.0,40.0,MEDIUM
Khibang Village,28.52,83.42,Myagdi,8.0,12.0,5.0,3.0,8.0,5.0,5.0,2.0,70.0,75.0,78.0,HIGH
Dhaulagiri Rural Camp,28.75,83.3,Myagdi,18.0,20.0,18.0,0.0,10.0,0.0,0.0,0.0,100.0,100.0,99.0,HIGH
Gurja Khani Village,28.6,83.35,Myagdi,10.0,15.0,8.0,1.0,9.0,0.0,0.0,0.0,100.0,90.0,92.0,HIGH
Lulang Village Trail,28.6,83.5,Myagdi,7.0,12.0,3.0,4.0,8.0,5.0,5.0,2.0,70.0,75.0,78.0,HIGH
Kuna Rural Viewpoint,28.55,83.4,Myagdi,4.0,7.0,0.0,4.0,6.0,20.0,15.0,5.0,45.0,55.0,60.0,MEDIUM
Dhorpatan Village Route,28.5,83.0,Baglung,12.0,16.0,8.0,4.0,9.0,0.0,0.0,0.0,100.0,90.0,92.0,HIGH
Galkot Rural Heritage Area,28.22,83.42,Baglung,3.0,5.0,0.0,7.0,5.0,50.0,40.0,15.0,20.0,35.0,40.0,MEDIUM
Nisi Village Trail,28.35,83.0,Baglung,8.0,13.0,4.0,3.0,8.0,5.0,5.0,2.0,70.0,80.0,82.0,HIGH
Tamankhola Route,28.42,83.05,Baglung,9.0,14.0,5.0,3.0,8.0,5.0,5.0,2.0,75.0,85.0,88.0,HIGH
Bungkot Village,28.25,83.65,Baglung,4.0,7.0,0.0,6.0,5.0,25.0,20.0,5.0,40.0,50.0,55.0,MEDIUM
Righa Rural Trail,28.3,83.45,Baglung,5.0,10.0,2.0,4.0,7.0,15.0,10.0,3.0,60.0,65.0,68.0,HIGH
Balewa Village View,28.22,83.62,Baglung,2.0,4.0,0.0,5.0,4.0,50.0,40.0,15.0,15.0,30.0,35.0,LOW
Parbat Rural Homestay,28.25,83.7,Parbat,3.0,6.0,0.0,8.0,5.0,40.0,30.0,10.0,25.0,45.0,50.0,MEDIUM
Durlung Village,28.25,83.65,Parbat,4.0,8.0,0.0,5.0,6.0,25.0,20.0,5.0,45.0,55.0,60.0,MEDIUM
Bajung Rural Trail,28.28,83.7,Parbat,5.0,9.0,2.0,4.0,7.0,15.0,10.0,3.0,60.0,65.0,68.0,HIGH
Ramja Village Route,28.3,83.68,Parbat,3.0,5.0,0.0,6.0,5.0,30.0,25.0,10.0,35.0,45.0,50.0,MEDIUM
Kushma Rural Cliff Area,28.22,83.68,Parbat,4.0,4.0,0.0,12.0,5.0,40.0,30.0,10.0,30.0,55.0,60.0,MEDIUM
Modi Rural River Camp,28.3,83.75,Parbat,7.0,5.0,0.0,20.0,6.0,15.0,10.0,3.0,65.0,75.0,80.0,HIGH
Majhgaun Homestay,28.3,83.85,Kaski,3.0,5.0,0.0,4.0,5.0,40.0,30.0,10.0,25.0,40.0,45.0,MEDIUM
Sikles Village Route,28.45,84.05,Kaski,8.0,12.0,5.0,3.0,8.0,5.0,5.0,2.0,70.0,75.0,78.0,HIGH
Tangting Village,28.45,84.0,Kaski,5.0,8.0,2.0,4.0,6.0,15.0,10.0,3.0,55.0,65.0,68.0,HIGH
Lwang Village Tea Trail,28.4,83.85,Kaski,3.0,6.0,0.0,5.0,5.0,30.0,25.0,10.0,35.0,45.0,50.0,MEDIUM
Khoramukh Rural Area,28.42,84.1,Kaski,6.0,10.0,3.0,4.0,7.0,10.0,8.0,3.0,65.0,70.0,72.0,HIGH
Bhujung Lamjung Village,28.3,84.35,Lamjung,4.0,7.0,0.0,5.0,6.0,25.0,20.0,5.0,45.0,55.0,60.0,MEDIUM
Ghalegaun Rural Tourism,28.28,84.42,Lamjung,3.0,5.0,0.0,4.0,5.0,40.0,30.0,10.0,25.0,40.0,45.0,MEDIUM
Sange Khola Route,28.35,84.45,Lamjung,5.0,10.0,2.0,5.0,7.0,15.0,10.0,3.0,60.0,70.0,72.0,HIGH
Kulekhani Dam View,27.58,85.15,Makwanpur,3.0,1.0,0.0,14.0,3.0,8.0,6.0,2.0,65.0,65.0,65.0,HIGH
Markhu Village,27.62,85.15,Makwanpur,2.0,5.0,0.0,10.0,5.0,8.0,6.0,2.0,60.0,55.0,58.0,MEDIUM
Indrasarovar Lake,27.6,85.15,Makwanpur,3.0,0.0,0.0,15.0,3.0,10.0,8.0,2.0,60.0,65.0,62.0,MEDIUM
Bhimphedi Route,27.55,85.13,Makwanpur,4.0,8.0,2.0,5.0,7.0,2.0,2.0,0.0,80.0,75.0,78.0,HIGH
Sim Bhanjyang,27.62,85.12,Makwanpur,5.0,12.0,5.0,3.0,8.0,1.0,1.0,0.0,90.0,85.0,87.0,HIGH
Chitlang Village,27.65,85.25,Makwanpur,2.0,4.0,0.0,3.0,5.0,15.0,12.0,3.0,35.0,40.0,37.0,MEDIUM
Pharping Reservoir,27.61,85.26,Kathmandu,2.0,2.0,0.0,5.0,5.0,25.0,20.0,5.0,30.0,35.0,32.0,LOW
Dakshinkali Temple,27.59,85.26,Kathmandu,1.0,1.0,0.0,3.0,4.0,40.0,35.0,10.0,10.0,15.0,12.0,LOW
Taudaha Lake,27.62,85.26,Kathmandu,1.0,0.0,0.0,6.0,2.0,30.0,25.0,8.0,15.0,20.0,17.0,LOW
Khokana Heritage Village,27.63,85.29,Lalitpur,1.0,2.0,0.0,3.0,5.0,25.0,20.0,5.0,20.0,25.0,22.0,LOW
Patan Durbar Square,27.672,85.325,Lalitpur,1.0,0.0,0.0,2.0,8.0,60.0,50.0,15.0,10.0,15.0,12.0,LOW
Godavari Botanical Garden,27.59,85.38,Lalitpur,1.0,1.0,0.0,3.0,4.0,30.0,25.0,8.0,15.0,20.0,17.0,LOW
Phulchowki Hill,27.58,85.39,Lalitpur,5.0,12.0,3.0,3.0,7.0,2.0,1.0,0.0,90.0,85.0,87.0,HIGH
Bungamati Village,27.62,85.3,Lalitpur,1.0,2.0,0.0,3.0,5.0,25.0,20.0,5.0,20.0,25.0,22.0,LOW
Lakuri Bhanjyang,27.62,85.41,Lalitpur,2.0,5.0,0.0,3.0,5.0,12.0,10.0,3.0,50.0,45.0,47.0,MEDIUM
Kalinchowk Trek Route,27.8,86.02,Dolakha,6.0,14.0,9.0,2.0,9.0,0.0,0.0,0.0,100.0,95.0,98.0,HIGH
Jiri to Everest Trail,27.63,86.23,Dolakha,7.0,15.0,10.0,2.0,9.0,0.0,0.0,0.0,100.0,95.0,98.0,HIGH
Bigu Monastery,27.8,86.18,Dolakha,3.0,8.0,2.0,4.0,6.0,2.0,2.0,0.0,80.0,75.0,78.0,HIGH
Sailung Hill,27.7,86.1,Dolakha,5.0,12.0,6.0,3.0,8.0,1.0,1.0,0.0,95.0,85.0,89.0,HIGH
Marin Khola,27.25,85.9,Sindhuli,4.0,1.0,0.0,14.0,3.0,5.0,4.0,1.0,70.0,70.0,70.0,HIGH
Sindhuli Gadhi Trail,27.27,85.97,Sindhuli,1.0,3.0,0.0,5.0,5.0,12.0,10.0,3.0,35.0,35.0,35.0,LOW
Balephi River,27.95,85.7,Sindhupalchok,6.0,2.0,0.0,16.0,4.0,3.0,3.0,1.0,80.0,75.0,78.0,HIGH
Bhotekoshi River,27.95,85.95,Sindhupalchok,8.0,1.0,0.0,18.0,4.0,2.0,2.0,0.0,90.0,80.0,85.0,HIGH
Tatopani Hot Spring,27.95,85.95,Sindhupalchok,3.0,4.0,0.0,15.0,5.0,5.0,4.0,1.0,65.0,70.0,68.0,HIGH
Langtang Kyanjin,28.22,85.61,Rasuwa,10.0,18.0,16.0,1.0,10.0,0.0,0.0,0.0,100.0,100.0,100.0,HIGH
Cholangpati,28.1,85.43,Rasuwa,7.0,15.0,12.0,1.0,9.0,0.0,0.0,0.0,100.0,98.0,99.0,HIGH
Thulo Syabru,28.15,85.35,Rasuwa,4.0,10.0,5.0,3.0,7.0,1.0,1.0,0.0,90.0,85.0,87.0,HIGH
Manaslu Circuit Lower Trail,28.55,84.6,Gorkha,8.0,16.0,12.0,2.0,10.0,0.0,0.0,0.0,100.0,100.0,100.0,HIGH
Philim Village,28.58,84.82,Gorkha,5.0,12.0,7.0,2.0,8.0,1.0,1.0,0.0,95.0,90.0,93.0,HIGH
Deng Village,28.6,84.75,Gorkha,6.0,14.0,10.0,2.0,9.0,0.0,0.0,0.0,100.0,95.0,98.0,HIGH
Lho Village,28.63,84.65,Gorkha,7.0,15.0,12.0,1.0,10.0,0.0,0.0,0.0,100.0,100.0,100.0,HIGH
Chhokangparo,28.57,85.0,Gorkha,8.0,16.0,13.0,1.0,10.0,0.0,0.0,0.0,100.0,100.0,100.0,HIGH
Annapurna Circuit Pisang,28.67,84.18,Manang,7.0,15.0,12.0,1.0,9.0,0.0,0.0,0.0,100.0,98.0,99.0,HIGH
Humde Airport,28.67,84.0,Manang,3.0,8.0,4.0,2.0,7.0,2.0,2.0,0.0,80.0,75.0,78.0,HIGH
Braga Village,28.65,84.05,Manang,4.0,10.0,6.0,2.0,8.0,1.0,1.0,0.0,90.0,85.0,87.0,HIGH
Yak Kharka,28.72,84.25,Manang,9.0,18.0,16.0,1.0,10.0,0.0,0.0,0.0,100.0,100.0,100.0,HIGH
Thorong Phedi,28.78,84.4,Manang,10.0,19.0,18.0,1.0,10.0,0.0,0.0,0.0,100.0,100.0,100.0,HIGH
Muktinath Area,28.82,83.87,Mustang,2.0,5.0,0.0,3.0,5.0,8.0,6.0,2.0,50.0,45.0,47.0,MEDIUM
Kagbeni Checkpoint,28.84,83.78,Mustang,3.0,7.0,2.0,4.0,6.0,2.0,2.0,0.0,75.0,70.0,73.0,HIGH
Lo Manthang Palace,29.19,83.96,Mustang,0.0,0.0,0.0,0.0,0.0,0.0,0.0,0.0,100.0,0.0,40.0,MEDIUM
Dhakmar Village,29.2,83.9,Mustang,3.0,6.0,1.0,1.0,6.0,0.0,0.0,0.0,100.0,85.0,88.0,HIGH
Ghami Village,29.17,83.93,Mustang,2.0,5.0,0.0,1.0,5.0,0.0,0.0,0.0,100.0,80.0,84.0,HIGH
Kagbeni Mustang Trail,28.84,83.78,Mustang,4.0,8.0,3.0,3.0,7.0,1.0,1.0,0.0,90.0,80.0,84.0,HIGH
Muktinath Pass Route,28.85,83.87,Mustang,5.0,10.0,5.0,2.0,8.0,0.0,0.0,0.0,100.0,90.0,96.0,HIGH
Tatopani Mustang,28.5,83.6,Mustang,3.0,2.0,0.0,14.0,4.0,5.0,4.0,1.0,70.0,70.0,70.0,HIGH
Khopra Ridge,28.43,83.75,Myagdi,6.0,14.0,8.0,2.0,9.0,0.0,0.0,0.0,100.0,95.0,98.0,HIGH
Beni-Jomsom Route,28.55,83.65,Myagdi,7.0,5.0,2.0,15.0,5.0,3.0,3.0,1.0,80.0,75.0,78.0,HIGH
Rupse Waterfall,28.56,83.6,Myagdi,3.0,5.0,0.0,8.0,5.0,5.0,4.0,1.0,60.0,60.0,60.0,MEDIUM
Narchyang Village,28.6,83.62,Myagdi,4.0,10.0,5.0,3.0,7.0,1.0,1.0,0.0,90.0,85.0,87.0,HIGH
Dhaulagiri Icefall,28.7,83.5,Myagdi,10.0,20.0,20.0,1.0,10.0,0.0,0.0,0.0,100.0,100.0,100.0,HIGH
Mardi View Point,28.45,84.0,Kaski,5.0,12.0,8.0,2.0,8.0,0.0,0.0,0.0,100.0,90.0,96.0,HIGH
Forest Camp Mardi,28.43,84.02,Kaski,6.0,13.0,9.0,2.0,9.0,0.0,0.0,0.0,100.0,95.0,98.0,HIGH
Low Camp Mardi,28.45,84.02,Kaski,5.0,11.0,7.0,2.0,8.0,0.0,0.0,0.0,100.0,90.0,95.0,HIGH
High Camp Mardi,28.45,84.01,Kaski,8.0,16.0,14.0,1.0,10.0,0.0,0.0,0.0,100.0,100.0,100.0,HIGH
Sarangkot View Tower,28.25,83.95,Kaski,2.0,3.0,0.0,3.0,5.0,25.0,20.0,5.0,25.0,30.0,28.0,LOW
Peace Pagoda Pokhara,28.21,83.94,Kaski,1.0,3.0,0.0,3.0,5.0,30.0,25.0,8.0,20.0,25.0,22.0,LOW
Davis Falls,28.19,83.97,Kaski,4.0,0.0,0.0,5.0,3.0,50.0,40.0,10.0,15.0,20.0,17.0,LOW
Gupteshwor Cave Pokhara,28.19,83.97,Kaski,2.0,1.0,0.0,3.0,5.0,40.0,35.0,10.0,15.0,20.0,17.0,LOW
Begnas Lake,28.14,84.1,Kaski,2.0,0.0,0.0,12.0,2.0,20.0,15.0,5.0,30.0,45.0,38.0,MEDIUM
Rupa Lake,28.13,84.13,Kaski,2.0,0.0,0.0,10.0,2.0,20.0,15.0,5.0,25.0,40.0,35.0,LOW
Annapurna Conservation Area,28.6,84.0,Kaski,8.0,16.0,12.0,2.0,10.0,0.0,0.0,0.0,100.0,100.0,100.0,HIGH
Trekking Route Sikles,28.35,84.15,Kaski,5.0,12.0,6.0,3.0,8.0,1.0,1.0,0.0,95.0,85.0,89.0,HIGH
Sikles Village,28.35,84.15,Kaski,3.0,8.0,2.0,4.0,6.0,2.0,2.0,0.0,80.0,75.0,78.0,HIGH
Lamjung Himal Route,28.3,84.35,Lamjung,7.0,15.0,10.0,2.0,9.0,0.0,0.0,0.0,100.0,95.0,98.0,HIGH
Ghalegaun Village,28.3,84.4,Lamjung,2.0,5.0,0.0,3.0,5.0,10.0,8.0,2.0,50.0,45.0,47.0,MEDIUM
Bhujung Village,28.28,84.42,Lamjung,3.0,7.0,1.0,3.0,6.0,5.0,4.0,1.0,65.0,60.0,62.0,MEDIUM
Kapuche Glacier Lake,28.4,84.25,Lamjung,7.0,15.0,12.0,2.0,10.0,0.0,0.0,0.0,100.0,100.0,100.0,HIGH
Taal Village,28.35,84.4,Lamjung,5.0,10.0,5.0,4.0,8.0,1.0,1.0,0.0,90.0,85.0,87.0,HIGH
Besisahar,28.23,84.37,Lamjung,2.0,4.0,0.0,6.0,5.0,20.0,15.0,5.0,35.0,40.0,37.0,MEDIUM
Marsyangdi River,28.25,84.4,Lamjung,6.0,2.0,0.0,18.0,4.0,5.0,4.0,1.0,80.0,75.0,78.0,HIGH
Tansen City Walk,27.87,83.55,Palpa,1.0,2.0,0.0,3.0,4.0,20.0,15.0,5.0,20.0,25.0,22.0,LOW
Rani Mahal Palpa,27.85,83.54,Palpa,2.0,2.0,0.0,12.0,3.0,10.0,8.0,2.0,60.0,60.0,60.0,MEDIUM
Satyawati Tal,28.0,83.25,Gulmi,3.0,6.0,0.0,4.0,5.0,5.0,4.0,1.0,60.0,55.0,58.0,MEDIUM
Tamghas View,28.08,83.25,Gulmi,2.0,5.0,0.0,4.0,5.0,8.0,6.0,2.0,50.0,45.0,47.0,MEDIUM
Resunga Hill,28.07,83.25,Gulmi,4.0,8.0,2.0,3.0,6.0,2.0,2.0,0.0,75.0,70.0,73.0,HIGH
Supa Deurali Temple,28.1,83.12,Arghakhanchi,2.0,5.0,0.0,4.0,5.0,8.0,6.0,2.0,50.0,45.0,47.0,MEDIUM
Jaluke Area,28.05,83.0,Arghakhanchi,3.0,7.0,1.0,4.0,6.0,3.0,3.0,1.0,65.0,65.0,65.0,HIGH
Kapilvastu Tilaurakot,27.55,83.05,Kapilvastu,0.0,0.0,0.0,8.0,2.0,20.0,15.0,5.0,20.0,25.0,22.0,LOW
Taulihawa Museum,27.55,83.05,Kapilvastu,0.0,0.0,0.0,5.0,2.0,30.0,25.0,8.0,10.0,15.0,12.0,LOW
Lumbini Garden,27.4698,83.276,Rupandehi,0.0,0.0,0.0,0.0,0.0,0.0,0.0,0.0,100.0,0.0,40.0,MEDIUM
Maya Devi Temple,27.483,83.276,Rupandehi,0.0,0.0,0.0,2.0,1.0,40.0,30.0,8.0,10.0,10.0,10.0,LOW
Devdaha Heritage Area,27.62,83.52,Rupandehi,1.0,0.0,0.0,8.0,2.0,20.0,15.0,5.0,25.0,35.0,30.0,LOW
Bhoje Village Trail,28.42,84.5,Lamjung,5.0,9.0,2.0,4.0,7.0,15.0,10.0,3.0,60.0,65.0,68.0,HIGH
Ghermu Village Route,28.45,84.52,Lamjung,4.0,8.0,0.0,6.0,6.0,20.0,15.0,5.0,50.0,60.0,65.0,HIGH
Nauthar Rural Trail,28.35,84.4,Lamjung,3.0,6.0,0.0,5.0,5.0,30.0,25.0,10.0,35.0,45.0,50.0,MEDIUM
Besisahar Rural View,28.23,84.37,Lamjung,2.0,3.0,0.0,8.0,4.0,70.0,60.0,20.0,10.0,30.0,35.0,MEDIUM
Turture Village Camp,28.2,84.4,Lamjung,6.0,10.0,3.0,5.0,7.0,10.0,8.0,3.0,65.0,70.0,72.0,HIGH
Gorkha Laprak Ridge,28.25,84.7,Gorkha,12.0,16.0,8.0,2.0,9.0,5.0,5.0,2.0,85.0,90.0,92.0,HIGH
Sama Gaun Rural Route,28.61,84.63,Gorkha,16.0,20.0,15.0,0.0,10.0,0.0,0.0,0.0,100.0,100.0,98.0,HIGH
Bihi Village Camp,28.62,84.72,Gorkha,17.0,20.0,18.0,0.0,10.0,0.0,0.0,0.0,100.0,100.0,99.0,HIGH
Kro Village Trail,28.58,84.68,Gorkha,14.0,18.0,12.0,0.0,10.0,0.0,0.0,0.0,100.0,95.0,95.0,HIGH
Chhekampar Settlement,28.56,84.62,Gorkha,15.0,19.0,12.0,0.0,10.0,0.0,0.0,0.0,100.0,95.0,96.0,HIGH
Barpak View Hill,28.21,84.72,Gorkha,6.0,10.0,3.0,4.0,7.0,10.0,8.0,3.0,65.0,70.0,72.0,HIGH
Ghyachok Village,28.3,84.65,Gorkha,5.0,9.0,2.0,5.0,6.0,15.0,10.0,3.0,60.0,65.0,68.0,HIGH
Saurpani Rural Route,28.2,84.65,Gorkha,3.0,7.0,0.0,6.0,5.0,25.0,20.0,5.0,45.0,55.0,60.0,MEDIUM
Kerauja Village,28.3,84.75,Gorkha,8.0,13.0,5.0,3.0,8.0,5.0,5.0,2.0,70.0,80.0,82.0,HIGH
Lapulek Rural Camp,28.25,84.8,Gorkha,10.0,15.0,6.0,2.0,9.0,0.0,0.0,0.0,100.0,85.0,88.0,HIGH
Dhawa Village Trail,28.7,84.65,Manaslu,12.0,16.0,8.0,0.0,9.0,0.0,0.0,0.0,100.0,90.0,92.0,HIGH
Prok Rural Settlement,28.58,84.7,Gorkha,11.0,15.0,7.0,1.0,9.0,0.0,0.0,0.0,100.0,90.0,92.0,HIGH
Namrung Village,28.62,84.62,Gorkha,9.0,14.0,5.0,2.0,8.0,5.0,5.0,2.0,75.0,80.0,85.0,HIGH
Lho Village Trail,28.65,84.6,Gorkha,8.0,12.0,5.0,2.0,8.0,5.0,5.0,2.0,70.0,75.0,78.0,HIGH
Shyala Village,28.68,84.57,Gorkha,10.0,15.0,8.0,1.0,9.0,0.0,0.0,0.0,100.0,90.0,92.0,HIGH
Tsum Valley Rural Camp,28.52,84.65,Gorkha,15.0,18.0,12.0,0.0,10.0,0.0,0.0,0.0,100.0,95.0,95.0,HIGH
Lokpa Village Route,28.53,84.6,Gorkha,12.0,16.0,8.0,1.0,9.0,0.0,0.0,0.0,100.0,90.0,92.0,HIGH
Nile Rural Camp,28.95,84.35,Manang,14.0,18.0,12.0,0.0,10.0,0.0,0.0,0.0,100.0,95.0,95.0,HIGH
Meta Village Route,28.85,84.25,Manang,12.0,16.0,8.0,0.0,9.0,0.0,0.0,0.0,100.0,90.0,92.0,HIGH
Koto Rural Settlement,28.8,84.25,Manang,7.0,12.0,5.0,2.0,8.0,5.0,5.0,2.0,70.0,75.0,78.0,HIGH
Timang Village,28.75,84.25,Manang,6.0,10.0,3.0,2.0,7.0,5.0,5.0,2.0,65.0,70.0,72.0,HIGH
Dharapani Rural Route,28.55,84.3,Manang,5.0,8.0,2.0,3.0,6.0,10.0,8.0,3.0,65.0,70.0,72.0,HIGH
Ghale Village Trail,28.6,84.2,Manang,8.0,12.0,4.0,2.0,8.0,5.0,5.0,2.0,70.0,75.0,78.0,HIGH
Khangsar Rural Homestay,28.65,84.0,Manang,9.0,14.0,6.0,1.0,8.0,0.0,0.0,0.0,100.0,85.0,88.0,HIGH
Chame Village Area,28.55,84.23,Manang,4.0,8.0,2.0,3.0,6.0,15.0,10.0,3.0,55.0,65.0,68.0,HIGH
Tanki Manang Trail,28.7,84.05,Manang,13.0,17.0,10.0,0.0,9.0,0.0,0.0,0.0,100.0,95.0,95.0,HIGH
Nar Rural Homestay,28.95,84.35,Manang,16.0,20.0,15.0,0.0,10.0,0.0,0.0,0.0,100.0,100.0,98.0,HIGH
Phu Village Camp,28.96,84.35,Manang,18.0,20.0,18.0,0.0,10.0,0.0,0.0,0.0,100.0,100.0,99.0,HIGH
Bhairahawa Tourism Area,27.5,83.45,Rupandehi,1.0,0.0,0.0,8.0,2.0,40.0,30.0,8.0,15.0,20.0,17.0,LOW
Bhairahawa Siddharthanagar,27.5,83.45,Rupandehi,1.0,0.0,0.0,6.0,2.0,50.0,40.0,10.0,10.0,15.0,12.0,LOW
Palpa Ranighat,27.85,83.54,Palpa,2.0,3.0,0.0,8.0,4.0,12.0,10.0,3.0,45.0,45.0,45.0,MEDIUM
Ghorahi Dang,28.04,82.48,Dang,1.0,0.0,0.0,10.0,3.0,30.0,25.0,8.0,20.0,25.0,22.0,LOW
Tulsipur Dang,28.13,82.3,Dang,2.0,0.0,0.0,12.0,3.0,30.0,25.0,8.0,30.0,35.0,32.0,LOW
Rapti Valley Dang,28.05,82.5,Dang,3.0,1.0,0.0,14.0,4.0,20.0,15.0,5.0,55.0,55.0,55.0,MEDIUM
Charinge Danda,28.1,82.4,Dang,3.0,5.0,0.0,5.0,5.0,10.0,8.0,2.0,60.0,55.0,58.0,MEDIUM
Purandhara Waterfall,28.15,82.25,Dang,4.0,7.0,0.0,8.0,6.0,5.0,4.0,1.0,70.0,65.0,68.0,HIGH
Bardia National Park,28.4,81.3,Bardiya,3.0,0.0,0.0,10.0,2.0,12.0,10.0,3.0,40.0,45.0,42.0,MEDIUM
Bardia Karnali River,28.35,81.3,Bardiya,5.0,0.0,0.0,18.0,3.0,5.0,4.0,1.0,70.0,75.0,73.0,HIGH
Thakurdwara Bardia,28.45,81.3,Bardiya,2.0,0.0,0.0,8.0,2.0,15.0,12.0,3.0,35.0,40.0,38.0,MEDIUM
Babai Valley,28.35,81.4,Bardiya,4.0,0.0,0.0,15.0,2.0,8.0,6.0,2.0,60.0,65.0,62.0,MEDIUM
Shuklaphanta Grassland,28.85,80.25,Kanchanpur,2.0,0.0,0.0,12.0,2.0,15.0,12.0,3.0,45.0,50.0,48.0,MEDIUM
Mahendranagar Area,28.96,80.18,Kanchanpur,1.0,0.0,0.0,8.0,2.0,35.0,30.0,8.0,15.0,20.0,17.0,LOW
Dodhara Chandani Bridge,28.98,80.15,Kanchanpur,2.0,0.0,0.0,15.0,2.0,20.0,15.0,5.0,45.0,55.0,50.0,MEDIUM
Karnali Bridge,28.6,81.0,Kailali,5.0,0.0,0.0,18.0,3.0,8.0,6.0,2.0,70.0,70.0,70.0,HIGH
Seti River Area,28.65,81.2,Kailali,4.0,0.0,0.0,15.0,3.0,10.0,8.0,2.0,60.0,65.0,62.0,MEDIUM
Khaptad Lake,29.27,81.12,Doti,5.0,12.0,6.0,2.0,8.0,0.0,0.0,0.0,100.0,90.0,95.0,HIGH
Badimalika Temple,29.5,81.4,Bajura,8.0,16.0,12.0,2.0,10.0,0.0,0.0,0.0,100.0,100.0,100.0,HIGH
Bajura Martadi,29.42,81.6,Bajura,4.0,10.0,3.0,4.0,7.0,1.0,1.0,0.0,90.0,85.0,87.0,HIGH
Budhinanda Lake,29.5,81.5,Bajura,7.0,15.0,10.0,2.0,9.0,0.0,0.0,0.0,100.0,95.0,98.0,HIGH
Ramaroshan Lake,29.3,81.05,Achham,5.0,11.0,3.0,5.0,7.0,1.0,1.0,0.0,90.0,85.0,87.0,HIGH
Achham Mangalsen,29.12,81.25,Achham,2.0,6.0,0.0,5.0,6.0,5.0,4.0,1.0,60.0,55.0,58.0,MEDIUM
Api Nampa Conservation Area,29.85,80.9,Darchula,10.0,20.0,20.0,1.0,10.0,0.0,0.0,0.0,100.0,100.0,100.0,HIGH
Darchula Khalanga,29.3,80.6,Darchula,2.0,5.0,0.0,7.0,5.0,8.0,6.0,2.0,55.0,55.0,55.0,MEDIUM
Tinkar Valley,30.0,80.7,Darchula,10.0,19.0,18.0,1.0,10.0,0.0,0.0,0.0,100.0,100.0,100.0,HIGH
Limi Valley Humla,30.15,81.25,Humla,10.0,19.0,18.0,1.0,10.0,0.0,0.0,0.0,100.0,100.0,100.0,HIGH
Hilsa Border Area,30.05,81.25,Humla,8.0,17.0,14.0,1.0,10.0,0.0,0.0,0.0,100.0,100.0,100.0,HIGH
Mugu Gamgadhi,29.52,82.08,Mugu,2.0,6.0,1.0,5.0,6.0,5.0,4.0,1.0,60.0,60.0,60.0,MEDIUM
Rara Lake View,29.5269,82.0835,Mugu,5.0,8.0,1.0,5.0,6.0,0.0,0.0,0.0,100.0,95.0,98.0,HIGH
Chhayanath Temple,29.55,82.2,Mugu,3.0,8.0,2.0,5.0,7.0,1.0,1.0,0.0,85.0,80.0,82.0,HIGH
Dolpa Shey Phoksundo,29.2,82.95,Dolpa,9.0,18.0,16.0,1.0,10.0,0.0,0.0,0.0,100.0,100.0,100.0,HIGH
Phoksundo Lake,29.22,82.95,Dolpa,8.0,17.0,13.0,2.0,10.0,0.0,0.0,0.0,100.0,100.0,100.0,HIGH
Dunai Dolpa,29.0,82.82,Dolpa,2.0,6.0,1.0,4.0,7.0,5.0,4.0,1.0,65.0,60.0,62.0,MEDIUM
Juphal Airport,29.28,82.18,Dolpa,3.0,8.0,2.0,3.0,6.0,2.0,2.0,0.0,80.0,75.0,78.0,HIGH
Shey Gompa Route,29.35,82.95,Dolpa,10.0,19.0,18.0,1.0,10.0,0.0,0.0,0.0,100.0,100.0,100.0,HIGH
Dho Tarap Dolpa,29.1,83.0,Dolpa,8.0,17.0,14.0,1.0,10.0,0.0,0.0,0.0,100.0,100.0,100.0,HIGH
Tarap Valley,29.12,83.02,Dolpa,7.0,15.0,12.0,2.0,9.0,0.0,0.0,0.0,100.0,95.0,98.0,HIGH
Kang La Pass Dolpa,29.2,83.1,Dolpa,10.0,20.0,20.0,1.0,10.0,0.0,0.0,0.0,100.0,100.0,100.0,HIGH
Musikot Valley,28.62,82.48,Rukum West,2.0,5.0,0.0,4.0,5.0,8.0,6.0,2.0,50.0,45.0,47.0,MEDIUM
Sisne Himal Trail,28.7,82.6,Rukum West,8.0,16.0,12.0,2.0,10.0,0.0,0.0,0.0,100.0,100.0,100.0,HIGH
Jaljala Mountain,28.8,82.5,Rukum West,7.0,15.0,10.0,2.0,9.0,0.0,0.0,0.0,100.0,95.0,98.0,HIGH
Jajarkot Khalanga,28.65,82.25,Jajarkot,3.0,8.0,2.0,6.0,7.0,1.0,1.0,0.0,85.0,80.0,82.0,HIGH
Nalgad River,28.7,82.2,Jajarkot,5.0,3.0,0.0,15.0,4.0,3.0,3.0,1.0,80.0,75.0,78.0,HIGH
Dailekh Dullu,28.85,81.7,Dailekh,3.0,8.0,2.0,5.0,7.0,1.0,1.0,0.0,85.0,80.0,82.0,HIGH
Jwala Malika,28.95,81.7,Dailekh,3.0,7.0,1.0,4.0,6.0,2.0,2.0,0.0,75.0,70.0,73.0,HIGH
Surkhet Bulbule Lake,28.6,81.63,Surkhet,1.0,1.0,0.0,4.0,3.0,20.0,15.0,5.0,15.0,20.0,17.0,LOW
Kakrebihar Forest,28.6,81.6,Surkhet,1.0,2.0,0.0,3.0,4.0,15.0,12.0,3.0,25.0,25.0,25.0,LOW
Rara Karnali Route,29.1,82.1,Mugu,7.0,14.0,8.0,3.0,8.0,0.0,0.0,0.0,100.0,90.0,95.0,HIGH
Jumla Sinja Valley,29.28,82.18,Jumla,4.0,10.0,3.0,3.0,7.0,1.0,1.0,0.0,90.0,85.0,87.0,HIGH
Chandannath Temple,29.28,82.18,Jumla,2.0,5.0,0.0,4.0,5.0,8.0,6.0,2.0,55.0,50.0,52.0,MEDIUM
Patmara Lake,29.25,82.3,Jumla,6.0,13.0,7.0,2.0,9.0,0.0,0.0,0.0,100.0,95.0,98.0,HIGH
Khalanga Jumla,29.28,82.18,Jumla,2.0,5.0,0.0,4.0,6.0,10.0,8.0,2.0,50.0,50.0,50.0,MEDIUM
Khaptad Trek Route,29.25,81.1,Doti,6.0,13.0,5.0,3.0,8.0,0.0,1.0,0.0,95.0,85.0,89.0,HIGH
Badi Malika Trail,29.5,81.4,Bajura,8.0,16.0,12.0,2.0,10.0,0.0,0.0,0.0,100.0,100.0,100.0,HIGH
Budhinanda Temple,29.5,81.5,Bajura,7.0,15.0,10.0,2.0,9.0,0.0,0.0,0.0,100.0,95.0,98.0,HIGH
Saipal Base Camp,30.0,81.2,Bajhang,10.0,19.0,18.0,1.0,10.0,0.0,0.0,0.0,100.0,100.0,100.0,HIGH
Bajhang Chainpur,29.55,81.2,Bajhang,3.0,8.0,2.0,4.0,7.0,2.0,2.0,0.0,80.0,75.0,78.0,HIGH
Ramaroshan Tourism Area,29.3,81.05,Achham,5.0,11.0,3.0,5.0,7.0,1.0,1.0,0.0,90.0,85.0,87.0,HIGH
Seti River Trail,29.4,81.3,Bajhang,5.0,2.0,0.0,15.0,4.0,3.0,3.0,1.0,75.0,75.0,75.0,HIGH
Api Himal Camp,29.85,80.9,Darchula,10.0,20.0,20.0,1.0,10.0,0.0,0.0,0.0,100.0,100.0,100.0,HIGH
Shuklaphanta Wildlife Area,28.9,80.25,Kanchanpur,3.0,0.0,0.0,12.0,2.0,10.0,8.0,2.0,45.0,50.0,48.0,MEDIUM
Mahendranagar Park,28.96,80.18,Kanchanpur,1.0,0.0,0.0,8.0,2.0,35.0,30.0,8.0,15.0,20.0,17.0,LOW
Karnali Chisapani,28.65,81.3,Kailali,5.0,0.0,0.0,18.0,3.0,8.0,6.0,2.0,70.0,70.0,70.0,HIGH
Tikapur Garden,28.52,81.12,Kailali,1.0,0.0,0.0,8.0,2.0,20.0,15.0,5.0,20.0,30.0,25.0,LOW
Bardiya Tiger Area,28.4,81.3,Bardiya,3.0,0.0,0.0,10.0,2.0,12.0,10.0,3.0,40.0,45.0,42.0,MEDIUM
Babai River Safari,28.35,81.4,Bardiya,4.0,0.0,0.0,15.0,2.0,8.0,6.0,2.0,60.0,65.0,62.0,MEDIUM
Thakurdwara Village,28.45,81.3,Bardiya,2.0,0.0,0.0,8.0,2.0,15.0,12.0,3.0,35.0,40.0,38.0,MEDIUM
Birgunj Clock Tower,27.01,84.88,Parsa,1.0,0.0,0.0,5.0,2.0,35.0,30.0,8.0,10.0,10.0,10.0,LOW
Gadhimai Temple,27.05,85.0,Bara,1.0,0.0,0.0,10.0,2.0,25.0,20.0,5.0,20.0,30.0,25.0,LOW
Simara Airport Area,27.16,84.98,Bara,1.0,0.0,0.0,7.0,2.0,30.0,25.0,8.0,10.0,15.0,12.0,LOW
Jaleshwar Mahadev,26.65,85.8,Mahottari,1.0,0.0,0.0,12.0,2.0,20.0,15.0,5.0,30.0,40.0,35.0,LOW
Bardibas Forest Area,26.98,85.92,Mahottari,2.0,0.0,0.0,10.0,3.0,15.0,12.0,3.0,35.0,40.0,38.0,MEDIUM
Namaste Waterfall,26.9,87.3,Sunsari,3.0,6.0,0.0,5.0,5.0,8.0,6.0,2.0,60.0,55.0,58.0,MEDIUM
Tinjure Milke Jaljale,27.25,87.4,Tehrathum,6.0,13.0,7.0,2.0,8.0,0.0,0.0,0.0,100.0,95.0,98.0,HIGH
Basantapur Hill,27.15,87.35,Tehrathum,3.0,8.0,2.0,3.0,6.0,5.0,4.0,1.0,70.0,65.0,68.0,HIGH
Mai Pokhari,26.97,87.95,Ilam,2.0,3.0,0.0,5.0,3.0,10.0,8.0,2.0,35.0,30.0,32.0,LOW
Kanyam Tea Garden,26.9,87.93,Ilam,1.0,1.0,0.0,3.0,2.0,20.0,15.0,5.0,10.0,15.0,12.0,LOW
Sandakpur Hill,26.95,87.9,Ilam,5.0,12.0,4.0,2.0,8.0,0.0,0.0,0.0,100.0,90.0,95.0,HIGH
Pathibhara Temple,27.43,87.82,Taplejung,8.0,17.0,14.0,1.0,10.0,0.0,0.0,0.0,100.0,100.0,100.0,HIGH
Kangchenjunga Base Camp,27.6,87.8,Taplejung,10.0,20.0,20.0,1.0,10.0,0.0,0.0,0.0,100.0,100.0,100.0,HIGH
Makalu Base Camp,27.55,87.1,Sankhuwasabha,10.0,19.0,18.0,1.0,10.0,0.0,0.0,0.0,100.0,100.0,100.0,HIGH
Makalu Barun National Park,27.6,87.0,Sankhuwasabha,8.0,17.0,15.0,2.0,10.0,0.0,0.0,0.0,100.0,100.0,100.0,HIGH
Tumlingtar Area,27.3,87.2,Sankhuwasabha,2.0,4.0,0.0,6.0,5.0,10.0,8.0,2.0,50.0,50.0,50.0,MEDIUM
Arun River Corridor,27.4,87.1,Sankhuwasabha,5.0,2.0,0.0,15.0,4.0,3.0,3.0,1.0,80.0,75.0,78.0,HIGH
Okhaldhunga Trail,27.32,86.5,Okhaldhunga,1.0,4.0,0.0,4.0,5.0,10.0,8.0,2.0,45.0,40.0,42.0,MEDIUM
Pike Peak,27.6,86.6,Solukhumbu,7.0,15.0,10.0,2.0,9.0,0.0,0.0,0.0,100.0,95.0,98.0,HIGH
Namche Bazaar,27.806,86.714,Solukhumbu,5.0,10.0,5.0,2.0,7.0,1.0,1.0,0.0,85.0,75.0,80.0,HIGH
Tengboche Monastery,27.836,86.764,Solukhumbu,6.0,13.0,8.0,2.0,9.0,0.0,0.0,0.0,100.0,95.0,98.0,HIGH
Khopra Rural Ridge,28.45,83.62,Myagdi,10.0,15.0,5.0,2.0,8.0,5.0,5.0,2.0,70.0,80.0,82.0,HIGH
Paudwar Village Trail,28.48,83.65,Myagdi,7.0,12.0,3.0,4.0,8.0,5.0,5.0,2.0,70.0,75.0,78.0,HIGH
Nangi Community Forest,28.46,83.55,Myagdi,6.0,10.0,2.0,3.0,7.0,10.0,8.0,3.0,65.0,70.0,72.0,HIGH
Banskharka Homestay,28.43,83.62,Myagdi,4.0,7.0,0.0,5.0,6.0,20.0,15.0,5.0,50.0,60.0,65.0,HIGH
Kunjo Village Route,28.65,83.65,Mustang,5.0,8.0,2.0,3.0,6.0,15.0,10.0,3.0,55.0,65.0,68.0,HIGH
Maring Village Trail,28.72,83.7,Mustang,7.0,12.0,4.0,2.0,8.0,5.0,5.0,2.0,70.0,75.0,78.0,HIGH
Titi Lake Rural Area,28.75,83.7,Mustang,8.0,12.0,3.0,4.0,8.0,5.0,5.0,2.0,70.0,75.0,78.0,HIGH
Sekong Village Camp,28.9,83.85,Mustang,10.0,15.0,6.0,0.0,8.0,0.0,0.0,0.0,100.0,85.0,88.0,HIGH
Namdo Village Trail,29.15,83.85,Mustang,11.0,16.0,7.0,0.0,9.0,0.0,0.0,0.0,100.0,90.0,92.0,HIGH
Garphu Rural Route,29.2,83.8,Mustang,12.0,16.0,8.0,0.0,9.0,0.0,0.0,0.0,100.0,90.0,92.0,HIGH
Muktinath Rural Settlement,28.82,83.87,Mustang,6.0,10.0,3.0,1.0,8.0,10.0,8.0,3.0,65.0,70.0,72.0,HIGH
Lomanthang Rural Village,29.19,83.96,Mustang,4.0,7.0,0.0,0.0,7.0,10.0,8.0,3.0,65.0,70.0,72.0,HIGH
Thini Village Route,28.78,83.73,Mustang,3.0,5.0,0.0,5.0,5.0,30.0,25.0,10.0,35.0,45.0,50.0,MEDIUM
Khinga Village,28.85,83.85,Mustang,4.0,6.0,0.0,2.0,6.0,20.0,15.0,5.0,45.0,55.0,60.0,MEDIUM
Lete Rural Trail,28.62,83.65,Mustang,5.0,9.0,2.0,5.0,7.0,15.0,10.0,3.0,60.0,70.0,72.0,HIGH
Mardi Rural Village Route,28.45,83.95,Kaski,9.0,14.0,5.0,2.0,8.0,5.0,5.0,2.0,70.0,75.0,78.0,HIGH
Khumai Danda Trail,28.4,84.0,Kaski,12.0,16.0,8.0,2.0,9.0,0.0,0.0,0.0,100.0,90.0,92.0,HIGH
Sikles Community Village,28.45,84.05,Kaski,7.0,12.0,4.0,3.0,8.0,5.0,5.0,2.0,70.0,75.0,78.0,HIGH
Parche Rural Homestay,28.43,84.1,Kaski,5.0,8.0,2.0,4.0,6.0,15.0,10.0,3.0,55.0,65.0,68.0,HIGH
Namarjung Village,28.5,84.12,Kaski,6.0,10.0,3.0,5.0,7.0,10.0,8.0,3.0,65.0,70.0,72.0,HIGH
Thumsikot Trail,28.2,83.85,Kaski,3.0,5.0,0.0,8.0,5.0,40.0,30.0,10.0,25.0,45.0,50.0,MEDIUM
Kahun Rural Ridge,28.27,84.0,Kaski,2.0,4.0,0.0,5.0,4.0,50.0,40.0,15.0,15.0,30.0,35.0,LOW
Pumdikot Rural Area,28.15,83.92,Kaski,2.0,3.0,0.0,5.0,3.0,70.0,60.0,20.0,10.0,25.0,30.0,LOW
Syangja Rural Homestay,28.0,83.87,Syangja,3.0,5.0,0.0,7.0,5.0,50.0,40.0,15.0,20.0,35.0,40.0,MEDIUM
Panchase Rural Trail,28.25,83.8,Syangja,6.0,9.0,2.0,5.0,7.0,15.0,10.0,3.0,60.0,70.0,72.0,HIGH
Kuwakot View Route,27.95,83.85,Syangja,4.0,6.0,0.0,6.0,5.0,30.0,25.0,10.0,35.0,45.0,50.0,MEDIUM
Chitre Village Trail,28.3,83.7,Parbat,5.0,8.0,2.0,4.0,6.0,15.0,10.0,3.0,55.0,65.0,68.0,HIGH
Bajung Rural Homestay,28.25,83.65,Parbat,3.0,6.0,0.0,5.0,5.0,30.0,25.0,10.0,35.0,45.0,50.0,MEDIUM
Kyang Village Route,28.3,83.72,Parbat,6.0,10.0,3.0,4.0,7.0,10.0,8.0,3.0,65.0,70.0,72.0,HIGH
Durlung Rural Forest,28.27,83.68,Parbat,4.0,7.0,0.0,5.0,5.0,20.0,15.0,5.0,45.0,55.0,60.0,MEDIUM
Kushma Rural Trail,28.22,83.68,Parbat,3.0,5.0,0.0,10.0,4.0,50.0,40.0,15.0,20.0,35.0,40.0,MEDIUM
Baglung Panchakot,28.25,83.6,Baglung,2.0,4.0,0.0,5.0,4.0,60.0,50.0,20.0,10.0,25.0,30.0,LOW
Galkot Village Route,28.22,83.42,Baglung,4.0,7.0,0.0,8.0,5.0,30.0,25.0,10.0,35.0,50.0,55.0,MEDIUM
Nisi Khola Rural Area,28.35,83.0,Baglung,8.0,12.0,4.0,4.0,8.0,5.0,5.0,2.0,70.0,80.0,82.0,HIGH
Tamankhola Village,28.42,83.05,Baglung,9.0,14.0,5.0,3.0,8.0,5.0,5.0,2.0,75.0,85.0,88.0,HIGH
Dhorpatan Rural Meadow,28.5,83.0,Baglung,12.0,16.0,8.0,2.0,9.0,0.0,0.0,0.0,100.0,90.0,92.0,HIGH
Lukla Airport Area,27.687,86.731,Solukhumbu,8.0,10.0,8.0,1.0,8.0,1.0,1.0,0.0,90.0,85.0,88.0,HIGH
Phakding Village,27.75,86.72,Solukhumbu,4.0,8.0,4.0,2.0,7.0,1.0,1.0,0.0,80.0,75.0,78.0,HIGH
Monjo Village,27.77,86.73,Solukhumbu,3.0,7.0,3.0,2.0,6.0,1.0,1.0,0.0,75.0,70.0,73.0,HIGH
Gokyo Lake,27.95,86.69,Solukhumbu,9.0,18.0,16.0,1.0,10.0,0.0,0.0,0.0,100.0,100.0,100.0,HIGH
Cho La Pass,27.95,86.75,Solukhumbu,10.0,20.0,20.0,1.0,10.0,0.0,0.0,0.0,100.0,100.0,100.0,HIGH
Renjo La Pass,27.97,86.7,Solukhumbu,10.0,20.0,20.0,1.0,10.0,0.0,0.0,0.0,100.0,100.0,100.0,HIGH
Thame Valley,27.9,86.7,Solukhumbu,7.0,15.0,12.0,2.0,9.0,0.0,0.0,0.0,100.0,95.0,98.0,HIGH
Khopra Danda Trail,28.43,83.75,Myagdi,6.0,14.0,8.0,2.0,9.0,0.0,0.0,0.0,100.0,95.0,98.0,HIGH
Tatopani Myagdi,28.49,83.65,Myagdi,3.0,3.0,0.0,15.0,4.0,5.0,4.0,1.0,70.0,70.0,70.0,HIGH
Beni Bazaar,28.35,83.56,Myagdi,2.0,2.0,0.0,10.0,3.0,15.0,12.0,3.0,45.0,50.0,48.0,MEDIUM
Galeshwor Temple,28.42,83.6,Myagdi,1.0,2.0,0.0,8.0,3.0,15.0,12.0,3.0,35.0,40.0,38.0,MEDIUM
Tilicho Lake,28.7,83.9,Manang,10.0,20.0,20.0,1.0,10.0,0.0,0.0,0.0,100.0,100.0,100.0,HIGH
Tilicho Base Camp,28.68,83.9,Manang,9.0,18.0,16.0,1.0,10.0,0.0,0.0,0.0,100.0,100.0,100.0,HIGH
Manang Village,28.67,84.02,Manang,4.0,10.0,6.0,2.0,8.0,1.0,1.0,0.0,90.0,85.0,87.0,HIGH
Ice Lake Manang,28.68,84.0,Manang,8.0,17.0,14.0,1.0,10.0,0.0,0.0,0.0,100.0,100.0,100.0,HIGH
Yak Kharka Route,28.72,84.25,Manang,9.0,18.0,16.0,1.0,10.0,0.0,0.0,0.0,100.0,100.0,100.0,HIGH
Thorong La Pass,28.79,84.39,Manang,10.0,20.0,20.0,1.0,10.0,0.0,0.0,0.0,100.0,100.0,100.0,HIGH
Jomsom Airport,28.78,83.72,Mustang,5.0,5.0,2.0,10.0,5.0,2.0,2.0,0.0,75.0,70.0,73.0,HIGH
Marpha Village,28.75,83.69,Mustang,1.0,2.0,0.0,6.0,3.0,10.0,8.0,2.0,30.0,35.0,32.0,LOW
Tukuche Village,28.76,83.7,Mustang,2.0,4.0,0.0,5.0,5.0,8.0,6.0,2.0,50.0,45.0,47.0,MEDIUM
Kobang Village,28.8,83.7,Mustang,3.0,6.0,1.0,4.0,6.0,3.0,3.0,1.0,65.0,60.0,62.0,MEDIUM
Muktinath Temple,28.817,83.871,Mustang,2.0,5.0,0.0,3.0,5.0,8.0,6.0,2.0,50.0,45.0,47.0,MEDIUM
Thorong High Camp,28.76,84.35,Mustang,10.0,20.0,20.0,1.0,10.0,0.0,0.0,0.0,100.0,100.0,100.0,HIGH
Upper Mustang Lo Manthang,29.193,83.89,Mustang,0.0,0.0,0.0,0.0,0.0,0.0,0.0,0.0,100.0,0.0,40.0,MEDIUM
Nubra Valley Style Area,29.2,83.85,Mustang,2.0,5.0,0.0,1.0,5.0,0.0,0.0,0.0,100.0,80.0,84.0,HIGH
Chame Village,28.55,84.25,Manang,3.0,8.0,3.0,2.0,7.0,1.0,1.0,0.0,85.0,80.0,82.0,HIGH
Dharapani Village,28.52,84.36,Manang,4.0,9.0,4.0,3.0,7.0,1.0,1.0,0.0,90.0,85.0,87.0,HIGH
Jagat Manang,28.52,84.48,Manang,5.0,12.0,6.0,3.0,8.0,0.0,1.0,0.0,95.0,90.0,93.0,HIGH
Tal Village Manang,28.48,84.55,Manang,5.0,10.0,5.0,8.0,7.0,1.0,1.0,0.0,90.0,90.0,90.0,HIGH
Besishahar Annapurna Gate,28.23,84.37,Lamjung,2.0,4.0,0.0,6.0,5.0,20.0,15.0,5.0,35.0,40.0,37.0,MEDIUM
Ngadi Village,28.26,84.4,Lamjung,3.0,7.0,1.0,6.0,6.0,5.0,4.0,1.0,65.0,65.0,65.0,HIGH
Bahundanda,28.3,84.45,Lamjung,4.0,8.0,2.0,5.0,7.0,2.0,2.0,0.0,80.0,75.0,78.0,HIGH
Ghalegaun Viewpoint,28.3,84.4,Lamjung,2.0,5.0,0.0,3.0,5.0,10.0,8.0,2.0,50.0,45.0,47.0,MEDIUM
Trekking Trail Sikles,28.35,84.15,Kaski,5.0,12.0,6.0,3.0,8.0,1.0,1.0,0.0,95.0,85.0,89.0,HIGH
Ghorepani Village,28.4,83.69,Myagdi,2.0,5.0,0.0,3.0,5.0,5.0,4.0,1.0,60.0,50.0,55.0,MEDIUM
Tadapani Village,28.43,83.8,Kaski,4.0,10.0,5.0,3.0,7.0,1.0,1.0,0.0,90.0,85.0,87.0,HIGH
Landruk Village,28.39,83.85,Kaski,3.0,8.0,2.0,4.0,6.0,2.0,2.0,0.0,80.0,75.0,78.0,HIGH
Australian Camp,28.35,83.88,Kaski,2.0,5.0,0.0,3.0,5.0,10.0,8.0,2.0,50.0,45.0,47.0,MEDIUM
Dhampus Village,28.32,83.86,Kaski,1.0,3.0,0.0,3.0,4.0,15.0,12.0,3.0,30.0,30.0,30.0,LOW
Sankhuwasabha Makalu Village,27.8,87.2,Sankhuwasabha,14.0,18.0,12.0,1.0,9.0,0.0,0.0,0.0,100.0,95.0,95.0,HIGH
Num Village Trail,27.72,87.15,Sankhuwasabha,12.0,16.0,8.0,1.0,9.0,0.0,0.0,0.0,100.0,90.0,92.0,HIGH
Chepuwa Rural Route,27.65,87.1,Sankhuwasabha,10.0,15.0,6.0,2.0,8.0,5.0,5.0,2.0,75.0,80.0,82.0,HIGH
Kimathanka Village,27.95,87.45,Sankhuwasabha,16.0,20.0,15.0,0.0,10.0,0.0,0.0,0.0,100.0,100.0,98.0,HIGH
Hatiya Rural Settlement,27.85,87.3,Sankhuwasabha,8.0,13.0,5.0,2.0,8.0,5.0,5.0,2.0,70.0,80.0,82.0,HIGH
Gola Village Trail,27.9,87.25,Sankhuwasabha,9.0,14.0,6.0,1.0,8.0,5.0,5.0,2.0,75.0,85.0,88.0,HIGH
Makalu Base Rural Camp,27.79,87.09,Sankhuwasabha,18.0,20.0,18.0,0.0,10.0,0.0,0.0,0.0,100.0,100.0,99.0,HIGH
Tumlingtar Rural Area,27.3,87.2,Sankhuwasabha,3.0,5.0,0.0,8.0,5.0,50.0,40.0,15.0,20.0,35.0,40.0,MEDIUM
Bhojpur Silichung Trail,27.25,87.05,Bhojpur,12.0,16.0,8.0,2.0,9.0,0.0,0.0,0.0,100.0,90.0,92.0,HIGH
Dingla Village Route,27.3,87.2,Bhojpur,5.0,8.0,2.0,4.0,6.0,20.0,15.0,5.0,50.0,60.0,65.0,HIGH
Salpa Pokhari Trail,27.4,87.1,Bhojpur,14.0,18.0,10.0,1.0,9.0,0.0,0.0,0.0,100.0,95.0,95.0,HIGH
Tiwari Bhanjyang Village,27.45,87.15,Bhojpur,6.0,10.0,3.0,3.0,7.0,10.0,8.0,3.0,65.0,70.0,72.0,HIGH
Khotang Halesi Rural Area,27.32,86.78,Khotang,2.0,4.0,0.0,7.0,4.0,60.0,50.0,20.0,15.0,30.0,35.0,LOW
Aiselukharka Village,27.45,86.85,Khotang,5.0,9.0,2.0,5.0,6.0,20.0,15.0,5.0,50.0,65.0,68.0,HIGH
Jantedhunga Rural Trail,27.55,86.9,Khotang,7.0,12.0,3.0,4.0,8.0,10.0,8.0,3.0,65.0,75.0,78.0,HIGH
Diktel View Route,27.21,86.79,Khotang,3.0,5.0,0.0,6.0,5.0,40.0,30.0,10.0,25.0,40.0,45.0,MEDIUM
Taplejung Olangchungola,27.85,87.65,Taplejung,18.0,20.0,18.0,0.0,10.0,0.0,0.0,0.0,100.0,100.0,99.0,HIGH
Ghunsa Village Trail,27.75,87.95,Taplejung,16.0,20.0,15.0,0.0,10.0,0.0,0.0,0.0,100.0,100.0,98.0,HIGH
Lelep Rural Settlement,27.65,87.7,Taplejung,10.0,15.0,6.0,2.0,8.0,5.0,5.0,2.0,75.0,80.0,82.0,HIGH
Walung Village Route,27.9,87.7,Taplejung,15.0,18.0,12.0,0.0,10.0,0.0,0.0,0.0,100.0,95.0,95.0,HIGH
Sukethum Camp Area,27.7,87.8,Taplejung,12.0,16.0,8.0,0.0,9.0,0.0,0.0,0.0,100.0,90.0,92.0,HIGH
Pathibhara Rural Trail,27.43,87.73,Taplejung,5.0,8.0,2.0,3.0,6.0,15.0,10.0,3.0,55.0,65.0,68.0,HIGH
Ilam Sandakpur Village,27.0,87.93,Ilam,8.0,12.0,3.0,5.0,7.0,10.0,8.0,3.0,65.0,70.0,72.0,HIGH
Mai Pokhari Rural Area,26.95,87.9,Ilam,3.0,5.0,0.0,7.0,5.0,50.0,40.0,15.0,20.0,35.0,40.0,MEDIUM
Antu Danda Village,26.88,88.0,Ilam,2.0,4.0,0.0,5.0,4.0,60.0,50.0,20.0,10.0,25.0,30.0,LOW
Sandakpur Ridge Route,27.0,87.93,Ilam,7.0,10.0,2.0,4.0,7.0,15.0,10.0,3.0,60.0,70.0,72.0,HIGH
Fakfok Rural Trail,26.9,87.85,Ilam,4.0,6.0,0.0,6.0,5.0,30.0,25.0,10.0,35.0,45.0,50.0,MEDIUM
Panchthar Timbu Village,27.15,87.85,Panchthar,5.0,8.0,2.0,5.0,6.0,20.0,15.0,5.0,50.0,65.0,68.0,HIGH
Phalelung Rural Area,27.2,87.8,Panchthar,9.0,13.0,5.0,3.0,8.0,5.0,5.0,2.0,70.0,80.0,82.0,HIGH
Sidingwa Village Route,27.25,87.75,Panchthar,6.0,10.0,3.0,4.0,7.0,10.0,8.0,3.0,65.0,70.0,72.0,HIGH
Yangwarak Trail,27.1,87.85,Panchthar,3.0,6.0,0.0,5.0,5.0,30.0,25.0,10.0,35.0,45.0,50.0,MEDIUM
Dhankuta Hile Rural Trail,26.98,87.35,Dhankuta,3.0,5.0,0.0,8.0,5.0,50.0,40.0,15.0,20.0,35.0,40.0,MEDIUM
Pakhribas Village,27.05,87.35,Dhankuta,2.0,4.0,0.0,5.0,4.0,60.0,50.0,20.0,10.0,25.0,30.0,LOW
Bhedetar Rural View,26.87,87.3,Dhankuta,3.0,5.0,0.0,6.0,5.0,50.0,40.0,15.0,20.0,35.0,40.0,MEDIUM
Chhintang Trail,26.95,87.25,Dhankuta,4.0,7.0,0.0,5.0,6.0,25.0,20.0,5.0,45.0,55.0,60.0,MEDIUM
Terhathum Tinjure Route,27.15,87.55,Terhathum,8.0,12.0,4.0,3.0,8.0,5.0,5.0,2.0,70.0,75.0,78.0,HIGH
Basantapur Village,27.12,87.55,Terhathum,3.0,5.0,0.0,5.0,5.0,40.0,30.0,10.0,25.0,40.0,45.0,MEDIUM
Gupha Pokhari Rural Trail,27.2,87.5,Terhathum,6.0,10.0,3.0,4.0,7.0,10.0,8.0,3.0,65.0,70.0,72.0,HIGH
Australian Base Camp,28.32,83.85,Kaski,2.0,4.0,0.0,3.0,5.0,12.0,10.0,3.0,40.0,40.0,40.0,MEDIUM
Pothana Village,28.35,83.85,Kaski,3.0,6.0,0.0,3.0,5.0,8.0,6.0,2.0,55.0,50.0,52.0,MEDIUM
Deurali Viewpoint,28.38,83.82,Kaski,5.0,12.0,7.0,2.0,8.0,0.0,0.0,0.0,100.0,95.0,98.0,HIGH
Annapurna Sanctuary,28.53,84.56,Kaski,15.0,10.0,8.0,3.0,7.0,0.0,4.0,0.0,80.0,100.0,92.0,HIGH
Machhapuchhre Base Camp,28.5,84.02,Kaski,8.0,17.0,15.0,1.0,10.0,0.0,0.0,0.0,100.0,100.0,100.0,HIGH
Hiunchuli Base Camp,28.55,84.55,Kaski,9.0,18.0,16.0,1.0,10.0,0.0,0.0,0.0,100.0,100.0,100.0,HIGH
Singuwa Trail,27.5,87.7,Taplejung,8.0,17.0,14.0,1.0,10.0,0.0,0.0,0.0,100.0,100.0,100.0,HIGH
Kanchenjunga North Base Camp,27.75,88.0,Taplejung,10.0,20.0,20.0,1.0,10.0,0.0,0.0,0.0,100.0,100.0,100.0,HIGH
Panchthar Pathibhara Route,27.15,87.85,Panchthar,4.0,10.0,3.0,3.0,7.0,1.0,1.0,0.0,90.0,85.0,87.0,HIGH
Phidim Bazaar,27.15,87.76,Panchthar,1.0,4.0,0.0,5.0,5.0,12.0,10.0,3.0,40.0,45.0,42.0,MEDIUM
Koshi River Rafting,26.8,87.16,Sunsari,6.0,0.0,0.0,18.0,3.0,5.0,4.0,1.0,80.0,80.0,80.0,HIGH
Arun Valley,27.5,87.2,Sankhuwasabha,7.0,14.0,8.0,3.0,8.0,0.0,0.0,0.0,100.0,90.0,95.0,HIGH
Makalu View Camp,27.6,87.1,Sankhuwasabha,10.0,20.0,20.0,1.0,10.0,0.0,0.0,0.0,100.0,100.0,100.0,HIGH
Barun Glacier,27.65,87.05,Sankhuwasabha,10.0,20.0,20.0,1.0,10.0,0.0,0.0,0.0,100.0,100.0,100.0,HIGH
Num Village,27.5,87.1,Sankhuwasabha,4.0,10.0,4.0,3.0,7.0,1.0,1.0,0.0,90.0,85.0,87.0,HIGH
Milmike Danda,27.4,87.4,Tehrathum,5.0,11.0,4.0,3.0,8.0,0.0,1.0,0.0,95.0,85.0,89.0,HIGH
Tinjure Ridge,27.25,87.4,Tehrathum,6.0,13.0,7.0,2.0,8.0,0.0,0.0,0.0,100.0,95.0,98.0,HIGH
Ilam View Tower,26.91,87.93,Ilam,1.0,2.0,0.0,3.0,3.0,20.0,15.0,5.0,10.0,15.0,12.0,LOW
Mai Valley,26.95,87.93,Ilam,2.0,4.0,0.0,5.0,4.0,10.0,8.0,2.0,40.0,40.0,40.0,MEDIUM
Fikkal Bazaar,26.89,87.93,Ilam,1.0,1.0,0.0,4.0,2.0,25.0,20.0,5.0,10.0,15.0,12.0,LOW
Halesi Cave Route,27.32,86.72,Khotang,2.0,5.0,0.0,3.0,5.0,10.0,8.0,2.0,50.0,45.0,47.0,MEDIUM
Khotang Diktel Hill,27.21,86.79,Khotang,2.0,6.0,1.0,4.0,6.0,5.0,4.0,1.0,60.0,60.0,60.0,MEDIUM
Okhaldhunga Siddhicharan,27.32,86.5,Okhaldhunga,1.0,4.0,0.0,5.0,5.0,10.0,8.0,2.0,45.0,45.0,45.0,MEDIUM
Thulung Dudhkoshi Area,27.7,86.7,Solukhumbu,8.0,17.0,14.0,1.0,10.0,0.0,0.0,0.0,100.0,100.0,100.0,HIGH
Mera Peak Route,27.7,86.9,Solukhumbu,10.0,20.0,20.0,1.0,10.0,0.0,0.0,0.0,100.0,100.0,100.0,HIGH
Island Peak Base Camp,27.9,86.93,Solukhumbu,10.0,20.0,20.0,1.0,10.0,0.0,0.0,0.0,100.0,100.0,100.0,HIGH
Lobuche Village,27.95,86.8,Solukhumbu,9.0,18.0,16.0,1.0,10.0,0.0,0.0,0.0,100.0,100.0,100.0,HIGH
Kongma La Pass,27.95,86.82,Solukhumbu,10.0,20.0,20.0,1.0,10.0,0.0,0.0,0.0,100.0,100.0,100.0,HIGH
Pumori Base Camp,27.92,86.82,Solukhumbu,10.0,20.0,20.0,1.0,10.0,0.0,0.0,0.0,100.0,100.0,100.0,HIGH
Kala Patthar,27.99,86.83,Solukhumbu,10.0,20.0,20.0,1.0,10.0,0.0,0.0,0.0,100.0,100.0,100.0,HIGH
Chhukung Valley,27.9,86.88,Solukhumbu,8.0,17.0,14.0,1.0,10.0,0.0,0.0,0.0,100.0,100.0,100.0,HIGH
Imja Valley,27.89,86.93,Solukhumbu,10.0,20.0,20.0,1.0,10.0,0.0,0.0,0.0,100.0,100.0,100.0,HIGH
Rolwaling Valley,27.9,86.35,Dolakha,8.0,17.0,14.0,2.0,10.0,0.0,0.0,0.0,100.0,100.0,100.0,HIGH
Tsho Rolpa Lake,27.85,86.47,Dolakha,10.0,20.0,20.0,1.0,10.0,0.0,0.0,0.0,100.0,100.0,100.0,HIGH
Beding Village,27.9,86.37,Dolakha,6.0,14.0,10.0,2.0,9.0,0.0,0.0,0.0,100.0,95.0,98.0,HIGH
Na Village Dolakha,27.88,86.39,Dolakha,7.0,15.0,12.0,2.0,9.0,0.0,0.0,0.0,100.0,95.0,98.0,HIGH
Gaurishankar Conservation Area,27.85,86.4,Dolakha,9.0,18.0,16.0,1.0,10.0,0.0,0.0,0.0,100.0,100.0,100.0,HIGH
Sankhejung Village Trail,27.22,87.52,Terhathum,5.0,9.0,2.0,4.0,7.0,15.0,10.0,3.0,60.0,70.0,72.0,HIGH
Panchthar Phidim Rural Route,27.145,87.76,Panchthar,3.0,6.0,0.0,5.0,5.0,30.0,25.0,10.0,35.0,45.0,50.0,MEDIUM
Mewa Khola Village,27.35,87.7,Taplejung,10.0,15.0,6.0,2.0,8.0,5.0,5.0,2.0,75.0,80.0,82.0,HIGH
Mikwakhola Rural Camp,27.5,87.7,Taplejung,14.0,18.0,10.0,1.0,9.0,0.0,0.0,0.0,100.0,95.0,95.0,HIGH
Phaktanglung Trail,27.6,87.85,Taplejung,17.0,20.0,15.0,0.0,10.0,0.0,0.0,0.0,100.0,100.0,98.0,HIGH
Ghunsa River Route,27.72,87.93,Taplejung,15.0,18.0,12.0,0.0,10.0,0.0,0.0,0.0,100.0,95.0,95.0,HIGH
Lapsibot Rural Village,27.58,87.75,Taplejung,9.0,14.0,5.0,3.0,8.0,5.0,5.0,2.0,70.0,80.0,82.0,HIGH
Yangma Village Camp,27.62,87.82,Taplejung,18.0,20.0,18.0,0.0,10.0,0.0,0.0,0.0,100.0,100.0,99.0,HIGH
Olangchungola Pass Trail,27.87,87.6,Taplejung,20.0,20.0,20.0,0.0,10.0,0.0,0.0,0.0,100.0,100.0,99.0,HIGH
Maiwa Khola Settlement,27.45,87.65,Taplejung,8.0,12.0,4.0,3.0,8.0,5.0,5.0,2.0,70.0,75.0,78.0,HIGH
Sankhuwasabha Arun Valley,27.6,87.15,Sankhuwasabha,6.0,10.0,3.0,8.0,7.0,10.0,8.0,3.0,65.0,75.0,78.0,HIGH
Barun Valley Rural Camp,27.7,87.15,Sankhuwasabha,16.0,20.0,15.0,0.0,10.0,0.0,0.0,0.0,100.0,100.0,98.0,HIGH
Seduwa Village,27.7,87.15,Sankhuwasabha,8.0,12.0,4.0,3.0,8.0,5.0,5.0,2.0,70.0,75.0,78.0,HIGH
Numche Rural Route,27.76,87.17,Sankhuwasabha,12.0,16.0,8.0,1.0,9.0,0.0,0.0,0.0,100.0,90.0,92.0,HIGH
Makalu Rural Forest Area,27.8,87.05,Sankhuwasabha,18.0,20.0,18.0,0.0,10.0,0.0,0.0,0.0,100.0,100.0,99.0,HIGH
Madi Village Trail,27.4,87.25,Sankhuwasabha,5.0,8.0,2.0,5.0,6.0,20.0,15.0,5.0,50.0,65.0,68.0,HIGH
Chainpur Rural View,27.3,87.2,Sankhuwasabha,3.0,5.0,0.0,7.0,5.0,50.0,40.0,15.0,20.0,35.0,40.0,MEDIUM
Bhojpur Salpa Route,27.4,87.1,Bhojpur,10.0,15.0,5.0,3.0,8.0,5.0,5.0,2.0,75.0,85.0,88.0,HIGH
Dobhane Village,27.25,87.05,Bhojpur,6.0,10.0,3.0,4.0,7.0,10.0,8.0,3.0,65.0,70.0,72.0,HIGH
Shyamsila Rural Trail,27.3,87.0,Bhojpur,4.0,7.0,0.0,5.0,5.0,25.0,20.0,5.0,45.0,55.0,60.0,MEDIUM
Khotang Halesi Rural Trail,27.32,86.78,Khotang,2.0,4.0,0.0,8.0,4.0,60.0,50.0,20.0,15.0,30.0,35.0,LOW
Lamidanda Village Route,27.4,86.8,Khotang,5.0,9.0,2.0,5.0,6.0,20.0,15.0,5.0,50.0,65.0,68.0,HIGH
Sotang Rural Camp,27.55,86.75,Khotang,8.0,13.0,4.0,3.0,8.0,5.0,5.0,2.0,70.0,80.0,82.0,HIGH
Mahakulung Village Trail,27.6,86.75,Solukhumbu,11.0,15.0,7.0,2.0,9.0,0.0,0.0,0.0,100.0,90.0,92.0,HIGH
Gudeldanda Rural Route,27.52,86.65,Solukhumbu,5.0,9.0,2.0,4.0,7.0,10.0,8.0,3.0,65.0,70.0,72.0,HIGH
Jubing Community Trail,27.58,86.65,Solukhumbu,6.0,10.0,3.0,3.0,7.0,10.0,8.0,3.0,65.0,70.0,72.0,HIGH
Panchan Village Route,27.45,86.55,Solukhumbu,4.0,7.0,0.0,5.0,5.0,20.0,15.0,5.0,45.0,55.0,60.0,MEDIUM
Chaulakharka Rural Area,27.6,86.55,Solukhumbu,9.0,14.0,5.0,2.0,8.0,5.0,5.0,2.0,70.0,80.0,82.0,HIGH
Beni Rural Hill Trail,28.35,83.55,Myagdi,4.0,8.0,0.0,5.0,6.0,20.0,15.0,5.0,50.0,60.0,65.0,HIGH
Rima Village Route,28.45,83.5,Myagdi,7.0,12.0,3.0,4.0,8.0,5.0,5.0,2.0,70.0,75.0,78.0,HIGH
Kuwa Village Homestay,28.5,83.45,Myagdi,5.0,9.0,2.0,5.0,7.0,10.0,8.0,3.0,65.0,70.0,72.0,HIGH
Gurja Rural Camp,28.6,83.35,Myagdi,13.0,17.0,10.0,1.0,9.0,0.0,0.0,0.0,100.0,95.0,95.0,HIGH
Dhaulagiri Base Rural Route,28.75,83.3,Myagdi,19.0,20.0,20.0,0.0,10.0,0.0,0.0,0.0,100.0,100.0,99.0,HIGH
Charikot Bazaar,27.67,86.03,Dolakha,1.0,4.0,0.0,5.0,5.0,15.0,12.0,3.0,35.0,40.0,38.0,MEDIUM
Jiri Valley,27.63,86.23,Dolakha,5.0,12.0,6.0,3.0,8.0,2.0,1.0,0.0,90.0,85.0,87.0,HIGH
Kalinchowk Bhagwati,27.8,86.02,Dolakha,6.0,14.0,9.0,2.0,9.0,0.0,0.0,0.0,100.0,95.0,98.0,HIGH
Sailung View Point,27.7,86.1,Dolakha,5.0,12.0,7.0,3.0,8.0,0.0,0.0,0.0,95.0,90.0,93.0,HIGH
Lamabagar Area,27.9,86.05,Dolakha,7.0,15.0,10.0,2.0,9.0,0.0,0.0,0.0,100.0,95.0,98.0,HIGH
Barhabise Bazaar,27.79,85.85,Sindhupalchok,3.0,7.0,1.0,6.0,7.0,5.0,4.0,1.0,70.0,65.0,68.0,HIGH
Melamchi Valley,27.95,85.58,Sindhupalchok,5.0,12.0,6.0,15.0,8.0,2.0,2.0,0.0,85.0,90.0,88.0,HIGH
Helambu Trail,28.0,85.5,Sindhupalchok,6.0,14.0,10.0,2.0,9.0,0.0,0.0,0.0,100.0,95.0,98.0,HIGH
Tarkeghyang Village,28.02,85.52,Sindhupalchok,5.0,13.0,8.0,2.0,8.0,0.0,0.0,0.0,100.0,90.0,95.0,HIGH
Gosainkunda Lake,28.08,85.41,Rasuwa,10.0,20.0,20.0,1.0,10.0,0.0,0.0,0.0,100.0,100.0,100.0,HIGH
Lauribina Pass,28.1,85.43,Rasuwa,10.0,20.0,20.0,1.0,10.0,0.0,0.0,0.0,100.0,100.0,100.0,HIGH
Sing Gompa,28.12,85.35,Rasuwa,4.0,10.0,5.0,2.0,7.0,1.0,1.0,0.0,90.0,85.0,87.0,HIGH
Dhunche Heritage Area,28.11,85.3,Rasuwa,2.0,5.0,0.0,4.0,7.0,8.0,6.0,2.0,55.0,50.0,52.0,MEDIUM
Timure Village,28.27,85.37,Rasuwa,5.0,12.0,6.0,4.0,8.0,1.0,1.0,0.0,90.0,90.0,90.0,HIGH
Rasuwagadhi Border,28.3,85.38,Rasuwa,4.0,10.0,5.0,3.0,7.0,1.0,1.0,0.0,90.0,85.0,87.0,HIGH
Nuwakot Durbar Square,27.91,85.16,Nuwakot,1.0,2.0,0.0,4.0,6.0,25.0,20.0,5.0,20.0,30.0,25.0,LOW
Kakani View Tower,27.8,85.26,Nuwakot,2.0,4.0,0.0,3.0,5.0,15.0,12.0,3.0,35.0,35.0,35.0,LOW
Trishuli River,27.95,85.16,Nuwakot,6.0,1.0,0.0,18.0,3.0,5.0,4.0,1.0,80.0,75.0,78.0,HIGH
Devighat Area,27.9,84.95,Nuwakot,2.0,3.0,0.0,10.0,3.0,12.0,10.0,3.0,45.0,50.0,48.0,MEDIUM
Bidur Bazaar,27.9,85.15,Nuwakot,1.0,3.0,0.0,5.0,5.0,20.0,15.0,5.0,30.0,35.0,32.0,LOW
Manakamana Temple,27.9,84.59,Gorkha,2.0,5.0,0.0,5.0,6.0,20.0,15.0,5.0,40.0,45.0,42.0,MEDIUM
Barpak Village,28.2,84.75,Gorkha,7.0,15.0,10.0,3.0,10.0,0.0,0.0,0.0,100.0,100.0,100.0,HIGH
Laprak Village,28.25,84.8,Gorkha,6.0,14.0,8.0,3.0,9.0,0.0,0.0,0.0,100.0,95.0,98.0,HIGH
Tsum Valley,28.55,85.0,Gorkha,9.0,18.0,16.0,1.0,10.0,0.0,0.0,0.0,100.0,100.0,100.0,HIGH
Chumling Village,28.6,85.0,Gorkha,8.0,17.0,14.0,1.0,10.0,0.0,0.0,0.0,100.0,100.0,100.0,HIGH
Mu Gompa,28.65,85.2,Gorkha,10.0,20.0,20.0,1.0,10.0,0.0,0.0,0.0,100.0,100.0,100.0,HIGH
Larke Pass,28.7,84.9,Gorkha,10.0,20.0,20.0,1.0,10.0,0.0,0.0,0.0,100.0,100.0,100.0,HIGH
Samagaun Village,28.65,84.65,Gorkha,8.0,17.0,15.0,1.0,10.0,0.0,0.0,0.0,100.0,100.0,100.0,HIGH
Manaslu Base Camp,28.65,84.6,Gorkha,10.0,20.0,20.0,1.0,10.0,0.0,0.0,0.0,100.0,100.0,100.0,HIGH
Boudha Himal Area,28.6,84.7,Gorkha,8.0,17.0,14.0,1.0,10.0,0.0,0.0,0.0,100.0,100.0,100.0,HIGH
Bhairav Kunda,28.05,85.8,Sindhupalchok,7.0,15.0,12.0,2.0,9.0,0.0,0.0,0.0,100.0,95.0,98.0,HIGH
Panch Pokhari,28.0,85.7,Sindhupalchok,8.0,16.0,13.0,2.0,10.0,0.0,0.0,0.0,100.0,100.0,100.0,HIGH
Yarsa Trail,28.1,85.65,Sindhupalchok,7.0,15.0,10.0,2.0,9.0,0.0,0.0,0.0,100.0,95.0,98.0,HIGH
Jugal Himal Base,28.2,85.7,Sindhupalchok,10.0,20.0,20.0,1.0,10.0,0.0,0.0,0.0,100.0,100.0,100.0,HIGH
Indrawati River,27.95,85.7,Sindhupalchok,5.0,2.0,0.0,16.0,4.0,5.0,4.0,1.0,75.0,75.0,75.0,HIGH
Nagarkot View Tower,27.72,85.52,Bhaktapur,1.0,1.0,0.0,3.0,5.0,30.0,25.0,8.0,15.0,15.0,15.0,LOW
Changunarayan Temple,27.72,85.43,Bhaktapur,1.0,2.0,0.0,3.0,7.0,35.0,30.0,8.0,20.0,25.0,22.0,LOW
Bhaktapur Durbar Square,27.671,85.429,Bhaktapur,1.0,0.0,0.0,2.0,8.0,60.0,50.0,15.0,10.0,15.0,12.0,LOW
Suryabinayak Forest,27.67,85.43,Bhaktapur,2.0,3.0,0.0,4.0,5.0,20.0,15.0,5.0,25.0,30.0,28.0,LOW
Doleshwor Mahadev,27.65,85.43,Bhaktapur,1.0,1.0,0.0,3.0,4.0,30.0,25.0,8.0,15.0,20.0,17.0,LOW
Dhaulagiri Rural Glacier Camp,28.76,83.28,Myagdi,20.0,20.0,20.0,0.0,10.0,0.0,0.0,0.0,100.0,100.0,99.0,HIGH
Mudi Village Trail,28.62,83.4,Myagdi,8.0,13.0,4.0,3.0,8.0,5.0,5.0,2.0,70.0,80.0,82.0,HIGH
Beni Mangale Route,28.4,83.55,Myagdi,4.0,7.0,0.0,6.0,5.0,25.0,20.0,5.0,45.0,55.0,60.0,MEDIUM
Gurja Khani Homestay,28.62,83.35,Myagdi,12.0,16.0,8.0,2.0,9.0,0.0,0.0,0.0,100.0,90.0,92.0,HIGH
Nisikhola Rural Camp,28.35,83.0,Baglung,9.0,14.0,5.0,4.0,8.0,5.0,5.0,2.0,70.0,80.0,82.0,HIGH
Dhorpatan Hunting Area,28.5,83.0,Baglung,15.0,18.0,10.0,1.0,9.0,0.0,0.0,0.0,100.0,95.0,95.0,HIGH
Taman Rural Village,28.42,83.05,Baglung,6.0,10.0,3.0,5.0,7.0,10.0,8.0,3.0,65.0,70.0,72.0,HIGH
Burtibang Rural Route,28.3,83.0,Baglung,5.0,8.0,2.0,7.0,6.0,20.0,15.0,5.0,50.0,65.0,68.0,HIGH
Jaljala Parbat Trail,28.25,83.55,Parbat,7.0,12.0,3.0,4.0,8.0,5.0,5.0,2.0,70.0,75.0,78.0,HIGH
Lomanthang Rural Field,29.18,83.96,Mustang,4.0,6.0,0.0,0.0,6.0,10.0,8.0,3.0,65.0,70.0,72.0,HIGH
Kagbeni Rural Route,28.83,83.78,Mustang,5.0,8.0,2.0,2.0,7.0,15.0,10.0,3.0,55.0,65.0,68.0,HIGH
Marpha Village Trail,28.75,83.69,Mustang,3.0,5.0,0.0,5.0,5.0,30.0,25.0,10.0,35.0,45.0,50.0,MEDIUM
Tukuche Rural Settlement,28.73,83.69,Mustang,5.0,9.0,2.0,4.0,7.0,15.0,10.0,3.0,60.0,70.0,72.0,HIGH
Kobang Community Route,28.7,83.65,Mustang,4.0,7.0,0.0,5.0,6.0,20.0,15.0,5.0,50.0,60.0,65.0,HIGH
Muktinath Village Trail,28.82,83.87,Mustang,6.0,10.0,3.0,1.0,8.0,10.0,8.0,3.0,65.0,70.0,72.0,HIGH
Thakali Rural Homestay,28.78,83.72,Mustang,3.0,5.0,0.0,4.0,5.0,40.0,30.0,10.0,25.0,40.0,45.0,MEDIUM
Manang Ngawal Rural Area,28.7,84.02,Manang,8.0,12.0,5.0,1.0,8.0,5.0,5.0,2.0,70.0,75.0,78.0,HIGH
Pislang Village Route,28.65,84.0,Manang,7.0,11.0,4.0,1.0,8.0,5.0,5.0,2.0,70.0,75.0,78.0,HIGH
Tanchowk Rural Trail,28.62,84.15,Manang,5.0,9.0,2.0,3.0,7.0,10.0,8.0,3.0,65.0,70.0,72.0,HIGH
Koto Village Route,28.8,84.25,Manang,7.0,12.0,4.0,2.0,8.0,5.0,5.0,2.0,70.0,75.0,78.0,HIGH
Nar Phu Rural Camp,28.95,84.35,Manang,18.0,20.0,18.0,0.0,10.0,0.0,0.0,0.0,100.0,100.0,99.0,HIGH
Tilicho Rural Trail,28.65,84.15,Manang,15.0,18.0,12.0,0.0,10.0,0.0,0.0,0.0,100.0,95.0,95.0,HIGH
Pisang Village Route,28.65,84.08,Manang,6.0,10.0,3.0,2.0,7.0,10.0,8.0,3.0,65.0,70.0,72.0,HIGH
Ghandruk Rural Homestay,28.37,83.8,Kaski,3.0,5.0,0.0,6.0,5.0,40.0,30.0,10.0,25.0,45.0,50.0,MEDIUM
Landruk Village Trail,28.38,83.82,Kaski,5.0,8.0,2.0,5.0,6.0,20.0,15.0,5.0,50.0,65.0,68.0,HIGH
Tolga Rural Route,28.45,83.85,Kaski,4.0,7.0,0.0,4.0,6.0,25.0,20.0,5.0,45.0,55.0,60.0,MEDIUM
Dhampus Rural Viewpoint,28.32,83.8,Kaski,2.0,4.0,0.0,5.0,4.0,60.0,50.0,20.0,10.0,25.0,30.0,LOW
Australian Camp Rural Trail,28.35,83.85,Kaski,3.0,6.0,0.0,4.0,5.0,40.0,30.0,10.0,25.0,40.0,45.0,MEDIUM
Sikles Gurung Village,28.45,84.05,Kaski,8.0,12.0,4.0,3.0,8.0,5.0,5.0,2.0,70.0,75.0,78.0,HIGH
Tangting Rural Area,28.45,84.0,Kaski,5.0,8.0,2.0,4.0,6.0,15.0,10.0,3.0,55.0,65.0,68.0,HIGH
Bhujung Village,28.3,84.35,Lamjung,4.0,8.0,0.0,5.0,6.0,20.0,15.0,5.0,50.0,60.0,65.0,HIGH
Ghalegaun Rural Route,28.28,84.42,Lamjung,3.0,5.0,0.0,4.0,5.0,40.0,30.0,10.0,25.0,40.0,45.0,MEDIUM
Kamalpur Rural Trail,28.25,84.4,Lamjung,5.0,9.0,2.0,6.0,7.0,15.0,10.0,3.0,60.0,70.0,72.0,HIGH
Pashupatinath Temple,27.71,85.348,Kathmandu,1.0,0.0,0.0,2.0,8.0,80.0,70.0,20.0,5.0,15.0,10.0,LOW
Boudhanath Stupa,27.7215,85.362,Kathmandu,1.0,0.0,0.0,2.0,6.0,80.0,70.0,20.0,5.0,10.0,8.0,LOW
Swayambhunath Temple,27.714,85.29,Kathmandu,1.0,1.0,0.0,3.0,7.0,60.0,50.0,15.0,10.0,20.0,15.0,LOW
Kathmandu Durbar Square,27.704,85.307,Kathmandu,1.0,0.0,0.0,2.0,8.0,70.0,60.0,15.0,10.0,15.0,12.0,LOW
Garden of Dreams,27.714,85.317,Kathmandu,0.0,0.0,0.0,1.0,4.0,90.0,80.0,20.0,5.0,5.0,5.0,LOW
Thamel Tourism Area,27.715,85.312,Kathmandu,2.0,0.0,0.0,2.0,4.0,60.0,70.0,15.0,10.0,10.0,10.0,LOW
Kirtipur Old City,27.678,85.278,Kathmandu,1.0,1.0,0.0,3.0,7.0,40.0,35.0,10.0,15.0,20.0,17.0,LOW
Champadevi Hill,27.62,85.27,Kathmandu,3.0,8.0,2.0,3.0,6.0,5.0,4.0,1.0,70.0,65.0,68.0,HIGH
Shivapuri National Park,27.82,85.37,Kathmandu,4.0,10.0,3.0,4.0,7.0,3.0,2.0,1.0,75.0,70.0,73.0,HIGH
Kakani Hill,27.8,85.26,Nuwakot,2.0,5.0,0.0,3.0,5.0,15.0,12.0,3.0,40.0,45.0,42.0,MEDIUM
Chandragiri Cable Car,27.68,85.245,Kathmandu,1.0,3.0,0.0,3.0,5.0,40.0,30.0,8.0,20.0,25.0,22.0,LOW
Chandragiri Hill,27.68,85.245,Kathmandu,3.0,8.0,1.0,3.0,6.0,10.0,8.0,2.0,65.0,60.0,62.0,MEDIUM
White Gumba,27.76,85.25,Kathmandu,1.0,2.0,0.0,3.0,5.0,35.0,30.0,8.0,20.0,20.0,20.0,LOW
Budhanilkantha Temple,27.79,85.36,Kathmandu,1.0,0.0,0.0,3.0,5.0,40.0,35.0,10.0,10.0,15.0,12.0,LOW
Gokarna Forest Resort Area,27.74,85.41,Kathmandu,2.0,2.0,0.0,4.0,5.0,25.0,20.0,5.0,30.0,30.0,30.0,LOW
Sundarijal Waterfall,27.79,85.43,Kathmandu,4.0,8.0,2.0,8.0,6.0,8.0,6.0,2.0,65.0,70.0,68.0,HIGH
Tarebhir Trail,27.8,85.4,Kathmandu,4.0,10.0,3.0,3.0,7.0,3.0,2.0,1.0,75.0,75.0,75.0,HIGH
Kapan Monastery,27.74,85.36,Kathmandu,0.0,0.0,0.0,2.0,4.0,50.0,40.0,10.0,5.0,10.0,8.0,LOW
Pharping Monastery,27.6,85.26,Kathmandu,1.0,2.0,0.0,3.0,5.0,25.0,20.0,5.0,25.0,25.0,25.0,LOW
Namobuddha Monastery,27.58,85.59,Kavrepalanchok,2.0,5.0,0.0,3.0,5.0,12.0,10.0,3.0,50.0,45.0,47.0,MEDIUM
Dhulikhel View Point,27.62,85.55,Kavrepalanchok,1.0,2.0,0.0,3.0,5.0,25.0,20.0,5.0,20.0,25.0,22.0,LOW
Panauti Heritage Town,27.585,85.52,Kavrepalanchok,1.0,1.0,0.0,5.0,4.0,20.0,15.0,5.0,20.0,25.0,22.0,LOW
Kalinchok Temple Trail,27.8,86.02,Dolakha,6.0,14.0,9.0,2.0,9.0,0.0,0.0,0.0,100.0,95.0,98.0,HIGH
Namo Buddha Trail,27.58,85.59,Kavre,2.0,5.0,0.0,3.0,5.0,12.0,10.0,3.0,50.0,45.0,47.0,MEDIUM
Balthali Village,27.56,85.57,Kavre,2.0,4.0,0.0,4.0,5.0,15.0,12.0,3.0,40.0,40.0,40.0,MEDIUM
Bethanchowk Narayanthan,27.52,85.6,Kavre,4.0,8.0,2.0,4.0,6.0,5.0,4.0,1.0,65.0,65.0,65.0,HIGH
Sanga View Tower,27.67,85.43,Kavre,1.0,0.0,0.0,3.0,4.0,35.0,30.0,8.0,10.0,15.0,12.0,LOW
Panchkhal Area,27.65,85.62,Kavre,1.0,2.0,0.0,8.0,4.0,20.0,15.0,5.0,25.0,35.0,30.0,LOW
Ramechhap Manthali,27.38,86.09,Ramechhap,2.0,5.0,0.0,5.0,6.0,10.0,8.0,2.0,55.0,55.0,55.0,MEDIUM
Thodung Village,27.55,86.3,Ramechhap,6.0,13.0,7.0,2.0,9.0,0.0,0.0,0.0,100.0,95.0,98.0,HIGH
Pikey Peak Trail,27.65,86.6,Ramechhap,7.0,15.0,10.0,2.0,9.0,0.0,0.0,0.0,100.0,95.0,98.0,HIGH
Jatapokhari Lake,27.6,86.4,Ramechhap,5.0,12.0,5.0,3.0,8.0,0.0,0.0,0.0,95.0,85.0,89.0,HIGH
Dolakha Gaurishankar,27.85,86.4,Dolakha,9.0,18.0,16.0,1.0,10.0,0.0,0.0,0.0,100.0,100.0,100.0,HIGH
Bahun Danda Trail,27.7,86.15,Dolakha,5.0,11.0,4.0,3.0,8.0,0.0,1.0,0.0,90.0,85.0,87.0,HIGH
Likhu River Area,27.5,86.2,Ramechhap,5.0,2.0,0.0,15.0,4.0,4.0,3.0,1.0,75.0,75.0,75.0,HIGH
Jiri Airport Area,27.63,86.23,Dolakha,3.0,6.0,1.0,4.0,6.0,5.0,4.0,1.0,65.0,60.0,62.0,MEDIUM
Solu River Valley,27.6,86.7,Solukhumbu,7.0,14.0,8.0,3.0,9.0,0.0,0.0,0.0,100.0,95.0,98.0,HIGH
Sailung Rural Hill Trail,27.95,86.15,Dolakha,10.0,15.0,5.0,3.0,9.0,0.0,0.0,0.0,100.0,90.0,92.0,HIGH
Kalinchowk Village Route,27.95,86.05,Dolakha,12.0,16.0,8.0,2.0,9.0,0.0,0.0,0.0,100.0,90.0,92.0,HIGH
Biguna Rural Homestay,27.9,86.1,Dolakha,5.0,9.0,2.0,4.0,7.0,15.0,10.0,3.0,60.0,70.0,72.0,HIGH
Beding Village Trail,27.85,86.45,Dolakha,15.0,18.0,12.0,0.0,10.0,0.0,0.0,0.0,100.0,95.0,95.0,HIGH
Na Village Route,27.9,86.5,Dolakha,17.0,20.0,15.0,0.0,10.0,0.0,0.0,0.0,100.0,100.0,98.0,HIGH
Rolwaling Rural Camp,27.9,86.35,Dolakha,18.0,20.0,18.0,0.0,10.0,0.0,0.0,0.0,100.0,100.0,99.0,HIGH
Simigaon Village Trail,27.85,86.3,Dolakha,9.0,14.0,5.0,2.0,8.0,5.0,5.0,2.0,70.0,80.0,82.0,HIGH
Bigu Rural Monastery Area,27.85,86.1,Dolakha,4.0,7.0,0.0,5.0,6.0,20.0,15.0,5.0,50.0,60.0,65.0,HIGH
Jiri Rural Heritage Trail,27.63,86.23,Dolakha,3.0,5.0,0.0,7.0,5.0,40.0,30.0,10.0,25.0,45.0,50.0,MEDIUM
Charikot Village View,27.67,86.05,Dolakha,2.0,4.0,0.0,5.0,4.0,60.0,50.0,20.0,10.0,25.0,30.0,LOW
Helambu Rural Village,28.0,85.6,Sindhupalchok,8.0,13.0,4.0,5.0,8.0,5.0,5.0,2.0,70.0,80.0,82.0,HIGH
Tarkeghyang Village Trail,28.02,85.55,Sindhupalchok,10.0,15.0,6.0,3.0,9.0,0.0,0.0,0.0,100.0,90.0,92.0,HIGH
Melamchi Rural Route,28.12,85.58,Sindhupalchok,4.0,8.0,0.0,15.0,6.0,30.0,25.0,10.0,40.0,60.0,65.0,HIGH
Gumba Village Trail,28.1,85.65,Sindhupalchok,6.0,10.0,3.0,6.0,7.0,10.0,8.0,3.0,65.0,75.0,78.0,HIGH
Panch Pokhari Rural Camp,28.0,85.7,Sindhupalchok,14.0,18.0,10.0,2.0,9.0,0.0,0.0,0.0,100.0,95.0,95.0,HIGH
Bhotang Village Route,28.05,85.7,Sindhupalchok,11.0,16.0,7.0,2.0,9.0,0.0,0.0,0.0,100.0,90.0,92.0,HIGH
Tatopani Rural Area,27.98,85.92,Sindhupalchok,3.0,5.0,0.0,12.0,5.0,50.0,40.0,15.0,20.0,40.0,45.0,MEDIUM
Nuwakot Kakani Trail,27.8,85.25,Nuwakot,3.0,6.0,0.0,5.0,5.0,40.0,30.0,10.0,25.0,40.0,45.0,MEDIUM
Dupcheshwar Village Route,27.9,85.3,Nuwakot,5.0,9.0,2.0,6.0,7.0,20.0,15.0,5.0,50.0,65.0,68.0,HIGH
Ghyangfedi Rural Trail,27.95,85.35,Nuwakot,6.0,10.0,3.0,5.0,7.0,15.0,10.0,3.0,60.0,70.0,72.0,HIGH
Rasuwa Gatlang Village,28.18,85.35,Rasuwa,9.0,14.0,5.0,3.0,8.0,5.0,5.0,2.0,70.0,80.0,82.0,HIGH
Thuman Rural Homestay,28.25,85.35,Rasuwa,8.0,12.0,4.0,3.0,8.0,5.0,5.0,2.0,70.0,75.0,78.0,HIGH
Briddim Village Trail,28.2,85.4,Rasuwa,10.0,15.0,6.0,2.0,9.0,0.0,0.0,0.0,100.0,90.0,92.0,HIGH
Langtang Rural Settlement,28.23,85.56,Rasuwa,14.0,18.0,12.0,0.0,10.0,0.0,0.0,0.0,100.0,95.0,95.0,HIGH
Kyanjin Village Route,28.21,85.57,Rasuwa,17.0,20.0,15.0,0.0,10.0,0.0,0.0,0.0,100.0,100.0,98.0,HIGH
Lama Hotel Rural Trail,28.18,85.5,Rasuwa,8.0,13.0,4.0,2.0,8.0,5.0,5.0,2.0,70.0,80.0,82.0,HIGH
Dhunche Rural View,28.11,85.3,Rasuwa,3.0,6.0,0.0,5.0,5.0,30.0,25.0,10.0,35.0,45.0,50.0,MEDIUM
Gosaikunda Rural Route,28.08,85.42,Rasuwa,15.0,18.0,10.0,0.0,10.0,0.0,0.0,0.0,100.0,95.0,95.0,HIGH
Bhairav Kunda Trail,28.05,85.55,Rasuwa,11.0,16.0,7.0,1.0,9.0,0.0,0.0,0.0,100.0,90.0,92.0,HIGH
Manaslu Rural Route,28.65,84.65,Gorkha,15.0,18.0,12.0,0.0,10.0,0.0,0.0,0.0,100.0,95.0,95.0,HIGH
Tsum Valley Village,28.52,84.65,Gorkha,16.0,20.0,15.0,0.0,10.0,0.0,0.0,0.0,100.0,100.0,98.0,HIGH
Chhekampar Rural Camp,28.57,84.62,Gorkha,15.0,19.0,12.0,0.0,10.0,0.0,0.0,0.0,100.0,95.0,96.0,HIGH
Continuing with the next 100 tourism risk datasets:,0.0,0.0,,0.0,0.0,0.0,0.0,0.0,0.0,0.0,0.0,0.0,0.0,0.0,
Panchase Forest Trail,28.23,83.8,Kaski,3.0,7.0,1.0,3.0,5.0,5.0,4.0,1.0,55.0,60.0,58.0,MEDIUM
Kaskikot View Point,28.26,83.95,Kaski,2.0,4.0,0.0,3.0,5.0,15.0,12.0,3.0,35.0,40.0,38.0,MEDIUM
Hemja Village,28.27,83.92,Kaski,1.0,1.0,0.0,4.0,3.0,25.0,20.0,5.0,15.0,20.0,17.0,LOW
Seti Gorge Pokhara,28.23,83.98,Kaski,3.0,0.0,0.0,5.0,4.0,40.0,35.0,10.0,20.0,25.0,22.0,LOW
Mahendra Cave,28.26,84.0,Kaski,1.0,0.0,0.0,2.0,3.0,50.0,40.0,10.0,10.0,10.0,10.0,LOW
Bat Cave Pokhara,28.25,84.0,Kaski,1.0,0.0,0.0,2.0,3.0,45.0,35.0,10.0,10.0,10.0,10.0,LOW
Begnas View Point,28.14,84.1,Kaski,2.0,1.0,0.0,10.0,3.0,20.0,15.0,5.0,30.0,40.0,35.0,LOW
Phewa Lake,28.21,83.95,Kaski,3.0,0.0,0.0,12.0,2.0,80.0,70.0,20.0,10.0,25.0,18.0,LOW
Tal Barahi Temple,28.21,83.95,Kaski,1.0,0.0,0.0,10.0,2.0,80.0,70.0,20.0,5.0,15.0,10.0,LOW
International Mountain Museum,28.19,83.97,Kaski,0.0,0.0,0.0,2.0,2.0,50.0,40.0,10.0,5.0,5.0,5.0,LOW
Dharapani Trek Point,28.52,84.36,Manang,4.0,10.0,5.0,3.0,8.0,1.0,1.0,0.0,90.0,85.0,87.0,HIGH
Pisag Village,28.67,84.18,Manang,7.0,15.0,12.0,1.0,9.0,0.0,0.0,0.0,100.0,98.0,99.0,HIGH
Upper Pisang,28.65,84.16,Manang,8.0,16.0,14.0,1.0,10.0,0.0,0.0,0.0,100.0,100.0,100.0,HIGH
Ngawal Village,28.66,84.15,Manang,6.0,14.0,10.0,2.0,9.0,0.0,0.0,0.0,100.0,95.0,98.0,HIGH
Mungji Village,28.65,84.1,Manang,5.0,12.0,7.0,2.0,8.0,0.0,0.0,0.0,95.0,90.0,93.0,HIGH
Yak Kharka Manang,28.72,84.25,Manang,9.0,18.0,16.0,1.0,10.0,0.0,0.0,0.0,100.0,100.0,100.0,HIGH
Thorong Pass Route,28.78,84.39,Manang,10.0,20.0,20.0,1.0,10.0,0.0,0.0,0.0,100.0,100.0,100.0,HIGH
Muktinath Trail,28.817,83.871,Mustang,3.0,6.0,1.0,3.0,5.0,5.0,4.0,1.0,60.0,60.0,60.0,MEDIUM
Jomsom Valley,28.78,83.72,Mustang,4.0,7.0,2.0,10.0,5.0,2.0,2.0,0.0,75.0,70.0,73.0,HIGH
Chhusang Village,29.0,83.85,Mustang,2.0,5.0,0.0,2.0,5.0,0.0,0.0,0.0,100.0,80.0,84.0,HIGH
Syang Village,28.9,83.85,Mustang,2.0,4.0,0.0,2.0,5.0,0.0,0.0,0.0,100.0,80.0,84.0,HIGH
Marpha Apple Village,28.75,83.69,Mustang,1.0,2.0,0.0,4.0,3.0,15.0,12.0,3.0,25.0,30.0,27.0,LOW
Tukuche Pass,28.76,83.7,Mustang,3.0,6.0,2.0,3.0,6.0,2.0,2.0,0.0,70.0,65.0,68.0,HIGH
Kalo Pani,28.65,83.6,Mustang,4.0,8.0,3.0,5.0,7.0,1.0,1.0,0.0,80.0,75.0,78.0,HIGH
Kushma Bridge,28.21,83.68,Parbat,4.0,2.0,0.0,12.0,3.0,10.0,8.0,2.0,65.0,65.0,65.0,HIGH
Patalekhet Village,28.3,83.65,Parbat,2.0,5.0,0.0,3.0,5.0,8.0,6.0,2.0,50.0,45.0,47.0,MEDIUM
Modi River Rafting,28.3,83.7,Parbat,6.0,1.0,0.0,16.0,4.0,5.0,4.0,1.0,80.0,75.0,78.0,HIGH
Baglung Kalika Temple,28.27,83.59,Baglung,2.0,4.0,0.0,5.0,5.0,10.0,8.0,2.0,45.0,45.0,45.0,MEDIUM
Galkot Valley,28.22,83.42,Baglung,3.0,6.0,1.0,5.0,6.0,5.0,4.0,1.0,60.0,60.0,60.0,MEDIUM
Taman Khola,28.4,83.3,Baglung,5.0,12.0,7.0,3.0,8.0,0.0,0.0,0.0,95.0,90.0,93.0,HIGH
Myagdi Dhaulagiri Route,28.7,83.5,Myagdi,10.0,20.0,20.0,1.0,10.0,0.0,0.0,0.0,100.0,100.0,100.0,HIGH
Mudi Village,28.65,83.45,Myagdi,6.0,14.0,9.0,2.0,9.0,0.0,0.0,0.0,100.0,95.0,98.0,HIGH
Kali Gandaki Gorge,28.65,83.7,Mustang,5.0,3.0,0.0,15.0,4.0,3.0,3.0,1.0,75.0,75.0,75.0,HIGH
Nisikhola Area,28.4,83.1,Baglung,4.0,10.0,5.0,3.0,7.0,1.0,1.0,0.0,90.0,85.0,87.0,HIGH
haulagiri Base Camp,28.75,83.45,Myagdi,10.0,20.0,20.0,1.0,10.0,0.0,0.0,0.0,100.0,100.0,100.0,HIGH
Italian Base Camp,28.72,83.47,Myagdi,9.0,18.0,18.0,1.0,10.0,0.0,0.0,0.0,100.0,100.0,100.0,HIGH
French Pass,28.73,83.48,Myagdi,10.0,20.0,20.0,1.0,10.0,0.0,0.0,0.0,100.0,100.0,100.0,HIGH
Hidden Valley Mustang,28.8,83.45,Mustang,9.0,19.0,18.0,1.0,10.0,0.0,0.0,0.0,100.0,100.0,100.0,HIGH
Kori Danda,28.45,84.0,Kaski,6.0,13.0,7.0,3.0,8.0,0.0,0.0,0.0,95.0,90.0,93.0,HIGH
Kapuche Lake,28.42,84.0,Kaski,7.0,15.0,10.0,2.0,9.0,0.0,0.0,0.0,100.0,95.0,98.0,HIGH
Sikles Village,28.45,84.12,Kaski,4.0,10.0,4.0,3.0,7.0,1.0,1.0,0.0,90.0,85.0,87.0,HIGH
Tangting Village,28.42,84.1,Kaski,3.0,7.0,1.0,3.0,5.0,5.0,4.0,1.0,55.0,60.0,58.0,MEDIUM
Lamachaur Area,28.28,83.98,Kaski,1.0,1.0,0.0,4.0,3.0,30.0,25.0,8.0,10.0,20.0,15.0,LOW
Rupa Lake,28.15,84.15,Kaski,2.0,0.0,0.0,12.0,3.0,20.0,15.0,5.0,40.0,45.0,42.0,MEDIUM
Phewa Dam Area,28.21,83.95,Kaski,1.0,0.0,0.0,8.0,3.0,70.0,60.0,15.0,10.0,20.0,15.0,LOW
Begnas Lake,28.14,84.1,Kaski,3.0,0.0,0.0,15.0,2.0,35.0,30.0,8.0,30.0,40.0,35.0,LOW
Annapurna Circuit Route,28.7,84.3,Manang,10.0,20.0,20.0,1.0,10.0,0.0,0.0,0.0,100.0,100.0,100.0,HIGH
Manang Icefall Area,28.68,84.02,Manang,9.0,18.0,17.0,1.0,10.0,0.0,0.0,0.0,100.0,100.0,100.0,HIGH
Gangapurna Lake,28.68,84.01,Manang,7.0,16.0,12.0,2.0,9.0,0.0,0.0,0.0,100.0,95.0,98.0,HIGH
Khangsar Village,28.68,84.0,Manang,6.0,14.0,10.0,2.0,9.0,0.0,0.0,0.0,100.0,95.0,98.0,HIGH
Yak Khola Route,28.73,84.25,Manang,8.0,17.0,14.0,1.0,10.0,0.0,0.0,0.0,100.0,100.0,100.0,HIGH
Muktinath Area,28.817,83.871,Mustang,2.0,5.0,0.0,3.0,5.0,8.0,6.0,2.0,50.0,45.0,47.0,MEDIUM
Lomanthang Palace,29.18,83.95,Mustang,1.0,1.0,0.0,0.0,3.0,5.0,4.0,1.0,40.0,20.0,30.0,LOW
Choser Cave,29.25,83.97,Mustang,2.0,3.0,0.0,0.0,4.0,3.0,2.0,1.0,60.0,30.0,45.0,MEDIUM
Dhakmar Village,29.22,83.9,Mustang,3.0,7.0,2.0,1.0,6.0,0.0,0.0,0.0,90.0,70.0,80.0,HIGH
Ghami Village,29.22,83.85,Mustang,2.0,5.0,0.0,1.0,5.0,0.0,0.0,0.0,85.0,60.0,75.0,HIGH
Tsarang Village,29.1,83.95,Mustang,2.0,4.0,0.0,1.0,5.0,0.0,0.0,0.0,80.0,55.0,70.0,HIGH
Kagbeni Monastery,28.84,83.78,Mustang,2.0,6.0,1.0,4.0,6.0,2.0,2.0,0.0,75.0,70.0,73.0,HIGH
Lete Village,28.62,83.6,Mustang,4.0,8.0,3.0,5.0,7.0,1.0,1.0,0.0,80.0,75.0,78.0,HIGH
Tatopani Hot Spring,28.49,83.65,Myagdi,3.0,2.0,0.0,12.0,4.0,8.0,6.0,2.0,55.0,65.0,60.0,MEDIUM
Ghandruk Village,28.37,83.8,Kaski,3.0,7.0,1.0,3.0,6.0,8.0,6.0,2.0,55.0,60.0,58.0,MEDIUM
Chhomrong Village,28.45,83.85,Kaski,5.0,12.0,7.0,2.0,8.0,0.0,0.0,0.0,95.0,90.0,93.0,HIGH
Sinuwa Village,28.47,83.87,Kaski,4.0,10.0,5.0,3.0,7.0,1.0,1.0,0.0,90.0,85.0,87.0,HIGH
Bamboo Village,28.49,83.9,Kaski,5.0,13.0,8.0,2.0,8.0,0.0,0.0,0.0,95.0,90.0,93.0,HIGH
Deurali Annapurna,28.52,83.95,Kaski,8.0,17.0,14.0,1.0,10.0,0.0,0.0,0.0,100.0,100.0,100.0,HIGH
Machhapuchhre Model Trek,28.52,84.02,Kaski,8.0,17.0,14.0,1.0,10.0,0.0,0.0,0.0,100.0,100.0,100.0,HIGH
ABC Glacier Area,28.53,84.56,Kaski,10.0,20.0,20.0,1.0,10.0,0.0,0.0,0.0,100.0,100.0,100.0,HIGH
Jhinu Danda Hot Spring,28.4,83.88,Kaski,2.0,5.0,0.0,4.0,5.0,10.0,8.0,2.0,50.0,45.0,47.0,MEDIUM
Tolka Village,28.35,83.85,Kaski,2.0,4.0,0.0,3.0,5.0,12.0,10.0,3.0,40.0,40.0,40.0,MEDIUM
Dhampus Trail,28.32,83.86,Kaski,1.0,3.0,0.0,3.0,4.0,15.0,12.0,3.0,30.0,30.0,30.0,LOW
Sarangkot Viewpoint,28.25,83.95,Kaski,2.0,1.0,0.0,3.0,4.0,50.0,40.0,10.0,15.0,20.0,17.0,LOW
World Peace Pagoda,28.2,83.94,Kaski,1.0,1.0,0.0,2.0,4.0,50.0,40.0,10.0,10.0,15.0,12.0,LOW
Continuing Rural Nepal Tourism Risk Dataset — Rows 3501–3600,0.0,0.0,,0.0,0.0,0.0,0.0,0.0,0.0,0.0,0.0,0.0,0.0,0.0,
Chumling Village Trail,28.55,84.62,Gorkha,9.0,14.0,5.0,2.0,8.0,5.0,5.0,2.0,70.0,80.0,82.0,HIGH
Lokpa Rural Settlement,28.53,84.6,Gorkha,8.0,13.0,4.0,2.0,8.0,5.0,5.0,2.0,70.0,75.0,78.0,HIGH
Jagat Village Route,28.52,84.7,Gorkha,6.0,10.0,3.0,4.0,7.0,10.0,8.0,3.0,65.0,70.0,72.0,HIGH
Deng Rural Camp,28.6,84.6,Gorkha,10.0,15.0,6.0,1.0,9.0,0.0,0.0,0.0,100.0,90.0,92.0,HIGH
Namrung Village Trail,28.62,84.62,Gorkha,9.0,14.0,5.0,2.0,8.0,5.0,5.0,2.0,70.0,80.0,82.0,HIGH
Lho Community Village,28.65,84.6,Gorkha,8.0,12.0,4.0,1.0,8.0,5.0,5.0,2.0,70.0,75.0,78.0,HIGH
Samagaun Rural Camp,28.61,84.63,Gorkha,16.0,20.0,15.0,0.0,10.0,0.0,0.0,0.0,100.0,100.0,98.0,HIGH
Samdo Village Route,28.7,84.62,Gorkha,17.0,20.0,18.0,0.0,10.0,0.0,0.0,0.0,100.0,100.0,99.0,HIGH
Dharmasala Rural Area,28.72,84.65,Gorkha,14.0,18.0,12.0,0.0,10.0,0.0,0.0,0.0,100.0,95.0,95.0,HIGH
Bimthang Village Trail,28.67,84.45,Gorkha,13.0,17.0,10.0,0.0,9.0,0.0,0.0,0.0,100.0,95.0,95.0,HIGH
Khorlabesi Rural Route,28.5,84.75,Gorkha,5.0,9.0,2.0,5.0,7.0,10.0,8.0,3.0,65.0,70.0,72.0,HIGH
Tatopani Manaslu Area,28.48,84.78,Gorkha,3.0,6.0,0.0,12.0,5.0,40.0,30.0,10.0,25.0,45.0,50.0,MEDIUM
Machha Khola Village,28.53,84.7,Gorkha,7.0,12.0,3.0,8.0,8.0,5.0,5.0,2.0,70.0,80.0,82.0,HIGH
Baruwa Rural Village,28.15,85.65,Sindhupalchok,5.0,9.0,2.0,5.0,7.0,10.0,8.0,3.0,65.0,70.0,72.0,HIGH
Yarsa Village Trail,28.1,85.7,Sindhupalchok,7.0,12.0,3.0,4.0,8.0,5.0,5.0,2.0,70.0,75.0,78.0,HIGH
Thangpal Rural Area,28.05,85.65,Sindhupalchok,4.0,8.0,0.0,7.0,6.0,20.0,15.0,5.0,50.0,65.0,68.0,HIGH
Gaurishankar Rural Trail,27.9,86.3,Dolakha,15.0,18.0,12.0,0.0,10.0,0.0,0.0,0.0,100.0,95.0,95.0,HIGH
Beding Glacier Route,27.85,86.45,Dolakha,18.0,20.0,18.0,0.0,10.0,0.0,0.0,0.0,100.0,100.0,99.0,HIGH
Tsho Rolpa Lake Camp,27.85,86.48,Dolakha,17.0,20.0,15.0,0.0,10.0,0.0,0.0,0.0,100.0,100.0,98.0,HIGH
Rolwaling Village,27.9,86.35,Dolakha,16.0,20.0,15.0,0.0,10.0,0.0,0.0,0.0,100.0,100.0,98.0,HIGH
Khumbu Rural Settlement,27.9,86.7,Solukhumbu,14.0,18.0,12.0,0.0,10.0,0.0,0.0,0.0,100.0,95.0,95.0,HIGH
Phakding Village Route,27.75,86.72,Solukhumbu,5.0,8.0,2.0,3.0,6.0,15.0,10.0,3.0,55.0,65.0,68.0,HIGH
Monjo Rural Area,27.76,86.73,Solukhumbu,4.0,7.0,0.0,3.0,6.0,20.0,15.0,5.0,50.0,60.0,65.0,HIGH
Namche Rural Trail,27.8,86.72,Solukhumbu,8.0,12.0,5.0,1.0,8.0,5.0,5.0,2.0,70.0,75.0,78.0,HIGH
Thame Village Route,27.95,86.72,Solukhumbu,11.0,16.0,8.0,0.0,9.0,0.0,0.0,0.0,100.0,90.0,92.0,HIGH
Khumjung Village,27.83,86.72,Solukhumbu,7.0,11.0,4.0,1.0,8.0,5.0,5.0,2.0,70.0,75.0,78.0,HIGH
Phortse Rural Trail,27.85,86.75,Solukhumbu,10.0,15.0,6.0,0.0,9.0,0.0,0.0,0.0,100.0,90.0,92.0,HIGH
Machhermo Village,27.95,86.73,Solukhumbu,12.0,16.0,8.0,0.0,9.0,0.0,0.0,0.0,100.0,90.0,92.0,HIGH
Gokyo Rural Lake Route,27.95,86.7,Solukhumbu,16.0,20.0,15.0,0.0,10.0,0.0,0.0,0.0,100.0,100.0,98.0,HIGH
Dole Village Camp,27.9,86.72,Solukhumbu,9.0,14.0,5.0,1.0,8.0,5.0,5.0,2.0,70.0,80.0,82.0,HIGH
Sotang Rural Homestay,27.55,86.75,Khotang,5.0,9.0,2.0,4.0,7.0,10.0,8.0,3.0,65.0,70.0,72.0,HIGH
Mahakulung Village Route,27.6,86.75,Solukhumbu,11.0,15.0,7.0,2.0,9.0,0.0,0.0,0.0,100.0,90.0,92.0,HIGH
Necha Rural Trail,27.45,86.58,Solukhumbu,4.0,7.0,0.0,5.0,5.0,20.0,15.0,5.0,45.0,55.0,60.0,MEDIUM
Dhaulagiri Base Camp,28.75,83.45,Myagdi,10.0,20.0,20.0,1.0,10.0,0.0,0.0,0.0,100.0,100.0,100.0,HIGH
Rupa Lake Viewpoint,28.15,84.16,Kaski,2.0,0.0,0.0,10.0,3.0,20.0,15.0,5.0,35.0,40.0,38.0,MEDIUM
Kahun Danda,28.25,83.98,Kaski,2.0,3.0,0.0,3.0,4.0,20.0,15.0,5.0,25.0,30.0,28.0,LOW
Naudanda View Point,28.28,83.85,Kaski,2.0,4.0,0.0,3.0,5.0,15.0,12.0,3.0,35.0,35.0,35.0,LOW
Pumdikot Shiva Statue,28.16,83.93,Kaski,1.0,1.0,0.0,2.0,4.0,40.0,35.0,10.0,10.0,15.0,12.0,LOW
Matepani Gumba,28.23,83.99,Kaski,0.0,0.0,0.0,2.0,3.0,40.0,35.0,10.0,5.0,5.0,5.0,LOW
Gupteshwor Cave,28.19,83.96,Kaski,1.0,0.0,0.0,2.0,3.0,60.0,50.0,15.0,5.0,10.0,8.0,LOW
Davis Falls,28.19,83.96,Kaski,3.0,0.0,0.0,8.0,2.0,60.0,50.0,15.0,10.0,20.0,15.0,LOW
Khumai Danda,28.4,84.0,Kaski,5.0,12.0,6.0,2.0,8.0,0.0,0.0,0.0,95.0,90.0,93.0,HIGH
Kori Trek Camp,28.43,84.0,Kaski,7.0,15.0,10.0,2.0,9.0,0.0,0.0,0.0,100.0,95.0,98.0,HIGH
Annapurna South Base Camp,28.52,83.8,Kaski,9.0,18.0,16.0,1.0,10.0,0.0,0.0,0.0,100.0,100.0,100.0,HIGH
Mardi Himal Base Camp,28.6,83.96,Kaski,9.0,18.0,16.0,1.0,10.0,0.0,0.0,0.0,100.0,100.0,100.0,HIGH
Mardi View Point,28.56,83.95,Kaski,6.0,14.0,9.0,2.0,8.0,0.0,0.0,0.0,100.0,95.0,98.0,HIGH
Low Camp Mardi,28.57,83.95,Kaski,5.0,12.0,7.0,2.0,8.0,0.0,0.0,0.0,95.0,90.0,93.0,HIGH
Forest Camp Mardi,28.58,83.96,Kaski,5.0,13.0,8.0,2.0,8.0,0.0,0.0,0.0,95.0,90.0,93.0,HIGH
Panchase Bhanjyang,28.25,83.75,Kaski,4.0,9.0,3.0,3.0,6.0,2.0,1.0,0.0,75.0,70.0,73.0,HIGH
Siddha Gufa,28.4,84.12,Tanahun,2.0,4.0,0.0,5.0,5.0,10.0,8.0,2.0,45.0,45.0,45.0,MEDIUM
Bandipur Bazaar,27.94,84.41,Tanahun,1.0,2.0,0.0,3.0,5.0,25.0,20.0,5.0,20.0,25.0,22.0,LOW
Thani Mai Temple,27.94,84.41,Tanahun,1.0,3.0,0.0,3.0,5.0,20.0,15.0,5.0,30.0,30.0,30.0,LOW
Ramkot Village,27.97,84.38,Tanahun,2.0,5.0,0.0,4.0,5.0,10.0,8.0,2.0,50.0,45.0,47.0,MEDIUM
Chimkeswari Hill,27.95,84.25,Tanahun,4.0,8.0,2.0,3.0,6.0,5.0,4.0,1.0,65.0,60.0,62.0,MEDIUM
Gorkha Durbar,28.0,84.63,Gorkha,1.0,2.0,0.0,3.0,8.0,30.0,25.0,8.0,15.0,20.0,17.0,LOW
Gorkha Bazaar,28.0,84.63,Gorkha,1.0,3.0,0.0,5.0,6.0,25.0,20.0,5.0,25.0,30.0,28.0,LOW
Ligligkot,28.08,84.52,Gorkha,3.0,7.0,1.0,3.0,6.0,5.0,4.0,1.0,60.0,65.0,62.0,MEDIUM
Sirandanda Viewpoint,28.15,84.55,Gorkha,4.0,9.0,2.0,3.0,7.0,3.0,2.0,1.0,70.0,70.0,70.0,HIGH
Aarughat Bazaar,28.05,84.82,Gorkha,3.0,5.0,0.0,12.0,5.0,8.0,6.0,2.0,65.0,70.0,68.0,HIGH
Soti Khola,28.55,84.8,Gorkha,7.0,14.0,10.0,3.0,8.0,0.0,0.0,0.0,100.0,95.0,98.0,HIGH
Machha Khola,28.6,84.75,Gorkha,7.0,15.0,12.0,2.0,9.0,0.0,0.0,0.0,100.0,95.0,98.0,HIGH
Jagat Manaslu,28.57,84.7,Gorkha,8.0,17.0,14.0,2.0,10.0,0.0,0.0,0.0,100.0,100.0,100.0,HIGH
Deng Village,28.65,84.7,Gorkha,7.0,16.0,12.0,2.0,9.0,0.0,0.0,0.0,100.0,95.0,98.0,HIGH
Namrung Village,28.68,84.65,Gorkha,7.0,16.0,13.0,1.0,10.0,0.0,0.0,0.0,100.0,100.0,100.0,HIGH
Lho Village,28.68,84.6,Gorkha,8.0,17.0,14.0,1.0,10.0,0.0,0.0,0.0,100.0,100.0,100.0,HIGH
Shyala Village,28.63,84.58,Gorkha,8.0,17.0,15.0,1.0,10.0,0.0,0.0,0.0,100.0,100.0,100.0,HIGH
Samdo Village,28.7,84.6,Gorkha,9.0,18.0,16.0,1.0,10.0,0.0,0.0,0.0,100.0,100.0,100.0,HIGH
Dharmasala Manaslu,28.75,84.55,Gorkha,10.0,20.0,20.0,1.0,10.0,0.0,0.0,0.0,100.0,100.0,100.0,HIGH
Birendra Lake,28.65,84.56,Gorkha,8.0,17.0,15.0,1.0,10.0,0.0,0.0,0.0,100.0,100.0,100.0,HIGH
Manaslu Glacier,28.65,84.5,Gorkha,10.0,20.0,20.0,1.0,10.0,0.0,0.0,0.0,100.0,100.0,100.0,HIGH
Chitwan Sauraha,27.58,84.49,Chitwan,2.0,0.0,0.0,12.0,3.0,30.0,25.0,8.0,35.0,45.0,40.0,MEDIUM
Rapti River Safari,27.58,84.5,Chitwan,4.0,0.0,0.0,18.0,2.0,20.0,15.0,5.0,60.0,70.0,65.0,HIGH
Elephant Breeding Center,27.57,84.5,Chitwan,1.0,0.0,0.0,8.0,2.0,25.0,20.0,5.0,20.0,30.0,25.0,LOW
Bishazari Lake,27.62,84.42,Chitwan,2.0,0.0,0.0,10.0,2.0,20.0,15.0,5.0,35.0,45.0,40.0,MEDIUM
Chitwan Jungle Tower,27.6,84.45,Chitwan,3.0,0.0,0.0,12.0,2.0,15.0,12.0,3.0,45.0,50.0,48.0,MEDIUM
Lukla Rural Trail,27.687,86.731,Solukhumbu,5.0,8.0,2.0,2.0,6.0,20.0,15.0,5.0,50.0,65.0,68.0,HIGH
Surke Village Route,27.68,86.75,Solukhumbu,4.0,7.0,0.0,3.0,6.0,20.0,15.0,5.0,50.0,60.0,65.0,HIGH
Chaurikharka Rural Area,27.72,86.72,Solukhumbu,6.0,10.0,3.0,2.0,7.0,10.0,8.0,3.0,65.0,70.0,72.0,HIGH
Kharikhola Village Trail,27.65,86.7,Solukhumbu,8.0,12.0,4.0,3.0,8.0,5.0,5.0,2.0,70.0,75.0,78.0,HIGH
Bupsa Rural Camp,27.62,86.65,Solukhumbu,7.0,11.0,3.0,4.0,7.0,10.0,8.0,3.0,65.0,70.0,72.0,HIGH
Paiya Village Route,27.62,86.6,Solukhumbu,5.0,9.0,2.0,5.0,7.0,15.0,10.0,3.0,60.0,70.0,72.0,HIGH
Junbesi Rural Settlement,27.6,86.58,Solukhumbu,4.0,7.0,0.0,4.0,6.0,20.0,15.0,5.0,50.0,60.0,65.0,HIGH
Ringmo Village Trail,27.62,86.55,Solukhumbu,6.0,10.0,3.0,3.0,7.0,10.0,8.0,3.0,65.0,70.0,72.0,HIGH
Pikey Peak Rural Route,27.65,86.58,Solukhumbu,12.0,16.0,8.0,1.0,9.0,0.0,0.0,0.0,100.0,90.0,92.0,HIGH
Kerung Rural Camp,28.45,85.2,Rasuwa,12.0,16.0,8.0,2.0,9.0,0.0,0.0,0.0,100.0,90.0,92.0,HIGH
Timure Village Route,28.42,85.15,Rasuwa,8.0,13.0,4.0,5.0,8.0,5.0,5.0,2.0,70.0,80.0,82.0,HIGH
Rasuwagadhi Rural Trail,28.43,85.16,Rasuwa,10.0,15.0,6.0,4.0,8.0,0.0,0.0,0.0,100.0,90.0,92.0,HIGH
Syabrubesi Rural Area,28.17,85.37,Rasuwa,4.0,7.0,0.0,10.0,5.0,30.0,25.0,10.0,40.0,60.0,65.0,HIGH
Sherpagaun Village Trail,28.22,85.42,Rasuwa,9.0,14.0,5.0,3.0,8.0,5.0,5.0,2.0,70.0,80.0,82.0,HIGH
Kyangjin Rural Meadow,28.21,85.57,Rasuwa,16.0,20.0,15.0,0.0,10.0,0.0,0.0,0.0,100.0,100.0,98.0,HIGH
Dhunche Mountain Route,28.11,85.3,Rasuwa,5.0,8.0,2.0,4.0,6.0,20.0,15.0,5.0,50.0,65.0,68.0,HIGH
Thulo Syabru Village,28.15,85.33,Rasuwa,7.0,11.0,3.0,3.0,7.0,10.0,8.0,3.0,65.0,70.0,72.0,HIGH
Cholangpati Trail,28.08,85.42,Rasuwa,11.0,15.0,7.0,0.0,9.0,0.0,0.0,0.0,100.0,90.0,92.0,HIGH
Nuwakot Kakani Rural Trail,27.8,85.25,Nuwakot,2.0,4.0,0.0,5.0,4.0,60.0,50.0,20.0,10.0,25.0,30.0,LOW
Suryachaur Village Route,27.82,85.27,Nuwakot,3.0,5.0,0.0,6.0,5.0,50.0,40.0,15.0,20.0,35.0,40.0,MEDIUM
Dupcheshwar Rural Camp,27.9,85.3,Nuwakot,6.0,10.0,3.0,5.0,7.0,10.0,8.0,3.0,65.0,70.0,72.0,HIGH
Kakani Forest Trail,27.8,85.28,Nuwakot,2.0,4.0,0.0,3.0,4.0,70.0,60.0,20.0,5.0,20.0,25.0,LOW
Dhading Ruby Valley,28.15,85.05,Dhading,14.0,18.0,10.0,2.0,9.0,0.0,0.0,0.0,100.0,95.0,95.0,HIGH
Tipling Village Route,28.18,85.1,Dhading,10.0,15.0,6.0,3.0,8.0,5.0,5.0,2.0,75.0,80.0,82.0,HIGH
Lapa Rural Trail,28.2,85.12,Dhading,12.0,16.0,8.0,2.0,9.0,0.0,0.0,0.0,100.0,90.0,92.0,HIGH
Ganesh Himal Rural Camp,28.3,85.0,Dhading,16.0,20.0,15.0,0.0,10.0,0.0,0.0,0.0,100.0,100.0,98.0,HIGH
Sertung Village Trail,28.25,85.08,Dhading,8.0,13.0,4.0,3.0,8.0,5.0,5.0,2.0,70.0,80.0,82.0,HIGH
Jharlang Rural Route,28.15,85.2,Dhading,7.0,12.0,3.0,4.0,8.0,5.0,5.0,2.0,70.0,75.0,78.0,HIGH
Buddha Himal Rural Area,28.2,85.05,Dhading,11.0,15.0,7.0,2.0,9.0,0.0,0.0,0.0,100.0,90.0,92.0,HIGH
Tamang Heritage Trail,28.18,85.35,Rasuwa,10.0,15.0,6.0,2.0,8.0,5.0,5.0,2.0,75.0,80.0,82.0,HIGH
Gatlang Village Route,28.22,85.37,Rasuwa,9.0,14.0,5.0,2.0,8.0,5.0,5.0,2.0,70.0,80.0,82.0,HIGH
Nagthali Rural Viewpoint,28.25,85.4,Rasuwa,12.0,16.0,8.0,1.0,9.0,0.0,0.0,0.0,100.0,90.0,92.0,HIGH
Bardia National Park Core,28.45,81.35,Bardiya,3.0,0.0,0.0,10.0,2.0,10.0,8.0,2.0,45.0,50.0,48.0,MEDIUM
Bardia Thakurdwara,28.45,81.3,Bardiya,2.0,0.0,0.0,8.0,2.0,15.0,12.0,3.0,35.0,40.0,38.0,MEDIUM
Karnali Bridge Area,28.65,81.3,Kailali,5.0,0.0,0.0,18.0,3.0,8.0,6.0,2.0,70.0,75.0,73.0,HIGH
Ghodaghodi Lake,28.7,80.95,Kailali,2.0,0.0,0.0,12.0,2.0,15.0,12.0,3.0,45.0,55.0,50.0,MEDIUM
Tikapur Park,28.52,81.12,Kailali,1.0,0.0,0.0,8.0,2.0,25.0,20.0,5.0,20.0,30.0,25.0,LOW
Shuklaphanta Grassland,28.9,80.25,Kanchanpur,3.0,0.0,0.0,12.0,2.0,10.0,8.0,2.0,50.0,55.0,52.0,MEDIUM
Mahendranagar Lake,28.96,80.18,Kanchanpur,1.0,0.0,0.0,10.0,2.0,30.0,25.0,8.0,15.0,25.0,20.0,LOW
Dodhara Chandani Bridge,28.85,80.13,Kanchanpur,2.0,0.0,0.0,15.0,2.0,15.0,12.0,3.0,45.0,60.0,52.0,MEDIUM
Darchula Mahakali River,29.3,80.6,Darchula,5.0,1.0,0.0,18.0,3.0,5.0,4.0,1.0,80.0,80.0,80.0,HIGH
Malikarjun Temple,29.35,80.6,Darchula,2.0,5.0,0.0,4.0,6.0,5.0,4.0,1.0,60.0,60.0,60.0,MEDIUM
Gokuleshwar Area,29.55,80.55,Darchula,3.0,7.0,2.0,3.0,7.0,2.0,1.0,0.0,75.0,70.0,73.0,HIGH
Saipal Himal Trail,30.0,81.2,Bajhang,10.0,20.0,20.0,1.0,10.0,0.0,0.0,0.0,100.0,100.0,100.0,HIGH
Khaptad Ashram,29.26,81.1,Doti,3.0,8.0,2.0,3.0,6.0,3.0,2.0,1.0,65.0,65.0,65.0,HIGH
Martadi Bazaar,29.4,81.25,Bajura,3.0,8.0,2.0,4.0,7.0,2.0,2.0,0.0,80.0,75.0,78.0,HIGH
Jaljala Area,28.8,82.5,Rolpa,7.0,15.0,10.0,2.0,9.0,0.0,0.0,0.0,100.0,95.0,98.0,HIGH
Rolpa Thawang,28.65,82.65,Rolpa,5.0,12.0,6.0,3.0,8.0,0.0,1.0,0.0,90.0,85.0,87.0,HIGH
Jaljala Hill Rolpa,28.8,82.5,Rolpa,7.0,15.0,10.0,2.0,9.0,0.0,0.0,0.0,100.0,95.0,98.0,HIGH
Rukum East Dhorpatan,28.9,83.0,Rukum East,8.0,16.0,12.0,2.0,10.0,0.0,0.0,0.0,100.0,100.0,100.0,HIGH
Syarpu Lake,28.95,82.25,Rukum West,3.0,7.0,2.0,5.0,6.0,2.0,2.0,0.0,75.0,65.0,69.0,HIGH
Sisne Himal,28.7,82.6,Rukum West,8.0,16.0,12.0,2.0,10.0,0.0,0.0,0.0,100.0,100.0,100.0,HIGH
Jumla Chandannath,29.28,82.18,Jumla,2.0,5.0,0.0,4.0,5.0,8.0,6.0,2.0,55.0,50.0,52.0,MEDIUM
Sinja Valley,29.28,82.18,Jumla,4.0,10.0,3.0,3.0,7.0,1.0,1.0,0.0,90.0,85.0,87.0,HIGH
Patmara Lake Jumla,29.25,82.3,Jumla,6.0,13.0,7.0,2.0,9.0,0.0,0.0,0.0,100.0,95.0,98.0,HIGH
Mugu Rara Route,29.1,82.1,Mugu,7.0,14.0,8.0,3.0,8.0,0.0,0.0,0.0,100.0,95.0,98.0,HIGH
Murmure Village,29.52,82.1,Mugu,3.0,8.0,2.0,4.0,7.0,1.0,1.0,0.0,80.0,75.0,78.0,HIGH
Dolpa Phoksundo Lake,29.2,82.95,Dolpa,10.0,20.0,20.0,1.0,10.0,0.0,0.0,0.0,100.0,100.0,100.0,HIGH
Phoksundo Waterfall,29.18,82.95,Dolpa,9.0,18.0,16.0,1.0,10.0,0.0,0.0,0.0,100.0,100.0,100.0,HIGH
Shey Phoksundo National Park,29.4,83.0,Dolpa,10.0,20.0,20.0,1.0,10.0,0.0,0.0,0.0,100.0,100.0,100.0,HIGH
Juphal Airport,29.27,82.19,Dolpa,5.0,10.0,5.0,2.0,8.0,1.0,1.0,0.0,90.0,85.0,87.0,HIGH
Karnali River Corridor,29.0,82.3,Dolpa,6.0,3.0,0.0,15.0,4.0,1.0,1.0,0.0,80.0,75.0,78.0,HIGH
Panch Pokhari Upper Trail,28.0,85.7,Sindhupalchok,15.0,18.0,10.0,1.0,9.0,0.0,0.0,0.0,100.0,95.0,95.0,HIGH
Yarshagumba Rural Camp,28.05,85.75,Sindhupalchok,18.0,20.0,15.0,0.0,10.0,0.0,0.0,0.0,100.0,100.0,98.0,HIGH
Helambu Forest Route,28.02,85.6,Sindhupalchok,7.0,12.0,3.0,5.0,8.0,5.0,5.0,2.0,70.0,80.0,82.0,HIGH
Sermathang Village Trail,28.02,85.58,Sindhupalchok,4.0,7.0,0.0,4.0,5.0,25.0,20.0,5.0,45.0,55.0,60.0,MEDIUM
Melamchi Gaun Route,28.12,85.58,Sindhupalchok,5.0,9.0,2.0,15.0,7.0,20.0,15.0,5.0,50.0,65.0,68.0,HIGH
Bhotang Rural Camp,28.05,85.7,Sindhupalchok,11.0,16.0,7.0,2.0,9.0,0.0,0.0,0.0,100.0,90.0,92.0,HIGH
Jugal Himal Trail,28.2,85.7,Sindhupalchok,17.0,20.0,15.0,0.0,10.0,0.0,0.0,0.0,100.0,100.0,98.0,HIGH
Chautara Rural View,27.78,85.71,Sindhupalchok,3.0,5.0,0.0,8.0,5.0,50.0,40.0,15.0,20.0,35.0,40.0,MEDIUM
Fulping Rural Area,27.95,85.65,Sindhupalchok,6.0,10.0,3.0,6.0,7.0,10.0,8.0,3.0,65.0,75.0,78.0,HIGH
Panchkhal Rural Trail,27.65,85.62,Kavrepalanchok,2.0,4.0,0.0,7.0,4.0,60.0,50.0,20.0,15.0,30.0,35.0,LOW
Namobuddha Rural Route,27.57,85.56,Kavrepalanchok,2.0,3.0,0.0,5.0,3.0,80.0,70.0,25.0,5.0,15.0,20.0,LOW
Balthali Village Trail,27.58,85.55,Kavrepalanchok,3.0,5.0,0.0,5.0,4.0,60.0,50.0,20.0,10.0,25.0,30.0,LOW
Bethanchok Rural Hill,27.6,85.5,Kavrepalanchok,4.0,7.0,0.0,5.0,5.0,40.0,30.0,10.0,25.0,40.0,45.0,MEDIUM
Panauti Rural Heritage,27.58,85.52,Kavrepalanchok,2.0,4.0,0.0,6.0,4.0,70.0,60.0,20.0,5.0,20.0,25.0,LOW
Makwanpur Daman Trail,27.6,85.08,Makwanpur,4.0,7.0,0.0,6.0,5.0,40.0,30.0,10.0,25.0,45.0,50.0,MEDIUM
Chitlang Rural Route,27.65,85.2,Makwanpur,3.0,5.0,0.0,5.0,4.0,60.0,50.0,20.0,10.0,25.0,30.0,LOW
Kulekhani Village Trail,27.58,85.15,Makwanpur,5.0,8.0,0.0,15.0,6.0,30.0,25.0,10.0,40.0,60.0,65.0,HIGH
Palung Rural Area,27.63,85.1,Makwanpur,4.0,7.0,0.0,8.0,5.0,50.0,40.0,15.0,20.0,35.0,40.0,MEDIUM
Tistung Rural Trail,27.62,85.12,Makwanpur,5.0,9.0,2.0,7.0,7.0,20.0,15.0,5.0,50.0,65.0,68.0,HIGH
Chepang Hills Route,27.7,84.95,Chitwan,8.0,12.0,3.0,10.0,7.0,15.0,10.0,3.0,60.0,70.0,72.0,HIGH
Siraichuli Rural Trail,27.75,84.95,Chitwan,7.0,11.0,3.0,8.0,6.0,20.0,15.0,5.0,50.0,65.0,68.0,HIGH
Ichchhakamana Village,27.7,84.85,Chitwan,5.0,9.0,2.0,12.0,6.0,30.0,25.0,10.0,40.0,60.0,65.0,HIGH
Upardang Gadhi Trail,27.65,84.9,Chitwan,4.0,7.0,0.0,9.0,5.0,40.0,30.0,10.0,25.0,45.0,50.0,MEDIUM
Kaule Rural Area,27.65,84.85,Chitwan,3.0,6.0,0.0,10.0,5.0,40.0,30.0,10.0,25.0,45.0,50.0,MEDIUM
Devghat Rural Route,27.7,84.43,Tanahun,2.0,4.0,0.0,15.0,4.0,70.0,60.0,20.0,5.0,20.0,25.0,LOW
Madi Rural Village,27.8,84.4,Tanahun,3.0,6.0,0.0,12.0,5.0,50.0,40.0,15.0,20.0,40.0,45.0,MEDIUM
Bandipur Rural Trail,27.94,84.4,Tanahun,2.0,3.0,0.0,5.0,3.0,80.0,70.0,25.0,5.0,15.0,20.0,LOW
Chimkeshwari Trail,28.0,84.2,Tanahun,5.0,8.0,0.0,6.0,6.0,25.0,20.0,5.0,45.0,55.0,60.0,MEDIUM
Damauli Rural Area,27.98,84.25,Tanahun,2.0,4.0,0.0,10.0,4.0,70.0,60.0,20.0,5.0,20.0,25.0,LOW
Saldang Village,29.35,83.1,Dolpa,8.0,17.0,15.0,1.0,10.0,0.0,0.0,0.0,100.0,100.0,100.0,HIGH
Namgung Monastery,29.4,83.05,Dolpa,9.0,18.0,16.0,1.0,10.0,0.0,0.0,0.0,100.0,100.0,100.0,HIGH
Chharka Village,29.15,83.3,Dolpa,7.0,16.0,13.0,1.0,10.0,0.0,0.0,0.0,100.0,95.0,98.0,HIGH
Dho Tarap Monastery,29.1,83.02,Dolpa,8.0,17.0,14.0,1.0,10.0,0.0,0.0,0.0,100.0,100.0,100.0,HIGH
Tarap Valley Trail,29.12,83.02,Dolpa,7.0,15.0,12.0,2.0,9.0,0.0,0.0,0.0,100.0,95.0,98.0,HIGH
Bheri River Dolpa,29.0,82.7,Dolpa,6.0,3.0,0.0,16.0,4.0,1.0,1.0,0.0,80.0,80.0,80.0,HIGH
Jomsom Mustang Trail,28.78,83.72,Mustang,4.0,7.0,2.0,10.0,5.0,2.0,2.0,0.0,75.0,70.0,73.0,HIGH
Nilgiri View Point,28.7,83.7,Mustang,6.0,13.0,8.0,2.0,8.0,0.0,0.0,0.0,95.0,90.0,93.0,HIGH
Dhaulagiri Icefall,28.75,83.45,Myagdi,10.0,20.0,20.0,1.0,10.0,0.0,0.0,0.0,100.0,100.0,100.0,HIGH
Ghorepani Poon Hill Route,28.4,83.69,Myagdi,3.0,7.0,1.0,3.0,5.0,5.0,4.0,1.0,55.0,60.0,58.0,MEDIUM
Kopra Ridge,28.42,83.7,Myagdi,7.0,15.0,10.0,2.0,9.0,0.0,0.0,0.0,100.0,95.0,98.0,HIGH
Narchyang Village,28.56,83.55,Myagdi,5.0,12.0,6.0,3.0,8.0,1.0,1.0,0.0,90.0,85.0,87.0,HIGH
Dana Village,28.5,83.65,Myagdi,3.0,5.0,0.0,10.0,5.0,8.0,6.0,2.0,60.0,65.0,62.0,MEDIUM
Kali Gandaki River Trail,28.6,83.65,Myagdi,5.0,3.0,0.0,15.0,4.0,3.0,3.0,1.0,75.0,75.0,75.0,HIGH
Beni-Jomsom Road,28.5,83.65,Myagdi,8.0,12.0,3.0,10.0,7.0,5.0,4.0,1.0,85.0,85.0,85.0,HIGH
Rupse Waterfall,28.62,83.65,Myagdi,4.0,6.0,0.0,8.0,5.0,5.0,4.0,1.0,60.0,60.0,60.0,MEDIUM
Kushma Bungee Area,28.21,83.68,Parbat,5.0,1.0,0.0,10.0,3.0,15.0,12.0,3.0,55.0,55.0,55.0,MEDIUM
Modi Khola Gorge,28.3,83.7,Parbat,6.0,2.0,0.0,15.0,4.0,5.0,4.0,1.0,80.0,75.0,78.0,HIGH
Patalekhet Viewpoint,28.3,83.65,Parbat,2.0,5.0,0.0,3.0,5.0,8.0,6.0,2.0,50.0,45.0,47.0,MEDIUM
Dhorpatan Reserve Camp,28.3,83.0,Baglung,8.0,16.0,10.0,3.0,9.0,0.0,0.0,0.0,100.0,95.0,98.0,HIGH
Galkot Palace,28.22,83.42,Baglung,2.0,5.0,0.0,5.0,5.0,8.0,6.0,2.0,50.0,45.0,47.0,MEDIUM
Tamang Heritage Trail,28.3,85.3,Rasuwa,6.0,14.0,10.0,2.0,9.0,0.0,0.0,0.0,100.0,95.0,98.0,HIGH
Briddim Village,28.25,85.35,Rasuwa,5.0,12.0,8.0,2.0,8.0,0.0,0.0,0.0,95.0,90.0,93.0,HIGH
Langtang Village,28.23,85.56,Rasuwa,8.0,17.0,14.0,1.0,10.0,0.0,0.0,0.0,100.0,100.0,100.0,HIGH
Kyanjin Gompa,28.21,85.57,Rasuwa,9.0,18.0,16.0,1.0,10.0,0.0,0.0,0.0,100.0,100.0,100.0,HIGH
Langtang Glacier,28.25,85.6,Rasuwa,10.0,20.0,20.0,1.0,10.0,0.0,0.0,0.0,100.0,100.0,100.0,HIGH
Yala Peak Base Camp,28.25,85.55,Rasuwa,10.0,20.0,20.0,1.0,10.0,0.0,0.0,0.0,100.0,100.0,100.0,HIGH
Rishing Rural Village,27.9,84.25,Tanahun,4.0,7.0,0.0,8.0,5.0,40.0,30.0,10.0,25.0,45.0,50.0,MEDIUM
Ghiring Rural Trail,27.85,84.3,Tanahun,5.0,8.0,0.0,7.0,6.0,30.0,25.0,10.0,35.0,50.0,55.0,MEDIUM
Kihun Village Route,27.95,84.3,Tanahun,3.0,6.0,0.0,6.0,5.0,50.0,40.0,15.0,20.0,35.0,40.0,MEDIUM
Syangja Panchase Trail,28.25,83.8,Syangja,6.0,10.0,2.0,5.0,7.0,15.0,10.0,3.0,60.0,70.0,72.0,HIGH
Sirubari Rural Homestay,28.05,83.85,Syangja,2.0,4.0,0.0,5.0,4.0,70.0,60.0,20.0,5.0,20.0,25.0,LOW
Aruchaur Village Route,28.1,83.85,Syangja,4.0,7.0,0.0,6.0,5.0,40.0,30.0,10.0,25.0,40.0,45.0,MEDIUM
Karkineta Rural Trail,28.25,83.7,Parbat,5.0,8.0,0.0,5.0,6.0,30.0,25.0,10.0,35.0,50.0,55.0,MEDIUM
Lumbini Rural Monastery Area,27.47,83.28,Rupandehi,0.0,0.0,0.0,8.0,0.0,100.0,90.0,40.0,0.0,15.0,20.0,LOW
Tilaurakot Rural Heritage,27.58,83.05,Kapilvastu,1.0,1.0,0.0,5.0,2.0,80.0,70.0,30.0,5.0,10.0,20.0,LOW
Jagadishpur Wetland Trail,27.55,83.05,Kapilvastu,2.0,2.0,0.0,15.0,3.0,60.0,50.0,20.0,15.0,30.0,35.0,LOW
Bardia Rural Jungle Route,28.3,81.35,Bardiya,5.0,1.0,0.0,25.0,4.0,40.0,30.0,10.0,40.0,45.0,55.0,MEDIUM
Thakurdwara Village Trail,28.45,81.35,Bardiya,4.0,1.0,0.0,20.0,3.0,50.0,40.0,15.0,30.0,40.0,45.0,MEDIUM
Karnali Riverside Camp,28.5,81.4,Bardiya,6.0,2.0,0.0,30.0,5.0,30.0,25.0,10.0,50.0,55.0,65.0,HIGH
Babai Valley Rural Area,28.25,81.7,Bardiya,3.0,1.0,0.0,18.0,3.0,60.0,50.0,20.0,25.0,35.0,40.0,MEDIUM
Banke Rural Forest Trail,28.1,81.65,Banke,4.0,1.0,0.0,15.0,4.0,70.0,60.0,25.0,20.0,30.0,35.0,MEDIUM
Rapti Riverside Route,28.05,81.8,Banke,5.0,2.0,0.0,22.0,5.0,40.0,30.0,10.0,40.0,50.0,60.0,HIGH
Dang Valley Rural Trail,28.05,82.3,Dang,3.0,2.0,0.0,10.0,3.0,70.0,60.0,25.0,15.0,25.0,30.0,LOW
Chisapani Dang View,28.1,82.35,Dang,4.0,4.0,0.0,12.0,5.0,50.0,40.0,15.0,25.0,40.0,45.0,MEDIUM
Rolpa Jaljala Forest,28.65,82.6,Rolpa,10.0,15.0,5.0,3.0,8.0,5.0,5.0,2.0,75.0,85.0,88.0,HIGH
Madi Rolpa Rural Route,28.5,82.7,Rolpa,8.0,12.0,4.0,4.0,8.0,5.0,5.0,2.0,70.0,75.0,78.0,HIGH
Sulichaur Village Trail,28.55,82.65,Rolpa,5.0,9.0,2.0,5.0,7.0,10.0,8.0,3.0,65.0,70.0,72.0,HIGH
Pyuthan Swargadwari Trail,28.05,82.85,Pyuthan,3.0,5.0,0.0,8.0,5.0,50.0,40.0,15.0,20.0,35.0,40.0,MEDIUM
Jumri Rural Area,28.08,82.9,Pyuthan,2.0,4.0,0.0,10.0,4.0,60.0,50.0,20.0,15.0,30.0,35.0,LOW
Gulmi Ruru Rural Trail,28.15,83.35,Gulmi,3.0,5.0,0.0,7.0,5.0,50.0,40.0,15.0,20.0,35.0,40.0,MEDIUM
Resunga Forest Route,28.08,83.25,Gulmi,5.0,8.0,0.0,6.0,6.0,30.0,25.0,10.0,35.0,50.0,55.0,MEDIUM
Arghakhanchi Sandhikharka Trail,28.0,83.12,Arghakhanchi,2.0,4.0,0.0,6.0,4.0,70.0,60.0,20.0,5.0,20.0,25.0,LOW
Supadeurali Rural Route,28.05,83.1,Arghakhanchi,4.0,7.0,0.0,5.0,5.0,40.0,30.0,10.0,25.0,40.0,45.0,MEDIUM
Palpa Ranimahal Rural Trail,27.9,83.5,Palpa,2.0,3.0,0.0,8.0,4.0,60.0,50.0,20.0,10.0,25.0,30.0,LOW
Satyawati Rural Route,27.95,83.45,Palpa,4.0,6.0,0.0,7.0,5.0,40.0,30.0,10.0,25.0,40.0,45.0,MEDIUM
Nawalpur Devchuli Trail,27.7,84.1,Nawalpur,5.0,8.0,0.0,12.0,6.0,30.0,25.0,10.0,40.0,55.0,60.0,MEDIUM
Kawasoiti Rural Area,27.65,84.0,Nawalpur,2.0,3.0,0.0,15.0,3.0,70.0,60.0,20.0,5.0,20.0,25.0,LOW
Tilicho Lake,28.69,84.39,Manang,10.0,20.0,20.0,1.0,10.0,0.0,0.0,0.0,100.0,100.0,100.0,HIGH
Tilicho Base Camp,28.67,84.4,Manang,9.0,18.0,17.0,1.0,10.0,0.0,0.0,0.0,100.0,100.0,100.0,HIGH
Ice Lake Manang,28.7,84.05,Manang,8.0,17.0,15.0,1.0,10.0,0.0,0.0,0.0,100.0,100.0,100.0,HIGH
Chulu East Base Camp,28.76,84.25,Manang,10.0,20.0,20.0,1.0,10.0,0.0,0.0,0.0,100.0,100.0,100.0,HIGH
Chulu West Base Camp,28.77,84.22,Manang,10.0,20.0,20.0,1.0,10.0,0.0,0.0,0.0,100.0,100.0,100.0,HIGH
Kang La Pass,28.76,84.1,Manang,10.0,20.0,20.0,1.0,10.0,0.0,0.0,0.0,100.0,100.0,100.0,HIGH
Nar Phu Valley,28.85,84.15,Manang,9.0,18.0,16.0,1.0,10.0,0.0,0.0,0.0,100.0,100.0,100.0,HIGH
Phu Village,28.85,84.2,Manang,8.0,17.0,14.0,1.0,10.0,0.0,0.0,0.0,100.0,100.0,100.0,HIGH
Naar Village,28.8,84.13,Manang,8.0,17.0,14.0,1.0,10.0,0.0,0.0,0.0,100.0,100.0,100.0,HIGH
Koto Village,28.7,84.14,Manang,6.0,13.0,8.0,2.0,8.0,0.0,0.0,0.0,95.0,90.0,93.0,HIGH
Tatopani Myagdi,28.49,83.65,Myagdi,3.0,2.0,0.0,12.0,4.0,8.0,6.0,2.0,55.0,65.0,60.0,MEDIUM
Khopra Danda,28.42,83.7,Myagdi,7.0,15.0,10.0,2.0,9.0,0.0,0.0,0.0,100.0,95.0,98.0,HIGH
Swanta Village,28.4,83.65,Myagdi,3.0,7.0,1.0,3.0,5.0,5.0,4.0,1.0,55.0,60.0,58.0,MEDIUM
Dobato Viewpoint,28.45,83.7,Myagdi,6.0,13.0,7.0,2.0,8.0,0.0,0.0,0.0,95.0,90.0,93.0,HIGH
Mohare Danda,28.4,83.65,Myagdi,5.0,12.0,6.0,3.0,8.0,0.0,0.0,0.0,90.0,85.0,87.0,HIGH
Mardi High Camp,28.56,83.95,Kaski,8.0,17.0,15.0,1.0,10.0,0.0,0.0,0.0,100.0,100.0,100.0,HIGH
Mardi Low Camp,28.57,83.96,Kaski,5.0,12.0,7.0,2.0,8.0,0.0,0.0,0.0,95.0,90.0,93.0,HIGH
Australian Camp,28.32,83.83,Kaski,2.0,4.0,0.0,3.0,5.0,15.0,12.0,3.0,35.0,35.0,35.0,LOW
Kande Village,28.3,83.81,Kaski,1.0,2.0,0.0,3.0,4.0,20.0,15.0,5.0,25.0,25.0,25.0,LOW
Dhampus Village,28.32,83.85,Kaski,1.0,3.0,0.0,3.0,4.0,15.0,12.0,3.0,30.0,30.0,30.0,LOW
Sarangkot Sunrise Point,28.25,83.95,Kaski,1.0,1.0,0.0,3.0,4.0,50.0,40.0,10.0,10.0,15.0,12.0,LOW
Begnas Lake Resort Area,28.14,84.1,Kaski,1.0,0.0,0.0,10.0,2.0,30.0,25.0,8.0,20.0,30.0,25.0,LOW
Rupa Lake Wetland,28.15,84.15,Kaski,2.0,0.0,0.0,12.0,3.0,20.0,15.0,5.0,40.0,45.0,42.0,MEDIUM
Fewa Tal Boating Area,28.21,83.95,Kaski,3.0,0.0,0.0,10.0,2.0,80.0,70.0,20.0,10.0,20.0,15.0,LOW
Peace Temple Pokhara,28.2,83.94,Kaski,1.0,1.0,0.0,2.0,4.0,50.0,40.0,10.0,10.0,15.0,12.0,LOW
Bindabasini Temple,28.23,83.99,Kaski,1.0,0.0,0.0,2.0,3.0,50.0,40.0,10.0,5.0,10.0,8.0,LOW
Tansen Durbar,27.87,83.55,Palpa,1.0,2.0,0.0,5.0,6.0,20.0,15.0,5.0,25.0,30.0,28.0,LOW
Srinagar Hill Palpa,27.87,83.54,Palpa,2.0,5.0,0.0,3.0,5.0,12.0,10.0,3.0,45.0,45.0,45.0,MEDIUM
Rani Mahal,27.9,83.47,Palpa,2.0,2.0,0.0,8.0,4.0,10.0,8.0,2.0,50.0,55.0,52.0,MEDIUM
Resunga Hill,28.1,83.25,Gulmi,5.0,10.0,3.0,3.0,7.0,2.0,1.0,0.0,85.0,80.0,82.0,HIGH
Tamghas Bazaar,28.07,83.25,Gulmi,1.0,3.0,0.0,5.0,5.0,20.0,15.0,5.0,25.0,30.0,28.0,LOW
Ridi Bazaar,27.95,83.45,Gulmi,2.0,4.0,0.0,10.0,4.0,10.0,8.0,2.0,55.0,60.0,58.0,MEDIUM
Swargadwari Temple,28.0,82.8,Pyuthan,3.0,7.0,1.0,3.0,6.0,5.0,4.0,1.0,60.0,65.0,62.0,MEDIUM
Jaljala Pyuthan,28.1,82.9,Pyuthan,5.0,12.0,6.0,2.0,8.0,0.0,0.0,0.0,95.0,90.0,93.0,HIGH
Rolpa Jaljala Trek,28.8,82.5,Rolpa,7.0,15.0,10.0,2.0,9.0,0.0,0.0,0.0,100.0,95.0,98.0,HIGH
Liwang Rolpa,28.3,82.63,Rolpa,2.0,5.0,0.0,4.0,6.0,5.0,4.0,1.0,55.0,55.0,55.0,MEDIUM
Thawang Village,28.65,82.65,Rolpa,5.0,12.0,6.0,3.0,8.0,0.0,1.0,0.0,90.0,85.0,87.0,HIGH
Rukumkot Lake,28.75,82.5,Rukum West,4.0,8.0,2.0,5.0,6.0,2.0,2.0,0.0,75.0,70.0,73.0,HIGH
Sisne Himal Base,28.7,82.6,Rukum West,8.0,17.0,15.0,1.0,10.0,0.0,0.0,0.0,100.0,100.0,100.0,HIGH
Rara Rural Forest Trail,29.53,82.09,Mugu,8.0,12.0,4.0,5.0,8.0,5.0,5.0,2.0,70.0,80.0,82.0,HIGH
Rara Chuchure Village,29.5,82.15,Mugu,10.0,15.0,5.0,4.0,9.0,0.0,0.0,0.0,100.0,90.0,92.0,HIGH
Murma Top Rural Route,29.54,82.1,Mugu,12.0,16.0,8.0,2.0,9.0,0.0,0.0,0.0,100.0,90.0,92.0,HIGH
Talcha Village Trail,29.52,82.15,Mugu,6.0,10.0,3.0,5.0,7.0,10.0,8.0,3.0,65.0,70.0,72.0,HIGH
Karnali Mugu Riverside,29.65,82.3,Mugu,9.0,14.0,5.0,18.0,8.0,5.0,5.0,2.0,75.0,85.0,88.0,HIGH
Soru Rural Valley,29.65,82.45,Mugu,7.0,12.0,3.0,8.0,8.0,5.0,5.0,2.0,70.0,80.0,82.0,HIGH
Gamgadhi Rural Trail,29.53,82.08,Mugu,3.0,6.0,0.0,10.0,5.0,30.0,25.0,10.0,40.0,50.0,55.0,MEDIUM
Humla Simkot Rural Route,29.97,81.82,Humla,5.0,10.0,3.0,2.0,8.0,10.0,8.0,3.0,65.0,75.0,78.0,HIGH
Limi Valley Remote Trail,30.0,81.7,Humla,20.0,20.0,20.0,0.0,10.0,0.0,0.0,0.0,100.0,100.0,99.0,HIGH
Yari Village Camp,30.05,81.6,Humla,12.0,16.0,8.0,1.0,9.0,0.0,0.0,0.0,100.0,90.0,92.0,HIGH
Muchu Rural Route,30.05,81.85,Humla,10.0,15.0,6.0,1.0,8.0,0.0,0.0,0.0,100.0,85.0,88.0,HIGH
Kermi Hot Spring Trail,29.9,81.7,Humla,5.0,9.0,2.0,3.0,7.0,10.0,8.0,3.0,65.0,70.0,72.0,HIGH
Bajura Badimalika Trail,29.4,81.2,Bajura,14.0,18.0,8.0,2.0,9.0,0.0,0.0,0.0,100.0,95.0,95.0,HIGH
Kolti Rural Settlement,29.25,81.65,Bajura,4.0,8.0,0.0,8.0,6.0,20.0,15.0,5.0,50.0,65.0,68.0,HIGH
Budhinanda Village Route,29.5,81.25,Bajura,9.0,14.0,5.0,4.0,8.0,5.0,5.0,2.0,70.0,80.0,82.0,HIGH
Swamikartik Rural Area,29.55,81.3,Bajura,6.0,10.0,3.0,6.0,7.0,10.0,8.0,3.0,65.0,75.0,78.0,HIGH
Bajhang Saipal Trail,29.85,81.2,Bajhang,18.0,20.0,18.0,0.0,10.0,0.0,0.0,0.0,100.0,100.0,99.0,HIGH
Saipal Rural Camp,30.0,81.25,Bajhang,16.0,20.0,15.0,0.0,10.0,0.0,0.0,0.0,100.0,100.0,98.0,HIGH
Chainpur Village Route,29.55,81.2,Bajhang,5.0,9.0,2.0,5.0,7.0,10.0,8.0,3.0,65.0,70.0,72.0,HIGH
Khaptad Rural Trail,29.3,80.95,Bajhang,8.0,12.0,4.0,4.0,8.0,5.0,5.0,2.0,70.0,75.0,78.0,HIGH
Khaptad National Park Rural Camp,29.3,81.0,Bajhang,10.0,15.0,5.0,3.0,8.0,5.0,5.0,2.0,75.0,85.0,88.0,HIGH
Doti Khaptad Route,29.2,80.95,Doti,5.0,8.0,0.0,10.0,6.0,20.0,15.0,5.0,50.0,65.0,68.0,HIGH
Silgadhi Rural View,29.27,80.95,Doti,2.0,4.0,0.0,8.0,4.0,60.0,50.0,20.0,15.0,30.0,35.0,LOW
Achham Ramaroshan Trail,29.1,81.2,Achham,9.0,13.0,4.0,6.0,8.0,5.0,5.0,2.0,70.0,80.0,82.0,HIGH
Ramaroshan Rural Lake,29.15,81.3,Achham,8.0,12.0,3.0,5.0,7.0,10.0,8.0,3.0,65.0,75.0,78.0,HIGH
Mangalsen Rural Route,29.12,81.25,Achham,3.0,5.0,0.0,7.0,5.0,50.0,40.0,15.0,20.0,35.0,40.0,MEDIUM
Darchula Api Base Trail,29.95,80.85,Darchula,18.0,20.0,20.0,0.0,10.0,0.0,0.0,0.0,100.0,100.0,99.0,HIGH
Byas Rural Valley Route,30.0,80.7,Darchula,20.0,20.0,20.0,0.0,10.0,0.0,0.0,0.0,100.0,100.0,99.0,HIGH
Malikarjun Village Trail,29.7,80.6,Darchula,6.0,10.0,3.0,8.0,7.0,10.0,8.0,3.0,65.0,75.0,78.0,HIGH
Gokuleshwar Rural Area,29.65,80.55,Darchula,3.0,5.0,0.0,10.0,4.0,60.0,50.0,20.0,15.0,30.0,35.0,LOW
Baitadi Patan Rural Trail,29.5,80.5,Baitadi,4.0,7.0,0.0,8.0,5.0,40.0,30.0,10.0,25.0,45.0,50.0,MEDIUM
Tripurasundari Village,29.45,80.55,Baitadi,5.0,9.0,2.0,7.0,6.0,20.0,15.0,5.0,50.0,65.0,68.0,HIGH
Dilasaini Rural Route,29.55,80.6,Baitadi,3.0,6.0,0.0,6.0,5.0,50.0,40.0,15.0,20.0,35.0,40.0,MEDIUM
Dadeldhura Ajaymeru Trail,29.3,80.55,Dadeldhura,3.0,5.0,0.0,7.0,5.0,50.0,40.0,15.0,20.0,35.0,40.0,MEDIUM
Jaljale Rural Forest,29.25,80.6,Dadeldhura,5.0,8.0,0.0,6.0,6.0,30.0,25.0,10.0,35.0,50.0,55.0,MEDIUM
Ugratara Rural Route,29.3,80.55,Dadeldhura,2.0,3.0,0.0,5.0,3.0,80.0,70.0,25.0,5.0,15.0,20.0,LOW
Tansen Srinagar View,27.87,83.54,Palpa,2.0,4.0,0.0,3.0,5.0,20.0,15.0,5.0,30.0,35.0,32.0,LOW
Bhairabsthan Temple,27.9,83.55,Palpa,1.0,2.0,0.0,3.0,5.0,25.0,20.0,5.0,20.0,25.0,22.0,LOW
Rani Mahal River Side,27.9,83.47,Palpa,3.0,2.0,0.0,12.0,4.0,8.0,6.0,2.0,65.0,65.0,65.0,HIGH
Deurali Hill Palpa,27.95,83.52,Palpa,3.0,6.0,1.0,3.0,6.0,5.0,4.0,1.0,60.0,60.0,60.0,MEDIUM
Ghorahi Valley,28.04,82.49,Dang,2.0,1.0,0.0,8.0,3.0,30.0,25.0,8.0,20.0,30.0,25.0,LOW
Tulsipur Park,28.13,82.3,Dang,1.0,0.0,0.0,7.0,2.0,35.0,30.0,8.0,15.0,25.0,20.0,LOW
Baraha Temple Dang,28.05,82.3,Dang,2.0,2.0,0.0,8.0,4.0,20.0,15.0,5.0,35.0,40.0,38.0,MEDIUM
Deukhuri Valley,27.95,82.6,Dang,3.0,1.0,0.0,15.0,3.0,15.0,12.0,3.0,55.0,65.0,60.0,MEDIUM
Kapurkot Viewpoint,28.2,82.55,Salyan,5.0,10.0,4.0,3.0,7.0,2.0,1.0,0.0,85.0,80.0,82.0,HIGH
Kakre Vihar,28.58,81.62,Surkhet,2.0,3.0,0.0,5.0,5.0,25.0,20.0,5.0,30.0,35.0,32.0,LOW
Bulbule Lake,28.59,81.63,Surkhet,2.0,0.0,0.0,10.0,3.0,30.0,25.0,8.0,25.0,40.0,32.0,LOW
Deuti Bajai Temple,28.59,81.63,Surkhet,1.0,0.0,0.0,5.0,4.0,40.0,35.0,10.0,10.0,15.0,12.0,LOW
Rara View Surkhet Route,29.0,82.0,Surkhet,6.0,13.0,7.0,3.0,8.0,0.0,0.0,0.0,95.0,90.0,93.0,HIGH
Karnali River Rafting,28.5,81.9,Surkhet,7.0,1.0,0.0,18.0,3.0,5.0,4.0,1.0,85.0,80.0,83.0,HIGH
Dailekh Jwala Area,28.85,81.7,Dailekh,3.0,6.0,1.0,4.0,6.0,4.0,3.0,1.0,60.0,65.0,62.0,MEDIUM
Dullu Heritage Area,28.85,81.75,Dailekh,2.0,5.0,0.0,3.0,6.0,8.0,6.0,2.0,50.0,45.0,47.0,MEDIUM
Panchakoshi Area,28.9,81.7,Dailekh,4.0,8.0,2.0,3.0,7.0,2.0,1.0,0.0,75.0,70.0,73.0,HIGH
Masta Temple Bajura,29.5,81.4,Bajura,7.0,15.0,10.0,2.0,9.0,0.0,0.0,0.0,100.0,95.0,98.0,HIGH
Silgadhi Bazaar,29.26,80.95,Doti,2.0,3.0,0.0,5.0,5.0,20.0,15.0,5.0,30.0,35.0,32.0,LOW
Seti River Canyon,29.2,81.0,Doti,5.0,2.0,0.0,15.0,3.0,5.0,4.0,1.0,80.0,75.0,78.0,HIGH
Api Base Camp,29.95,80.95,Darchula,10.0,20.0,20.0,1.0,10.0,0.0,0.0,0.0,100.0,100.0,100.0,HIGH
Saipal Base Camp,30.0,81.2,Bajhang,10.0,20.0,20.0,1.0,10.0,0.0,0.0,0.0,100.0,100.0,100.0,HIGH
Bajhang Chainpur,29.55,81.2,Bajhang,3.0,7.0,2.0,3.0,6.0,5.0,4.0,1.0,65.0,65.0,65.0,HIGH
Surma Sarovar Lake,29.7,81.2,Bajhang,7.0,15.0,10.0,2.0,9.0,0.0,0.0,0.0,100.0,95.0,98.0,HIGH
Khaptad Lake,29.25,81.1,Doti,5.0,12.0,5.0,3.0,8.0,0.0,0.0,0.0,90.0,85.0,87.0,HIGH
Ghodaghodi Wetland,28.7,80.95,Kailali,2.0,0.0,0.0,12.0,2.0,15.0,12.0,3.0,45.0,55.0,50.0,MEDIUM
Kailali Tikapur Garden,28.52,81.12,Kailali,1.0,0.0,0.0,5.0,2.0,30.0,25.0,8.0,15.0,20.0,17.0,LOW
Karnali Chisapani,28.65,81.3,Kailali,4.0,1.0,0.0,18.0,3.0,8.0,6.0,2.0,70.0,75.0,73.0,HIGH
Bardia Wildlife Camp,28.45,81.35,Bardiya,4.0,0.0,0.0,10.0,2.0,10.0,8.0,2.0,50.0,50.0,50.0,MEDIUM
Thakurdwara Safari Point,28.45,81.3,Bardiya,2.0,0.0,0.0,8.0,2.0,15.0,12.0,3.0,35.0,40.0,38.0,MEDIUM
Bardia River Side,28.45,81.25,Bardiya,3.0,0.0,0.0,15.0,3.0,8.0,6.0,2.0,55.0,60.0,58.0,MEDIUM
Shuklaphanta Safari Zone,28.9,80.25,Kanchanpur,3.0,0.0,0.0,12.0,2.0,10.0,8.0,2.0,50.0,55.0,52.0,MEDIUM
Dodhara Chandani Area,28.85,80.13,Kanchanpur,2.0,0.0,0.0,15.0,2.0,15.0,12.0,3.0,45.0,60.0,52.0,MEDIUM
Mahakali River View,28.95,80.18,Kanchanpur,3.0,0.0,0.0,18.0,3.0,10.0,8.0,2.0,60.0,70.0,65.0,HIGH
Api Himal Rural Camp,29.9,80.95,Darchula,18.0,20.0,18.0,0.0,10.0,0.0,0.0,0.0,100.0,100.0,99.0,HIGH
Khalanga Rural Viewpoint,29.3,80.6,Darchula,3.0,5.0,0.0,8.0,5.0,50.0,40.0,15.0,20.0,35.0,40.0,MEDIUM
Ghusa Village Trail,29.95,80.85,Darchula,16.0,20.0,15.0,0.0,10.0,0.0,0.0,0.0,100.0,100.0,98.0,HIGH
Raskot Rural Area,29.15,81.65,Kalikot,5.0,9.0,2.0,5.0,7.0,10.0,8.0,3.0,65.0,70.0,72.0,HIGH
Pachal Jharana Route,29.25,81.5,Kalikot,6.0,10.0,3.0,6.0,7.0,10.0,8.0,3.0,65.0,75.0,78.0,HIGH
Sanni Triveni Trail,29.25,81.55,Kalikot,4.0,8.0,0.0,8.0,6.0,20.0,15.0,5.0,50.0,65.0,68.0,HIGH
Manma Rural Village,29.13,81.7,Kalikot,2.0,5.0,0.0,5.0,5.0,30.0,25.0,10.0,35.0,45.0,50.0,MEDIUM
Jajarkot Barekot Trail,28.9,82.2,Jajarkot,10.0,15.0,6.0,8.0,9.0,0.0,0.0,0.0,100.0,90.0,92.0,HIGH
Nalgad Rural Route,28.7,82.1,Jajarkot,6.0,10.0,2.0,12.0,7.0,10.0,8.0,3.0,65.0,75.0,78.0,HIGH
Kushe Rural Village,28.8,82.25,Jajarkot,7.0,12.0,3.0,6.0,8.0,5.0,5.0,2.0,70.0,75.0,78.0,HIGH
Jajarkot Bheri Trail,28.7,82.2,Jajarkot,8.0,12.0,3.0,10.0,8.0,5.0,5.0,2.0,70.0,80.0,82.0,HIGH
Rukum East Maikot Trail,28.85,82.6,Rukum East,10.0,15.0,6.0,2.0,9.0,0.0,0.0,0.0,100.0,90.0,92.0,HIGH
Putha Himal Route,28.8,82.65,Rukum East,18.0,20.0,18.0,0.0,10.0,0.0,0.0,0.0,100.0,100.0,99.0,HIGH
Taksera Village Area,28.75,82.55,Rukum East,8.0,12.0,4.0,4.0,8.0,5.0,5.0,2.0,70.0,75.0,78.0,HIGH
Rukum West Aathbiskot Trail,28.95,82.2,Rukum West,8.0,12.0,3.0,10.0,8.0,5.0,5.0,2.0,70.0,80.0,82.0,HIGH
Sani Bheri Rural Camp,28.7,82.35,Rukum West,7.0,10.0,2.0,15.0,7.0,5.0,5.0,2.0,70.0,80.0,82.0,HIGH
Chaurjahari Village,28.65,82.4,Rukum West,3.0,5.0,0.0,10.0,5.0,40.0,30.0,10.0,25.0,45.0,50.0,MEDIUM
Dolpa Shey Phoksundo Route,29.17,82.95,Dolpa,16.0,20.0,15.0,0.0,10.0,0.0,0.0,0.0,100.0,100.0,98.0,HIGH
Pugmo Village Trail,29.22,82.9,Dolpa,12.0,16.0,8.0,1.0,9.0,0.0,0.0,0.0,100.0,90.0,92.0,HIGH
Tarakot Rural Route,29.05,82.25,Dolpa,7.0,12.0,4.0,3.0,8.0,5.0,5.0,2.0,70.0,75.0,78.0,HIGH
Dunai Rural Heritage,29.05,82.25,Dolpa,3.0,5.0,0.0,5.0,5.0,30.0,25.0,10.0,35.0,45.0,50.0,MEDIUM
Juphal Village Trail,29.28,82.2,Dolpa,4.0,7.0,2.0,3.0,7.0,15.0,10.0,3.0,55.0,65.0,68.0,HIGH
Chharka Rural Camp,29.3,83.0,Dolpa,14.0,18.0,12.0,0.0,10.0,0.0,0.0,0.0,100.0,95.0,95.0,HIGH
Mukot Valley Route,29.55,83.2,Dolpa,20.0,20.0,20.0,0.0,10.0,0.0,0.0,0.0,100.0,100.0,99.0,HIGH
Mugu Rara North Trail,29.6,82.1,Mugu,12.0,16.0,8.0,3.0,9.0,0.0,0.0,0.0,100.0,90.0,92.0,HIGH
Khatyad Rural Camp,29.55,82.45,Mugu,6.0,10.0,3.0,5.0,7.0,10.0,8.0,3.0,65.0,70.0,72.0,HIGH
Soru Valley Route,29.65,82.3,Mugu,9.0,14.0,5.0,5.0,8.0,5.0,5.0,2.0,75.0,80.0,82.0,HIGH
Humla Limi Rural Trail,30.0,81.7,Humla,20.0,20.0,20.0,0.0,10.0,0.0,0.0,0.0,100.0,100.0,99.0,HIGH
Yari Remote Route,30.05,81.6,Humla,12.0,16.0,8.0,0.0,9.0,0.0,0.0,0.0,100.0,90.0,92.0,HIGH
Simkot View Trail,29.97,81.82,Humla,4.0,8.0,2.0,2.0,7.0,15.0,10.0,3.0,55.0,65.0,68.0,HIGH
Lumbini Maya Devi Temple,27.4698,83.276,Rupandehi,0.0,0.0,0.0,0.0,0.0,0.0,0.0,0.0,100.0,0.0,40.0,MEDIUM
Lumbini Sacred Garden,27.47,83.275,Rupandehi,0.0,0.0,0.0,0.0,0.0,0.0,0.0,0.0,100.0,0.0,40.0,MEDIUM
Tilaurakot Palace,27.57,83.05,Kapilvastu,1.0,0.0,0.0,3.0,2.0,20.0,15.0,5.0,20.0,15.0,18.0,LOW
Jagadishpur Reservoir,27.55,83.08,Kapilvastu,2.0,0.0,0.0,10.0,2.0,15.0,12.0,3.0,45.0,45.0,45.0,MEDIUM
Swargadwari Pyuthan,28.0,82.8,Pyuthan,3.0,7.0,1.0,3.0,6.0,5.0,4.0,1.0,60.0,65.0,62.0,MEDIUM
Rolpa Guerrilla Trail,28.5,82.6,Rolpa,6.0,14.0,8.0,2.0,9.0,0.0,0.0,0.0,100.0,95.0,98.0,HIGH
Kakri Hill,28.6,82.4,Rolpa,5.0,12.0,6.0,3.0,8.0,0.0,0.0,0.0,90.0,85.0,87.0,HIGH
Jaljala Mountain,28.8,82.5,Rolpa,8.0,17.0,14.0,1.0,10.0,0.0,0.0,0.0,100.0,100.0,100.0,HIGH
Ghorahi Dang Valley,28.04,82.49,Dang,2.0,1.0,0.0,8.0,3.0,30.0,25.0,8.0,20.0,30.0,25.0,LOW
Rapti River Dang,27.95,82.6,Dang,5.0,1.0,0.0,18.0,3.0,8.0,6.0,2.0,75.0,80.0,78.0,HIGH
Lamahi Area,27.85,82.54,Dang,2.0,0.0,0.0,10.0,2.0,25.0,20.0,5.0,35.0,40.0,38.0,MEDIUM
Rukum Musikot,28.62,82.48,Rukum West,2.0,5.0,0.0,4.0,6.0,5.0,4.0,1.0,55.0,55.0,55.0,MEDIUM
Sani Bheri River,28.7,82.5,Rukum West,5.0,3.0,0.0,15.0,4.0,3.0,3.0,1.0,75.0,75.0,75.0,HIGH
Sisne Himal View,28.7,82.6,Rukum West,8.0,17.0,15.0,1.0,10.0,0.0,0.0,0.0,100.0,100.0,100.0,HIGH
Jajarkot Darbar,28.65,82.18,Jajarkot,2.0,6.0,0.0,5.0,7.0,5.0,4.0,1.0,60.0,60.0,60.0,MEDIUM
Khalanga Jajarkot,28.65,82.18,Jajarkot,2.0,5.0,0.0,4.0,6.0,8.0,6.0,2.0,50.0,55.0,52.0,MEDIUM
Patarasi Lake,29.2,82.3,Jumla,7.0,15.0,10.0,2.0,9.0,0.0,0.0,0.0,100.0,95.0,98.0,HIGH
Mugu Gamgadhi,29.53,82.1,Mugu,3.0,8.0,2.0,4.0,7.0,1.0,1.0,0.0,80.0,75.0,78.0,HIGH
Rara National Park,29.5,82.1,Mugu,7.0,14.0,8.0,3.0,8.0,0.0,0.0,0.0,100.0,95.0,98.0,HIGH
Talcha Airport Area,29.53,82.1,Mugu,4.0,9.0,3.0,4.0,7.0,1.0,1.0,0.0,80.0,80.0,80.0,HIGH
Phoksundo Lake Dolpa,29.2,82.95,Dolpa,10.0,20.0,20.0,1.0,10.0,0.0,0.0,0.0,100.0,100.0,100.0,HIGH
Dolpa Trek Route,29.3,83.0,Dolpa,10.0,20.0,20.0,1.0,10.0,0.0,0.0,0.0,100.0,100.0,100.0,HIGH
Shey Gompa Dolpa,29.35,82.95,Dolpa,10.0,19.0,18.0,1.0,10.0,0.0,0.0,0.0,100.0,100.0,100.0,HIGH
Upper Dolpo Camp,29.4,83.1,Dolpa,10.0,20.0,20.0,1.0,10.0,0.0,0.0,0.0,100.0,100.0,100.0,HIGH
Beni Bazaar,28.34,83.57,Myagdi,2.0,3.0,0.0,8.0,4.0,20.0,15.0,5.0,30.0,40.0,35.0,LOW
Myagdi Hot Spring,28.49,83.65,Myagdi,3.0,2.0,0.0,12.0,4.0,8.0,6.0,2.0,55.0,65.0,60.0,MEDIUM
Galeshwor Temple,28.35,83.55,Myagdi,1.0,2.0,0.0,5.0,4.0,20.0,15.0,5.0,25.0,25.0,25.0,LOW
Dhaulagiri Trek,28.75,83.45,Myagdi,10.0,20.0,20.0,1.0,10.0,0.0,0.0,0.0,100.0,100.0,100.0,HIGH
Titi Lake Mustang,28.85,83.65,Mustang,6.0,13.0,7.0,2.0,8.0,0.0,0.0,0.0,95.0,90.0,93.0,HIGH
Kagbeni Mustang,28.84,83.78,Mustang,3.0,7.0,2.0,4.0,6.0,2.0,2.0,0.0,75.0,70.0,73.0,HIGH
Lomanthang Mustang,29.18,83.95,Mustang,1.0,1.0,0.0,0.0,3.0,5.0,4.0,1.0,40.0,20.0,30.0,LOW
Muktinath Mustang,28.817,83.871,Mustang,2.0,5.0,0.0,3.0,5.0,8.0,6.0,2.0,50.0,45.0,47.0,MEDIUM
Marpha Village,28.75,83.69,Mustang,1.0,2.0,0.0,4.0,3.0,15.0,12.0,3.0,25.0,30.0,27.0,LOW
Tatopani Mustang Route,28.6,83.65,Mustang,4.0,5.0,0.0,10.0,5.0,5.0,4.0,1.0,60.0,65.0,62.0,MEDIUM
Everest Base Camp South,27.9881,86.925,Solukhumbu,20.0,7.0,15.0,2.0,8.0,3.0,3.0,1.0,50.0,100.0,80.0,HIGH
Kala Patthar,27.997,86.828,Solukhumbu,15.0,8.0,18.0,1.0,9.0,0.0,0.0,0.0,100.0,100.0,100.0,HIGH
Namche Bazaar,27.805,86.714,Solukhumbu,4.0,8.0,5.0,2.0,7.0,2.0,2.0,0.0,75.0,70.0,73.0,HIGH
Tengboche Monastery,27.837,86.764,Solukhumbu,5.0,10.0,8.0,2.0,8.0,1.0,1.0,0.0,85.0,85.0,85.0,HIGH
Dingboche Village,27.892,86.833,Solukhumbu,7.0,15.0,12.0,1.0,9.0,0.0,0.0,0.0,100.0,95.0,98.0,HIGH
Lobuche Village,27.954,86.806,Solukhumbu,8.0,17.0,15.0,1.0,10.0,0.0,0.0,0.0,100.0,100.0,100.0,HIGH
Gokyo Lake,27.95,86.7,Solukhumbu,10.0,20.0,20.0,1.0,10.0,0.0,0.0,0.0,100.0,100.0,100.0,HIGH
Renjo La Pass,27.98,86.65,Solukhumbu,10.0,20.0,20.0,1.0,10.0,0.0,0.0,0.0,100.0,100.0,100.0,HIGH
Pheriche Village,27.9,86.82,Solukhumbu,8.0,17.0,14.0,1.0,10.0,0.0,0.0,0.0,100.0,100.0,100.0,HIGH
Lukla Airport,27.687,86.731,Solukhumbu,10.0,3.0,0.0,2.0,8.0,2.0,3.0,1.0,70.0,60.0,65.0,HIGH
Phakding Village,27.745,86.713,Solukhumbu,4.0,8.0,3.0,4.0,6.0,2.0,1.0,0.0,70.0,70.0,70.0,HIGH
Monjo Village,27.77,86.73,Solukhumbu,4.0,9.0,4.0,3.0,7.0,1.0,1.0,0.0,80.0,75.0,78.0,HIGH
Thame Village,27.84,86.65,Solukhumbu,7.0,15.0,10.0,2.0,9.0,0.0,0.0,0.0,100.0,95.0,98.0,HIGH
Mera Peak Base Camp,27.7,86.93,Solukhumbu,10.0,20.0,20.0,1.0,10.0,0.0,0.0,0.0,100.0,100.0,100.0,HIGH
Island Peak Base Camp,27.9,86.94,Solukhumbu,10.0,20.0,20.0,1.0,10.0,0.0,0.0,0.0,100.0,100.0,100.0,HIGH
Makalu Base Camp,27.78,87.09,Sankhuwasabha,10.0,20.0,20.0,1.0,10.0,0.0,0.0,0.0,100.0,100.0,100.0,HIGH
Makalu Barun National Park,27.6,87.1,Sankhuwasabha,9.0,18.0,16.0,2.0,10.0,0.0,0.0,0.0,100.0,100.0,100.0,HIGH
Tumlingtar Area,27.3,87.2,Sankhuwasabha,2.0,5.0,0.0,8.0,5.0,10.0,8.0,2.0,55.0,60.0,58.0,MEDIUM
Khandbari Bazaar,27.38,87.2,Sankhuwasabha,1.0,3.0,0.0,5.0,5.0,20.0,15.0,5.0,25.0,30.0,28.0,LOW
Barun River Valley,27.6,87.05,Sankhuwasabha,7.0,15.0,10.0,3.0,9.0,0.0,0.0,0.0,100.0,95.0,98.0,HIGH
Kanchenjunga Base Camp,27.7,88.0,T taplejung,10.0,20.0,20.0,1.0,10.0,0.0,0.0,0.0,100.0,100.0,100.0,HIGH
Ghunsa Village,27.74,87.97,T taplejung,8.0,17.0,14.0,1.0,10.0,0.0,0.0,0.0,100.0,100.0,100.0,HIGH
Yamphudin Village,27.45,87.9,T taplejung,6.0,14.0,8.0,2.0,9.0,0.0,0.0,0.0,95.0,90.0,93.0,HIGH
Taplejung Bazaar,27.35,87.67,T taplejung,2.0,5.0,0.0,5.0,6.0,10.0,8.0,2.0,55.0,50.0,52.0,MEDIUM
Pathibhara Temple,27.42,87.75,T taplejung,7.0,15.0,10.0,2.0,9.0,0.0,0.0,0.0,100.0,95.0,98.0,HIGH
Illam Tea Garden,26.91,87.93,Ilam,1.0,2.0,0.0,5.0,4.0,30.0,25.0,8.0,20.0,25.0,22.0,LOW
Sandakpur Viewpoint,27.05,87.95,Ilam,5.0,12.0,5.0,3.0,8.0,0.0,0.0,0.0,90.0,85.0,87.0,HIGH
Kanyam Tea Garden,26.95,88.02,Ilam,1.0,1.0,0.0,4.0,3.0,35.0,30.0,8.0,15.0,15.0,12.0,LOW
Mai Pokhari,27.02,87.93,Ilam,2.0,3.0,0.0,5.0,5.0,20.0,15.0,5.0,30.0,35.0,32.0,LOW
Antu Danda,26.95,88.08,Ilam,2.0,4.0,0.0,4.0,5.0,15.0,12.0,3.0,35.0,35.0,35.0,LOW
Panchthar Phidim,27.15,87.75,Panchthar,2.0,5.0,0.0,5.0,6.0,10.0,8.0,2.0,55.0,55.0,55.0,MEDIUM
Silauti Pokhari,27.15,87.85,Panchthar,5.0,10.0,3.0,4.0,7.0,2.0,1.0,0.0,85.0,80.0,82.0,HIGH
Pathibhara Trail,27.42,87.75,T taplejung,7.0,15.0,10.0,2.0,9.0,0.0,0.0,0.0,100.0,95.0,98.0,HIGH
Basanta Tea Area,27.1,87.9,Ilam,1.0,2.0,0.0,4.0,4.0,30.0,25.0,5.0,20.0,20.0,20.0,LOW
Mai River,27.0,87.85,Ilam,3.0,1.0,0.0,12.0,3.0,15.0,12.0,3.0,55.0,60.0,58.0,MEDIUM
Koshi Tappu Reserve,26.65,87.0,Sunsari,3.0,0.0,0.0,15.0,2.0,15.0,12.0,3.0,60.0,65.0,62.0,MEDIUM
Barahachhetra Temple,26.8,87.17,Sunsari,2.0,0.0,0.0,12.0,3.0,20.0,15.0,5.0,45.0,50.0,48.0,MEDIUM
Dharan Bhedetar,26.81,87.28,Sunsari,2.0,4.0,0.0,5.0,5.0,25.0,20.0,5.0,30.0,35.0,32.0,LOW
Namaste Falls,26.9,87.3,Sunsari,3.0,6.0,1.0,4.0,6.0,10.0,8.0,2.0,55.0,60.0,58.0,MEDIUM
Karnali River Rural Camp,29.7,82.45,Mugu,8.0,12.0,3.0,18.0,8.0,5.0,5.0,2.0,70.0,85.0,88.0,HIGH
Chhayanath Rural Trail,29.52,82.1,Mugu,5.0,9.0,2.0,6.0,7.0,10.0,8.0,3.0,65.0,70.0,72.0,HIGH
Ruga Village Route,29.58,82.25,Mugu,6.0,10.0,3.0,7.0,7.0,10.0,8.0,3.0,65.0,75.0,78.0,HIGH
Pulu Rural Settlement,29.45,82.2,Mugu,4.0,8.0,0.0,5.0,6.0,20.0,15.0,5.0,50.0,65.0,68.0,HIGH
Bajura Budhinanda Lake Trail,29.55,81.25,Bajura,11.0,16.0,8.0,1.0,9.0,0.0,0.0,0.0,100.0,90.0,92.0,HIGH
Martadi Rural Viewpoint,29.42,81.25,Bajura,3.0,5.0,0.0,8.0,5.0,40.0,30.0,10.0,25.0,45.0,50.0,MEDIUM
Kailashmandau Village,29.3,81.35,Bajura,5.0,9.0,2.0,7.0,7.0,10.0,8.0,3.0,65.0,70.0,72.0,HIGH
Bichhya Rural Trail,29.5,81.15,Bajura,7.0,12.0,3.0,6.0,8.0,5.0,5.0,2.0,70.0,75.0,78.0,HIGH
Bajhang Surma Route,30.0,81.25,Bajhang,15.0,19.0,12.0,0.0,10.0,0.0,0.0,0.0,100.0,95.0,96.0,HIGH
Chainpur Saipal Trail,29.55,81.2,Bajhang,6.0,10.0,3.0,5.0,7.0,10.0,8.0,3.0,65.0,70.0,72.0,HIGH
Thalara Rural Area,29.65,81.1,Bajhang,4.0,8.0,0.0,7.0,6.0,20.0,15.0,5.0,50.0,65.0,68.0,HIGH
Kanda Village Route,29.7,81.25,Bajhang,8.0,13.0,4.0,3.0,8.0,5.0,5.0,2.0,70.0,80.0,82.0,HIGH
Doti Badikedar Trail,29.15,80.85,Doti,5.0,9.0,2.0,8.0,7.0,10.0,8.0,3.0,65.0,75.0,78.0,HIGH
Khaptad Rural Meadow,29.3,81.0,Doti,8.0,12.0,4.0,4.0,8.0,5.0,5.0,2.0,70.0,75.0,78.0,HIGH
Jorayal Rural Route,29.25,80.95,Doti,3.0,6.0,0.0,10.0,5.0,40.0,30.0,10.0,25.0,45.0,50.0,MEDIUM
Purbichauki Village,29.2,80.85,Doti,4.0,7.0,0.0,8.0,6.0,30.0,25.0,10.0,35.0,50.0,55.0,MEDIUM
Achham Ramaroshan Lake,29.15,81.3,Achham,10.0,15.0,5.0,5.0,8.0,5.0,5.0,2.0,75.0,85.0,88.0,HIGH
Sanphebagar Rural Route,29.25,81.2,Achham,2.0,4.0,0.0,12.0,4.0,60.0,50.0,20.0,15.0,30.0,35.0,LOW
Mellekh Village Trail,29.2,81.15,Achham,6.0,10.0,3.0,6.0,7.0,10.0,8.0,3.0,65.0,70.0,72.0,HIGH
Ramaroshan Forest Camp,29.1,81.35,Achham,12.0,16.0,8.0,3.0,9.0,0.0,0.0,0.0,100.0,90.0,92.0,HIGH
Dadeldhura Ganyapdhura Trail,29.35,80.5,Dadeldhura,3.0,5.0,0.0,7.0,5.0,50.0,40.0,15.0,20.0,35.0,40.0,MEDIUM
Amargadhi Rural View,29.3,80.6,Dadeldhura,2.0,4.0,0.0,5.0,4.0,70.0,60.0,20.0,5.0,20.0,25.0,LOW
Ajaymeru Rural Route,29.4,80.55,Dadeldhura,5.0,8.0,0.0,6.0,6.0,30.0,25.0,10.0,35.0,50.0,55.0,MEDIUM
Baitadi Shivanath Trail,29.6,80.5,Baitadi,7.0,11.0,3.0,5.0,7.0,10.0,8.0,3.0,65.0,70.0,72.0,HIGH
Pancheshwor Rural Camp,29.5,80.45,Baitadi,8.0,12.0,4.0,6.0,8.0,5.0,5.0,2.0,70.0,75.0,78.0,HIGH
Dilasaini Village Area,29.55,80.6,Baitadi,4.0,7.0,0.0,8.0,5.0,40.0,30.0,10.0,25.0,45.0,50.0,MEDIUM
Patna Rural Route,29.45,80.55,Baitadi,3.0,6.0,0.0,6.0,5.0,50.0,40.0,15.0,20.0,35.0,40.0,MEDIUM
Darchula Malikarjun Trail,29.7,80.6,Darchula,8.0,13.0,4.0,7.0,8.0,5.0,5.0,2.0,70.0,80.0,82.0,HIGH
Khar Rural Valley,29.9,80.8,Darchula,14.0,18.0,12.0,0.0,10.0,0.0,0.0,0.0,100.0,95.0,95.0,HIGH
Byas Himal Camp,30.0,80.7,Darchula,20.0,20.0,20.0,0.0,10.0,0.0,0.0,0.0,100.0,100.0,99.0,HIGH
Bhedetar View Tower,26.81,87.28,Dhankuta,2.0,4.0,0.0,3.0,5.0,25.0,20.0,5.0,30.0,35.0,32.0,LOW
Hile Bazaar,26.99,87.33,Dhankuta,1.0,3.0,0.0,5.0,5.0,20.0,15.0,5.0,25.0,30.0,28.0,LOW
Namaste Jharana,26.9,87.3,Dhankuta,3.0,6.0,1.0,4.0,6.0,10.0,8.0,2.0,55.0,60.0,58.0,MEDIUM
Pakhribas Garden,26.97,87.35,Dhankuta,1.0,2.0,0.0,3.0,4.0,30.0,25.0,8.0,15.0,20.0,17.0,LOW
Sanguri Gadhi,26.9,87.4,Dhankuta,4.0,8.0,2.0,4.0,6.0,5.0,4.0,1.0,65.0,65.0,65.0,HIGH
Arun Valley,27.5,87.1,Sankhuwasabha,7.0,15.0,10.0,2.0,9.0,0.0,0.0,0.0,100.0,95.0,98.0,HIGH
Num Village,27.55,87.15,Sankhuwasabha,6.0,14.0,8.0,3.0,8.0,0.0,0.0,0.0,95.0,90.0,93.0,HIGH
Makalu Conservation Trail,27.6,87.05,Sankhuwasabha,9.0,18.0,16.0,1.0,10.0,0.0,0.0,0.0,100.0,100.0,100.0,HIGH
Hatuwagadhi,27.2,87.2,Bhojpur,5.0,10.0,3.0,4.0,7.0,2.0,1.0,0.0,85.0,80.0,82.0,HIGH
Bhojpur Bazaar,27.17,87.05,Bhojpur,1.0,3.0,0.0,5.0,5.0,20.0,15.0,5.0,25.0,30.0,28.0,LOW
Tinjure Milke Jaljale,27.25,87.5,Tehrathum,7.0,15.0,10.0,2.0,9.0,0.0,0.0,0.0,100.0,95.0,98.0,HIGH
Gupha Pokhari,27.18,87.5,Tehrathum,5.0,10.0,4.0,3.0,7.0,2.0,1.0,0.0,85.0,80.0,82.0,HIGH
Basantapur Bazaar,27.15,87.55,Tehrathum,1.0,2.0,0.0,3.0,4.0,25.0,20.0,5.0,20.0,25.0,22.0,LOW
Mai Pokhari Ilam,27.02,87.93,Ilam,2.0,3.0,0.0,5.0,5.0,20.0,15.0,5.0,30.0,35.0,32.0,LOW
Kanyam Tea Estate,26.95,88.02,Ilam,1.0,1.0,0.0,4.0,3.0,35.0,30.0,8.0,15.0,15.0,12.0,LOW
Fikkal Bazaar,26.89,88.0,Ilam,1.0,2.0,0.0,5.0,4.0,30.0,25.0,8.0,20.0,25.0,22.0,LOW
Antu Danda Sunrise,26.95,88.08,Ilam,2.0,4.0,0.0,4.0,5.0,15.0,12.0,3.0,35.0,35.0,35.0,LOW
Sandakpur Nepal,27.05,87.95,Ilam,5.0,12.0,5.0,3.0,8.0,0.0,0.0,0.0,90.0,85.0,87.0,HIGH
Pashupatinagar Border,26.9,88.0,Ilam,1.0,3.0,0.0,4.0,4.0,20.0,15.0,5.0,25.0,30.0,28.0,LOW
Koshi Tappu Wetland,26.65,87.0,Sunsari,3.0,0.0,0.0,15.0,2.0,15.0,12.0,3.0,60.0,65.0,62.0,MEDIUM
Barahachhetra,26.8,87.17,Sunsari,2.0,0.0,0.0,12.0,3.0,20.0,15.0,5.0,45.0,50.0,48.0,MEDIUM
Dharan Clock Tower,26.81,87.28,Sunsari,1.0,0.0,0.0,3.0,3.0,50.0,40.0,10.0,10.0,10.0,10.0,LOW
Bijayapur Hill,26.82,87.27,Sunsari,2.0,3.0,0.0,3.0,5.0,20.0,15.0,5.0,30.0,30.0,30.0,LOW
Biratnagar Tourism Area,26.45,87.27,Morang,1.0,0.0,0.0,10.0,2.0,60.0,50.0,15.0,5.0,25.0,15.0,LOW
Pathari Forest Area,26.7,87.35,Morang,2.0,1.0,0.0,8.0,3.0,25.0,20.0,5.0,30.0,35.0,32.0,LOW
Urlabari Wetland,26.68,87.35,Morang,2.0,0.0,0.0,10.0,2.0,25.0,20.0,5.0,35.0,40.0,38.0,MEDIUM
Kanepokhari Lake,26.7,87.45,Morang,1.0,0.0,0.0,8.0,2.0,30.0,25.0,8.0,20.0,30.0,25.0,LOW
Ilam Mai River,27.0,87.85,Ilam,3.0,1.0,0.0,12.0,3.0,15.0,12.0,3.0,55.0,60.0,58.0,MEDIUM
Kangchenjunga South Route,27.7,88.0,T taplejung,10.0,20.0,20.0,1.0,10.0,0.0,0.0,0.0,100.0,100.0,100.0,HIGH
Olangchung Gola,27.67,87.9,T taplejung,8.0,17.0,14.0,1.0,10.0,0.0,0.0,0.0,100.0,100.0,100.0,HIGH
Ghunsa Kanchenjunga,27.74,87.97,T taplejung,8.0,17.0,14.0,1.0,10.0,0.0,0.0,0.0,100.0,100.0,100.0,HIGH
Sele La Pass,27.72,87.95,T taplejung,10.0,20.0,20.0,1.0,10.0,0.0,0.0,0.0,100.0,100.0,100.0,HIGH
Lhonak Camp,27.85,88.0,T taplejung,10.0,20.0,20.0,1.0,10.0,0.0,0.0,0.0,100.0,100.0,100.0,HIGH
Pangpema Base Camp,27.9,88.0,T taplejung,10.0,20.0,20.0,1.0,10.0,0.0,0.0,0.0,100.0,100.0,100.0,HIGH
Phale Village,27.65,87.9,T taplejung,6.0,14.0,10.0,2.0,9.0,0.0,0.0,0.0,100.0,95.0,98.0,HIGH
Mitlung Village,27.4,87.75,T taplejung,4.0,9.0,3.0,4.0,7.0,1.0,1.0,0.0,80.0,75.0,78.0,HIGH
Sankhuwasabha Arun River,27.5,87.1,Sankhuwasabha,5.0,2.0,0.0,18.0,3.0,3.0,3.0,1.0,80.0,80.0,80.0,HIGH
Tumlingtar Airport,27.3,87.2,Sankhuwasabha,2.0,2.0,0.0,5.0,5.0,25.0,20.0,5.0,25.0,30.0,28.0,LOW
Api Rural Glacier View,29.95,80.9,Darchula,18.0,20.0,18.0,0.0,10.0,0.0,0.0,0.0,100.0,100.0,99.0,HIGH
Ghusa Himalayan Trail,29.98,80.85,Darchula,15.0,19.0,14.0,0.0,10.0,0.0,0.0,0.0,100.0,95.0,96.0,HIGH
Khandeshwari Village Route,29.8,80.65,Darchula,7.0,12.0,3.0,5.0,8.0,5.0,5.0,2.0,70.0,75.0,78.0,HIGH
Lekam Rural Settlement,29.65,80.7,Darchula,5.0,9.0,2.0,7.0,7.0,10.0,8.0,3.0,65.0,70.0,72.0,HIGH
Kedar Rural Mountain Trail,29.75,80.75,Darchula,12.0,16.0,8.0,2.0,9.0,0.0,0.0,0.0,100.0,90.0,92.0,HIGH
Kailash Rural Valley,29.85,80.7,Darchula,16.0,20.0,15.0,0.0,10.0,0.0,0.0,0.0,100.0,100.0,98.0,HIGH
Rara West Village Route,29.5,82.0,Mugu,8.0,12.0,4.0,6.0,8.0,5.0,5.0,2.0,70.0,75.0,78.0,HIGH
Mugu Karnali Trail,29.65,82.35,Mugu,10.0,15.0,6.0,12.0,8.0,0.0,0.0,0.0,100.0,90.0,92.0,HIGH
Chhayanath Temple Area,29.52,82.1,Mugu,3.0,6.0,0.0,8.0,5.0,30.0,25.0,10.0,40.0,50.0,55.0,MEDIUM
Kotila Rural Route,29.6,82.2,Mugu,5.0,9.0,2.0,7.0,7.0,10.0,8.0,3.0,65.0,70.0,72.0,HIGH
Dolpa Phoksundo Lake Camp,29.2,82.95,Dolpa,17.0,20.0,15.0,0.0,10.0,0.0,0.0,0.0,100.0,100.0,98.0,HIGH
Ringmo Village Route,29.21,82.95,Dolpa,8.0,13.0,4.0,1.0,8.0,5.0,5.0,2.0,70.0,75.0,78.0,HIGH
Saldang Rural Trail,29.4,83.0,Dolpa,16.0,20.0,15.0,0.0,10.0,0.0,0.0,0.0,100.0,100.0,98.0,HIGH
Tinje Village Camp,29.5,83.15,Dolpa,18.0,20.0,18.0,0.0,10.0,0.0,0.0,0.0,100.0,100.0,99.0,HIGH
Dho Tarap Rural Route,29.25,83.0,Dolpa,14.0,18.0,12.0,0.0,10.0,0.0,0.0,0.0,100.0,95.0,95.0,HIGH
Tichurong Valley Trail,29.15,82.85,Dolpa,12.0,16.0,8.0,1.0,9.0,0.0,0.0,0.0,100.0,90.0,92.0,HIGH
Juphal Rural Village,29.28,82.2,Dolpa,4.0,7.0,0.0,5.0,6.0,20.0,15.0,5.0,50.0,60.0,65.0,HIGH
Dunai Riverside Camp,29.05,82.25,Dolpa,3.0,6.0,0.0,12.0,5.0,30.0,25.0,10.0,40.0,50.0,55.0,MEDIUM
Shey Gompa Rural Area,29.35,82.95,Dolpa,19.0,20.0,18.0,0.0,10.0,0.0,0.0,0.0,100.0,100.0,99.0,HIGH
Kang La Rural Pass,29.45,83.1,Dolpa,20.0,20.0,20.0,0.0,10.0,0.0,0.0,0.0,100.0,100.0,99.0,HIGH
Upper Mustang Chhoser Trail,29.25,84.0,Mustang,10.0,14.0,6.0,0.0,8.0,0.0,0.0,0.0,100.0,85.0,88.0,HIGH
Namgyal Rural Village,29.25,83.95,Mustang,8.0,12.0,4.0,0.0,8.0,5.0,5.0,2.0,70.0,75.0,78.0,HIGH
Yara Village Camp,29.3,83.9,Mustang,15.0,18.0,12.0,0.0,10.0,0.0,0.0,0.0,100.0,95.0,95.0,HIGH
Tangya Rural Route,29.35,83.85,Mustang,14.0,17.0,10.0,0.0,9.0,0.0,0.0,0.0,100.0,90.0,92.0,HIGH
Ghami Village Trail,29.18,83.9,Mustang,5.0,8.0,2.0,0.0,6.0,20.0,15.0,5.0,50.0,60.0,65.0,HIGH
Dhakmar Rural Area,29.2,83.85,Mustang,9.0,13.0,5.0,0.0,8.0,5.0,5.0,2.0,70.0,75.0,78.0,HIGH
Tibetan Border Camp,29.5,83.9,Mustang,17.0,20.0,15.0,0.0,10.0,0.0,0.0,0.0,100.0,100.0,98.0,HIGH
Kagbeni Rural Trail,28.83,83.78,Mustang,5.0,9.0,2.0,2.0,7.0,15.0,10.0,3.0,55.0,65.0,68.0,HIGH
Marpha Apple Village,28.75,83.69,Mustang,2.0,4.0,0.0,5.0,4.0,70.0,60.0,20.0,5.0,20.0,25.0,LOW
Tukuche Mountain Route,28.73,83.69,Mustang,4.0,7.0,0.0,4.0,6.0,30.0,25.0,10.0,35.0,50.0,55.0,MEDIUM
Koshi River Rafting Point,26.8,87.15,Sunsari,6.0,1.0,0.0,18.0,3.0,5.0,4.0,1.0,80.0,80.0,80.0,HIGH
Chatara Ghat,26.86,87.16,Sunsari,4.0,0.0,0.0,15.0,2.0,10.0,8.0,2.0,60.0,60.0,60.0,MEDIUM
Dharan Forest Route,26.81,87.25,Sunsari,3.0,2.0,0.0,6.0,4.0,25.0,20.0,5.0,35.0,35.0,35.0,LOW
Budha Subba Temple,26.82,87.28,Sunsari,1.0,0.0,0.0,3.0,3.0,50.0,40.0,10.0,10.0,10.0,10.0,LOW
Namobuddha Monastery,27.57,85.58,Kavrepalanchok,1.0,2.0,0.0,4.0,5.0,30.0,25.0,8.0,20.0,25.0,22.0,LOW
Dhulikhel View Tower,27.62,85.54,Kavrepalanchok,1.0,1.0,0.0,3.0,4.0,40.0,35.0,10.0,10.0,15.0,12.0,LOW
Panauti Heritage Town,27.58,85.52,Kavrepalanchok,1.0,0.0,0.0,8.0,5.0,25.0,20.0,5.0,25.0,35.0,30.0,LOW
Namo Buddha Trail,27.57,85.58,Kavrepalanchok,3.0,5.0,0.0,4.0,6.0,15.0,12.0,3.0,45.0,50.0,48.0,MEDIUM
Timal Village,27.65,85.65,Kavrepalanchok,4.0,8.0,2.0,3.0,7.0,5.0,4.0,1.0,70.0,70.0,70.0,HIGH
Kalinchowk Bhagwati,27.85,86.02,Dolakha,8.0,16.0,12.0,2.0,10.0,0.0,0.0,0.0,100.0,100.0,100.0,HIGH
Kalinchowk Cable Area,27.85,86.02,Dolakha,7.0,15.0,10.0,2.0,9.0,0.0,0.0,0.0,100.0,95.0,98.0,HIGH
Jiri Bazaar,27.63,86.23,Dolakha,2.0,5.0,0.0,5.0,6.0,10.0,8.0,2.0,55.0,55.0,55.0,MEDIUM
Rolwaling Valley,27.85,86.45,Dolakha,10.0,20.0,20.0,1.0,10.0,0.0,0.0,0.0,100.0,100.0,100.0,HIGH
Tsho Rolpa Lake,27.87,86.48,Dolakha,10.0,20.0,20.0,1.0,10.0,0.0,0.0,0.0,100.0,100.0,100.0,HIGH
Gaurishankar Base Camp,27.9,86.35,Dolakha,10.0,20.0,20.0,1.0,10.0,0.0,0.0,0.0,100.0,100.0,100.0,HIGH
Charikot Viewpoint,27.67,86.03,Dolakha,2.0,5.0,0.0,4.0,6.0,10.0,8.0,2.0,55.0,55.0,55.0,MEDIUM
Bhimeshwar Temple,27.67,86.03,Dolakha,1.0,3.0,0.0,4.0,5.0,20.0,15.0,5.0,30.0,35.0,32.0,LOW
Namche Rural Trail,27.8,86.71,Solukhumbu,6.0,14.0,10.0,2.0,9.0,0.0,0.0,0.0,100.0,95.0,98.0,HIGH
Thyangboche Camp,27.84,86.77,Solukhumbu,7.0,15.0,12.0,1.0,10.0,0.0,0.0,0.0,100.0,100.0,100.0,HIGH
Khumbu Glacier,27.95,86.85,Solukhumbu,10.0,20.0,20.0,1.0,10.0,0.0,0.0,0.0,100.0,100.0,100.0,HIGH
Nuptse View Point,27.96,86.84,Solukhumbu,10.0,20.0,20.0,1.0,10.0,0.0,0.0,0.0,100.0,100.0,100.0,HIGH
Pumori Base Camp,27.98,86.82,Solukhumbu,10.0,20.0,20.0,1.0,10.0,0.0,0.0,0.0,100.0,100.0,100.0,HIGH
Ama Dablam Base Camp,27.86,86.86,Solukhumbu,10.0,20.0,20.0,1.0,10.0,0.0,0.0,0.0,100.0,100.0,100.0,HIGH
Kongde View,27.78,86.69,Solukhumbu,7.0,15.0,12.0,1.0,10.0,0.0,0.0,0.0,100.0,100.0,100.0,HIGH
Phaplu Airport,27.52,86.59,Solukhumbu,3.0,5.0,0.0,4.0,6.0,5.0,4.0,1.0,60.0,60.0,60.0,MEDIUM
Salleri Bazaar,27.55,86.59,Solukhumbu,2.0,5.0,0.0,5.0,5.0,10.0,8.0,2.0,55.0,55.0,55.0,MEDIUM
Halesi Mahadev Temple,27.37,86.67,Khotang,2.0,3.0,0.0,5.0,5.0,20.0,15.0,5.0,30.0,35.0,32.0,LOW
Diktel Bazaar,27.21,86.79,Khotang,2.0,5.0,0.0,4.0,6.0,10.0,8.0,2.0,55.0,55.0,55.0,MEDIUM
Temke Danda,27.25,87.0,Bhojpur,5.0,10.0,4.0,3.0,7.0,2.0,1.0,0.0,85.0,80.0,82.0,HIGH
Silichung Peak,27.6,87.0,Sankhuwasabha,10.0,20.0,20.0,1.0,10.0,0.0,0.0,0.0,100.0,100.0,100.0,HIGH
Mera Trail Village,27.65,86.9,Solukhumbu,8.0,17.0,15.0,1.0,10.0,0.0,0.0,0.0,100.0,100.0,100.0,HIGH
Hinku Valley,27.65,86.9,Solukhumbu,8.0,17.0,15.0,1.0,10.0,0.0,0.0,0.0,100.0,100.0,100.0,HIGH
Panch Pokhari Sindhupalchok,28.0,85.7,Sindhupalchok,8.0,16.0,13.0,2.0,10.0,0.0,0.0,0.0,100.0,100.0,100.0,HIGH
Melamchi Bazaar,27.95,85.58,Sindhupalchok,3.0,4.0,0.0,15.0,5.0,15.0,12.0,3.0,60.0,70.0,65.0,HIGH
Chautara Bazaar,27.78,85.71,Sindhupalchok,2.0,5.0,0.0,5.0,7.0,15.0,12.0,3.0,55.0,60.0,58.0,MEDIUM
Tatopani Border,27.97,85.97,Sindhupalchok,4.0,7.0,0.0,15.0,6.0,10.0,8.0,2.0,75.0,80.0,78.0,HIGH
Jugal Himal,28.2,85.7,Sindhupalchok,10.0,20.0,20.0,1.0,10.0,0.0,0.0,0.0,100.0,100.0,100.0,HIGH
Muktinath Rural Trail,28.82,83.87,Mustang,6.0,10.0,3.0,1.0,8.0,10.0,8.0,3.0,65.0,70.0,72.0,HIGH
Jomsom Rural Valley,28.78,83.73,Mustang,3.0,5.0,0.0,4.0,5.0,40.0,30.0,10.0,25.0,40.0,45.0,MEDIUM
Kobang Village Route,28.7,83.65,Mustang,5.0,9.0,2.0,4.0,7.0,15.0,10.0,3.0,60.0,70.0,72.0,HIGH
Lete Rural Camp,28.65,83.62,Mustang,7.0,11.0,4.0,5.0,8.0,5.0,5.0,2.0,70.0,75.0,78.0,HIGH
Tatopani Mustang Trail,28.5,83.6,Mustang,4.0,7.0,0.0,12.0,6.0,25.0,20.0,5.0,45.0,60.0,65.0,HIGH
Kaski Mardi Rural Route,28.7,83.9,Kaski,10.0,15.0,6.0,2.0,9.0,0.0,0.0,0.0,100.0,90.0,92.0,HIGH
Mardi Himal Village Camp,28.65,83.9,Kaski,12.0,16.0,8.0,1.0,9.0,0.0,0.0,0.0,100.0,90.0,92.0,HIGH
Sikles Rural Trail,28.45,84.05,Kaski,7.0,12.0,3.0,4.0,8.0,5.0,5.0,2.0,70.0,75.0,78.0,HIGH
Tansen Rural Heritage,27.87,83.55,Palpa,2.0,4.0,0.0,6.0,4.0,70.0,60.0,20.0,5.0,20.0,25.0,LOW
Ranighat Rural Trail,27.87,83.5,Palpa,3.0,5.0,0.0,8.0,5.0,50.0,40.0,15.0,20.0,35.0,40.0,MEDIUM
Srinagar Hill Rural View,27.88,83.55,Palpa,2.0,3.0,0.0,5.0,3.0,80.0,70.0,25.0,5.0,15.0,20.0,LOW
Ruru Kshetra Trail,27.95,83.45,Gulmi,3.0,6.0,0.0,7.0,5.0,50.0,40.0,15.0,20.0,35.0,40.0,MEDIUM
Dhurbang Rural Route,28.0,83.35,Gulmi,5.0,8.0,0.0,5.0,6.0,30.0,25.0,10.0,35.0,50.0,55.0,MEDIUM
Tamghas Village Trail,28.07,83.25,Gulmi,2.0,4.0,0.0,6.0,4.0,70.0,60.0,20.0,5.0,20.0,25.0,LOW
Resunga Rural Forest,28.08,83.25,Gulmi,4.0,7.0,0.0,5.0,5.0,40.0,30.0,10.0,25.0,40.0,45.0,MEDIUM
Arghakhanchi Supadeurali,28.05,83.1,Arghakhanchi,4.0,7.0,0.0,6.0,5.0,40.0,30.0,10.0,25.0,45.0,50.0,MEDIUM
Khadkawada Rural Route,28.0,83.0,Arghakhanchi,3.0,5.0,0.0,5.0,4.0,60.0,50.0,20.0,10.0,25.0,30.0,LOW
Pyuthan Gothibangla Trail,28.15,82.85,Pyuthan,7.0,11.0,3.0,6.0,7.0,10.0,8.0,3.0,65.0,70.0,72.0,HIGH
Swargadwari Rural Area,28.05,82.85,Pyuthan,3.0,5.0,0.0,8.0,5.0,50.0,40.0,15.0,20.0,35.0,40.0,MEDIUM
Rolpa Dhorpatan Link Trail,28.55,82.7,Rolpa,12.0,16.0,7.0,2.0,9.0,0.0,0.0,0.0,100.0,90.0,92.0,HIGH
Thabang Village Route,28.65,82.7,Rolpa,10.0,15.0,6.0,2.0,9.0,0.0,0.0,0.0,100.0,90.0,92.0,HIGH
Jaljala Rolpa Camp,28.6,82.6,Rolpa,13.0,17.0,10.0,1.0,9.0,0.0,0.0,0.0,100.0,95.0,95.0,HIGH
Rukum East Putha Trail,28.8,82.65,Rukum East,18.0,20.0,18.0,0.0,10.0,0.0,0.0,0.0,100.0,100.0,99.0,HIGH
Maikot Rural Settlement,28.85,82.6,Rukum East,11.0,16.0,7.0,2.0,9.0,0.0,0.0,0.0,100.0,90.0,92.0,HIGH
Sisne Himal Route,28.9,82.7,Rukum East,16.0,20.0,15.0,0.0,10.0,0.0,0.0,0.0,100.0,100.0,98.0,HIGH
Rukum West Dolpo Link,28.95,82.2,Rukum West,9.0,14.0,5.0,5.0,8.0,5.0,5.0,2.0,70.0,80.0,82.0,HIGH
Sani Bheri Village Trail,28.7,82.35,Rukum West,6.0,10.0,3.0,12.0,7.0,10.0,8.0,3.0,65.0,75.0,78.0,HIGH
Jajarkot Nalgad Trail,28.7,82.1,Jajarkot,6.0,10.0,2.0,12.0,7.0,10.0,8.0,3.0,65.0,75.0,78.0,HIGH
Barekot Rural Camp,28.9,82.2,Jajarkot,12.0,16.0,8.0,3.0,9.0,0.0,0.0,0.0,100.0,90.0,92.0,HIGH
Kushe Himal Route,28.8,82.25,Jajarkot,8.0,13.0,4.0,3.0,8.0,5.0,5.0,2.0,70.0,80.0,82.0,HIGH
Chharka Rural Valley,29.3,83.0,Dolpa,14.0,18.0,12.0,0.0,10.0,0.0,0.0,0.0,100.0,95.0,95.0,HIGH
Mukot Mountain Camp,29.55,83.2,Dolpa,20.0,20.0,20.0,0.0,10.0,0.0,0.0,0.0,100.0,100.0,99.0,HIGH
Dho Tarap Village,29.25,83.0,Dolpa,13.0,17.0,10.0,0.0,9.0,0.0,0.0,0.0,100.0,95.0,95.0,HIGH
Saldang Remote Trail,29.4,83.0,Dolpa,16.0,20.0,15.0,0.0,10.0,0.0,0.0,0.0,100.0,100.0,98.0,HIGH
Tinje Rural Settlement,29.5,83.15,Dolpa,18.0,20.0,18.0,0.0,10.0,0.0,0.0,0.0,100.0,100.0,99.0,HIGH
Shey Gompa Route,29.35,82.95,Dolpa,17.0,20.0,15.0,0.0,10.0,0.0,0.0,0.0,100.0,100.0,98.0,HIGH
Phoksundo Waterfall Trail,29.18,82.95,Dolpa,9.0,14.0,5.0,2.0,8.0,5.0,5.0,2.0,70.0,80.0,82.0,HIGH
Tarakot Village Camp,29.05,82.25,Dolpa,7.0,12.0,3.0,5.0,8.0,5.0,5.0,2.0,70.0,75.0,78.0,HIGH
Dunai Rural Market Area,29.05,82.25,Dolpa,3.0,5.0,0.0,12.0,5.0,30.0,25.0,10.0,40.0,50.0,55.0,MEDIUM
Juphal Airport Trail,29.28,82.2,Dolpa,5.0,8.0,2.0,3.0,7.0,15.0,10.0,3.0,55.0,65.0,68.0,HIGH
Kagbeni Village Route,28.83,83.78,Mustang,4.0,7.0,0.0,2.0,6.0,30.0,25.0,10.0,35.0,50.0,55.0,MEDIUM
Muktinath Temple Trail,28.82,83.87,Mustang,6.0,10.0,3.0,1.0,8.0,10.0,8.0,3.0,65.0,70.0,72.0,HIGH
Lo Manthang Rural Area,29.19,83.95,Mustang,8.0,12.0,4.0,0.0,8.0,5.0,5.0,2.0,70.0,75.0,78.0,HIGH
Chhoser Cave Village,29.25,84.0,Mustang,10.0,14.0,6.0,0.0,8.0,0.0,0.0,0.0,100.0,85.0,88.0,HIGH
Yara Village Trail,29.3,83.9,Mustang,15.0,18.0,12.0,0.0,10.0,0.0,0.0,0.0,100.0,95.0,95.0,HIGH
Tangya Remote Camp,29.35,83.85,Mustang,14.0,17.0,10.0,0.0,9.0,0.0,0.0,0.0,100.0,90.0,92.0,HIGH
Dhakmar Trail,29.2,83.85,Mustang,9.0,13.0,5.0,0.0,8.0,5.0,5.0,2.0,70.0,75.0,78.0,HIGH
Ghami Village,29.18,83.9,Mustang,5.0,8.0,2.0,0.0,6.0,20.0,15.0,5.0,50.0,60.0,65.0,HIGH
Marpha Rural Orchard,28.75,83.69,Mustang,2.0,4.0,0.0,5.0,4.0,70.0,60.0,20.0,5.0,20.0,25.0,LOW
Tukuche Village Trail,28.73,83.69,Mustang,4.0,7.0,0.0,4.0,6.0,30.0,25.0,10.0,35.0,50.0,55.0,MEDIUM
Lete Rural Route,28.65,83.62,Mustang,7.0,11.0,4.0,5.0,8.0,5.0,5.0,2.0,70.0,75.0,78.0,HIGH
Tatopani Mountain Trail,28.5,83.6,Mustang,5.0,9.0,2.0,12.0,7.0,15.0,10.0,3.0,60.0,70.0,72.0,HIGH
Sikles Village Trail,28.45,84.05,Kaski,7.0,12.0,3.0,4.0,8.0,5.0,5.0,2.0,70.0,75.0,78.0,HIGH
Mardi Himal Base Route,28.65,83.9,Kaski,12.0,16.0,8.0,1.0,9.0,0.0,0.0,0.0,100.0,90.0,92.0,HIGH
Kori Rural Viewpoint,28.45,84.1,Kaski,10.0,15.0,6.0,2.0,8.0,5.0,5.0,2.0,75.0,80.0,82.0,HIGH
Lwang Village Homestay,28.4,83.9,Kaski,3.0,5.0,0.0,8.0,5.0,40.0,30.0,10.0,25.0,45.0,50.0,MEDIUM
Ghalegaun Rural Trail,28.3,84.35,Lamjung,4.0,7.0,0.0,6.0,5.0,40.0,30.0,10.0,25.0,40.0,45.0,MEDIUM
Bhujung Village Route,28.25,84.35,Lamjung,5.0,8.0,2.0,5.0,6.0,30.0,25.0,10.0,35.0,50.0,55.0,MEDIUM
Nayagaun Rural Area,28.2,84.3,Lamjung,3.0,5.0,0.0,7.0,5.0,50.0,40.0,15.0,20.0,35.0,40.0,MEDIUM
Trekking Rural Camp Lamjung,28.3,84.4,Lamjung,8.0,12.0,3.0,4.0,8.0,5.0,5.0,2.0,70.0,75.0,78.0,HIGH
Manang Tilicho Route,28.67,84.05,Manang,17.0,20.0,15.0,0.0,10.0,0.0,0.0,0.0,100.0,100.0,98.0,HIGH
Khangsar Village Trail,28.65,84.0,Manang,13.0,17.0,10.0,0.0,9.0,0.0,0.0,0.0,100.0,95.0,95.0,HIGH
Nar Phu Valley Camp,28.85,84.2,Manang,18.0,20.0,18.0,0.0,10.0,0.0,0.0,0.0,100.0,100.0,99.0,HIGH
Ngawal Rural Route,28.65,84.1,Manang,9.0,14.0,5.0,0.0,8.0,5.0,5.0,2.0,70.0,80.0,82.0,HIGH
Pisak Village Trail,28.6,84.0,Manang,11.0,15.0,7.0,0.0,9.0,0.0,0.0,0.0,100.0,90.0,92.0,HIGH
Mustang Border Camp,29.5,83.9,Mustang,19.0,20.0,18.0,0.0,10.0,0.0,0.0,0.0,100.0,100.0,99.0,HIGH
Ghandruk Rural Trail,28.37,83.8,Kaski,5.0,8.0,2.0,5.0,6.0,30.0,25.0,10.0,35.0,50.0,55.0,MEDIUM
Landruk Village Route,28.35,83.82,Kaski,4.0,7.0,0.0,6.0,5.0,40.0,30.0,10.0,25.0,40.0,45.0,MEDIUM
Tadapani Forest Trail,28.4,83.75,Kaski,6.0,10.0,3.0,4.0,7.0,15.0,10.0,3.0,60.0,70.0,72.0,HIGH
Khopra Rural Ridge,28.45,83.7,Myagdi,12.0,16.0,8.0,1.0,9.0,0.0,0.0,0.0,100.0,90.0,92.0,HIGH
Mohare Danda Trail,28.45,83.6,Myagdi,8.0,12.0,4.0,3.0,8.0,5.0,5.0,2.0,70.0,75.0,78.0,HIGH
Poon Hill Rural Route,28.4,83.69,Myagdi,4.0,7.0,0.0,4.0,6.0,30.0,25.0,10.0,35.0,50.0,55.0,MEDIUM
Dhorpatan Rural Camp,28.3,83.0,Baglung,9.0,14.0,5.0,5.0,8.0,5.0,5.0,2.0,70.0,80.0,82.0,HIGH
Taman Rural Village,28.4,83.0,Baglung,5.0,9.0,2.0,6.0,7.0,10.0,8.0,3.0,65.0,70.0,72.0,HIGH
Galkot Rural Trail,28.22,83.42,Baglung,3.0,5.0,0.0,8.0,5.0,50.0,40.0,15.0,20.0,35.0,40.0,MEDIUM
Bungamati Heritage Area,27.62,85.29,Lalitpur,1.0,1.0,0.0,3.0,5.0,45.0,35.0,10.0,10.0,15.0,12.0,LOW
Khokana Heritage Village,27.61,85.28,Lalitpur,1.0,0.0,0.0,4.0,5.0,40.0,35.0,10.0,15.0,20.0,17.0,LOW
Godavari Botanical Garden,27.59,85.39,Lalitpur,1.0,1.0,0.0,3.0,4.0,40.0,30.0,8.0,15.0,15.0,15.0,LOW
Phulchoki Hill,27.58,85.39,Lalitpur,6.0,12.0,2.0,3.0,7.0,3.0,2.0,1.0,75.0,70.0,73.0,HIGH
Champadevi Hill,27.62,85.25,Lalitpur,4.0,8.0,1.0,3.0,6.0,8.0,5.0,2.0,60.0,60.0,60.0,MEDIUM
Nagarkot View Tower,27.72,85.52,Bhaktapur,2.0,3.0,0.0,3.0,5.0,40.0,35.0,10.0,15.0,20.0,17.0,LOW
Changunarayan Temple,27.72,85.43,Bhaktapur,1.0,2.0,0.0,3.0,5.0,35.0,30.0,8.0,20.0,20.0,20.0,LOW
Bhaktapur Durbar Square,27.671,85.4298,Bhaktapur,1.0,0.0,0.0,3.0,8.0,80.0,70.0,20.0,10.0,25.0,18.0,LOW
Suryabinayak Forest,27.66,85.44,Bhaktapur,3.0,6.0,1.0,4.0,6.0,20.0,15.0,5.0,45.0,50.0,48.0,MEDIUM
Shivapuri National Park,27.8,85.38,Kathmandu,5.0,10.0,2.0,5.0,7.0,20.0,15.0,5.0,70.0,65.0,68.0,HIGH
Sundarijal Waterfall,27.78,85.41,Kathmandu,3.0,5.0,0.0,10.0,4.0,25.0,20.0,5.0,50.0,55.0,52.0,MEDIUM
Kakani Viewpoint,27.8,85.25,Nuwakot,3.0,7.0,1.0,3.0,6.0,15.0,10.0,3.0,55.0,60.0,58.0,MEDIUM
Nuwakot Durbar,27.92,85.16,Nuwakot,1.0,2.0,0.0,4.0,7.0,20.0,15.0,5.0,30.0,40.0,35.0,LOW
Langtang National Park Gate,28.0,85.35,Rasuwa,6.0,14.0,8.0,2.0,9.0,0.0,0.0,0.0,95.0,90.0,93.0,HIGH
Dhunche Village,28.11,85.3,Rasuwa,4.0,10.0,5.0,2.0,8.0,3.0,2.0,1.0,80.0,85.0,82.0,HIGH
Syabrubesi,28.17,85.37,Rasuwa,5.0,12.0,6.0,3.0,8.0,2.0,2.0,0.0,85.0,85.0,85.0,HIGH
Gosaikunda Lake,28.083,85.415,Rasuwa,10.0,20.0,20.0,1.0,10.0,0.0,0.0,0.0,100.0,100.0,100.0,HIGH
Lauribina Pass,28.09,85.42,Rasuwa,10.0,20.0,20.0,1.0,10.0,0.0,0.0,0.0,100.0,100.0,100.0,HIGH
Kyanjin Ri,28.21,85.57,Rasuwa,10.0,20.0,20.0,1.0,10.0,0.0,0.0,0.0,100.0,100.0,100.0,HIGH
Tamang Heritage Route,28.25,85.35,Rasuwa,6.0,14.0,10.0,2.0,9.0,0.0,0.0,0.0,100.0,95.0,98.0,HIGH
Balthali Village,27.55,85.57,Kavrepalanchok,2.0,4.0,0.0,3.0,5.0,20.0,15.0,5.0,30.0,30.0,30.0,LOW
Dhulikhel Hiking Trail,27.62,85.54,Kavrepalanchok,2.0,5.0,0.0,4.0,5.0,25.0,20.0,5.0,35.0,40.0,38.0,MEDIUM
Panauti Museum Area,27.58,85.52,Kavrepalanchok,1.0,0.0,0.0,5.0,5.0,30.0,25.0,8.0,20.0,25.0,22.0,LOW
Kushadevi Village,27.58,85.65,Kavrepalanchok,3.0,6.0,1.0,4.0,6.0,10.0,8.0,2.0,60.0,60.0,60.0,MEDIUM
Tindhare Waterfall,27.55,85.7,Kavrepalanchok,4.0,8.0,1.0,8.0,5.0,8.0,5.0,1.0,70.0,75.0,73.0,HIGH
Namobuddha Stupa,27.57,85.58,Kavrepalanchok,1.0,1.0,0.0,3.0,5.0,30.0,25.0,8.0,20.0,20.0,20.0,LOW
Dolalghat River Area,27.63,85.62,Kavrepalanchok,4.0,1.0,0.0,18.0,3.0,8.0,6.0,2.0,80.0,80.0,80.0,HIGH
Indrasarovar Lake,27.58,85.16,Makwanpur,3.0,1.0,0.0,12.0,3.0,15.0,10.0,3.0,55.0,60.0,58.0,MEDIUM
Kulekhani Dam,27.59,85.15,Makwanpur,2.0,0.0,0.0,10.0,3.0,20.0,15.0,5.0,45.0,50.0,48.0,MEDIUM
Chitlang Village,27.62,85.2,Makwanpur,2.0,4.0,0.0,3.0,6.0,15.0,12.0,3.0,40.0,45.0,42.0,MEDIUM
Daman View Tower,27.6,85.13,Makwanpur,4.0,10.0,3.0,3.0,7.0,8.0,5.0,1.0,70.0,75.0,73.0,HIGH
Sim Bhanjyang,27.58,85.1,Makwanpur,5.0,12.0,5.0,2.0,8.0,5.0,4.0,1.0,80.0,85.0,82.0,HIGH
Markhu Village,27.59,85.16,Makwanpur,2.0,3.0,0.0,10.0,5.0,15.0,10.0,3.0,50.0,60.0,55.0,MEDIUM
Palung Valley,27.58,85.12,Makwanpur,3.0,7.0,1.0,4.0,7.0,10.0,8.0,2.0,65.0,70.0,68.0,HIGH
Kulekhani Reservoir,27.59,85.15,Makwanpur,3.0,0.0,0.0,15.0,3.0,10.0,8.0,2.0,65.0,65.0,65.0,HIGH
Tistung Village,27.65,85.08,Makwanpur,3.0,8.0,2.0,4.0,7.0,5.0,4.0,1.0,70.0,75.0,73.0,HIGH
Hetauda Botanical Garden,27.43,85.03,Makwanpur,1.0,0.0,0.0,8.0,2.0,50.0,40.0,10.0,10.0,25.0,18.0,LOW
Martyr Memorial Park,27.43,85.03,Makwanpur,1.0,0.0,0.0,5.0,2.0,45.0,35.0,10.0,10.0,20.0,15.0,LOW
Bharatpur Lake Area,27.68,84.43,Chitwan,2.0,0.0,0.0,10.0,2.0,60.0,45.0,15.0,20.0,35.0,28.0,LOW
Chitwan Elephant Breeding Center,27.58,84.44,Chitwan,3.0,0.0,0.0,8.0,2.0,40.0,30.0,10.0,30.0,35.0,32.0,LOW
Sauraha Jungle Safari,27.58,84.5,Chitwan,5.0,0.0,0.0,12.0,3.0,35.0,25.0,8.0,45.0,50.0,48.0,MEDIUM
Rapti River Chitwan,27.58,84.45,Chitwan,5.0,0.0,0.0,18.0,3.0,20.0,15.0,5.0,70.0,75.0,73.0,HIGH
Kasara Buffer Zone,27.53,84.35,Chitwan,4.0,0.0,0.0,10.0,2.0,15.0,10.0,3.0,50.0,45.0,48.0,MEDIUM
Bishazari Lake,27.62,84.45,Chitwan,2.0,0.0,0.0,12.0,2.0,35.0,25.0,8.0,35.0,45.0,40.0,MEDIUM
Devghat Dham,27.8,84.43,Tanahun,2.0,1.0,0.0,10.0,4.0,30.0,25.0,8.0,35.0,45.0,40.0,MEDIUM
Bandipur Bazaar,27.94,84.41,Tanahun,1.0,3.0,0.0,4.0,5.0,30.0,25.0,8.0,20.0,30.0,25.0,LOW
Siddha Cave,27.95,84.41,Tanahun,4.0,7.0,0.0,3.0,5.0,10.0,8.0,2.0,55.0,55.0,55.0,MEDIUM
Dhorpatan Hunting Reserve Trail,28.3,83.0,Baglung,12.0,16.0,8.0,2.0,9.0,0.0,0.0,0.0,100.0,90.0,92.0,HIGH
Bhujikot Rural Viewpoint,28.25,83.45,Baglung,4.0,7.0,0.0,6.0,5.0,40.0,30.0,10.0,25.0,40.0,45.0,MEDIUM
Nishi Rural Valley,28.35,82.9,Baglung,8.0,13.0,4.0,5.0,8.0,5.0,5.0,2.0,70.0,80.0,82.0,HIGH
Tara Rural Village Trail,28.4,82.95,Baglung,6.0,10.0,3.0,4.0,7.0,10.0,8.0,3.0,65.0,70.0,72.0,HIGH
Myagdi Ghorepani Route,28.4,83.69,Myagdi,5.0,8.0,2.0,5.0,6.0,20.0,15.0,5.0,50.0,65.0,68.0,HIGH
Dana Rural Hot Spring,28.52,83.65,Myagdi,3.0,6.0,0.0,12.0,5.0,40.0,30.0,10.0,25.0,45.0,50.0,MEDIUM
Tatopani Myagdi Trail,28.5,83.6,Myagdi,4.0,8.0,0.0,15.0,6.0,30.0,25.0,10.0,40.0,55.0,60.0,MEDIUM
Beni Rural Riverside,28.35,83.55,Myagdi,2.0,4.0,0.0,20.0,4.0,70.0,60.0,20.0,5.0,25.0,30.0,LOW
Kali Gandaki Rural Camp,28.45,83.65,Myagdi,7.0,11.0,3.0,10.0,7.0,10.0,8.0,3.0,65.0,75.0,78.0,HIGH
Rupa Rural Lake Trail,28.15,84.1,Kaski,2.0,3.0,0.0,10.0,3.0,80.0,70.0,25.0,5.0,20.0,25.0,LOW
Begnas Rural Area,28.15,84.1,Kaski,2.0,4.0,0.0,12.0,4.0,70.0,60.0,20.0,5.0,25.0,30.0,LOW
Panchase Forest Route,28.23,83.9,Kaski,5.0,9.0,2.0,5.0,7.0,20.0,15.0,5.0,50.0,65.0,68.0,HIGH
Australian Camp Rural Trail,28.33,83.83,Kaski,3.0,6.0,0.0,5.0,5.0,50.0,40.0,15.0,20.0,35.0,40.0,MEDIUM
Dhampus Village Route,28.32,83.82,Kaski,2.0,4.0,0.0,6.0,4.0,70.0,60.0,20.0,5.0,20.0,25.0,LOW
Machhapuchhre Rural Camp,28.55,84.0,Kaski,14.0,18.0,12.0,0.0,10.0,0.0,0.0,0.0,100.0,95.0,95.0,HIGH
Tamang Heritage Rural Trail,28.18,85.35,Rasuwa,10.0,15.0,6.0,2.0,8.0,5.0,5.0,2.0,75.0,80.0,82.0,HIGH
Thuman Rural Trail,28.25,85.38,Rasuwa,8.0,13.0,4.0,3.0,8.0,5.0,5.0,2.0,70.0,75.0,78.0,HIGH
Nagthali View Camp,28.25,85.4,Rasuwa,12.0,16.0,8.0,1.0,9.0,0.0,0.0,0.0,100.0,90.0,92.0,HIGH
Kyangjin Gompa Trail,28.21,85.57,Rasuwa,16.0,20.0,15.0,0.0,10.0,0.0,0.0,0.0,100.0,100.0,98.0,HIGH
Helambu Rural Route,28.02,85.6,Sindhupalchok,7.0,12.0,3.0,5.0,8.0,5.0,5.0,2.0,70.0,75.0,78.0,HIGH
Panch Pokhari Trail,28.0,85.7,Sindhupalchok,15.0,18.0,10.0,1.0,9.0,0.0,0.0,0.0,100.0,95.0,95.0,HIGH
Jugal Himal Camp,28.2,85.7,Sindhupalchok,17.0,20.0,15.0,0.0,10.0,0.0,0.0,0.0,100.0,100.0,98.0,HIGH
Melamchi Rural Route,28.12,85.58,Sindhupalchok,5.0,9.0,2.0,15.0,7.0,20.0,15.0,5.0,50.0,65.0,68.0,HIGH
Bhotang Village Trail,28.05,85.7,Sindhupalchok,11.0,16.0,7.0,2.0,9.0,0.0,0.0,0.0,100.0,90.0,92.0,HIGH
Nuwakot Kakani Trail,27.8,85.25,Nuwakot,2.0,4.0,0.0,5.0,4.0,70.0,60.0,20.0,5.0,20.0,25.0,LOW
Ruby Valley Rural Trail,28.15,85.05,Dhading,14.0,18.0,10.0,2.0,9.0,0.0,0.0,0.0,100.0,95.0,95.0,HIGH
Ganesh Himal Camp,28.3,85.0,Dhading,16.0,20.0,15.0,0.0,10.0,0.0,0.0,0.0,100.0,100.0,98.0,HIGH
Sertung Rural Trail,28.25,85.08,Dhading,8.0,13.0,4.0,3.0,8.0,5.0,5.0,2.0,70.0,80.0,82.0,HIGH
Jwalamukhi Rural Route,28.0,84.9,Dhading,3.0,5.0,0.0,12.0,5.0,50.0,40.0,15.0,20.0,35.0,40.0,MEDIUM
Chitlang Village Trail,27.65,85.2,Makwanpur,3.0,5.0,0.0,5.0,4.0,60.0,50.0,20.0,10.0,25.0,30.0,LOW
Kulekhani Rural Camp,27.58,85.15,Makwanpur,5.0,8.0,0.0,15.0,6.0,30.0,25.0,10.0,40.0,60.0,65.0,HIGH
Daman Rural Viewpoint,27.6,85.08,Makwanpur,4.0,7.0,0.0,6.0,5.0,40.0,30.0,10.0,25.0,45.0,50.0,MEDIUM
Chepang Hills Trail,27.7,84.95,Chitwan,8.0,12.0,3.0,10.0,7.0,15.0,10.0,3.0,60.0,70.0,72.0,HIGH
Siraichuli Rural Route,27.75,84.95,Chitwan,7.0,11.0,3.0,8.0,6.0,20.0,15.0,5.0,50.0,65.0,68.0,HIGH
Devghat Rural Heritage,27.7,84.43,Tanahun,2.0,4.0,0.0,15.0,4.0,70.0,60.0,20.0,5.0,20.0,25.0,LOW
Panchase Tanahun Route,28.0,84.3,Tanahun,4.0,7.0,0.0,6.0,5.0,40.0,30.0,10.0,25.0,40.0,45.0,MEDIUM
Sirubari Homestay Trail,28.05,83.85,Syangja,2.0,4.0,0.0,5.0,4.0,70.0,60.0,20.0,5.0,20.0,25.0,LOW
Pumdi Bhumdi Village,28.15,83.9,Kaski,2.0,3.0,0.0,4.0,5.0,25.0,20.0,5.0,30.0,35.0,32.0,LOW
World Peace Pagoda,28.2,83.95,Kaski,2.0,2.0,0.0,3.0,5.0,45.0,35.0,10.0,15.0,20.0,17.0,LOW
Devi's Fall,28.19,83.96,Kaski,4.0,0.0,0.0,8.0,3.0,50.0,40.0,10.0,30.0,35.0,32.0,LOW
Gupteshwor Cave,28.19,83.96,Kaski,3.0,0.0,0.0,5.0,3.0,40.0,35.0,10.0,20.0,25.0,22.0,LOW
Mahendra Cave,28.26,84.0,Kaski,2.0,1.0,0.0,3.0,4.0,40.0,35.0,10.0,20.0,25.0,22.0,LOW
Bat Cave Pokhara,28.26,84.0,Kaski,2.0,0.0,0.0,3.0,4.0,35.0,30.0,8.0,15.0,20.0,17.0,LOW
International Mountain Museum,28.19,83.97,Kaski,1.0,0.0,0.0,2.0,3.0,60.0,50.0,15.0,5.0,10.0,8.0,LOW
Begnas Lake,28.14,84.1,Kaski,2.0,0.0,0.0,12.0,2.0,25.0,20.0,5.0,45.0,50.0,48.0,MEDIUM
Rupa Lake,28.15,84.15,Kaski,2.0,0.0,0.0,10.0,2.0,20.0,15.0,5.0,40.0,45.0,42.0,MEDIUM
Phewa Lake,28.21,83.95,Kaski,4.0,0.0,0.0,12.0,3.0,80.0,70.0,20.0,15.0,25.0,20.0,LOW
Sarangkot Paragliding Area,28.25,83.95,Kaski,6.0,2.0,0.0,3.0,4.0,50.0,40.0,10.0,45.0,40.0,42.0,MEDIUM
Kahun Danda,28.25,84.02,Kaski,2.0,3.0,0.0,4.0,5.0,25.0,20.0,5.0,30.0,35.0,32.0,LOW
Naudanda Viewpoint,28.3,83.85,Kaski,2.0,5.0,0.0,3.0,5.0,20.0,15.0,5.0,40.0,45.0,42.0,MEDIUM
Dhampus Village,28.32,83.85,Kaski,2.0,4.0,0.0,3.0,5.0,15.0,12.0,3.0,40.0,45.0,42.0,MEDIUM
Mardi Himal Base Camp,28.56,83.95,Kaski,8.0,17.0,15.0,1.0,10.0,0.0,0.0,0.0,100.0,100.0,100.0,HIGH
Mardi Viewpoint,28.58,83.95,Kaski,6.0,14.0,10.0,2.0,9.0,0.0,0.0,0.0,95.0,90.0,93.0,HIGH
Ghandruk Village,28.38,83.8,Kaski,3.0,6.0,1.0,3.0,6.0,5.0,4.0,1.0,55.0,60.0,58.0,MEDIUM
Landruk Village,28.36,83.82,Kaski,3.0,7.0,1.0,3.0,6.0,4.0,3.0,1.0,60.0,65.0,62.0,MEDIUM
Chhomrong Village,28.43,83.82,Kaski,6.0,13.0,8.0,2.0,8.0,0.0,0.0,0.0,95.0,90.0,93.0,HIGH
Jhinu Danda Hot Spring,28.41,83.82,Kaski,4.0,6.0,0.0,8.0,5.0,8.0,5.0,1.0,65.0,70.0,68.0,HIGH
Tadapani Village,28.4,83.75,Kaski,5.0,12.0,5.0,2.0,8.0,0.0,0.0,0.0,90.0,85.0,87.0,HIGH
Khopra Ridge,28.42,83.7,Myagdi,7.0,15.0,10.0,2.0,9.0,0.0,0.0,0.0,100.0,95.0,98.0,HIGH
Ghorepani Village,28.4,83.69,Myagdi,3.0,7.0,1.0,3.0,5.0,5.0,4.0,1.0,55.0,60.0,58.0,MEDIUM
Poon Hill,28.4,83.69,Myagdi,4.0,8.0,2.0,3.0,6.0,5.0,4.0,1.0,65.0,65.0,65.0,HIGH
Dhorpatan Hunting Reserve,28.3,83.0,Baglung,8.0,16.0,12.0,2.0,10.0,0.0,0.0,0.0,100.0,100.0,100.0,HIGH
Kushma Bungee Site,28.21,83.68,Parbat,5.0,1.0,0.0,10.0,3.0,15.0,12.0,3.0,55.0,55.0,55.0,MEDIUM
Modi River Gorge,28.3,83.7,Parbat,6.0,2.0,0.0,15.0,4.0,5.0,4.0,1.0,80.0,75.0,78.0,HIGH
Rani Mahal,27.9,83.47,Palpa,3.0,2.0,0.0,12.0,4.0,8.0,6.0,2.0,65.0,65.0,65.0,HIGH
Srinagar Hill,27.87,83.54,Palpa,2.0,5.0,0.0,3.0,5.0,12.0,10.0,3.0,45.0,45.0,45.0,MEDIUM
Tilaurakot,27.57,83.05,Kapilvastu,1.0,0.0,0.0,3.0,2.0,20.0,15.0,5.0,20.0,15.0,18.0,LOW
Namobuddha Rural Trail,27.57,85.56,Kavrepalanchok,2.0,3.0,0.0,5.0,3.0,80.0,70.0,25.0,5.0,15.0,20.0,LOW
Balthali Village Route,27.58,85.55,Kavrepalanchok,3.0,5.0,0.0,5.0,4.0,60.0,50.0,20.0,10.0,25.0,30.0,LOW
Panauti Heritage Trail,27.58,85.52,Kavrepalanchok,2.0,4.0,0.0,6.0,4.0,70.0,60.0,20.0,5.0,20.0,25.0,LOW
Suryachaur Rural Route,27.82,85.27,Nuwakot,3.0,5.0,0.0,6.0,5.0,50.0,40.0,15.0,20.0,35.0,40.0,MEDIUM
Baruwa Village Trail,28.15,85.65,Sindhupalchok,5.0,9.0,2.0,5.0,7.0,10.0,8.0,3.0,65.0,70.0,72.0,HIGH
Yarsa Rural Route,28.1,85.7,Sindhupalchok,7.0,12.0,3.0,4.0,8.0,5.0,5.0,2.0,70.0,75.0,78.0,HIGH
Thangpal Village Area,28.05,85.65,Sindhupalchok,4.0,8.0,0.0,7.0,6.0,20.0,15.0,5.0,50.0,65.0,68.0,HIGH
Beding Village Route,27.85,86.45,Dolakha,18.0,20.0,18.0,0.0,10.0,0.0,0.0,0.0,100.0,100.0,99.0,HIGH
Rolwaling Rural Valley,27.9,86.35,Dolakha,16.0,20.0,15.0,0.0,10.0,0.0,0.0,0.0,100.0,100.0,98.0,HIGH
Phakding Rural Trail,27.75,86.72,Solukhumbu,5.0,8.0,2.0,3.0,6.0,15.0,10.0,3.0,55.0,65.0,68.0,HIGH
Monjo Village Route,27.76,86.73,Solukhumbu,4.0,7.0,0.0,3.0,6.0,20.0,15.0,5.0,50.0,60.0,65.0,HIGH
Khumjung Rural Area,27.83,86.72,Solukhumbu,7.0,11.0,4.0,1.0,8.0,5.0,5.0,2.0,70.0,75.0,78.0,HIGH
Phortse Village Trail,27.85,86.75,Solukhumbu,10.0,15.0,6.0,0.0,9.0,0.0,0.0,0.0,100.0,90.0,92.0,HIGH
Machhermo Rural Camp,27.95,86.73,Solukhumbu,12.0,16.0,8.0,0.0,9.0,0.0,0.0,0.0,100.0,90.0,92.0,HIGH
Gokyo Lake Rural Route,27.95,86.7,Solukhumbu,16.0,20.0,15.0,0.0,10.0,0.0,0.0,0.0,100.0,100.0,98.0,HIGH
Dole Village Trail,27.9,86.72,Solukhumbu,9.0,14.0,5.0,1.0,8.0,5.0,5.0,2.0,70.0,80.0,82.0,HIGH
Junbesi Rural Route,27.6,86.58,Solukhumbu,4.0,7.0,0.0,4.0,6.0,20.0,15.0,5.0,50.0,60.0,65.0,HIGH
Pikey Peak Trail,27.65,86.58,Solukhumbu,12.0,16.0,8.0,1.0,9.0,0.0,0.0,0.0,100.0,90.0,92.0,HIGH
Kharikhola Rural Area,27.65,86.7,Solukhumbu,8.0,12.0,4.0,3.0,8.0,5.0,5.0,2.0,70.0,75.0,78.0,HIGH
Bupsa Village Route,27.62,86.65,Solukhumbu,7.0,11.0,3.0,4.0,7.0,10.0,8.0,3.0,65.0,70.0,72.0,HIGH
Paiya Rural Trail,27.62,86.6,Solukhumbu,5.0,9.0,2.0,5.0,7.0,15.0,10.0,3.0,60.0,70.0,72.0,HIGH
Ringmo Village Route,27.62,86.55,Solukhumbu,6.0,10.0,3.0,3.0,7.0,10.0,8.0,3.0,65.0,70.0,72.0,HIGH
Surke Village Trail,27.68,86.75,Solukhumbu,4.0,7.0,0.0,3.0,6.0,20.0,15.0,5.0,50.0,60.0,65.0,HIGH
Lukla Rural Route,27.687,86.731,Solukhumbu,5.0,8.0,2.0,2.0,6.0,20.0,15.0,5.0,50.0,65.0,68.0,HIGH
Khorlabesi Trail,28.5,84.75,Gorkha,5.0,9.0,2.0,5.0,7.0,10.0,8.0,3.0,65.0,70.0,72.0,HIGH
Jagat Rural Route,28.52,84.7,Gorkha,6.0,10.0,3.0,4.0,7.0,10.0,8.0,3.0,65.0,70.0,72.0,HIGH
Sankhu Heritage Area,27.74,85.46,Kathmandu,1.0,1.0,0.0,3.0,5.0,40.0,35.0,10.0,15.0,20.0,17.0,LOW
Boudhanath Stupa,27.7215,85.362,Kathmandu,1.0,0.0,0.0,2.0,4.0,80.0,70.0,20.0,5.0,10.0,8.0,LOW
Swayambhunath Temple,27.7149,85.29,Kathmandu,1.0,0.0,0.0,2.0,5.0,80.0,70.0,20.0,5.0,15.0,10.0,LOW
Kathmandu Durbar Square,27.7048,85.3076,Kathmandu,1.0,0.0,0.0,3.0,8.0,90.0,80.0,25.0,5.0,25.0,15.0,LOW
Patan Durbar Square,27.673,85.325,Lalitpur,1.0,0.0,0.0,3.0,8.0,80.0,70.0,20.0,5.0,25.0,15.0,LOW
Garden of Dreams,27.714,85.316,Kathmandu,0.0,0.0,0.0,1.0,3.0,90.0,80.0,25.0,5.0,5.0,5.0,LOW
Kirtipur Heritage Town,27.678,85.277,Kathmandu,1.0,2.0,0.0,3.0,6.0,40.0,35.0,10.0,20.0,30.0,25.0,LOW
Chandragiri Hills,27.675,85.245,Kathmandu,4.0,8.0,2.0,3.0,7.0,20.0,15.0,5.0,65.0,70.0,68.0,HIGH
White Gumba Kathmandu,27.75,85.23,Kathmandu,2.0,3.0,0.0,3.0,5.0,30.0,25.0,8.0,30.0,35.0,32.0,LOW
Kakani View Tower,27.8,85.25,Nuwakot,3.0,7.0,1.0,3.0,6.0,15.0,10.0,3.0,55.0,60.0,58.0,MEDIUM
Nuwakot Seven Storey Palace,27.92,85.16,Nuwakot,2.0,3.0,0.0,4.0,7.0,20.0,15.0,5.0,30.0,40.0,35.0,LOW
Trishuli Bazaar,27.92,85.17,Nuwakot,3.0,2.0,0.0,15.0,4.0,15.0,10.0,3.0,60.0,70.0,65.0,HIGH
Devighat,27.85,85.1,Nuwakot,2.0,1.0,0.0,12.0,3.0,15.0,10.0,3.0,55.0,60.0,58.0,MEDIUM
Rasuwa Gosaikunda Route,28.08,85.41,Rasuwa,10.0,20.0,20.0,1.0,10.0,0.0,0.0,0.0,100.0,100.0,100.0,HIGH
Thuman Village,28.16,85.31,Rasuwa,6.0,14.0,8.0,2.0,9.0,0.0,0.0,0.0,95.0,90.0,93.0,HIGH
Timure Village,28.17,85.36,Rasuwa,5.0,12.0,6.0,3.0,8.0,0.0,0.0,0.0,90.0,85.0,87.0,HIGH
Rasuwagadhi Border,28.18,85.37,Rasuwa,5.0,10.0,5.0,3.0,8.0,0.0,0.0,0.0,85.0,85.0,85.0,HIGH
Ganesh Himal Trail,28.3,85.0,Dhading,10.0,20.0,20.0,1.0,10.0,0.0,0.0,0.0,100.0,100.0,100.0,HIGH
Salyantar Village,28.15,84.95,Dhading,4.0,8.0,2.0,4.0,7.0,5.0,4.0,1.0,70.0,70.0,70.0,HIGH
Dhading Besi,28.26,84.87,Dhading,2.0,5.0,0.0,5.0,6.0,15.0,12.0,3.0,55.0,60.0,58.0,MEDIUM
Kalinchowk Trail,27.85,86.02,Dolakha,8.0,16.0,12.0,2.0,10.0,0.0,0.0,0.0,100.0,100.0,100.0,HIGH
Jiri Everest Gateway,27.63,86.23,Dolakha,3.0,7.0,2.0,4.0,6.0,10.0,8.0,2.0,70.0,70.0,70.0,HIGH
Lamabagar Hydropower Area,27.9,86.3,Dolakha,7.0,15.0,10.0,2.0,9.0,0.0,0.0,0.0,100.0,95.0,98.0,HIGH
Simigaon Village,27.9,86.35,Dolakha,7.0,16.0,12.0,1.0,10.0,0.0,0.0,0.0,100.0,100.0,100.0,HIGH
Gaurishankar Conservation,27.9,86.35,Dolakha,10.0,20.0,20.0,1.0,10.0,0.0,0.0,0.0,100.0,100.0,100.0,HIGH
Tsho Rolpa Glacier Lake,27.87,86.48,Dolakha,10.0,20.0,20.0,1.0,10.0,0.0,0.0,0.0,100.0,100.0,100.0,HIGH
Rolwaling Trek,27.85,86.45,Dolakha,10.0,20.0,20.0,1.0,10.0,0.0,0.0,0.0,100.0,100.0,100.0,HIGH
Daman Hill,27.6,85.13,Makwanpur,4.0,10.0,3.0,3.0,7.0,8.0,5.0,1.0,70.0,75.0,73.0,HIGH
Kulekhani Lake,27.59,85.15,Makwanpur,3.0,0.0,0.0,15.0,3.0,10.0,8.0,2.0,65.0,65.0,65.0,HIGH
Chitlang Organic Village,27.62,85.2,Makwanpur,2.0,4.0,0.0,3.0,6.0,15.0,12.0,3.0,40.0,45.0,42.0,MEDIUM
Markhu Dam Area,27.59,85.16,Makwanpur,3.0,0.0,0.0,12.0,3.0,15.0,10.0,3.0,55.0,60.0,58.0,MEDIUM
Hetauda Martyrs Park,27.43,85.03,Makwanpur,1.0,0.0,0.0,5.0,2.0,45.0,35.0,10.0,10.0,20.0,15.0,LOW
Chitwan Jungle Walk,27.58,84.5,Chitwan,5.0,0.0,0.0,10.0,2.0,30.0,25.0,8.0,40.0,45.0,42.0,MEDIUM
Elephant Breeding Centre,27.58,84.44,Chitwan,3.0,0.0,0.0,8.0,2.0,40.0,30.0,10.0,30.0,35.0,32.0,LOW
Kasara Tiger Camp,27.53,84.35,Chitwan,4.0,0.0,0.0,12.0,2.0,15.0,10.0,3.0,55.0,60.0,58.0,MEDIUM
Devghat River Area,27.8,84.43,Tanahun,3.0,1.0,0.0,12.0,4.0,25.0,20.0,5.0,45.0,50.0,48.0,MEDIUM
Bandipur Cave Route,27.95,84.41,Tanahun,4.0,5.0,0.0,3.0,5.0,15.0,12.0,3.0,50.0,55.0,52.0,MEDIUM
Tanahun Siddha Cave,27.95,84.41,Tanahun,4.0,7.0,0.0,3.0,5.0,10.0,8.0,2.0,55.0,55.0,55.0,MEDIUM
Damauli Riverside,27.98,84.25,Tanahun,2.0,1.0,0.0,15.0,3.0,20.0,15.0,5.0,60.0,65.0,62.0,MEDIUM
Manakamana Cable Station,27.95,84.62,Gorkha,3.0,2.0,0.0,5.0,7.0,30.0,25.0,8.0,35.0,40.0,38.0,MEDIUM
Barpak Homestay Area,28.21,84.75,Gorkha,5.0,12.0,5.0,3.0,9.0,2.0,1.0,0.0,85.0,90.0,88.0,HIGH
Bimthang Rural Trail,28.67,84.45,Gorkha,13.0,17.0,10.0,0.0,9.0,0.0,0.0,0.0,100.0,95.0,95.0,HIGH
Dharmasala Manaslu Camp,28.72,84.65,Gorkha,14.0,18.0,12.0,0.0,10.0,0.0,0.0,0.0,100.0,95.0,95.0,HIGH
Khorla Rural Viewpoint,28.48,84.78,Gorkha,6.0,10.0,3.0,6.0,7.0,10.0,8.0,3.0,65.0,75.0,78.0,HIGH
Barpak Rural Village,28.21,84.75,Gorkha,9.0,14.0,5.0,3.0,8.0,5.0,5.0,2.0,70.0,80.0,82.0,HIGH
Laprak Rural Trail,28.23,84.7,Gorkha,11.0,15.0,7.0,2.0,9.0,0.0,0.0,0.0,100.0,90.0,92.0,HIGH
Rubina La Rural Camp,28.65,84.5,Gorkha,18.0,20.0,18.0,0.0,10.0,0.0,0.0,0.0,100.0,100.0,99.0,HIGH
Chhekampar Village,28.65,84.75,Gorkha,12.0,16.0,8.0,1.0,9.0,0.0,0.0,0.0,100.0,90.0,92.0,HIGH
Prok Rural Route,28.63,84.7,Gorkha,8.0,13.0,4.0,2.0,8.0,5.0,5.0,2.0,70.0,80.0,82.0,HIGH
Nile Village Camp,28.62,84.72,Gorkha,15.0,18.0,12.0,0.0,10.0,0.0,0.0,0.0,100.0,95.0,95.0,HIGH
Tsum Valley Trail,28.65,84.9,Gorkha,17.0,20.0,15.0,0.0,10.0,0.0,0.0,0.0,100.0,100.0,98.0,HIGH
Chhorten Dhara Route,28.6,84.85,Gorkha,12.0,16.0,8.0,1.0,9.0,0.0,0.0,0.0,100.0,90.0,92.0,HIGH
Ganesh Himal Rural Route,28.3,85.0,Dhading,16.0,20.0,15.0,0.0,10.0,0.0,0.0,0.0,100.0,100.0,98.0,HIGH
Jharlang Village Trail,28.15,85.2,Dhading,7.0,12.0,3.0,4.0,8.0,5.0,5.0,2.0,70.0,75.0,78.0,HIGH
Sertung Rural Settlement,28.25,85.08,Dhading,8.0,13.0,4.0,3.0,8.0,5.0,5.0,2.0,70.0,80.0,82.0,HIGH
Lapa Village Route,28.2,85.12,Dhading,12.0,16.0,8.0,2.0,9.0,0.0,0.0,0.0,100.0,90.0,92.0,HIGH
Tipling Rural Camp,28.18,85.1,Dhading,10.0,15.0,6.0,3.0,8.0,5.0,5.0,2.0,75.0,80.0,82.0,HIGH
Ruby Valley Trek Route,28.15,85.05,Dhading,14.0,18.0,10.0,2.0,9.0,0.0,0.0,0.0,100.0,95.0,95.0,HIGH
Manaslu Border Trail,28.25,84.9,Gorkha,16.0,20.0,15.0,0.0,10.0,0.0,0.0,0.0,100.0,100.0,98.0,HIGH
Dhunche Rural Trail,28.11,85.3,Rasuwa,5.0,8.0,2.0,4.0,6.0,20.0,15.0,5.0,50.0,65.0,68.0,HIGH
Syabrubesi Village Route,28.17,85.37,Rasuwa,4.0,7.0,0.0,10.0,5.0,30.0,25.0,10.0,40.0,60.0,65.0,HIGH
Sherpagaun Rural Trail,28.22,85.42,Rasuwa,9.0,14.0,5.0,3.0,8.0,5.0,5.0,2.0,70.0,80.0,82.0,HIGH
Cholangpati Camp,28.08,85.42,Rasuwa,11.0,15.0,7.0,0.0,9.0,0.0,0.0,0.0,100.0,90.0,92.0,HIGH
Dhunche Mountain View,28.12,85.35,Rasuwa,6.0,10.0,3.0,2.0,7.0,10.0,8.0,3.0,65.0,70.0,72.0,HIGH
Langtang Forest Trail,28.23,85.52,Rasuwa,13.0,17.0,10.0,0.0,9.0,0.0,0.0,0.0,100.0,95.0,95.0,HIGH
Ganja La Rural Pass,28.25,85.5,Rasuwa,18.0,20.0,18.0,0.0,10.0,0.0,0.0,0.0,100.0,100.0,99.0,HIGH
Yala Peak Route,28.22,85.55,Rasuwa,15.0,19.0,14.0,0.0,10.0,0.0,0.0,0.0,100.0,95.0,96.0,HIGH
Helambu Mountain Camp,28.02,85.6,Sindhupalchok,7.0,12.0,3.0,5.0,8.0,5.0,5.0,2.0,70.0,75.0,78.0,HIGH
Tharepati Rural Trail,28.03,85.58,Sindhupalchok,10.0,15.0,6.0,2.0,8.0,5.0,5.0,2.0,75.0,80.0,82.0,HIGH
Panch Pokhari Camp,28.0,85.7,Sindhupalchok,15.0,18.0,10.0,1.0,9.0,0.0,0.0,0.0,100.0,95.0,95.0,HIGH
Baruwa Village Route,28.15,85.65,Sindhupalchok,5.0,9.0,2.0,5.0,7.0,10.0,8.0,3.0,65.0,70.0,72.0,HIGH
Kyanjin Rural Meadow,28.21,85.57,Rasuwa,16.0,20.0,15.0,0.0,10.0,0.0,0.0,0.0,100.0,100.0,98.0,HIGH
Gosaikunda Rural Trail,28.083,85.416,Rasuwa,17.0,20.0,15.0,0.0,10.0,0.0,0.0,0.0,100.0,100.0,98.0,HIGH
Laurebina Pass Trail,28.09,85.42,Rasuwa,18.0,20.0,18.0,0.0,10.0,0.0,0.0,0.0,100.0,100.0,99.0,HIGH
Rasuwagadhi Border Trail,28.43,85.16,Rasuwa,10.0,15.0,6.0,4.0,8.0,0.0,0.0,0.0,100.0,90.0,92.0,HIGH
Larke Pass,28.65,84.56,Gorkha,10.0,20.0,20.0,1.0,10.0,0.0,0.0,0.0,100.0,100.0,100.0,HIGH
Bimthang Village,28.72,84.65,Gorkha,8.0,17.0,15.0,1.0,10.0,0.0,0.0,0.0,100.0,100.0,100.0,HIGH
Dharapani Village,28.53,84.36,Manang,6.0,14.0,10.0,2.0,9.0,0.0,0.0,0.0,95.0,95.0,95.0,HIGH
Chame Village,28.55,84.23,Manang,5.0,12.0,8.0,2.0,8.0,2.0,1.0,0.0,85.0,85.0,85.0,HIGH
Pisang Village,28.6,84.15,Manang,7.0,15.0,12.0,1.0,9.0,0.0,0.0,0.0,100.0,100.0,100.0,HIGH
Upper Pisang View,28.62,84.15,Manang,8.0,17.0,15.0,1.0,10.0,0.0,0.0,0.0,100.0,100.0,100.0,HIGH
Manang Village,28.66,84.02,Manang,8.0,18.0,15.0,1.0,10.0,0.0,0.0,0.0,100.0,100.0,100.0,HIGH
Tilicho Lake,28.69,83.94,Manang,10.0,20.0,20.0,1.0,10.0,0.0,0.0,0.0,100.0,100.0,100.0,HIGH
Tilicho Base Camp,28.65,83.95,Manang,10.0,20.0,20.0,1.0,10.0,0.0,0.0,0.0,100.0,100.0,100.0,HIGH
Thorong La Pass,28.79,84.05,Manang,10.0,20.0,20.0,1.0,10.0,0.0,0.0,0.0,100.0,100.0,100.0,HIGH
Muktinath Temple,28.82,83.87,M mustang,4.0,10.0,5.0,1.0,8.0,0.0,0.0,0.0,85.0,85.0,85.0,HIGH
Jomsom Bazaar,28.78,83.72,Mustang,3.0,8.0,2.0,3.0,7.0,5.0,4.0,1.0,65.0,70.0,68.0,HIGH
Kagbeni Village,28.83,83.78,Mustang,4.0,10.0,5.0,2.0,8.0,2.0,1.0,0.0,80.0,85.0,82.0,HIGH
Marpha Village,28.75,83.69,Mustang,2.0,5.0,0.0,3.0,6.0,10.0,8.0,2.0,55.0,60.0,58.0,MEDIUM
Tukuche Village,28.69,83.68,Mustang,3.0,8.0,2.0,3.0,7.0,5.0,4.0,1.0,65.0,70.0,68.0,HIGH
Kali Gandaki Gorge,28.7,83.65,Mustang,7.0,5.0,0.0,18.0,4.0,3.0,2.0,1.0,85.0,80.0,83.0,HIGH
Muktinath Trail,28.82,83.87,Mustang,5.0,12.0,8.0,1.0,9.0,0.0,0.0,0.0,95.0,95.0,95.0,HIGH
Upper Mustang Lo Manthang,29.18,83.95,Mustang,3.0,10.0,5.0,0.0,7.0,0.0,0.0,0.0,90.0,90.0,90.0,HIGH
Lo Manthang Palace,29.18,83.95,Mustang,2.0,5.0,0.0,0.0,6.0,0.0,0.0,0.0,80.0,75.0,78.0,HIGH
Chhoser Cave,29.23,83.97,Mustang,3.0,8.0,2.0,0.0,7.0,0.0,0.0,0.0,85.0,85.0,85.0,HIGH
Dhorpatan Valley,28.3,83.0,Baglung,7.0,16.0,10.0,3.0,9.0,0.0,0.0,0.0,100.0,95.0,98.0,HIGH
Baglung Kalika,28.27,83.59,Baglung,2.0,4.0,0.0,5.0,5.0,10.0,8.0,2.0,45.0,45.0,45.0,MEDIUM
Panchase Baglung Trail,28.25,83.7,Baglung,5.0,10.0,3.0,3.0,7.0,2.0,1.0,0.0,80.0,80.0,80.0,HIGH
Galeshwor Temple,28.35,83.56,Myagdi,2.0,3.0,0.0,8.0,4.0,15.0,10.0,3.0,40.0,45.0,42.0,MEDIUM
Beni-Jomsom Highway,28.5,83.65,Myagdi,8.0,12.0,0.0,15.0,5.0,5.0,4.0,1.0,85.0,85.0,85.0,HIGH
Kali Gandaki River Camp,28.45,83.65,Myagdi,5.0,2.0,0.0,20.0,3.0,3.0,2.0,1.0,90.0,90.0,90.0,HIGH
Ghandruk Trail,28.38,83.8,Kaski,3.0,7.0,1.0,3.0,6.0,5.0,4.0,1.0,55.0,60.0,58.0,MEDIUM
Komrong Danda,28.39,83.75,Kaski,5.0,12.0,5.0,2.0,8.0,0.0,0.0,0.0,90.0,85.0,87.0,HIGH
Muldai Viewpoint,28.43,83.7,Kaski,6.0,14.0,8.0,2.0,9.0,0.0,0.0,0.0,95.0,90.0,93.0,HIGH
Kori Danda Trail,28.5,84.1,Kaski,8.0,17.0,14.0,1.0,10.0,0.0,0.0,0.0,100.0,100.0,100.0,HIGH
Kapuche Lake,28.5,84.02,Kaski,7.0,15.0,10.0,2.0,9.0,0.0,0.0,0.0,100.0,95.0,98.0,HIGH
Sikles Trek,28.46,84.07,Kaski,5.0,12.0,6.0,2.0,8.0,1.0,1.0,0.0,85.0,85.0,85.0,HIGH
Begnas Lake Resort Area,28.14,84.1,Kaski,2.0,0.0,0.0,10.0,2.0,25.0,20.0,5.0,40.0,45.0,42.0,MEDIUM
Rupa Lake View,28.15,84.15,Kaski,2.0,0.0,0.0,8.0,2.0,20.0,15.0,5.0,35.0,40.0,38.0,MEDIUM
Phewa Boating Area,28.21,83.95,Kaski,3.0,0.0,0.0,12.0,3.0,80.0,70.0,20.0,20.0,30.0,25.0,LOW
Sarangkot Sunrise Point,28.25,83.95,Kaski,3.0,3.0,0.0,3.0,5.0,50.0,40.0,10.0,30.0,35.0,32.0,LOW
Annapurna Panorama Trail,28.45,83.85,Kaski,6.0,14.0,8.0,2.0,9.0,0.0,0.0,0.0,95.0,95.0,95.0,HIGH
Rara National Park,29.52,82.1,Mugu,6.0,10.0,5.0,4.0,8.0,0.0,0.0,0.0,100.0,80.0,90.0,HIGH
Talcha Airport Area,29.5,82.19,Mugu,2.0,5.0,0.0,5.0,6.0,5.0,4.0,1.0,65.0,55.0,60.0,MEDIUM
Mugu Karnali River,29.6,82.0,Mugu,6.0,2.0,0.0,18.0,4.0,0.0,0.0,0.0,100.0,85.0,92.0,HIGH
Chhayanath Temple,29.55,82.1,Mugu,3.0,8.0,1.0,4.0,7.0,0.0,0.0,0.0,90.0,80.0,85.0,HIGH
Shey Phoksundo Lake,29.19,82.95,Dolpa,8.0,18.0,15.0,1.0,10.0,0.0,0.0,0.0,100.0,100.0,100.0,HIGH
Phoksundo Waterfall,29.2,82.95,Dolpa,7.0,17.0,12.0,2.0,10.0,0.0,0.0,0.0,100.0,100.0,100.0,HIGH
Shey Gompa,29.35,83.0,Dolpa,7.0,15.0,10.0,1.0,9.0,0.0,0.0,0.0,100.0,95.0,98.0,HIGH
Upper Dolpo Trek,29.5,82.8,Dolpa,10.0,20.0,20.0,1.0,10.0,0.0,0.0,0.0,100.0,100.0,100.0,HIGH
Juphal Airport,29.27,82.19,Dolpa,3.0,8.0,2.0,3.0,7.0,2.0,1.0,0.0,80.0,75.0,78.0,HIGH
Dunai Bazaar,29.05,82.25,Dolpa,3.0,6.0,0.0,8.0,5.0,5.0,4.0,1.0,65.0,65.0,65.0,HIGH
Kagkot Village,29.3,82.7,Dolpa,7.0,16.0,12.0,1.0,10.0,0.0,0.0,0.0,100.0,100.0,100.0,HIGH
Jumla Bazaar,29.27,82.18,Jumla,2.0,5.0,0.0,5.0,6.0,10.0,8.0,2.0,55.0,60.0,58.0,MEDIUM
Sinja Valley,29.45,82.2,Jumla,5.0,12.0,5.0,4.0,8.0,0.0,0.0,0.0,90.0,85.0,88.0,HIGH
Patmara Village,29.35,82.3,Jumla,4.0,10.0,4.0,3.0,8.0,0.0,0.0,0.0,85.0,80.0,83.0,HIGH
Khalanga Jumla,29.28,82.18,Jumla,2.0,4.0,0.0,5.0,5.0,15.0,10.0,3.0,45.0,50.0,48.0,MEDIUM
Dudhkunda Lake,27.6,86.65,Solukhumbu,9.0,18.0,16.0,1.0,10.0,0.0,0.0,0.0,100.0,100.0,100.0,HIGH
Pikey Peak,27.58,86.65,Solukhumbu,7.0,15.0,10.0,2.0,9.0,0.0,0.0,0.0,100.0,95.0,98.0,HIGH
Junbesi Village,27.58,86.58,Solukhumbu,3.0,7.0,2.0,3.0,6.0,3.0,2.0,1.0,60.0,65.0,62.0,MEDIUM
Thupten Chholing Monastery,27.6,86.57,Solukhumbu,2.0,5.0,0.0,3.0,5.0,3.0,2.0,1.0,50.0,50.0,50.0,MEDIUM
Phaplu Trail,27.52,86.59,Solukhumbu,3.0,8.0,2.0,4.0,7.0,2.0,1.0,0.0,70.0,75.0,73.0,HIGH
Chiwang Monastery,27.55,86.6,Solukhumbu,2.0,4.0,0.0,3.0,5.0,5.0,4.0,1.0,45.0,50.0,48.0,MEDIUM
Taksindu Monastery,27.58,86.62,Solukhumbu,3.0,8.0,2.0,3.0,7.0,1.0,1.0,0.0,75.0,75.0,75.0,HIGH
Halesi Cave,27.37,86.67,Khotang,2.0,3.0,0.0,5.0,5.0,20.0,15.0,5.0,30.0,35.0,32.0,LOW
Diktel Rupakot,27.21,86.79,Khotang,2.0,5.0,0.0,4.0,6.0,10.0,8.0,2.0,55.0,55.0,55.0,MEDIUM
Salpa Pokhari,27.3,86.95,Bhojpur,7.0,15.0,10.0,2.0,9.0,0.0,0.0,0.0,100.0,95.0,98.0,HIGH
Silichung Danda,27.6,87.0,Sankhuwasabha,10.0,20.0,20.0,1.0,10.0,0.0,0.0,0.0,100.0,100.0,100.0,HIGH
Makalu Base Route,27.78,87.09,Sankhuwasabha,10.0,20.0,20.0,1.0,10.0,0.0,0.0,0.0,100.0,100.0,100.0,HIGH
Num Village Trail,27.55,87.15,Sankhuwasabha,6.0,14.0,8.0,3.0,8.0,0.0,0.0,0.0,95.0,90.0,93.0,HIGH
Khandbari,27.38,87.2,Sankhuwasabha,2.0,5.0,0.0,5.0,5.0,20.0,15.0,5.0,30.0,35.0,32.0,LOW
Arun Valley Trek,27.5,87.1,Sankhuwasabha,8.0,17.0,14.0,2.0,9.0,0.0,0.0,0.0,100.0,100.0,100.0,HIGH
Barun Glacier,27.65,87.1,Sankhuwasabha,10.0,20.0,20.0,1.0,10.0,0.0,0.0,0.0,100.0,100.0,100.0,HIGH
Kanchenjunga Base Camp,27.7,88.0,Taplejung,10.0,20.0,20.0,1.0,10.0,0.0,0.0,0.0,100.0,100.0,100.0,HIGH
Olangchung Gola,27.67,87.9,Taplejung,8.0,17.0,14.0,1.0,10.0,0.0,0.0,0.0,100.0,100.0,100.0,HIGH
Ghunsa Village,27.74,87.97,Taplejung,8.0,17.0,14.0,1.0,10.0,0.0,0.0,0.0,100.0,100.0,100.0,HIGH
Pathibhara Temple,27.42,87.75,Taplejung,7.0,15.0,10.0,2.0,9.0,0.0,0.0,0.0,100.0,95.0,98.0,HIGH
Fungling Bazaar,27.35,87.67,Taplejung,2.0,5.0,0.0,5.0,6.0,10.0,8.0,2.0,55.0,55.0,55.0,MEDIUM
Ilam Tea Garden,26.91,87.93,Ilam,1.0,2.0,0.0,5.0,4.0,30.0,25.0,8.0,20.0,25.0,22.0,LOW
Sandakpur,27.05,87.95,Ilam,5.0,12.0,5.0,3.0,8.0,0.0,0.0,0.0,90.0,85.0,87.0,HIGH
Kanyam,26.95,88.02,Ilam,1.0,1.0,0.0,4.0,3.0,35.0,30.0,8.0,15.0,15.0,12.0,LOW
Kerung Border Rural Camp,28.45,85.2,Rasuwa,12.0,16.0,8.0,2.0,9.0,0.0,0.0,0.0,100.0,90.0,92.0,HIGH
Chilime Village Route,28.25,85.35,Rasuwa,5.0,9.0,2.0,6.0,7.0,10.0,8.0,3.0,65.0,70.0,72.0,HIGH
Bhorle Rural Trail,28.15,85.3,Rasuwa,4.0,7.0,0.0,8.0,5.0,30.0,25.0,10.0,40.0,55.0,60.0,MEDIUM
Dhunche Gosaikunda Route,28.11,85.3,Rasuwa,8.0,12.0,4.0,2.0,8.0,5.0,5.0,2.0,70.0,75.0,78.0,HIGH
Nagarkot Rural View Trail,27.72,85.52,Bhaktapur,1.0,2.0,0.0,4.0,3.0,90.0,80.0,30.0,0.0,10.0,15.0,LOW
Changunarayan Rural Area,27.72,85.43,Bhaktapur,2.0,3.0,0.0,5.0,3.0,80.0,70.0,25.0,5.0,15.0,20.0,LOW
Kakani Mountain Trail,27.8,85.28,Nuwakot,2.0,4.0,0.0,3.0,4.0,70.0,60.0,20.0,5.0,20.0,25.0,LOW
Shivapuri Rural Trail,27.82,85.38,Kathmandu,3.0,5.0,0.0,4.0,4.0,80.0,70.0,30.0,5.0,15.0,20.0,LOW
Phulchoki Forest Trail,27.58,85.39,Lalitpur,4.0,6.0,0.0,5.0,5.0,60.0,50.0,20.0,10.0,25.0,30.0,LOW
Godavari Rural Route,27.59,85.36,Lalitpur,2.0,3.0,0.0,5.0,3.0,90.0,80.0,30.0,0.0,10.0,15.0,LOW
Champadevi Trail,27.65,85.25,Kathmandu,3.0,5.0,0.0,6.0,4.0,70.0,60.0,25.0,5.0,20.0,25.0,LOW
Chandragiri Rural Trail,27.68,85.24,Kathmandu,3.0,6.0,0.0,5.0,5.0,70.0,60.0,25.0,5.0,25.0,30.0,LOW
Dakshinkali Rural Area,27.58,85.26,Kathmandu,2.0,4.0,0.0,7.0,4.0,80.0,70.0,30.0,5.0,15.0,20.0,LOW
Kirtipur Rural Heritage,27.67,85.28,Kathmandu,1.0,2.0,0.0,4.0,3.0,95.0,85.0,35.0,0.0,10.0,15.0,LOW
Sundarijal Forest Trail,27.79,85.42,Kathmandu,4.0,7.0,0.0,8.0,5.0,50.0,40.0,15.0,20.0,35.0,40.0,MEDIUM
Nagarjun Forest Route,27.75,85.26,Kathmandu,2.0,3.0,0.0,4.0,3.0,90.0,80.0,30.0,0.0,10.0,15.0,LOW
Panchase Rural Lake Route,28.23,83.9,Kaski,5.0,9.0,2.0,5.0,7.0,20.0,15.0,5.0,50.0,65.0,68.0,HIGH
Lumle Village Trail,28.35,83.85,Kaski,4.0,7.0,0.0,7.0,5.0,40.0,30.0,10.0,25.0,45.0,50.0,MEDIUM
Australian Camp Route,28.33,83.83,Kaski,3.0,5.0,0.0,5.0,4.0,60.0,50.0,20.0,10.0,25.0,30.0,LOW
Dhampus Rural Trail,28.32,83.82,Kaski,2.0,4.0,0.0,6.0,4.0,70.0,60.0,20.0,5.0,20.0,25.0,LOW
Ghandruk Village Route,28.37,83.8,Kaski,5.0,8.0,2.0,5.0,6.0,30.0,25.0,10.0,35.0,50.0,55.0,MEDIUM
Chhomrong Rural Trail,28.52,84.0,Kaski,9.0,14.0,5.0,2.0,8.0,5.0,5.0,2.0,70.0,80.0,82.0,HIGH
Sinuwa Village Route,28.53,84.0,Kaski,8.0,12.0,4.0,3.0,8.0,5.0,5.0,2.0,70.0,75.0,78.0,HIGH
Bamboo Forest Trail,28.54,83.98,Kaski,10.0,15.0,6.0,2.0,8.0,0.0,0.0,0.0,100.0,90.0,92.0,HIGH
Deurali Annapurna Trail,28.56,83.95,Kaski,14.0,18.0,12.0,0.0,10.0,0.0,0.0,0.0,100.0,95.0,95.0,HIGH
Machhapuchhre Base Camp,28.58,83.95,Kaski,16.0,20.0,15.0,0.0,10.0,0.0,0.0,0.0,100.0,100.0,98.0,HIGH
Annapurna Sanctuary Camp,28.53,84.56,Kaski,15.0,18.0,12.0,0.0,10.0,0.0,0.0,0.0,100.0,95.0,95.0,HIGH
Tilicho Lake Rural Trail,28.68,84.05,Manang,18.0,20.0,18.0,0.0,10.0,0.0,0.0,0.0,100.0,100.0,99.0,HIGH
Manang Village Route,28.67,84.02,Manang,7.0,12.0,5.0,0.0,8.0,5.0,5.0,2.0,70.0,75.0,78.0,HIGH
Yak Kharka Trail,28.62,84.05,Manang,13.0,17.0,10.0,0.0,9.0,0.0,0.0,0.0,100.0,95.0,95.0,HIGH
Thorong La Rural Pass,28.79,84.0,Manang,20.0,20.0,20.0,0.0,10.0,0.0,0.0,0.0,100.0,100.0,99.0,HIGH
Nar Phu Valley Route,28.85,84.2,Manang,18.0,20.0,18.0,0.0,10.0,0.0,0.0,0.0,100.0,100.0,99.0,HIGH
Besisahar Rural Trail,28.23,84.38,Lamjung,3.0,5.0,0.0,10.0,5.0,50.0,40.0,15.0,20.0,35.0,40.0,MEDIUM
Ghalegaun Village Trail,28.3,84.35,Lamjung,4.0,7.0,0.0,6.0,5.0,40.0,30.0,10.0,25.0,40.0,45.0,MEDIUM
Bhujung Rural Route,28.25,84.35,Lamjung,5.0,8.0,2.0,5.0,6.0,30.0,25.0,10.0,35.0,50.0,55.0,MEDIUM
Sundar Bazaar Rural Area,28.15,84.4,Lamjung,2.0,4.0,0.0,12.0,4.0,70.0,60.0,20.0,5.0,25.0,30.0,LOW
Pashupatinagar,26.9,88.0,Ilam,1.0,3.0,0.0,4.0,4.0,20.0,15.0,5.0,25.0,30.0,28.0,LOW
Mai River Corridor,27.0,87.85,Ilam,3.0,1.0,0.0,12.0,3.0,15.0,12.0,3.0,55.0,60.0,58.0,MEDIUM
Basantapur Tehrathum,27.15,87.55,Tehrathum,1.0,2.0,0.0,3.0,4.0,25.0,20.0,5.0,20.0,25.0,22.0,LOW
Koshi Tappu Wildlife Reserve,26.65,87.0,Sunsari,3.0,0.0,0.0,15.0,2.0,15.0,12.0,3.0,60.0,65.0,62.0,MEDIUM
Dharan Bhedetar Road,26.81,87.28,Sunsari,3.0,3.0,0.0,5.0,5.0,25.0,20.0,5.0,35.0,40.0,38.0,MEDIUM
Biratnagar Tourism Zone,26.45,87.27,Morang,1.0,0.0,0.0,10.0,2.0,60.0,50.0,15.0,5.0,25.0,15.0,LOW
Illam Tea Route,26.93,87.95,Ilam,1.0,2.0,0.0,5.0,4.0,30.0,25.0,8.0,20.0,25.0,22.0,LOW
Arun River Camp,27.5,87.1,Sankhuwasabha,6.0,2.0,0.0,18.0,3.0,0.0,0.0,0.0,85.0,80.0,83.0,HIGH
Kanchenjunga Conservation Area,27.65,88.0,Taplejung,10.0,20.0,20.0,1.0,10.0,0.0,0.0,0.0,100.0,100.0,100.0,HIGH
Pangpema Camp,27.9,88.0,Taplejung,10.0,20.0,20.0,1.0,10.0,0.0,0.0,0.0,100.0,100.0,100.0,HIGH
Sele La Pass,27.72,87.95,Taplejung,10.0,20.0,20.0,1.0,10.0,0.0,0.0,0.0,100.0,100.0,100.0,HIGH
Olangchung Gola Route,27.67,87.9,Taplejung,8.0,17.0,14.0,1.0,10.0,0.0,0.0,0.0,100.0,100.0,100.0,HIGH
Rara View Point,29.53,82.08,Mugu,6.0,10.0,5.0,5.0,6.0,0.0,0.0,0.0,100.0,85.0,92.0,HIGH
Rara Boat Station,29.52,82.09,Mugu,4.0,5.0,0.0,10.0,5.0,0.0,0.0,0.0,80.0,70.0,75.0,HIGH
Mugu Gamgadhi,29.32,82.18,Mugu,2.0,6.0,0.0,5.0,6.0,10.0,8.0,2.0,60.0,60.0,60.0,MEDIUM
Dolpa Dunai Airport Road,29.05,82.25,Dolpa,4.0,8.0,2.0,5.0,7.0,2.0,1.0,0.0,80.0,80.0,80.0,HIGH
Phoksundo Trail Camp,29.19,82.95,Dolpa,10.0,20.0,20.0,1.0,10.0,0.0,0.0,0.0,100.0,100.0,100.0,HIGH
Dolpo Crystal Mountain,29.35,83.0,Dolpa,10.0,20.0,20.0,1.0,10.0,0.0,0.0,0.0,100.0,100.0,100.0,HIGH
Jumla Rara Route,29.3,82.15,Jumla,7.0,15.0,10.0,3.0,9.0,0.0,0.0,0.0,100.0,95.0,98.0,HIGH
Sinja Heritage Valley,29.45,82.2,Jumla,5.0,12.0,5.0,4.0,8.0,0.0,0.0,0.0,90.0,85.0,88.0,HIGH
Khalanga Jumla Bazaar,29.28,82.18,Jumla,2.0,4.0,0.0,5.0,5.0,15.0,10.0,3.0,45.0,50.0,48.0,MEDIUM
Api Nampa Base Camp,29.95,80.95,Darchula,10.0,20.0,20.0,1.0,10.0,0.0,0.0,0.0,100.0,100.0,100.0,HIGH
Malikarjun Temple,29.7,80.55,Darchula,2.0,5.0,0.0,5.0,6.0,10.0,8.0,2.0,55.0,55.0,55.0,MEDIUM
Darchula Mahakali River,29.85,80.55,Darchula,5.0,1.0,0.0,20.0,3.0,5.0,4.0,1.0,90.0,85.0,88.0,HIGH
Khaptad National Park,29.3,81.1,Bajura,6.0,14.0,8.0,2.0,9.0,0.0,0.0,0.0,95.0,90.0,93.0,HIGH
Khaptad Baba Ashram,29.28,81.1,Bajura,5.0,12.0,5.0,3.0,8.0,0.0,0.0,0.0,90.0,85.0,87.0,HIGH
Badimalika Temple,29.35,81.35,Bajura,8.0,17.0,12.0,2.0,10.0,0.0,0.0,0.0,100.0,100.0,100.0,HIGH
Ramaroshan Lake,29.25,81.35,Achham,6.0,14.0,8.0,3.0,9.0,0.0,0.0,0.0,95.0,90.0,93.0,HIGH
Dordi Rural Valley,28.3,84.45,Lamjung,6.0,10.0,3.0,8.0,7.0,10.0,8.0,3.0,65.0,75.0,78.0,HIGH
Trekking Route Khudi,28.25,84.4,Lamjung,4.0,7.0,0.0,9.0,5.0,30.0,25.0,10.0,40.0,55.0,60.0,MEDIUM
Nagi Rural Village,28.35,84.25,Myagdi,5.0,9.0,2.0,5.0,7.0,20.0,15.0,5.0,50.0,65.0,68.0,HIGH
Khopra Ridge Trail,28.45,83.7,Myagdi,12.0,16.0,8.0,1.0,9.0,0.0,0.0,0.0,100.0,90.0,92.0,HIGH
Bayli Kharka Camp,28.42,83.65,Myagdi,10.0,15.0,6.0,2.0,8.0,5.0,5.0,2.0,75.0,80.0,82.0,HIGH
Sikha Village Route,28.52,83.6,Myagdi,5.0,9.0,2.0,12.0,7.0,15.0,10.0,3.0,60.0,70.0,72.0,HIGH
Galeshwor Rural Area,28.38,83.55,Myagdi,3.0,5.0,0.0,10.0,5.0,50.0,40.0,15.0,20.0,35.0,40.0,MEDIUM
Beni Mountain Trail,28.35,83.55,Myagdi,3.0,6.0,0.0,15.0,5.0,40.0,30.0,10.0,25.0,45.0,50.0,MEDIUM
Nangi Village Trail,28.42,83.5,Myagdi,7.0,11.0,3.0,6.0,7.0,10.0,8.0,3.0,65.0,70.0,72.0,HIGH
Mohare Danda Route,28.45,83.6,Myagdi,8.0,12.0,4.0,3.0,8.0,5.0,5.0,2.0,70.0,75.0,78.0,HIGH
Ghorepani Rural Area,28.4,83.69,Myagdi,5.0,8.0,2.0,4.0,6.0,20.0,15.0,5.0,50.0,60.0,65.0,HIGH
Poon Hill View Trail,28.4,83.69,Myagdi,4.0,7.0,0.0,4.0,6.0,30.0,25.0,10.0,35.0,50.0,55.0,MEDIUM
Kali Gandaki Camp,28.5,83.65,Myagdi,7.0,11.0,3.0,10.0,7.0,10.0,8.0,3.0,65.0,75.0,78.0,HIGH
Dhaulagiri Base Camp,28.75,83.45,Myagdi,20.0,20.0,20.0,0.0,10.0,0.0,0.0,0.0,100.0,100.0,99.0,HIGH
French Pass Trail,28.8,83.4,Myagdi,18.0,20.0,18.0,0.0,10.0,0.0,0.0,0.0,100.0,100.0,99.0,HIGH
Italian Base Camp,28.73,83.43,Myagdi,17.0,20.0,15.0,0.0,10.0,0.0,0.0,0.0,100.0,100.0,98.0,HIGH
Muri Rural Village,28.5,83.4,Myagdi,6.0,10.0,3.0,5.0,7.0,15.0,10.0,3.0,60.0,70.0,72.0,HIGH
Galeshwor Temple Trail,28.38,83.55,Myagdi,2.0,4.0,0.0,10.0,4.0,70.0,60.0,20.0,5.0,25.0,30.0,LOW
Tatopani Rural Spring,28.5,83.6,Myagdi,4.0,8.0,0.0,15.0,6.0,30.0,25.0,10.0,40.0,55.0,60.0,MEDIUM
Jaljala Mountain Route,28.35,83.35,Myagdi,9.0,14.0,5.0,4.0,8.0,5.0,5.0,2.0,70.0,80.0,82.0,HIGH
Rukumkot Rural Lake,28.65,82.6,Rukum East,10.0,15.0,6.0,3.0,8.0,5.0,5.0,2.0,75.0,80.0,82.0,HIGH
Putha Himal Trail,28.8,82.65,Rukum East,18.0,20.0,18.0,0.0,10.0,0.0,0.0,0.0,100.0,100.0,99.0,HIGH
Sisne Mountain Route,28.9,82.7,Rukum East,16.0,20.0,15.0,0.0,10.0,0.0,0.0,0.0,100.0,100.0,98.0,HIGH
Maikot Village Trail,28.85,82.6,Rukum East,11.0,16.0,7.0,2.0,9.0,0.0,0.0,0.0,100.0,90.0,92.0,HIGH
Taksera Rural Route,28.7,82.55,Rukum East,8.0,13.0,4.0,4.0,8.0,5.0,5.0,2.0,70.0,80.0,82.0,HIGH
Dolpo Link Trail,28.95,82.3,Rukum West,9.0,14.0,5.0,4.0,8.0,5.0,5.0,2.0,70.0,80.0,82.0,HIGH
Sani Bheri Route,28.7,82.35,Rukum West,6.0,10.0,3.0,12.0,7.0,10.0,8.0,3.0,65.0,75.0,78.0,HIGH
Jajarkot Barekot Trail,28.9,82.2,Jajarkot,12.0,16.0,8.0,3.0,9.0,0.0,0.0,0.0,100.0,90.0,92.0,HIGH
Kushe Rural Mountain,28.8,82.25,Jajarkot,8.0,13.0,4.0,3.0,8.0,5.0,5.0,2.0,70.0,80.0,82.0,HIGH
Nalgad Rural Camp,28.7,82.1,Jajarkot,6.0,10.0,2.0,12.0,7.0,10.0,8.0,3.0,65.0,75.0,78.0,HIGH
Rara Lake Rural Trail,29.5269,82.0835,Mugu,5.0,8.0,1.0,5.0,6.0,0.0,0.0,0.0,100.0,59.0,75.4,HIGH
Mugu Karnali Route,29.65,82.35,Mugu,10.0,15.0,6.0,12.0,8.0,0.0,0.0,0.0,100.0,90.0,92.0,HIGH
Chhayanath Rural Area,29.52,82.1,Mugu,3.0,6.0,0.0,8.0,5.0,30.0,25.0,10.0,40.0,50.0,55.0,MEDIUM
Gamgadhi Village Trail,29.53,82.08,Mugu,4.0,8.0,0.0,10.0,6.0,20.0,15.0,5.0,50.0,60.0,65.0,HIGH
Karnali Riverside Camp,29.6,82.2,Mugu,7.0,12.0,3.0,15.0,7.0,5.0,5.0,2.0,70.0,75.0,78.0,HIGH
Api Nampa Conservation Trail,29.95,80.9,Darchula,18.0,20.0,18.0,0.0,10.0,0.0,0.0,0.0,100.0,100.0,99.0,HIGH
Darchula Himalayan Route,29.85,80.7,Darchula,16.0,20.0,15.0,0.0,10.0,0.0,0.0,0.0,100.0,100.0,98.0,HIGH
Khalanga Rural Trail,29.3,80.6,Darchula,5.0,9.0,2.0,7.0,7.0,10.0,8.0,3.0,65.0,70.0,72.0,HIGH
Byas Rural Valley,30.0,80.3,Darchula,20.0,20.0,20.0,0.0,10.0,0.0,0.0,0.0,100.0,100.0,99.0,HIGH
Api Himal Base Camp,29.9,80.95,Darchula,10.0,20.0,20.0,1.0,10.0,0.0,0.0,0.0,100.0,100.0,100.0,HIGH
Saipal Himal Base Camp,29.85,81.6,Bajhang,10.0,20.0,20.0,1.0,10.0,0.0,0.0,0.0,100.0,100.0,100.0,HIGH
Bajura Martadi Bazaar,29.45,81.42,Bajura,2.0,5.0,0.0,5.0,6.0,10.0,8.0,2.0,55.0,55.0,55.0,MEDIUM
Badimalika Hiking Route,29.35,81.35,Bajura,8.0,17.0,12.0,2.0,10.0,0.0,0.0,0.0,100.0,100.0,100.0,HIGH
Khaptad Grassland,29.3,81.1,Bajura,6.0,14.0,8.0,2.0,9.0,0.0,0.0,0.0,95.0,90.0,93.0,HIGH
Surma Sarovar Lake,29.75,81.25,Bajhang,7.0,16.0,10.0,2.0,9.0,0.0,0.0,0.0,100.0,95.0,98.0,HIGH
Bajhang Chainpur,29.55,81.2,Bajhang,2.0,5.0,0.0,5.0,6.0,10.0,8.0,2.0,55.0,55.0,55.0,MEDIUM
Doti Silgadhi,29.26,80.94,Doti,2.0,4.0,0.0,5.0,5.0,20.0,15.0,5.0,35.0,40.0,38.0,MEDIUM
Shaileshwari Temple,29.26,80.94,Doti,1.0,3.0,0.0,4.0,5.0,25.0,20.0,5.0,30.0,35.0,32.0,LOW
Jorayal Valley,29.1,80.85,Doti,4.0,8.0,2.0,4.0,7.0,5.0,4.0,1.0,70.0,70.0,70.0,HIGH
Dadeldhura Amargadhi,29.3,80.58,Dadeldhura,1.0,3.0,0.0,5.0,5.0,25.0,20.0,5.0,30.0,35.0,32.0,LOW
Ugratara Temple,29.3,80.58,Dadeldhura,1.0,2.0,0.0,4.0,4.0,30.0,25.0,8.0,20.0,25.0,22.0,LOW
Mahakali River View,29.8,80.55,Dadeldhura,5.0,1.0,0.0,18.0,3.0,5.0,4.0,1.0,85.0,85.0,85.0,HIGH
Baitadi Patan,29.52,80.43,Baitadi,2.0,5.0,0.0,5.0,6.0,10.0,8.0,2.0,55.0,60.0,58.0,MEDIUM
Tripurasundari Temple,29.5,80.5,Baitadi,3.0,6.0,0.0,5.0,7.0,5.0,4.0,1.0,60.0,65.0,62.0,MEDIUM
Gokuleshwar Area,29.7,80.6,Darchula,4.0,8.0,2.0,5.0,8.0,2.0,1.0,0.0,80.0,80.0,80.0,HIGH
Apsara Himal Trail,29.8,81.0,Darchula,10.0,20.0,20.0,1.0,10.0,0.0,0.0,0.0,100.0,100.0,100.0,HIGH
Seti River Rafting,29.7,81.3,Bajhang,7.0,1.0,0.0,20.0,3.0,3.0,2.0,1.0,90.0,85.0,88.0,HIGH
Karnali River Rafting,29.5,81.8,Kalikot,8.0,1.0,0.0,20.0,3.0,3.0,2.0,1.0,90.0,85.0,88.0,HIGH
Raskot Viewpoint,29.1,81.6,Kalikot,5.0,12.0,5.0,3.0,8.0,0.0,0.0,0.0,90.0,85.0,87.0,HIGH
Kalikot Manma Bazaar,29.13,81.63,Kalikot,2.0,5.0,0.0,5.0,6.0,10.0,8.0,2.0,55.0,60.0,58.0,MEDIUM
Panchal Jharna,29.3,81.7,Kalikot,5.0,10.0,3.0,5.0,8.0,0.0,0.0,0.0,85.0,85.0,85.0,HIGH
Ramaroshan Area,29.25,81.35,Achham,6.0,14.0,8.0,3.0,9.0,0.0,0.0,0.0,95.0,90.0,93.0,HIGH
Achham Mangalsen,29.13,81.25,Achham,2.0,5.0,0.0,5.0,6.0,10.0,8.0,2.0,55.0,60.0,58.0,MEDIUM
Badaimalika Trail Camp,29.35,81.35,Bajura,9.0,18.0,15.0,1.0,10.0,0.0,0.0,0.0,100.0,100.0,100.0,HIGH
Ramarshan Lake,29.25,81.35,Achham,6.0,14.0,8.0,3.0,9.0,0.0,0.0,0.0,95.0,90.0,93.0,HIGH
Jajarkot Darbar,28.7,82.18,Jajarkot,2.0,6.0,0.0,6.0,8.0,8.0,5.0,1.0,65.0,70.0,68.0,HIGH
Kuse Patan,28.9,82.1,Jajarkot,4.0,10.0,4.0,3.0,8.0,0.0,0.0,0.0,85.0,85.0,85.0,HIGH
Jajarkot River Valley,28.7,82.2,Jajarkot,5.0,2.0,0.0,18.0,4.0,3.0,2.0,1.0,85.0,85.0,85.0,HIGH
Rukum East Sisne Himal,28.8,82.5,Rukum East,10.0,20.0,20.0,1.0,10.0,0.0,0.0,0.0,100.0,100.0,100.0,HIGH
Putha Himal Base Camp,28.9,82.8,Rukum East,10.0,20.0,20.0,1.0,10.0,0.0,0.0,0.0,100.0,100.0,100.0,HIGH
Dhorpatan Rukum Route,28.6,82.9,Rukum East,8.0,17.0,14.0,2.0,10.0,0.0,0.0,0.0,100.0,100.0,100.0,HIGH
Rukumkot Lake,28.63,82.62,Rukum East,5.0,10.0,4.0,3.0,8.0,0.0,0.0,0.0,85.0,85.0,85.0,HIGH
Musikot Bazaar,28.63,82.48,Rukum West,2.0,5.0,0.0,5.0,6.0,15.0,10.0,3.0,55.0,60.0,58.0,MEDIUM
Syarpu Lake,28.7,82.55,Rukum West,4.0,8.0,2.0,4.0,7.0,2.0,1.0,0.0,75.0,75.0,75.0,HIGH
Sisne Himal Trail,28.8,82.5,Rukum East,10.0,20.0,20.0,1.0,10.0,0.0,0.0,0.0,100.0,100.0,100.0,HIGH
Dolpo Mustang Route,29.0,83.0,Dolpa,10.0,20.0,20.0,1.0,10.0,0.0,0.0,0.0,100.0,100.0,100.0,HIGH
Jumla Dolpa Trail,29.3,82.5,Jumla,8.0,17.0,14.0,2.0,10.0,0.0,0.0,0.0,100.0,100.0,100.0,HIGH
Karnali Chisapani,29.2,81.7,Kalikot,4.0,8.0,2.0,5.0,7.0,0.0,0.0,0.0,80.0,75.0,78.0,HIGH
Pachal Jharana,29.3,81.7,Kalikot,5.0,10.0,3.0,5.0,8.0,0.0,0.0,0.0,85.0,85.0,85.0,HIGH
Khadga Devi Temple,29.13,81.63,Kalikot,2.0,5.0,0.0,5.0,6.0,10.0,8.0,2.0,55.0,60.0,58.0,MEDIUM
Khandeshwari Rural Trail,29.8,80.65,Darchula,7.0,12.0,3.0,5.0,8.0,5.0,5.0,2.0,70.0,75.0,78.0,HIGH
Lekam Village Route,29.65,80.7,Darchula,5.0,9.0,2.0,7.0,7.0,10.0,8.0,3.0,65.0,70.0,72.0,HIGH
Malikarjun Rural Temple,29.45,80.55,Darchula,3.0,5.0,0.0,8.0,5.0,30.0,25.0,10.0,40.0,50.0,55.0,MEDIUM
Gokuleshwar Rural Route,29.7,80.6,Darchula,4.0,8.0,0.0,6.0,6.0,20.0,15.0,5.0,50.0,60.0,65.0,HIGH
Api Base Rural Camp,29.9,80.9,Darchula,19.0,20.0,18.0,0.0,10.0,0.0,0.0,0.0,100.0,100.0,99.0,HIGH
Saipal Mountain Trail,29.95,81.0,Bajhang,18.0,20.0,18.0,0.0,10.0,0.0,0.0,0.0,100.0,100.0,99.0,HIGH
Bajhang Chainpur Route,29.55,81.2,Bajhang,5.0,10.0,2.0,8.0,7.0,10.0,8.0,3.0,65.0,75.0,78.0,HIGH
Surma Rural Valley,29.7,81.3,Bajhang,9.0,14.0,5.0,6.0,8.0,5.0,5.0,2.0,70.0,80.0,82.0,HIGH
Khaptad Rural Trail,29.3,81.15,Bajhang,6.0,10.0,2.0,5.0,6.0,20.0,15.0,5.0,50.0,65.0,68.0,HIGH
Bungal Mountain Route,29.6,81.25,Bajhang,11.0,16.0,7.0,4.0,9.0,0.0,0.0,0.0,100.0,90.0,92.0,HIGH
Badimalika Rural Trail,29.3,81.5,Bajura,12.0,16.0,8.0,3.0,9.0,0.0,0.0,0.0,100.0,90.0,92.0,HIGH
Budhinanda Lake Route,29.55,81.45,Bajura,14.0,18.0,10.0,2.0,9.0,0.0,0.0,0.0,100.0,95.0,95.0,HIGH
Martadi Village Trail,29.45,81.6,Bajura,5.0,9.0,2.0,7.0,7.0,10.0,8.0,3.0,65.0,70.0,72.0,HIGH
Kolti Rural Camp,29.25,81.6,Bajura,7.0,12.0,3.0,10.0,8.0,5.0,5.0,2.0,70.0,75.0,78.0,HIGH
Ramaroshan Rural Area,29.35,81.3,Achham,8.0,13.0,4.0,8.0,8.0,5.0,5.0,2.0,70.0,80.0,82.0,HIGH
Khaptad National Park Village Route,29.35,81.15,Achham,6.0,10.0,2.0,6.0,7.0,10.0,8.0,3.0,65.0,70.0,72.0,HIGH
Sanphebagar Rural Trail,29.25,81.2,Achham,3.0,5.0,0.0,12.0,5.0,50.0,40.0,15.0,20.0,35.0,40.0,MEDIUM
Mangalsen Rural Viewpoint,29.13,81.25,Achham,4.0,7.0,0.0,8.0,5.0,40.0,30.0,10.0,25.0,45.0,50.0,MEDIUM
Dipayal Rural Route,29.27,80.95,Doti,3.0,5.0,0.0,10.0,5.0,50.0,40.0,15.0,20.0,35.0,40.0,MEDIUM
Silgadhi Village Trail,29.26,80.73,Doti,2.0,4.0,0.0,7.0,4.0,70.0,60.0,20.0,5.0,20.0,25.0,LOW
Jorayal Rural Route,29.3,80.9,Doti,5.0,8.0,0.0,8.0,6.0,30.0,25.0,10.0,35.0,50.0,55.0,MEDIUM
Khaptad Entry Trail,29.3,81.0,Doti,7.0,12.0,3.0,5.0,8.0,10.0,8.0,3.0,65.0,70.0,72.0,HIGH
Dipayal Seti Riverside,29.25,80.95,Doti,3.0,6.0,0.0,15.0,5.0,50.0,40.0,15.0,20.0,40.0,45.0,MEDIUM
Dadeldhura Rural Hill,29.3,80.58,Dadeldhura,2.0,4.0,0.0,6.0,4.0,70.0,60.0,20.0,5.0,20.0,25.0,LOW
Amargadhi Village Route,29.3,80.58,Dadeldhura,3.0,5.0,0.0,5.0,4.0,60.0,50.0,20.0,10.0,25.0,30.0,LOW
Ajaymeru Rural Trail,29.45,80.55,Dadeldhura,5.0,8.0,0.0,6.0,6.0,30.0,25.0,10.0,35.0,50.0,55.0,MEDIUM
Ugratara Rural Temple Route,29.3,80.6,Dadeldhura,2.0,3.0,0.0,5.0,3.0,80.0,70.0,25.0,5.0,15.0,20.0,LOW
Api Himal Rural Camp,29.95,80.85,Darchula,20.0,20.0,20.0,0.0,10.0,0.0,0.0,0.0,100.0,100.0,99.0,HIGH
Mahakali River Rural Trail,29.85,80.6,Darchula,7.0,12.0,2.0,15.0,8.0,5.0,5.0,2.0,70.0,75.0,78.0,HIGH
Darchula Border Village,29.85,80.55,Darchula,4.0,8.0,0.0,10.0,6.0,20.0,15.0,5.0,50.0,60.0,65.0,HIGH
Baitadi Patan Rural Area,29.52,80.43,Baitadi,3.0,5.0,0.0,8.0,5.0,50.0,40.0,15.0,20.0,35.0,40.0,MEDIUM
Dasharathchand Trail,29.52,80.43,Baitadi,2.0,4.0,0.0,6.0,4.0,70.0,60.0,20.0,5.0,20.0,25.0,LOW
Tripurasundari Rural Route,29.6,80.5,Baitadi,6.0,10.0,2.0,8.0,7.0,10.0,8.0,3.0,65.0,70.0,72.0,HIGH
Pancheshwar Rural Trail,29.5,80.3,Baitadi,4.0,7.0,0.0,12.0,5.0,30.0,25.0,10.0,40.0,50.0,55.0,MEDIUM
Melaulee Village Route,29.6,80.35,Baitadi,3.0,6.0,0.0,8.0,5.0,50.0,40.0,15.0,20.0,35.0,40.0,MEDIUM
Gokuleshwar Tourism Route,29.7,80.6,Darchula,5.0,9.0,2.0,6.0,7.0,10.0,8.0,3.0,65.0,70.0,72.0,HIGH
Kailash Rural Viewpoint,29.9,80.7,Darchula,18.0,20.0,18.0,0.0,10.0,0.0,0.0,0.0,100.0,100.0,99.0,HIGH
Byas Valley Trek Route,30.0,80.3,Darchula,20.0,20.0,20.0,0.0,10.0,0.0,0.0,0.0,100.0,100.0,99.0,HIGH
Saipal Base Camp Route,29.95,81.0,Bajhang,19.0,20.0,18.0,0.0,10.0,0.0,0.0,0.0,100.0,100.0,99.0,HIGH
Rukumkot Heritage Area,28.63,82.62,Rukum East,3.0,7.0,2.0,4.0,7.0,5.0,4.0,1.0,65.0,70.0,68.0,HIGH
Syarpu Lake Viewpoint,28.7,82.55,Rukum West,4.0,8.0,2.0,5.0,7.0,2.0,1.0,0.0,75.0,75.0,75.0,HIGH
Sisne Himal Trek Camp,28.8,82.5,Rukum East,10.0,20.0,20.0,1.0,10.0,0.0,0.0,0.0,100.0,100.0,100.0,HIGH
Putha Himal Trek Route,28.9,82.8,Rukum East,10.0,20.0,20.0,1.0,10.0,0.0,0.0,0.0,100.0,100.0,100.0,HIGH
Chharka Bhot,29.2,83.25,Dolpa,9.0,19.0,18.0,1.0,10.0,0.0,0.0,0.0,100.0,100.0,100.0,HIGH
Dho Tarap Valley,29.3,82.95,Dolpa,10.0,20.0,20.0,1.0,10.0,0.0,0.0,0.0,100.0,100.0,100.0,HIGH
Tarap Monastery,29.32,82.95,Dolpa,8.0,17.0,15.0,1.0,10.0,0.0,0.0,0.0,100.0,100.0,100.0,HIGH
Saldang Village,29.38,83.1,Dolpa,9.0,18.0,16.0,1.0,10.0,0.0,0.0,0.0,100.0,100.0,100.0,HIGH
Namgung Monastery,29.4,83.15,Dolpa,8.0,17.0,14.0,1.0,10.0,0.0,0.0,0.0,100.0,100.0,100.0,HIGH
Yak Kharka Dolpo,29.35,83.05,Dolpa,10.0,20.0,20.0,1.0,10.0,0.0,0.0,0.0,100.0,100.0,100.0,HIGH
Mugu Karnali Trek,29.45,82.1,Mugu,8.0,16.0,12.0,2.0,10.0,0.0,0.0,0.0,100.0,100.0,100.0,HIGH
Mugu Chankheli Himal,29.8,82.4,Mugu,10.0,20.0,20.0,1.0,10.0,0.0,0.0,0.0,100.0,100.0,100.0,HIGH
Humla Limi Valley,30.1,81.7,Humla,10.0,20.0,20.0,1.0,10.0,0.0,0.0,0.0,100.0,100.0,100.0,HIGH
Simikot Airport,29.97,81.82,Humla,3.0,8.0,2.0,4.0,7.0,2.0,1.0,0.0,75.0,75.0,75.0,HIGH
Limi Valley Trek,30.0,81.7,Humla,10.0,20.0,20.0,1.0,10.0,0.0,0.0,0.0,100.0,100.0,100.0,HIGH
Yari Village,30.05,81.75,Humla,8.0,17.0,14.0,1.0,10.0,0.0,0.0,0.0,100.0,100.0,100.0,HIGH
Hilsa Border,30.1,81.6,Humla,5.0,12.0,8.0,1.0,9.0,0.0,0.0,0.0,95.0,90.0,93.0,HIGH
Kailash Mansarovar Route,30.2,81.6,Humla,10.0,20.0,20.0,1.0,10.0,0.0,0.0,0.0,100.0,100.0,100.0,HIGH
Saipal Himal Route,29.9,81.4,Bajhang,10.0,20.0,20.0,1.0,10.0,0.0,0.0,0.0,100.0,100.0,100.0,HIGH
Bichpani Lake,29.7,81.3,Bajhang,7.0,15.0,10.0,2.0,9.0,0.0,0.0,0.0,100.0,95.0,98.0,HIGH
Bajhang Religious Trail,29.55,81.2,Bajhang,3.0,8.0,2.0,4.0,7.0,5.0,4.0,1.0,70.0,70.0,70.0,HIGH
Chainpur Tourism Area,29.55,81.2,Bajhang,2.0,5.0,0.0,5.0,6.0,10.0,8.0,2.0,55.0,60.0,58.0,MEDIUM
Khaptad Trekking Camp,29.3,81.1,Bajura,7.0,15.0,10.0,2.0,9.0,0.0,0.0,0.0,100.0,95.0,98.0,HIGH
Khaptad Lake,29.28,81.1,Bajura,5.0,12.0,5.0,3.0,8.0,0.0,0.0,0.0,90.0,85.0,87.0,HIGH
Surma Sarovar Trek,29.75,81.25,Bajhang,8.0,17.0,14.0,2.0,10.0,0.0,0.0,0.0,100.0,100.0,100.0,HIGH
Ailani Forest Area,29.5,81.3,Bajura,4.0,8.0,2.0,5.0,7.0,0.0,0.0,0.0,80.0,75.0,78.0,HIGH
Darchula Api Valley,29.9,80.95,Darchula,10.0,20.0,20.0,1.0,10.0,0.0,0.0,0.0,100.0,100.0,100.0,HIGH
Khalanga Darchula,29.85,80.55,Darchula,2.0,5.0,0.0,5.0,6.0,10.0,8.0,2.0,55.0,60.0,58.0,MEDIUM
Mahakali River Camp,29.85,80.55,Darchula,7.0,1.0,0.0,20.0,3.0,3.0,2.0,1.0,90.0,85.0,88.0,HIGH
Api Base Camp Trail,29.95,80.95,Darchula,10.0,20.0,20.0,1.0,10.0,0.0,0.0,0.0,100.0,100.0,100.0,HIGH
Doti Dipayal,29.26,80.94,Doti,2.0,5.0,0.0,5.0,5.0,15.0,10.0,3.0,55.0,55.0,55.0,MEDIUM
Gadsera Village,29.1,80.9,Doti,4.0,8.0,2.0,4.0,7.0,5.0,4.0,1.0,70.0,70.0,70.0,HIGH
Dadeldhura View Tower,29.3,80.58,Dadeldhura,1.0,3.0,0.0,4.0,5.0,25.0,20.0,5.0,30.0,35.0,32.0,LOW
Amargadhi Fort,29.3,80.58,Dadeldhura,1.0,2.0,0.0,3.0,4.0,30.0,25.0,8.0,20.0,25.0,22.0,LOW
Baitadi Patan View,29.52,80.43,Baitadi,2.0,5.0,0.0,5.0,6.0,10.0,8.0,2.0,55.0,60.0,58.0,MEDIUM
Dillikot Temple,29.5,80.5,Baitadi,3.0,6.0,0.0,5.0,7.0,5.0,4.0,1.0,60.0,65.0,62.0,MEDIUM
Ramaroshan View Tower,29.25,81.35,Achham,5.0,12.0,5.0,3.0,8.0,0.0,0.0,0.0,90.0,85.0,87.0,HIGH
Mangalsen Bazaar,29.13,81.25,Achham,2.0,5.0,0.0,5.0,6.0,10.0,8.0,2.0,55.0,60.0,58.0,MEDIUM
Jajarkot Darbar Area,28.7,82.18,Jajarkot,2.0,6.0,0.0,6.0,8.0,8.0,5.0,1.0,65.0,70.0,68.0,HIGH
Kuse Patan Trail,28.9,82.1,Jajarkot,4.0,10.0,4.0,3.0,8.0,0.0,0.0,0.0,85.0,85.0,85.0,HIGH
Karnali River Gorge,28.7,82.2,Jajarkot,6.0,2.0,0.0,20.0,3.0,2.0,1.0,0.0,90.0,85.0,88.0,HIGH
Api Conservation Lower Trail,29.85,80.85,Darchula,14.0,18.0,12.0,1.0,9.0,0.0,0.0,0.0,100.0,95.0,95.0,HIGH
Chameliya Rural Valley,29.65,80.6,Darchula,6.0,10.0,2.0,12.0,7.0,10.0,8.0,3.0,65.0,75.0,78.0,HIGH
Mahakali Mountain Route,29.75,80.55,Darchula,8.0,13.0,4.0,10.0,8.0,5.0,5.0,2.0,70.0,80.0,82.0,HIGH
Ghyang Rural Village,29.7,80.65,Darchula,5.0,9.0,2.0,7.0,7.0,10.0,8.0,3.0,65.0,70.0,72.0,HIGH
Byas Rural Trekking Camp,30.0,80.3,Darchula,20.0,20.0,20.0,0.0,10.0,0.0,0.0,0.0,100.0,100.0,99.0,HIGH
Rara Karnali Remote Trail,29.55,82.1,Mugu,12.0,16.0,8.0,5.0,9.0,0.0,0.0,0.0,100.0,90.0,92.0,HIGH
Mugu Chankheli Route,29.8,82.3,Mugu,15.0,18.0,12.0,2.0,9.0,0.0,0.0,0.0,100.0,95.0,95.0,HIGH
Chhayanath Rural Temple,29.52,82.1,Mugu,3.0,6.0,0.0,8.0,5.0,30.0,25.0,10.0,40.0,50.0,55.0,MEDIUM
Khatyad Village Trail,29.7,82.0,Mugu,7.0,12.0,3.0,10.0,8.0,5.0,5.0,2.0,70.0,75.0,78.0,HIGH
Soru Rural Route,29.65,81.95,Mugu,8.0,13.0,4.0,8.0,8.0,5.0,5.0,2.0,70.0,80.0,82.0,HIGH
Dolpa Crystal Mountain Trail,29.3,83.0,Dolpa,18.0,20.0,18.0,0.0,10.0,0.0,0.0,0.0,100.0,100.0,99.0,HIGH
Dunai Rural Tourism Area,29.05,82.25,Dolpa,3.0,6.0,0.0,12.0,5.0,30.0,25.0,10.0,40.0,50.0,55.0,MEDIUM
Tripurakot Village Route,29.0,82.3,Dolpa,5.0,9.0,2.0,7.0,7.0,10.0,8.0,3.0,65.0,70.0,72.0,HIGH
Juphal Mountain Trail,29.28,82.2,Dolpa,4.0,8.0,0.0,5.0,6.0,20.0,15.0,5.0,50.0,60.0,65.0,HIGH
Phoksundo Lake Camp Area,29.18,82.95,Dolpa,16.0,20.0,15.0,0.0,10.0,0.0,0.0,0.0,100.0,100.0,98.0,HIGH
Shey Phoksundo Route,29.35,82.95,Dolpa,17.0,20.0,15.0,0.0,10.0,0.0,0.0,0.0,100.0,100.0,98.0,HIGH
Dolpo Yarsa Trail,29.4,83.1,Dolpa,19.0,20.0,18.0,0.0,10.0,0.0,0.0,0.0,100.0,100.0,99.0,HIGH
Mukot Rural Valley,29.55,83.2,Dolpa,20.0,20.0,20.0,0.0,10.0,0.0,0.0,0.0,100.0,100.0,99.0,HIGH
Chharka Bot Rural Route,29.3,83.0,Dolpa,14.0,18.0,12.0,0.0,10.0,0.0,0.0,0.0,100.0,95.0,95.0,HIGH
Saldang Himalayan Village,29.4,83.0,Dolpa,16.0,20.0,15.0,0.0,10.0,0.0,0.0,0.0,100.0,100.0,98.0,HIGH
Mustang Lo Manthang Rural,29.19,83.95,Mustang,8.0,12.0,4.0,0.0,8.0,5.0,5.0,2.0,70.0,75.0,78.0,HIGH
Namkha Rural Trail,29.25,83.9,Mustang,13.0,17.0,10.0,0.0,9.0,0.0,0.0,0.0,100.0,95.0,95.0,HIGH
Muktinath Village Route,28.82,83.87,Mustang,6.0,10.0,3.0,1.0,8.0,10.0,8.0,3.0,65.0,70.0,72.0,HIGH
Kagbeni Riverside Trail,28.83,83.78,Mustang,5.0,9.0,2.0,3.0,7.0,15.0,10.0,3.0,60.0,70.0,72.0,HIGH
Marpha Rural Tourism Area,28.75,83.69,Mustang,2.0,4.0,0.0,5.0,4.0,70.0,60.0,20.0,5.0,20.0,25.0,LOW
Tukuche Mountain Village,28.73,83.69,Mustang,4.0,7.0,0.0,4.0,6.0,30.0,25.0,10.0,35.0,50.0,55.0,MEDIUM
Lomanthang Border Trail,29.2,84.0,Mustang,12.0,16.0,8.0,0.0,9.0,0.0,0.0,0.0,100.0,90.0,92.0,HIGH
Upper Mustang Desert Route,29.3,83.9,Mustang,15.0,18.0,12.0,0.0,10.0,0.0,0.0,0.0,100.0,95.0,95.0,HIGH
Chhoser Cave Camp,29.25,84.0,Mustang,10.0,14.0,6.0,0.0,8.0,0.0,0.0,0.0,100.0,85.0,88.0,HIGH
Ghami Rural Village,29.18,83.9,Mustang,5.0,8.0,2.0,0.0,6.0,20.0,15.0,5.0,50.0,60.0,65.0,HIGH
Rukum Himalayan Trail,28.8,82.65,Rukum East,16.0,20.0,15.0,0.0,10.0,0.0,0.0,0.0,100.0,100.0,98.0,HIGH
Sisne Base Camp Route,28.9,82.7,Rukum East,18.0,20.0,18.0,0.0,10.0,0.0,0.0,0.0,100.0,100.0,99.0,HIGH
Maikot Rural Tourism Area,28.85,82.6,Rukum East,11.0,16.0,7.0,2.0,9.0,0.0,0.0,0.0,100.0,90.0,92.0,HIGH
Taksera Mountain Trail,28.7,82.55,Rukum East,8.0,13.0,4.0,4.0,8.0,5.0,5.0,2.0,70.0,80.0,82.0,HIGH
Jajarkot Barekot Area,28.9,82.2,Jajarkot,12.0,16.0,8.0,3.0,9.0,0.0,0.0,0.0,100.0,90.0,92.0,HIGH
Kushe Rural Route,28.8,82.25,Jajarkot,8.0,13.0,4.0,3.0,8.0,5.0,5.0,2.0,70.0,80.0,82.0,HIGH
Nalgad River Trail,28.7,82.1,Jajarkot,6.0,10.0,2.0,12.0,7.0,10.0,8.0,3.0,65.0,75.0,78.0,HIGH
Bheri Rural Camp,28.65,82.0,Jajarkot,5.0,9.0,2.0,15.0,7.0,10.0,8.0,3.0,65.0,75.0,78.0,HIGH
Karnali Remote Tourism Route,29.0,82.0,Karnali Region,17.0,20.0,15.0,2.0,10.0,0.0,0.0,0.0,100.0,100.0,98.0,HIGH
Panchase Forest Trail,28.25,83.75,Kaski,5.0,10.0,3.0,3.0,7.0,2.0,1.0,0.0,80.0,80.0,80.0,HIGH
Annapurna Sanctuary Gate,28.52,84.45,Kaski,8.0,17.0,14.0,2.0,10.0,0.0,0.0,0.0,100.0,100.0,100.0,HIGH
Deurali Annapurna,28.54,84.4,Kaski,9.0,18.0,16.0,1.0,10.0,0.0,0.0,0.0,100.0,100.0,100.0,HIGH
Machhapuchhre Base Camp,28.5,84.46,Kaski,10.0,20.0,20.0,1.0,10.0,0.0,0.0,0.0,100.0,100.0,100.0,HIGH
Hiunchuli Base Camp,28.53,84.47,Kaski,10.0,20.0,20.0,1.0,10.0,0.0,0.0,0.0,100.0,100.0,100.0,HIGH
Khumai Danda,28.45,84.05,Kaski,6.0,14.0,8.0,2.0,9.0,0.0,0.0,0.0,95.0,90.0,93.0,HIGH
Kaskikot Viewpoint,28.24,83.9,Kaski,2.0,5.0,0.0,3.0,5.0,20.0,15.0,5.0,35.0,40.0,38.0,MEDIUM
Hemja Village,28.25,83.92,Kaski,1.0,2.0,0.0,5.0,4.0,50.0,40.0,10.0,20.0,25.0,22.0,LOW
Mati Khan Village,28.18,83.85,Kaski,3.0,7.0,1.0,3.0,6.0,5.0,4.0,1.0,60.0,65.0,62.0,MEDIUM
Naudanda Hill,28.3,83.85,Kaski,3.0,6.0,1.0,3.0,6.0,8.0,5.0,1.0,55.0,60.0,58.0,MEDIUM
Lamachaur Area,28.27,83.97,Kaski,1.0,1.0,0.0,4.0,4.0,45.0,35.0,10.0,15.0,20.0,17.0,LOW
Bindabasini Temple,28.23,83.99,Kaski,1.0,0.0,0.0,3.0,4.0,60.0,50.0,15.0,10.0,15.0,12.0,LOW
Matepani Gumba,28.24,84.0,Kaski,1.0,1.0,0.0,3.0,4.0,50.0,40.0,10.0,15.0,20.0,17.0,LOW
Begnas Cycling Route,28.14,84.1,Kaski,2.0,1.0,0.0,10.0,3.0,25.0,20.0,5.0,40.0,45.0,42.0,MEDIUM
Rupa Wetland,28.15,84.15,Kaski,2.0,0.0,0.0,10.0,2.0,20.0,15.0,5.0,40.0,45.0,42.0,MEDIUM
Pumdikot Shiva Statue,28.19,83.94,Kaski,2.0,2.0,0.0,3.0,5.0,40.0,35.0,10.0,25.0,30.0,28.0,LOW
Anadu Hill,28.17,83.9,Kaski,3.0,5.0,0.0,3.0,5.0,20.0,15.0,5.0,40.0,45.0,42.0,MEDIUM
Panchase Lake,28.23,83.75,Kaski,5.0,10.0,4.0,4.0,7.0,0.0,0.0,0.0,85.0,80.0,83.0,HIGH
Lamjung Himal Route,28.5,84.3,Lamjung,8.0,17.0,14.0,2.0,10.0,0.0,0.0,0.0,100.0,100.0,100.0,HIGH
Trekking Route Besisahar,28.23,84.37,Lamjung,5.0,10.0,4.0,4.0,7.0,2.0,1.0,0.0,80.0,80.0,80.0,HIGH
Ngadi Village,28.35,84.4,Lamjung,3.0,8.0,2.0,4.0,7.0,3.0,2.0,1.0,65.0,70.0,68.0,HIGH
Tal Village,28.55,84.4,Manang,7.0,15.0,10.0,2.0,9.0,0.0,0.0,0.0,100.0,95.0,98.0,HIGH
Koto Village,28.58,84.18,Manang,6.0,14.0,10.0,2.0,9.0,0.0,0.0,0.0,95.0,95.0,95.0,HIGH
Nar Phu Valley,28.7,84.2,Manang,10.0,20.0,20.0,1.0,10.0,0.0,0.0,0.0,100.0,100.0,100.0,HIGH
Kang La Pass,28.72,84.25,Manang,10.0,20.0,20.0,1.0,10.0,0.0,0.0,0.0,100.0,100.0,100.0,HIGH
Ice Lake Manang,28.67,84.0,Manang,9.0,18.0,16.0,1.0,10.0,0.0,0.0,0.0,100.0,100.0,100.0,HIGH
Gangapurna Lake,28.68,84.02,Manang,8.0,17.0,15.0,1.0,10.0,0.0,0.0,0.0,100.0,100.0,100.0,HIGH
Yak Kharka Manang,28.74,84.02,Manang,9.0,19.0,18.0,1.0,10.0,0.0,0.0,0.0,100.0,100.0,100.0,HIGH
Muktinath Viewpoint,28.82,83.87,Mustang,4.0,10.0,5.0,1.0,8.0,0.0,0.0,0.0,85.0,85.0,85.0,HIGH
Jharkot Village,28.83,83.87,Mustang,3.0,8.0,2.0,1.0,7.0,0.0,0.0,0.0,80.0,80.0,80.0,HIGH
Lupra Village,28.78,83.8,Mustang,4.0,10.0,5.0,1.0,8.0,0.0,0.0,0.0,85.0,85.0,85.0,HIGH
Kobang Village,28.7,83.68,Mustang,3.0,7.0,1.0,3.0,6.0,5.0,4.0,1.0,65.0,65.0,65.0,HIGH
Kalopani Village,28.62,83.65,Mustang,3.0,7.0,1.0,5.0,6.0,5.0,4.0,1.0,70.0,70.0,70.0,HIGH
Lete Village,28.6,83.62,Mustang,4.0,8.0,2.0,4.0,7.0,2.0,1.0,0.0,75.0,75.0,75.0,HIGH
Dhaulagiri Circuit,28.75,83.45,Myagdi,10.0,20.0,20.0,1.0,10.0,0.0,0.0,0.0,100.0,100.0,100.0,HIGH
French Pass Trek,28.8,83.4,Myagdi,10.0,20.0,20.0,1.0,10.0,0.0,0.0,0.0,100.0,100.0,100.0,HIGH
Hidden Valley Mustang,28.85,83.5,Mustang,10.0,20.0,20.0,1.0,10.0,0.0,0.0,0.0,100.0,100.0,100.0,HIGH
Karnali Hidden Valley Trail,29.05,82.15,Karnali Region,15.0,18.0,12.0,5.0,9.0,0.0,0.0,0.0,100.0,95.0,95.0,HIGH
Chankheli Mountain Camp,29.8,82.3,Mugu,18.0,20.0,18.0,0.0,10.0,0.0,0.0,0.0,100.0,100.0,99.0,HIGH
Ramaroshan Rural Trail,29.35,81.3,Achham,8.0,13.0,4.0,8.0,8.0,5.0,5.0,2.0,70.0,80.0,82.0,HIGH
Khaptad Forest Camp,29.35,81.15,Achham,6.0,10.0,2.0,6.0,7.0,10.0,8.0,3.0,65.0,70.0,72.0,HIGH
Bungal Rural Valley,29.6,81.25,Bajhang,11.0,16.0,7.0,4.0,9.0,0.0,0.0,0.0,100.0,90.0,92.0,HIGH
Saipal Himal Base Route,29.95,81.0,Bajhang,20.0,20.0,20.0,0.0,10.0,0.0,0.0,0.0,100.0,100.0,99.0,HIGH
Surma Village Camp,29.7,81.3,Bajhang,9.0,14.0,5.0,6.0,8.0,5.0,5.0,2.0,70.0,80.0,82.0,HIGH
Badimalika Temple Trail,29.3,81.5,Bajura,12.0,16.0,8.0,3.0,9.0,0.0,0.0,0.0,100.0,90.0,92.0,HIGH
Budhinanda Lake Camp,29.55,81.45,Bajura,14.0,18.0,10.0,2.0,9.0,0.0,0.0,0.0,100.0,95.0,95.0,HIGH
Martadi Rural Route,29.45,81.6,Bajura,5.0,9.0,2.0,7.0,7.0,10.0,8.0,3.0,65.0,70.0,72.0,HIGH
Kolti Village Trail,29.25,81.6,Bajura,7.0,12.0,3.0,10.0,8.0,5.0,5.0,2.0,70.0,75.0,78.0,HIGH
Khaptad Entry Route,29.3,81.15,Bajhang,6.0,10.0,2.0,5.0,7.0,10.0,8.0,3.0,65.0,70.0,72.0,HIGH
Doti Seti River Camp,29.25,80.95,Doti,3.0,6.0,0.0,15.0,5.0,50.0,40.0,15.0,20.0,40.0,45.0,MEDIUM
Silgadhi Rural Heritage,29.26,80.73,Doti,2.0,4.0,0.0,7.0,4.0,70.0,60.0,20.0,5.0,20.0,25.0,LOW
Jorayal Village Trail,29.3,80.9,Doti,5.0,8.0,0.0,8.0,6.0,30.0,25.0,10.0,35.0,50.0,55.0,MEDIUM
Dadeldhura Hill Route,29.3,80.58,Dadeldhura,2.0,4.0,0.0,6.0,4.0,70.0,60.0,20.0,5.0,20.0,25.0,LOW
Ajaymeru Rural Camp,29.45,80.55,Dadeldhura,5.0,8.0,0.0,6.0,6.0,30.0,25.0,10.0,35.0,50.0,55.0,MEDIUM
Baitadi Pancheshwar Trail,29.5,80.3,Baitadi,4.0,7.0,0.0,12.0,5.0,30.0,25.0,10.0,40.0,50.0,55.0,MEDIUM
Dasharathchand Village,29.52,80.43,Baitadi,2.0,4.0,0.0,6.0,4.0,70.0,60.0,20.0,5.0,20.0,25.0,LOW
Tripurasundari Route,29.6,80.5,Baitadi,6.0,10.0,2.0,8.0,7.0,10.0,8.0,3.0,65.0,70.0,72.0,HIGH
Shuklaphanta Rural Safari Area,28.95,80.2,Kanchanpur,2.0,2.0,0.0,20.0,3.0,80.0,70.0,30.0,5.0,25.0,30.0,LOW
Mahendranagar Rural Route,28.96,80.18,Kanchanpur,1.0,3.0,0.0,25.0,3.0,90.0,80.0,40.0,0.0,20.0,20.0,LOW
Dodhara Rural Wetland,28.85,80.1,Kanchanpur,3.0,4.0,0.0,18.0,4.0,70.0,60.0,25.0,5.0,30.0,35.0,LOW
Kailali Ghodaghodi Lake,28.7,80.85,Kailali,3.0,3.0,0.0,20.0,3.0,80.0,70.0,30.0,5.0,25.0,30.0,LOW
Tikapur Rural Park Area,28.52,81.12,Kailali,2.0,4.0,0.0,22.0,4.0,80.0,70.0,30.0,5.0,30.0,35.0,LOW
Bardiya Rural Jungle Trail,28.35,81.35,Bardiya,5.0,4.0,0.0,15.0,4.0,50.0,40.0,15.0,20.0,35.0,40.0,MEDIUM
Thakurdwara Village Route,28.45,81.25,Bardiya,4.0,3.0,0.0,18.0,3.0,60.0,50.0,20.0,10.0,30.0,35.0,LOW
Babai Riverside Camp,28.3,81.4,Bardiya,6.0,5.0,0.0,20.0,5.0,40.0,30.0,10.0,30.0,45.0,50.0,MEDIUM
Banke Rural Forest Trail,28.1,81.6,Banke,3.0,3.0,0.0,18.0,4.0,70.0,60.0,25.0,5.0,25.0,30.0,LOW
Kohalpur Rural Route,28.15,81.65,Banke,2.0,3.0,0.0,20.0,3.0,80.0,70.0,30.0,5.0,20.0,25.0,LOW
Rolpa Jaljala Trail,28.6,82.6,Rolpa,13.0,17.0,10.0,2.0,9.0,0.0,0.0,0.0,100.0,95.0,95.0,HIGH
Thabang Village Camp,28.65,82.7,Rolpa,10.0,15.0,6.0,2.0,9.0,0.0,0.0,0.0,100.0,90.0,92.0,HIGH
Runtigadhi Rural Route,28.5,82.6,Rolpa,7.0,12.0,3.0,5.0,8.0,5.0,5.0,2.0,70.0,75.0,78.0,HIGH
Gulmi Resunga Rural Trail,28.08,83.25,Gulmi,4.0,7.0,0.0,5.0,5.0,40.0,30.0,10.0,25.0,40.0,45.0,MEDIUM
Tamghas Village Route,28.07,83.25,Gulmi,2.0,4.0,0.0,6.0,4.0,70.0,60.0,20.0,5.0,20.0,25.0,LOW
Arghakhanchi Supadeurali,28.05,83.1,Arghakhanchi,4.0,7.0,0.0,6.0,5.0,40.0,30.0,10.0,25.0,40.0,45.0,MEDIUM
Palpa Ranighat Trail,27.87,83.5,Palpa,3.0,5.0,0.0,8.0,5.0,50.0,40.0,15.0,20.0,35.0,40.0,MEDIUM
Tansen Rural Heritage Route,27.87,83.55,Palpa,2.0,4.0,0.0,6.0,4.0,70.0,60.0,20.0,5.0,20.0,25.0,LOW
Rani Mahal Rural Trail,27.85,83.53,Palpa,3.0,4.0,0.0,10.0,4.0,60.0,50.0,20.0,10.0,30.0,35.0,LOW
Satyawati Lake Route,27.9,83.4,Palpa,4.0,6.0,0.0,7.0,5.0,40.0,30.0,10.0,25.0,40.0,45.0,MEDIUM
Kali Gandaki Riverside Camp,27.95,83.6,Palpa,5.0,7.0,0.0,15.0,5.0,30.0,25.0,10.0,35.0,45.0,50.0,MEDIUM
Rukum West Mountain Trail,28.6,82.5,Rukum West,14.0,18.0,12.0,2.0,9.0,0.0,0.0,0.0,100.0,95.0,95.0,HIGH
Chaurjahari Rural Route,28.6,82.3,Rukum West,5.0,8.0,0.0,12.0,6.0,20.0,15.0,5.0,50.0,60.0,65.0,HIGH
Sani Bheri Village Trail,28.7,82.35,Rukum West,6.0,10.0,2.0,12.0,7.0,10.0,8.0,3.0,65.0,75.0,78.0,HIGH
Jumla Sinja Valley,29.28,82.18,Jumla,10.0,15.0,6.0,3.0,8.0,5.0,5.0,2.0,75.0,80.0,82.0,HIGH
Chandannath Rural Trail,29.27,82.18,Jumla,4.0,8.0,0.0,10.0,6.0,20.0,15.0,5.0,50.0,60.0,65.0,HIGH
Patrasi Rural Route,29.5,82.2,Jumla,12.0,16.0,8.0,2.0,9.0,0.0,0.0,0.0,100.0,90.0,92.0,HIGH
Kankasundari Trail,29.4,82.25,Jumla,8.0,13.0,4.0,5.0,8.0,5.0,5.0,2.0,70.0,80.0,82.0,HIGH
Humla Simkot Rural Area,29.97,81.82,Humla,18.0,20.0,18.0,0.0,10.0,0.0,0.0,0.0,100.0,100.0,99.0,HIGH
Limi Valley Trail,30.0,81.3,Humla,20.0,20.0,20.0,0.0,10.0,0.0,0.0,0.0,100.0,100.0,99.0,HIGH
Yari Village Route,30.05,81.5,Humla,15.0,18.0,12.0,0.0,9.0,0.0,0.0,0.0,100.0,95.0,95.0,HIGH
Kermi Rural Hot Spring,29.9,81.7,Humla,7.0,12.0,3.0,5.0,8.0,5.0,5.0,2.0,70.0,75.0,78.0,HIGH
Simkot Mountain Camp,29.97,81.82,Humla,17.0,20.0,15.0,0.0,10.0,0.0,0.0,0.0,100.0,100.0,98.0,HIGH
Mugu Dolpo Border Trail,29.7,82.8,Mugu,16.0,20.0,15.0,0.0,10.0,0.0,0.0,0.0,100.0,100.0,98.0,HIGH
Jajarkot Mountain Pass,28.9,82.2,Jajarkot,12.0,16.0,8.0,3.0,9.0,0.0,0.0,0.0,100.0,90.0,92.0,HIGH
Dolpa Shey Route,29.4,83.0,Dolpa,18.0,20.0,18.0,0.0,10.0,0.0,0.0,0.0,100.0,100.0,99.0,HIGH
Kailali Karnali Wetland,28.7,80.85,Kailali,2.0,3.0,0.0,25.0,3.0,80.0,70.0,30.0,5.0,20.0,25.0,LOW
Ghodaghodi Lake Rural Trail,28.7,80.85,Kailali,3.0,3.0,0.0,20.0,3.0,80.0,70.0,30.0,5.0,25.0,30.0,LOW
Bardiya Tiger Corridor,28.35,81.35,Bardiya,5.0,4.0,0.0,15.0,4.0,50.0,40.0,15.0,20.0,35.0,40.0,MEDIUM
Babai Valley Rural Route,28.3,81.4,Bardiya,6.0,5.0,0.0,20.0,5.0,40.0,30.0,10.0,30.0,45.0,50.0,MEDIUM
Banke Forest Tourism Trail,28.1,81.6,Banke,3.0,3.0,0.0,18.0,4.0,70.0,60.0,25.0,5.0,25.0,30.0,LOW
Shuklaphanta Grassland Trail,28.95,80.2,Kanchanpur,2.0,2.0,0.0,20.0,3.0,80.0,70.0,30.0,5.0,25.0,30.0,LOW
Darchula Api Lower Camp,29.85,80.85,Darchula,14.0,18.0,12.0,1.0,9.0,0.0,0.0,0.0,100.0,95.0,95.0,HIGH
Bajura Remote Mountain Trail,29.5,81.5,Bajura,13.0,17.0,10.0,3.0,9.0,0.0,0.0,0.0,100.0,95.0,95.0,HIGH
Bajhang Saipal Valley,29.9,81.0,Bajhang,19.0,20.0,18.0,0.0,10.0,0.0,0.0,0.0,100.0,100.0,99.0,HIGH
Achham Ramaroshan Area,29.35,81.3,Achham,8.0,13.0,4.0,8.0,8.0,5.0,5.0,2.0,70.0,80.0,82.0,HIGH
Doti Khaptad Gateway,29.3,81.15,Doti,6.0,10.0,2.0,5.0,7.0,10.0,8.0,3.0,65.0,70.0,72.0,HIGH
Dadeldhura Hill Village,29.3,80.58,Dadeldhura,2.0,4.0,0.0,6.0,4.0,70.0,60.0,20.0,5.0,20.0,25.0,LOW
Baitadi Rural Heritage Trail,29.52,80.43,Baitadi,3.0,5.0,0.0,8.0,5.0,50.0,40.0,15.0,20.0,35.0,40.0,MEDIUM
Kanchanpur Wetland Route,28.9,80.15,Kanchanpur,2.0,3.0,0.0,22.0,3.0,80.0,70.0,30.0,5.0,25.0,30.0,LOW
Kailali River Safari Area,28.6,80.9,Kailali,4.0,4.0,0.0,18.0,4.0,60.0,50.0,20.0,10.0,30.0,35.0,LOW
Dang Dharapani Rural Trail,28.05,82.3,Dang,3.0,5.0,0.0,10.0,5.0,50.0,40.0,15.0,20.0,35.0,40.0,MEDIUM
Deukhuri Valley Route,27.95,82.45,Dang,2.0,4.0,0.0,15.0,4.0,70.0,60.0,20.0,5.0,25.0,30.0,LOW
Tulsipur Rural Area,28.13,82.3,Dang,1.0,3.0,0.0,12.0,3.0,80.0,70.0,30.0,0.0,20.0,20.0,LOW
Ghorahi Tourism Route,28.05,82.48,Dang,2.0,3.0,0.0,10.0,3.0,90.0,80.0,30.0,0.0,15.0,15.0,LOW
Kapilvastu Heritage Trail,27.55,83.05,Kapilvastu,1.0,1.0,0.0,12.0,2.0,90.0,80.0,30.0,0.0,10.0,15.0,LOW
Tilaurakot Rural Site,27.57,83.05,Kapilvastu,1.0,2.0,0.0,10.0,2.0,90.0,80.0,30.0,0.0,10.0,15.0,LOW
Nawalparasi Rural Forest Trail,27.7,83.8,Nawalparasi,3.0,3.0,0.0,18.0,3.0,70.0,60.0,25.0,5.0,25.0,30.0,LOW
Devchuli Hill Route,27.7,84.0,Nawalparasi,4.0,6.0,0.0,8.0,5.0,40.0,30.0,10.0,25.0,40.0,45.0,MEDIUM
Marpha Apple Garden,28.75,83.69,Mustang,2.0,5.0,0.0,3.0,5.0,10.0,8.0,2.0,55.0,55.0,55.0,MEDIUM
Titi Lake,28.8,83.75,Mustang,4.0,10.0,5.0,2.0,8.0,0.0,0.0,0.0,85.0,85.0,85.0,HIGH
Khumjung Village,27.83,86.73,Solukhumbu,6.0,14.0,10.0,2.0,9.0,0.0,0.0,0.0,95.0,95.0,95.0,HIGH
Kongde Viewpoint,27.85,86.7,Solukhumbu,8.0,17.0,15.0,1.0,10.0,0.0,0.0,0.0,100.0,100.0,100.0,HIGH
Namche Bazaar,27.805,86.71,Solukhumbu,4.0,10.0,5.0,2.0,8.0,5.0,4.0,1.0,75.0,80.0,78.0,HIGH
Everest View Hotel,27.96,86.82,Solukhumbu,8.0,17.0,15.0,1.0,10.0,0.0,0.0,0.0,100.0,100.0,100.0,HIGH
Tengboche Monastery,27.84,86.77,Solukhumbu,7.0,15.0,12.0,1.0,10.0,0.0,0.0,0.0,100.0,95.0,98.0,HIGH
Dingboche Village,27.89,86.83,Solukhumbu,8.0,18.0,16.0,1.0,10.0,0.0,0.0,0.0,100.0,100.0,100.0,HIGH
Lobuche Village,27.95,86.8,Solukhumbu,9.0,19.0,18.0,1.0,10.0,0.0,0.0,0.0,100.0,100.0,100.0,HIGH
Gorak Shep,28.0,86.85,Solukhumbu,10.0,20.0,20.0,1.0,10.0,0.0,0.0,0.0,100.0,100.0,100.0,HIGH
Chhukung Valley,27.9,86.87,Solukhumbu,9.0,18.0,16.0,1.0,10.0,0.0,0.0,0.0,100.0,100.0,100.0,HIGH
Island Peak Base Camp,27.92,86.93,Solukhumbu,10.0,20.0,20.0,1.0,10.0,0.0,0.0,0.0,100.0,100.0,100.0,HIGH
Mera Peak Base Camp,27.7,86.9,Solukhumbu,10.0,20.0,20.0,1.0,10.0,0.0,0.0,0.0,100.0,100.0,100.0,HIGH
Hinku Valley,27.65,86.85,Solukhumbu,8.0,17.0,15.0,1.0,10.0,0.0,0.0,0.0,100.0,100.0,100.0,HIGH
Panch Pokhari,28.0,85.6,Sindhupalchok,7.0,15.0,10.0,3.0,9.0,0.0,0.0,0.0,100.0,95.0,98.0,HIGH
Helambu Valley,28.05,85.55,Sindhupalchok,6.0,14.0,8.0,3.0,8.0,0.0,0.0,0.0,95.0,90.0,93.0,HIGH
Melamchi Bazaar,28.1,85.57,Sindhupalchok,3.0,5.0,0.0,15.0,6.0,15.0,10.0,3.0,65.0,70.0,68.0,HIGH
Ghyangphedi Village,28.1,85.5,Sindhupalchok,5.0,12.0,5.0,3.0,8.0,0.0,0.0,0.0,90.0,85.0,87.0,HIGH
Tarke Gyang,28.05,85.52,Sindhupalchok,6.0,14.0,8.0,2.0,9.0,0.0,0.0,0.0,95.0,90.0,93.0,HIGH
Ama Yangri Peak,28.1,85.45,Sindhupalchok,7.0,15.0,10.0,2.0,9.0,0.0,0.0,0.0,100.0,95.0,98.0,HIGH
Jugal Himal Base,28.25,85.8,Sindhupalchok,10.0,20.0,20.0,1.0,10.0,0.0,0.0,0.0,100.0,100.0,100.0,HIGH
Gaurishankar View,27.9,86.35,Dolakha,8.0,17.0,14.0,1.0,10.0,0.0,0.0,0.0,100.0,100.0,100.0,HIGH
Namobuddha Monastery,27.57,85.59,Kavrepalanchok,1.0,2.0,0.0,3.0,5.0,35.0,30.0,8.0,20.0,25.0,22.0,LOW
Dhulikhel Old Town,27.62,85.54,Kavrepalanchok,1.0,2.0,0.0,4.0,5.0,40.0,35.0,10.0,20.0,25.0,22.0,LOW
Panauti Heritage Town,27.58,85.52,Kavrepalanchok,1.0,1.0,0.0,8.0,5.0,30.0,25.0,8.0,25.0,35.0,30.0,LOW
Namo Buddha Trail,27.57,85.59,Kavrepalanchok,3.0,5.0,0.0,3.0,5.0,15.0,12.0,3.0,40.0,45.0,42.0,MEDIUM
Indrasarovar Lake,27.6,85.15,Makwanpur,3.0,1.0,0.0,15.0,3.0,10.0,8.0,2.0,60.0,65.0,62.0,MEDIUM
Pharping Monastery,27.61,85.25,Kathmandu,1.0,1.0,0.0,3.0,5.0,50.0,40.0,10.0,15.0,20.0,17.0,LOW
Dakshinkali Temple,27.61,85.26,Kathmandu,1.0,0.0,0.0,5.0,4.0,40.0,35.0,10.0,15.0,20.0,17.0,LOW
Taudaha Lake,27.64,85.28,Kathmandu,2.0,0.0,0.0,8.0,3.0,35.0,30.0,8.0,30.0,35.0,32.0,LOW
Champadevi Hill,27.65,85.25,Kathmandu,3.0,5.0,0.0,3.0,6.0,20.0,15.0,5.0,45.0,50.0,48.0,MEDIUM
Shivapuri National Park,27.82,85.39,Kathmandu,4.0,8.0,2.0,3.0,7.0,10.0,8.0,2.0,70.0,75.0,73.0,HIGH
Nagarjun Forest,27.73,85.28,Kathmandu,2.0,4.0,0.0,3.0,5.0,30.0,25.0,8.0,30.0,35.0,32.0,LOW
Budhanilkantha Temple,27.79,85.36,Kathmandu,1.0,0.0,0.0,3.0,4.0,70.0,60.0,15.0,10.0,15.0,12.0,LOW
Kapan Monastery,27.75,85.36,Kathmandu,1.0,1.0,0.0,3.0,4.0,60.0,50.0,15.0,10.0,15.0,12.0,LOW
Godavari Botanical Garden,27.59,85.39,Lalitpur,1.0,0.0,0.0,5.0,3.0,60.0,50.0,15.0,10.0,15.0,12.0,LOW
Phulchowki Hill,27.58,85.39,Lalitpur,4.0,8.0,2.0,3.0,7.0,15.0,10.0,3.0,65.0,70.0,68.0,HIGH
Bungamati Heritage Village,27.63,85.3,Lalitpur,1.0,2.0,0.0,5.0,6.0,30.0,25.0,8.0,25.0,30.0,28.0,LOW
Khokana Heritage Village,27.62,85.32,Lalitpur,1.0,2.0,0.0,5.0,6.0,30.0,25.0,8.0,25.0,30.0,28.0,LOW
Kushma Rural Bridge Trail,28.22,83.68,Parbat,4.0,6.0,0.0,8.0,5.0,40.0,30.0,10.0,25.0,40.0,45.0,MEDIUM
Panchase Rural Viewpoint,28.22,83.85,Parbat,5.0,8.0,0.0,6.0,6.0,30.0,25.0,10.0,35.0,50.0,55.0,MEDIUM
Modi Khola Trail,28.25,83.8,Parbat,6.0,10.0,2.0,12.0,7.0,10.0,8.0,3.0,65.0,75.0,78.0,HIGH
Dhorpatan Rural Hunting Area,28.5,83.0,Baglung,12.0,16.0,8.0,2.0,9.0,0.0,0.0,0.0,100.0,90.0,92.0,HIGH
Dhorpatan Valley Camp,28.55,83.0,Baglung,14.0,18.0,10.0,1.0,9.0,0.0,0.0,0.0,100.0,95.0,95.0,HIGH
Galkot Rural Trail,28.22,83.4,Baglung,4.0,7.0,0.0,10.0,5.0,30.0,25.0,10.0,40.0,50.0,55.0,MEDIUM
Panchakot Village Route,28.27,83.6,Baglung,3.0,5.0,0.0,8.0,5.0,50.0,40.0,15.0,20.0,35.0,40.0,MEDIUM
Beni Baglung Rural Road,28.28,83.58,Baglung,2.0,4.0,0.0,12.0,4.0,70.0,60.0,20.0,5.0,25.0,30.0,LOW
Taman Rural Village,28.35,83.25,Baglung,8.0,13.0,4.0,5.0,8.0,5.0,5.0,2.0,70.0,80.0,82.0,HIGH
Nisikhola Trail,28.45,83.3,Baglung,10.0,15.0,6.0,4.0,8.0,0.0,0.0,0.0,100.0,90.0,92.0,HIGH
Manakamana Rural Route,27.95,84.85,Gorkha,3.0,5.0,0.0,6.0,4.0,70.0,60.0,20.0,5.0,20.0,25.0,LOW
Ligligkot Heritage Trail,27.97,84.7,Gorkha,4.0,7.0,0.0,5.0,5.0,40.0,30.0,10.0,25.0,40.0,45.0,MEDIUM
Gorkha Durbar Rural Path,28.0,84.63,Gorkha,2.0,3.0,0.0,5.0,3.0,90.0,80.0,30.0,0.0,10.0,15.0,LOW
Siranchok Rural View,28.05,84.65,Gorkha,5.0,8.0,0.0,8.0,6.0,30.0,25.0,10.0,35.0,50.0,55.0,MEDIUM
Barpak Sulikot Route,28.2,84.75,Gorkha,9.0,14.0,5.0,3.0,8.0,5.0,5.0,2.0,70.0,80.0,82.0,HIGH
Lamjung Annapurna Gateway,28.25,84.4,Lamjung,5.0,8.0,2.0,5.0,7.0,20.0,15.0,5.0,50.0,65.0,68.0,HIGH
Rainas Rural Heritage,28.1,84.5,Lamjung,2.0,4.0,0.0,8.0,4.0,70.0,60.0,20.0,5.0,25.0,30.0,LOW
Bhujung Village Trail,28.25,84.35,Lamjung,5.0,8.0,0.0,6.0,6.0,30.0,25.0,10.0,35.0,50.0,55.0,MEDIUM
Ghalegaun View Route,28.3,84.35,Lamjung,4.0,7.0,0.0,6.0,5.0,40.0,30.0,10.0,25.0,40.0,45.0,MEDIUM
Tansen Rural Mountain Trail,27.87,83.55,Palpa,2.0,4.0,0.0,6.0,4.0,70.0,60.0,20.0,5.0,20.0,25.0,LOW
Ridi Bazaar Rural Route,27.9,83.45,Gulmi,3.0,5.0,0.0,10.0,5.0,50.0,40.0,15.0,20.0,35.0,40.0,MEDIUM
Resunga Forest Trail,28.08,83.25,Gulmi,4.0,7.0,0.0,5.0,5.0,40.0,30.0,10.0,25.0,40.0,45.0,MEDIUM
Arghakhanchi Mountain Route,28.05,83.1,Arghakhanchi,4.0,7.0,0.0,6.0,5.0,40.0,30.0,10.0,25.0,40.0,45.0,MEDIUM
Supadeurali Temple Trail,28.05,83.1,Arghakhanchi,2.0,4.0,0.0,5.0,4.0,70.0,60.0,20.0,5.0,20.0,25.0,LOW
Swargadwari Rural Pilgrim Route,28.05,82.85,Pyuthan,3.0,5.0,0.0,8.0,5.0,50.0,40.0,15.0,20.0,35.0,40.0,MEDIUM
Pyuthan Jhimruk Valley,28.05,82.7,Pyuthan,4.0,7.0,0.0,12.0,5.0,30.0,25.0,10.0,40.0,50.0,55.0,MEDIUM
Rolpa Thabang Trail,28.65,82.7,Rolpa,10.0,15.0,6.0,2.0,9.0,0.0,0.0,0.0,100.0,90.0,92.0,HIGH
Jaljala Mountain View,28.6,82.6,Rolpa,13.0,17.0,10.0,2.0,9.0,0.0,0.0,0.0,100.0,95.0,95.0,HIGH
Dang Valley Rural Park,28.05,82.48,Dang,2.0,3.0,0.0,12.0,3.0,90.0,80.0,30.0,0.0,15.0,15.0,LOW
Deukhuri Wetland Trail,27.95,82.45,Dang,3.0,3.0,0.0,18.0,4.0,70.0,60.0,25.0,5.0,25.0,30.0,LOW
Kapilvastu Rural Heritage Area,27.55,83.05,Kapilvastu,1.0,2.0,0.0,10.0,2.0,90.0,80.0,30.0,0.0,10.0,15.0,LOW
Lumbini Rural Surrounding Trail,27.47,83.28,Rupandehi,0.0,0.0,0.0,5.0,1.0,100.0,90.0,40.0,0.0,5.0,10.0,LOW
Siddharthanagar Rural Route,27.5,83.45,Rupandehi,1.0,2.0,0.0,12.0,2.0,90.0,80.0,30.0,0.0,10.0,15.0,LOW
Palpa Siddha Baba Trail,27.85,83.5,Palpa,5.0,8.0,0.0,8.0,6.0,30.0,25.0,10.0,35.0,50.0,55.0,MEDIUM
Nawalparasi Devchuli Trail,27.7,84.0,Nawalparasi,4.0,6.0,0.0,8.0,5.0,40.0,30.0,10.0,25.0,40.0,45.0,MEDIUM
Chitwan Hills Rural Trail,27.53,84.35,Chitwan,3.0,4.0,0.0,15.0,4.0,80.0,60.0,20.0,5.0,30.0,35.0,LOW
Madi Rural Tourism Route,27.35,84.35,Chitwan,4.0,5.0,0.0,20.0,4.0,70.0,50.0,15.0,10.0,35.0,40.0,MEDIUM
Makwanpur Daman Rural Trail,27.6,85.05,Makwanpur,5.0,8.0,0.0,8.0,6.0,30.0,25.0,10.0,35.0,50.0,55.0,MEDIUM
Kulekhani Rural Lake Route,27.58,85.15,Makwanpur,4.0,6.0,0.0,12.0,5.0,40.0,30.0,10.0,25.0,40.0,45.0,MEDIUM
Kalinchowk Bhagwati,27.85,86.02,Dolakha,7.0,16.0,12.0,2.0,10.0,0.0,0.0,0.0,100.0,100.0,100.0,HIGH
Jiri Bazaar,27.63,86.23,Dolakha,2.0,5.0,0.0,5.0,6.0,15.0,10.0,3.0,55.0,60.0,58.0,MEDIUM
Everest Trail Jiri Route,27.65,86.3,Dolakha,6.0,14.0,8.0,2.0,9.0,0.0,0.0,0.0,95.0,90.0,93.0,HIGH
Sailung Hill,27.78,86.1,Dolakha,5.0,12.0,5.0,3.0,8.0,0.0,0.0,0.0,90.0,85.0,87.0,HIGH
Sailung View Tower,27.78,86.1,Dolakha,4.0,10.0,3.0,3.0,7.0,2.0,1.0,0.0,80.0,80.0,80.0,HIGH
Beding Village,27.9,86.4,Dolakha,8.0,17.0,15.0,1.0,10.0,0.0,0.0,0.0,100.0,100.0,100.0,HIGH
Na Village Rolwaling,27.92,86.45,Dolakha,8.0,18.0,16.0,1.0,10.0,0.0,0.0,0.0,100.0,100.0,100.0,HIGH
Tsho Rolpa Trail,27.87,86.48,Dolakha,10.0,20.0,20.0,1.0,10.0,0.0,0.0,0.0,100.0,100.0,100.0,HIGH
Lamjura Pass,27.6,86.5,Solukhumbu,8.0,17.0,14.0,1.0,10.0,0.0,0.0,0.0,100.0,100.0,100.0,HIGH
Thame Village,27.85,86.7,Solukhumbu,6.0,14.0,10.0,2.0,9.0,0.0,0.0,0.0,95.0,95.0,95.0,HIGH
Kongde Peak Trail,27.85,86.7,Solukhumbu,10.0,20.0,20.0,1.0,10.0,0.0,0.0,0.0,100.0,100.0,100.0,HIGH
Lukla Airport,27.687,86.731,Solukhumbu,5.0,4.0,0.0,3.0,7.0,2.0,1.0,0.0,70.0,65.0,68.0,HIGH
Chaurikharka Village,27.7,86.72,Solukhumbu,4.0,8.0,2.0,3.0,7.0,2.0,1.0,0.0,75.0,75.0,75.0,HIGH
Phakding Village,27.75,86.73,Solukhumbu,3.0,7.0,1.0,3.0,6.0,2.0,1.0,0.0,65.0,65.0,65.0,HIGH
Monjo Village,27.76,86.73,Solukhumbu,3.0,8.0,2.0,2.0,7.0,1.0,1.0,0.0,70.0,70.0,70.0,HIGH
Jorsale Village,27.78,86.73,Solukhumbu,4.0,10.0,4.0,2.0,8.0,0.0,0.0,0.0,85.0,85.0,85.0,HIGH
Sagarmatha National Park,27.95,86.8,Solukhumbu,10.0,20.0,20.0,1.0,10.0,0.0,0.0,0.0,100.0,100.0,100.0,HIGH
Everest Region Trek Camp,27.95,86.85,Solukhumbu,10.0,20.0,20.0,1.0,10.0,0.0,0.0,0.0,100.0,100.0,100.0,HIGH
Imja Lake,27.92,86.94,Solukhumbu,10.0,20.0,20.0,1.0,10.0,0.0,0.0,0.0,100.0,100.0,100.0,HIGH
Amphu Labtsa Pass,27.85,86.95,Solukhumbu,10.0,20.0,20.0,1.0,10.0,0.0,0.0,0.0,100.0,100.0,100.0,HIGH
Mera La Pass,27.7,86.9,Solukhumbu,10.0,20.0,20.0,1.0,10.0,0.0,0.0,0.0,100.0,100.0,100.0,HIGH
Panch Pokhari Trek Camp,28.0,85.6,Sindhupalchok,8.0,17.0,14.0,2.0,10.0,0.0,0.0,0.0,100.0,100.0,100.0,HIGH
Jugal Himal Trek,28.25,85.8,Sindhupalchok,10.0,20.0,20.0,1.0,10.0,0.0,0.0,0.0,100.0,100.0,100.0,HIGH
Bhotang Village,28.1,85.65,Sindhupalchok,5.0,12.0,5.0,3.0,8.0,0.0,0.0,0.0,90.0,85.0,87.0,HIGH
Tatopani Sindhupalchok,28.05,85.95,Sindhupalchok,4.0,5.0,0.0,12.0,5.0,10.0,8.0,2.0,60.0,65.0,62.0,MEDIUM
Barhabise Bazaar,27.9,85.9,Sindhupalchok,3.0,5.0,0.0,15.0,6.0,15.0,10.0,3.0,65.0,75.0,70.0,HIGH
Larke Village,28.65,84.6,Gorkha,10.0,20.0,20.0,1.0,10.0,0.0,0.0,0.0,100.0,100.0,100.0,HIGH
Prok Village,28.65,84.7,Gorkha,8.0,17.0,15.0,1.0,10.0,0.0,0.0,0.0,100.0,100.0,100.0,HIGH
Deng Village,28.65,84.65,Gorkha,7.0,16.0,12.0,2.0,10.0,0.0,0.0,0.0,100.0,100.0,100.0,HIGH
Namrung Village,28.65,84.6,Gorkha,7.0,15.0,10.0,2.0,9.0,0.0,0.0,0.0,100.0,95.0,98.0,HIGH
Jagat Village Manaslu,28.52,84.6,Gorkha,5.0,12.0,5.0,3.0,8.0,0.0,0.0,0.0,90.0,85.0,87.0,HIGH
Philim Village,28.65,84.8,Gorkha,7.0,15.0,10.0,2.0,9.0,0.0,0.0,0.0,100.0,95.0,98.0,HIGH
Lokpa Village,28.7,84.9,Gorkha,8.0,17.0,14.0,1.0,10.0,0.0,0.0,0.0,100.0,100.0,100.0,HIGH
Mu Gompa,28.7,84.9,Gorkha,9.0,18.0,16.0,1.0,10.0,0.0,0.0,0.0,100.0,100.0,100.0,HIGH
Chhekampar Village,28.7,84.85,Gorkha,8.0,17.0,14.0,1.0,10.0,0.0,0.0,0.0,100.0,100.0,100.0,HIGH
Lho Village,28.65,84.6,Gorkha,6.0,14.0,8.0,2.0,9.0,0.0,0.0,0.0,95.0,90.0,93.0,HIGH
Samdo Village,28.7,84.7,Gorkha,8.0,17.0,15.0,1.0,10.0,0.0,0.0,0.0,100.0,100.0,100.0,HIGH
Birendra Tal,28.62,84.7,Gorkha,8.0,17.0,15.0,1.0,10.0,0.0,0.0,0.0,100.0,100.0,100.0,HIGH
Annapurna Circuit High Camp,28.75,84.05,Manang,10.0,20.0,20.0,1.0,10.0,0.0,0.0,0.0,100.0,100.0,100.0,HIGH
Daman Himalayan View Trail,27.6,85.05,Makwanpur,6.0,10.0,2.0,5.0,7.0,20.0,15.0,5.0,50.0,65.0,68.0,HIGH
Indrasarovar Rural Lake,27.62,85.2,Makwanpur,3.0,5.0,0.0,12.0,4.0,60.0,50.0,20.0,10.0,30.0,35.0,LOW
Chisapani Rural Trail,27.82,85.43,Kathmandu,3.0,5.0,0.0,5.0,4.0,80.0,70.0,25.0,5.0,15.0,20.0,LOW
Sankhu Rural Heritage Route,27.74,85.45,Kathmandu,2.0,3.0,0.0,5.0,3.0,90.0,80.0,30.0,0.0,10.0,15.0,LOW
Nuwakot Kakani View Route,27.8,85.28,Nuwakot,2.0,4.0,0.0,3.0,4.0,70.0,60.0,20.0,5.0,20.0,25.0,LOW
Trishuli Riverside Trail,27.9,85.15,Nuwakot,5.0,8.0,0.0,15.0,6.0,30.0,25.0,10.0,35.0,50.0,55.0,MEDIUM
Bidur Rural Heritage Route,27.92,85.17,Nuwakot,3.0,5.0,0.0,10.0,4.0,70.0,60.0,20.0,5.0,25.0,30.0,LOW
Dhading Ruby Valley Entry,28.15,85.05,Dhading,12.0,16.0,8.0,3.0,9.0,0.0,0.0,0.0,100.0,90.0,92.0,HIGH
Tipling Rural Route,28.18,85.1,Dhading,10.0,15.0,6.0,3.0,8.0,5.0,5.0,2.0,75.0,80.0,82.0,HIGH
Panch Pokhari Remote Trail,28.0,85.7,Sindhupalchok,15.0,18.0,10.0,1.0,9.0,0.0,0.0,0.0,100.0,95.0,95.0,HIGH
Jugal Himal Rural Camp,28.2,85.7,Sindhupalchok,17.0,20.0,15.0,0.0,10.0,0.0,0.0,0.0,100.0,100.0,98.0,HIGH
Melamchi Rural Valley,28.12,85.58,Sindhupalchok,5.0,9.0,2.0,15.0,7.0,20.0,15.0,5.0,50.0,65.0,68.0,HIGH
Helambu Village Trail,28.02,85.6,Sindhupalchok,7.0,12.0,3.0,5.0,8.0,5.0,5.0,2.0,70.0,75.0,78.0,HIGH
Tharepati Mountain Route,28.03,85.58,Sindhupalchok,10.0,15.0,6.0,2.0,8.0,5.0,5.0,2.0,75.0,80.0,82.0,HIGH
Gosaikunda Sacred Trail,28.083,85.416,Rasuwa,17.0,20.0,15.0,0.0,10.0,0.0,0.0,0.0,100.0,100.0,98.0,HIGH
Langtang Rural Village,28.23,85.56,Rasuwa,13.0,17.0,10.0,0.0,9.0,0.0,0.0,0.0,100.0,95.0,95.0,HIGH
Kyanjin Gompa Rural Area,28.21,85.57,Rasuwa,16.0,20.0,15.0,0.0,10.0,0.0,0.0,0.0,100.0,100.0,98.0,HIGH
Dhunche Rural Route,28.11,85.3,Rasuwa,5.0,8.0,2.0,4.0,6.0,20.0,15.0,5.0,50.0,65.0,68.0,HIGH
Timure Border Trail,28.42,85.15,Rasuwa,8.0,13.0,4.0,5.0,8.0,5.0,5.0,2.0,70.0,80.0,82.0,HIGH
Nagarkot Sunrise Trail,27.72,85.52,Bhaktapur,1.0,2.0,0.0,4.0,3.0,90.0,80.0,30.0,0.0,10.0,15.0,LOW
Changunarayan Rural Path,27.72,85.43,Bhaktapur,2.0,3.0,0.0,5.0,3.0,80.0,70.0,25.0,5.0,15.0,20.0,LOW
Phulchoki Eco Trail,27.58,85.39,Lalitpur,4.0,6.0,0.0,5.0,5.0,60.0,50.0,20.0,10.0,25.0,30.0,LOW
Godavari Forest Route,27.59,85.36,Lalitpur,2.0,3.0,0.0,5.0,3.0,90.0,80.0,30.0,0.0,10.0,15.0,LOW
Champadevi Hiking Trail,27.65,85.25,Kathmandu,3.0,5.0,0.0,6.0,4.0,70.0,60.0,25.0,5.0,20.0,25.0,LOW
Annapurna Rural Approach,28.4,83.7,Kaski,8.0,12.0,4.0,3.0,8.0,5.0,5.0,2.0,70.0,75.0,78.0,HIGH
Mardi Himal Rural Trail,28.6,83.95,Kaski,12.0,16.0,8.0,1.0,9.0,0.0,0.0,0.0,100.0,90.0,92.0,HIGH
Kori Danda Rural Route,28.4,84.05,Kaski,10.0,15.0,6.0,2.0,8.0,5.0,5.0,2.0,75.0,80.0,82.0,HIGH
Sikles Village Trail,28.4,84.0,Kaski,5.0,9.0,2.0,5.0,7.0,20.0,15.0,5.0,50.0,65.0,68.0,HIGH
Kahule Rural Viewpoint,28.35,83.9,Kaski,4.0,7.0,0.0,6.0,5.0,40.0,30.0,10.0,25.0,40.0,45.0,MEDIUM
Rupa Lake Rural Area,28.15,84.1,Kaski,2.0,3.0,0.0,15.0,3.0,80.0,70.0,30.0,5.0,20.0,25.0,LOW
Begnas Rural Trail,28.18,84.1,Kaski,3.0,4.0,0.0,18.0,4.0,70.0,60.0,25.0,5.0,30.0,35.0,LOW
Tanahun Rural View Trail,27.95,84.25,Tanahun,3.0,5.0,0.0,12.0,5.0,60.0,50.0,20.0,10.0,30.0,35.0,LOW
Bandipur Rural Heritage Route,27.94,84.41,Tanahun,2.0,4.0,0.0,8.0,4.0,70.0,60.0,20.0,5.0,20.0,25.0,LOW
Chhimkeshwari Trail,27.9,84.3,Tanahun,5.0,8.0,0.0,8.0,6.0,30.0,25.0,10.0,35.0,50.0,55.0,MEDIUM
Manakamana Rural Cable Route,27.95,84.85,Gorkha,3.0,5.0,0.0,6.0,4.0,70.0,60.0,20.0,5.0,20.0,25.0,LOW
Ligligkot Rural Trail,27.97,84.7,Gorkha,4.0,7.0,0.0,5.0,5.0,40.0,30.0,10.0,25.0,40.0,45.0,MEDIUM
Barpak Mountain Village,28.21,84.75,Gorkha,9.0,14.0,5.0,3.0,8.0,5.0,5.0,2.0,70.0,80.0,82.0,HIGH
Tsum Valley Remote Route,28.65,84.9,Gorkha,17.0,20.0,15.0,0.0,10.0,0.0,0.0,0.0,100.0,100.0,98.0,HIGH
Manaslu Circuit Rural Camp,28.6,84.6,Gorkha,16.0,20.0,15.0,0.0,10.0,0.0,0.0,0.0,100.0,100.0,98.0,HIGH
Rara Lake Remote Village,29.5269,82.0835,Mugu,5.0,8.0,1.0,5.0,6.0,0.0,0.0,0.0,100.0,59.0,75.4,HIGH
Upper Mustang Rural Route,29.193,83.89,Mustang,0.0,0.0,0.0,0.0,0.0,0.0,0.0,0.0,100.0,0.0,40.0,MEDIUM
Langtang Valley Rural Area,28.23,85.56,Rasuwa,0.0,0.0,0.0,0.0,0.0,0.0,0.0,0.0,100.0,0.0,40.0,MEDIUM
Poon Hill Rural Viewpoint,28.4,83.69,Myagdi,0.0,0.0,0.0,0.0,0.0,0.0,0.0,0.0,100.0,0.0,40.0,MEDIUM
Dhampus Village,28.3,83.85,Kaski,2.0,4.0,0.0,3.0,5.0,25.0,20.0,5.0,30.0,35.0,32.0,LOW
Australian Camp,28.28,83.85,Kaski,3.0,5.0,0.0,3.0,6.0,15.0,12.0,3.0,40.0,45.0,42.0,MEDIUM
Sarangkot Sunrise View,28.24,83.95,Kaski,2.0,2.0,0.0,4.0,5.0,40.0,35.0,10.0,20.0,25.0,22.0,LOW
World Peace Pagoda,28.2,83.95,Kaski,1.0,1.0,0.0,5.0,4.0,50.0,40.0,10.0,15.0,20.0,17.0,LOW
Davis Fall Pokhara,28.19,83.95,Kaski,4.0,0.0,0.0,12.0,2.0,60.0,50.0,15.0,20.0,30.0,25.0,LOW
Gupteshwor Cave,28.19,83.95,Kaski,2.0,0.0,0.0,8.0,3.0,50.0,40.0,10.0,20.0,30.0,25.0,LOW
International Mountain Museum,28.19,83.96,Kaski,1.0,0.0,0.0,3.0,4.0,60.0,50.0,15.0,10.0,15.0,12.0,LOW
Begnas Lake,28.14,84.1,Kaski,3.0,0.0,0.0,15.0,3.0,25.0,20.0,5.0,50.0,55.0,52.0,MEDIUM
Phewa Lake,28.21,83.95,Kaski,4.0,0.0,0.0,15.0,3.0,80.0,60.0,20.0,20.0,40.0,32.0,LOW
Rupa Lake,28.15,84.15,Kaski,2.0,0.0,0.0,10.0,2.0,30.0,25.0,8.0,25.0,35.0,30.0,LOW
Annapurna Cable Route,28.24,83.95,Kaski,1.0,1.0,0.0,3.0,4.0,40.0,30.0,8.0,20.0,25.0,22.0,LOW
Mardi Himal Base Camp,28.43,84.0,Kaski,8.0,17.0,14.0,2.0,10.0,0.0,0.0,0.0,100.0,100.0,100.0,HIGH
Mardi Viewpoint,28.42,84.0,Kaski,7.0,15.0,10.0,2.0,9.0,0.0,0.0,0.0,100.0,95.0,98.0,HIGH
Low Camp Mardi,28.4,84.0,Kaski,6.0,14.0,8.0,2.0,9.0,0.0,0.0,0.0,95.0,90.0,93.0,HIGH
Forest Camp Mardi,28.39,84.0,Kaski,5.0,12.0,5.0,3.0,8.0,0.0,0.0,0.0,90.0,85.0,87.0,HIGH
Kori Danda,28.45,84.1,Kaski,7.0,15.0,10.0,2.0,9.0,0.0,0.0,0.0,100.0,95.0,98.0,HIGH
Kahphuche Glacier Lake,28.5,84.05,Kaski,9.0,18.0,16.0,1.0,10.0,0.0,0.0,0.0,100.0,100.0,100.0,HIGH
Lamjung Himal Base Camp,28.55,84.4,Lamjung,10.0,20.0,20.0,1.0,10.0,0.0,0.0,0.0,100.0,100.0,100.0,HIGH
Timu Village,28.3,84.35,Lamjung,3.0,7.0,1.0,3.0,6.0,5.0,4.0,1.0,65.0,65.0,65.0,HIGH
Ghalegaun View Tower,28.23,84.35,Lamjung,2.0,4.0,0.0,3.0,5.0,20.0,15.0,5.0,35.0,40.0,38.0,MEDIUM
Bhujung Homestay Area,28.3,84.4,Lamjung,3.0,7.0,1.0,3.0,6.0,5.0,4.0,1.0,65.0,65.0,65.0,HIGH
Kunchha Village,28.2,84.4,Lamjung,2.0,5.0,0.0,5.0,6.0,10.0,8.0,2.0,55.0,60.0,58.0,MEDIUM
Gorkha Palace,28.0,84.63,Gorkha,1.0,2.0,0.0,3.0,6.0,40.0,30.0,8.0,20.0,25.0,22.0,LOW
Manakamana Temple,27.98,84.59,Gorkha,2.0,2.0,0.0,5.0,5.0,50.0,40.0,10.0,20.0,30.0,25.0,LOW
Manaslu Conservation Area,28.65,84.75,Gorkha,10.0,20.0,20.0,1.0,10.0,0.0,0.0,0.0,100.0,100.0,100.0,HIGH
Tsum Valley,28.6,85.0,Gorkha,10.0,20.0,20.0,1.0,10.0,0.0,0.0,0.0,100.0,100.0,100.0,HIGH
Chumling Village,28.55,84.95,Gorkha,8.0,17.0,14.0,1.0,10.0,0.0,0.0,0.0,100.0,100.0,100.0,HIGH
Chhekampar Valley,28.65,84.9,Gorkha,9.0,18.0,16.0,1.0,10.0,0.0,0.0,0.0,100.0,100.0,100.0,HIGH
Mu Gompa Tsum,28.7,85.0,Gorkha,10.0,20.0,20.0,1.0,10.0,0.0,0.0,0.0,100.0,100.0,100.0,HIGH
Barpak Village,28.2,84.62,Gorkha,4.0,8.0,2.0,4.0,7.0,5.0,4.0,1.0,70.0,70.0,70.0,HIGH
Laprak Village,28.25,84.65,Gorkha,6.0,14.0,8.0,3.0,8.0,0.0,0.0,0.0,95.0,90.0,93.0,HIGH
Larpak Viewpoint,28.25,84.65,Gorkha,5.0,12.0,5.0,3.0,8.0,0.0,0.0,0.0,90.0,85.0,87.0,HIGH
Kakani View Tower,27.82,85.25,Nuwakot,2.0,3.0,0.0,3.0,5.0,30.0,25.0,8.0,25.0,30.0,28.0,LOW
Nuwakot Palace,27.91,85.16,Nuwakot,1.0,3.0,0.0,5.0,6.0,30.0,25.0,8.0,25.0,35.0,30.0,LOW
Trishuli River,27.92,85.16,Nuwakot,5.0,1.0,0.0,20.0,3.0,15.0,10.0,3.0,75.0,80.0,78.0,HIGH
Langtang National Park,28.22,85.55,Rasuwa,9.0,18.0,16.0,2.0,10.0,0.0,0.0,0.0,100.0,100.0,100.0,HIGH
Langtang Village,28.23,85.55,Rasuwa,7.0,15.0,10.0,2.0,9.0,0.0,0.0,0.0,100.0,95.0,98.0,HIGH
Kyanjin Gompa,28.21,85.57,Rasuwa,9.0,19.0,18.0,1.0,10.0,0.0,0.0,0.0,100.0,100.0,100.0,HIGH
Tserko Ri,28.2,85.56,Rasuwa,10.0,20.0,20.0,1.0,10.0,0.0,0.0,0.0,100.0,100.0,100.0,HIGH
Gosainkunda Lake,28.08,85.41,Rasuwa,8.0,17.0,14.0,1.0,10.0,0.0,0.0,0.0,100.0,100.0,100.0,HIGH
Dhunchhe Bazaar,28.11,85.3,Rasuwa,2.0,5.0,0.0,5.0,6.0,10.0,8.0,2.0,55.0,60.0,58.0,MEDIUM
