Hotel Name,Destination,Address,Latitude,Longitude,Phone,Rating,Price Per Night,Currency,Booking Status,Booking URL
Kathmandu Marriott Hotel,Kathmandu,Manakamana Marg Naxal Kathmandu Nepal,27.7172,85.3240,+977-1-5970000,4.7,180,USD,Available,https://www.marriott.com
The Dwarika's Hotel,Kathmandu,Battisputali Kathmandu Nepal,27.7048,85.3386,+977-1-4479488,4.8,300,USD,Available,https://www.dwarikas.com
Hyatt Regency Kathmandu,Kathmandu,Boudha Kathmandu Nepal,27.7215,85.3605,+977-1-5171234,4.5,150,USD,Available,https://www.hyatt.com
Hotel Yak and Yeti,Kathmandu,Durbar Marg Kathmandu Nepal,27.7114,85.3188,+977-1-4248999,4.4,120,USD,Available,https://www.yakandyeti.com
Radisson Hotel Kathmandu,Kathmandu,Lazimpat Kathmandu Nepal,27.7186,85.3172,+977-1-4411818,4.3,110,USD,Available,https://www.radissonhotels.com
Aloft Kathmandu Thamel,Kathmandu,Chhaya Devi Complex Thamel Kathmandu Nepal,27.7148,85.3121,+977-1-5252000,4.5,130,USD,Available,https://www.marriott.com
Hotel Mulberry,Kathmandu,Thamel Kathmandu Nepal,27.7159,85.3138,+977-1-4700927,4.4,95,USD,Available,https://www.hotelmulberry.com
Fairfield by Marriott Kathmandu,Kathmandu,Tridevi Marg Kathmandu Nepal,27.7140,85.3127,+977-1-4217999,4.3,90,USD,Available,https://www.marriott.com
Hotel Shambala,Kathmandu,Bansbari Kathmandu Nepal,27.7345,85.3420,+977-1-4650250,4.4,80,USD,Available,https://www.shambalahotel.com
Gokarna Forest Resort,Kathmandu,Gokarna Kathmandu Nepal,27.7340,85.4050,+977-1-4451212,4.6,170,USD,Available,https://www.gokarna.com
Temple Tree Resort & Spa,Pokhara,Gaurighat Lakeside Pokhara Nepal,28.2096,83.9595,+977-61-465819,4.6,140,USD,Available,https://www.templetreenepal.com
Fishtail Lodge,Pokhara,Lakeside Pokhara Nepal,28.2145,83.9480,+977-61-465071,4.5,130,USD,Available,https://www.fishtail-lodge.com
Hotel Barahi,Pokhara,Lakeside Pokhara Nepal,28.2097,83.9588,+977-61-460617,4.4,100,USD,Available,https://www.hotelbarahi.com
Mount Kailash Resort,Pokhara,Lakeside Pokhara Nepal,28.2110,83.9565,+977-61-465096,4.3,85,USD,Available,https://www.mountkailashresort.com
Pokhara Grande,Pokhara,Birauta Pokhara Nepal,28.1985,83.9840,+977-61-460560,4.5,120,USD,Available,https://www.pokharagrande.com
Hotel Landmark Pokhara,Pokhara,Lakeside Pokhara Nepal,28.2115,83.9590,+977-61-463720,4.2,75,USD,Available,https://www.hotellandmarkpokhara.com
Waterfront Resort,Pokhara,Lakeside Pokhara Nepal,28.2120,83.9450,+977-61-465162,4.4,95,USD,Available,https://www.waterfrontpokhara.com
The Pavilions Himalayas,Pokhara,Pumdi Bhumdi Pokhara Nepal,28.1450,83.9300,+977-61-621000,4.8,220,USD,Available,https://www.pavilionshimalayas.com
Hotel Sarowar,Pokhara,Lakeside Pokhara Nepal,28.2102,83.9581,+977-61-590123,4.3,85,USD,Available,https://www.hotelsarowar.com
Bar Peepal Resort,Pokhara,Lakeside Pokhara Nepal,28.2118,83.9557,+977-61-467800,4.6,110,USD,Available,https://www.barpeepalresort.com
Soaltee Kathmandu,Kathmandu,Tahachal Kathmandu Nepal,27.7000,85.2920,+977-1-4273999,4.5,140,USD,Available,https://www.soaltee.com
Aakash By The Lake,Pokhara,Lakeside Pokhara Nepal,28.2105,83.9560,+977-61-462999,4.1,60,USD,Available,https://www.aakashbythelake.com
Hotel Pokhara Choice Inn,Pokhara,Lakeside Pokhara Nepal,28.2108,83.9592,+977-61-465900,4.2,65,USD,Available,https://www.pokharachoiceinn.com
Hotel Middle Path,Pokhara,Lakeside Pokhara Nepal,28.2100,83.9580,+977-61-465522,4.4,70,USD,Available,https://www.hotelmiddlepath.com
Hotel Crystal Palace,Pokhara,Lakeside Pokhara Nepal,28.2122,83.9570,+977-61-465456,4.1,55,USD,Available,https://www.crystalpalacepokhara.com
Tigerland Safari Resort,Chitwan,Sauraha Chitwan Nepal,27.5820,84.4950,+977-56-580123,4.5,120,USD,Available,https://www.tigerland.com.np
Barahi Jungle Lodge,Chitwan,Andrauli Chitwan Nepal,27.6100,84.4500,+977-56-580500,4.7,180,USD,Available,https://www.barahijunglelodge.com
Green Park Chitwan,Chitwan,Sauraha Chitwan Nepal,27.5805,84.4935,+977-56-580555,4.6,110,USD,Available,https://www.greenparkchitwan.com
Kasara Chitwan,Chitwan,Patihani Chitwan Nepal,27.5660,84.4200,+977-56-590999,4.7,200,USD,Available,https://www.kasararesort.com
Jungle World Resort,Chitwan,Sauraha Chitwan Nepal,27.5810,84.4960,+977-56-580800,4.3,75,USD,Available,https://www.jungleworldresort.com
Lumbini Hokke Hotel,Lumbini,Lumbini Nepal,27.4690,83.2760,+977-71-580111,4.2,80,USD,Available,https://www.hokkehotel.com
Buddha Maya Garden Hotel,Lumbini,Lumbini Nepal,27.4700,83.2750,+977-71-580111,4.3,90,USD,Available,https://www.buddhamaya.com
Lumbini Bamboo Resort,Lumbini,Lumbini Nepal,27.4705,83.2735,+977-71-580222,4.0,55,USD,Available,https://www.lumbinibamboo.com
The Fort Resort,Nagarkot,Nagarkot Bhaktapur Nepal,27.7167,85.5200,+977-1-6680080,4.5,130,USD,Available,https://www.thefortresort.com
Club Himalaya,Nagarkot,Nagarkot Nepal,27.7170,85.5205,+977-1-4423900,4.4,120,USD,Available,https://www.clubhimalaya.com
Hotel Mystic Mountain,Nagarkot,Nagarkot Nepal,27.7150,85.5300,+977-1-4425000,4.6,150,USD,Available,https://www.mysticmountain.com.np
Nagarkot Resort,Nagarkot,Nagarkot Nepal,27.7160,85.5180,+977-1-6680011,4.1,70,USD,Available,https://www.nagarkotresort.com
Everest Manla Resort,Nagarkot,Nagarkot Nepal,27.7200,85.5250,+977-1-6680200,4.2,90,USD,Available,https://www.everestmanla.com
Hotel Country Villa,Nagarkot,Nagarkot Nepal,27.7165,85.5175,+977-1-6680120,4.3,100,USD,Available,https://www.hotelcountryvilla.com
Hotel Annapurna,Kathmandu,Durbar Marg Kathmandu Nepal,27.7110,85.3180,+977-1-4221711,4.3,130,USD,Available,https://www.hotelannapurna.com
Thamel Boutique Hotel,Kathmandu,Thamel Kathmandu Nepal,27.7160,85.3120,+977-1-4701234,4.2,65,USD,Available,https://www.thamelboutiquehotel.com
Kantipur Temple House,Kathmandu,Chusyabahal Thamel Kathmandu Nepal,27.7145,85.3125,+977-1-4700679,4.5,100,USD,Available,https://www.kantipurtemplehouse.com
Hotel Marshyangdi,Kathmandu,Thamel Kathmandu Nepal,27.7150,85.3128,+977-1-4700245,4.0,60,USD,Available,https://www.hotelmarshyangdi.com
Hotel Arts Kathmandu,Kathmandu,Chaksibari Thamel Nepal,27.7155,85.3122,+977-1-4700440,4.1,75,USD,Available,https://www.hotelartskathmandu.com
Shangri-La Kathmandu,Kathmandu,Lazimpat Kathmandu Nepal,27.7188,85.3165,+977-1-4412999,4.5,145,USD,Available,https://www.shangri-la.com
Kumari Boutique Hotel,Kathmandu,Thamel Kathmandu Nepal,27.7152,85.3124,+977-1-4700062,4.4,85,USD,Available,https://www.kumariboutiquehotel.com
Hotel Buddha,Kathmandu,Chaksibari Thamel Kathmandu Nepal,27.7147,85.3120,+977-1-4700930,4.2,60,USD,Available,https://www.hotelbuddha.com.np
Maya Manor Boutique Hotel,Kathmandu,PoBox 12345 Thamel Nepal,27.7162,85.3132,+977-1-4700455,4.3,75,USD,Available,https://www.mayamanor.com
Hotel Friends Home,Kathmandu,Chaksibari Thamel Nepal,27.7158,85.3127,+977-1-4700036,4.1,50,USD,Available,https://www.hotelfriendshome.com
Hotel Moonlight,Kathmandu,Paknajol Thamel Nepal,27.7180,85.3100,+977-1-4383568,4.3,70,USD,Available,https://www.hotelmoonlight.com.np
Hotel Marshyangdi Plaza,Kathmandu,Thamel Kathmandu Nepal,27.7153,85.3130,+977-1-4700389,4.0,55,USD,Available,https://www.marshyangdi.com
Hotel Manaslu,Kathmandu,Lazimpat Kathmandu Nepal,27.7190,85.3160,+977-1-4410071,4.2,95,USD,Available,https://www.hotelmanaslu.com
Shakya House,Lalitpur,Patan Durbar Square Lalitpur Nepal,27.6720,85.3250,+977-1-5539852,4.5,90,USD,Available,https://www.shakyahouse.com
Vivanta Kathmandu,Lalitpur,Jhamsikhel Lalitpur Nepal,27.6810,85.3140,+977-1-5970033,4.5,140,USD,Available,https://www.tajhotels.com
Himalayan Front Hotel,Pokhara,Sedibagar Pokhara Nepal,28.2260,83.9400,+977-61-465600,4.5,100,USD,Available,https://www.himalayanfront.com
Sarangkot Mountain Lodge,Pokhara,Sarangkot Pokhara Nepal,28.2470,83.9460,+977-61-621111,4.4,110,USD,Available,https://www.sarangkotmountainlodge.com
Raniban Retreat,Pokhara,World Peace Pagoda Pokhara Nepal,28.1970,83.9370,+977-61-460033,4.6,130,USD,Available,https://www.ranibanretreat.com
Pokhara Batika,Pokhara,Lakeside Pokhara Nepal,28.2110,83.9575,+977-61-463760,4.2,65,USD,Available,https://www.pokharabatika.com
Hotel Adam,Pokhara,Lakeside Pokhara Nepal,28.2114,83.9585,+977-61-465422,4.3,70,USD,Available,https://www.hoteladam.com.np
Hotel Orchid,Pokhara,Lakeside Pokhara Nepal,28.2105,83.9578,+977-61-464700,4.1,60,USD,Available,https://www.hotelorchidpokhara.com
Hotel Splendid View,Pokhara,Lakeside Pokhara Nepal,28.2130,83.9570,+977-61-466123,4.4,80,USD,Available,https://www.splendidviewpokhara.com
Glacier Hotel & Spa,Pokhara,Lakeside Pokhara Nepal,28.2100,83.9584,+977-61-462999,4.3,90,USD,Available,https://www.glacierhotelpokhara.com
Hotel City Inn,Pokhara,Lakeside Pokhara Nepal,28.2108,83.9594,+977-61-462222,4.0,50,USD,Available,https://www.cityinnpokhara.com
Hotel Crystal Palace Deluxe,Pokhara,Lakeside Pokhara Nepal,28.2120,83.9568,+977-61-465456,4.2,75,USD,Available,https://www.crystalpalacepokhara.com
Chitwan Paradise Hotel,Chitwan,Sauraha Chitwan Nepal,27.5815,84.4955,+977-56-580300,4.1,65,USD,Available,https://www.chitwanparadisehotel.com
Parkland Resort,Chitwan,Sauraha Chitwan Nepal,27.5825,84.4965,+977-56-580400,4.4,95,USD,Available,https://www.parklandchitwan.com
Hotel Jungle Crown,Chitwan,Sauraha Chitwan Nepal,27.5800,84.4940,+977-56-580700,4.5,100,USD,Available,https://www.junglecrown.com
Rhino Lodge & Hotel,Chitwan,Sauraha Chitwan Nepal,27.5820,84.4970,+977-56-580600,4.0,55,USD,Available,https://www.rhinolodge.com
Sauraha Resort,Chitwan,Sauraha Nepal,27.5808,84.4938,+977-56-580888,4.2,70,USD,Available,https://www.sauraharesort.com
Buddha Jungle Resort,Chitwan,Sauraha Nepal,27.5812,84.4952,+977-56-580909,4.3,80,USD,Available,https://www.buddhajungleresort.com
Lumbini Buddha Garden Resort,Lumbini,Lumbini Nepal,27.4702,83.2765,+977-71-580333,4.4,75,USD,Available,https://www.lumbinibuddhagarden.com
Lumbini Village Lodge,Lumbini,Lumbini Nepal,27.4698,83.2770,+977-71-580444,4.0,45,USD,Available,https://www.lumbinivillagelodge.com
Hotel Peace Palace,Lumbini,Lumbini Nepal,27.4695,83.2745,+977-71-580555,4.1,50,USD,Available,https://www.hotelpeacepalace.com
Pawan International Hotel,Lumbini,Bhairahawa Nepal,27.5050,83.4530,+977-71-520111,4.0,60,USD,Available,https://www.pawaninternational.com
Tiger Palace Resort,Bhairahawa,Rupandehi Nepal,27.5200,83.4500,+977-71-590111,4.6,160,USD,Available,https://www.tigerpalaceresort.com
Dreamland Gold Resort,Bhairahawa,Rupandehi Nepal,27.5100,83.4600,+977-71-590222,4.2,85,USD,Available,https://www.dreamlandgold.com
Nagarkot Sunshine Hotel,Nagarkot,Nagarkot Nepal,27.7158,85.5210,+977-1-6680222,4.1,65,USD,Available,https://www.nagarkotsunshine.com
Hotel At The End Of The Universe,Nagarkot,Nagarkot Nepal,27.7175,85.5235,+977-1-6680101,4.4,90,USD,Available,https://www.attheendoftheuniverse.com
Peaceful Cottage & Cafe,Nagarkot,Nagarkot Nepal,27.7172,85.5202,+977-1-6680055,4.2,70,USD,Available,https://www.peacefulcottage.com
Hotel View Point,Nagarkot,Nagarkot Nepal,27.7168,85.5198,+977-1-6680300,4.3,85,USD,Available,https://www.hotelviewpointnagarkot.com
Everest Window View Hotel,Nagarkot,Nagarkot Nepal,27.7180,85.5220,+977-1-6680400,4.0,60,USD,Available,https://www.everestwindowview.com
Hotel Country Villa Annex,Nagarkot,Nagarkot Nepal,27.7162,85.5170,+977-1-6680121,4.2,95,USD,Available,https://www.hotelcountryvilla.com
Summit Residency,Kathmandu,Gairidhara Kathmandu Nepal,27.7140,85.3200,+977-1-4443333,4.1,70,USD,Available,https://www.summitresidency.com
Hotel Le Himalaya,Kathmandu,Lazimpat Kathmandu Nepal,27.7200,85.3168,+977-1-4004000,4.3,100,USD,Available,https://www.hotellehimalaya.com
Grand Hotel,Kathmandu,Solu Marg Kathmandu Nepal,27.6990,85.2910,+977-1-4282482,4.2,90,USD,Available,https://www.grandhotelnepal.com
Airport Hotel Kathmandu,Kathmandu,Sinamangal Kathmandu Nepal,27.6965,85.3550,+977-1-4470400,4.0,75,USD,Available,https://www.airporthotelnepal.com
Hotel Meridian Suite,Kathmandu,Sinamangal Kathmandu Nepal,27.6968,85.3540,+977-1-4111111,4.1,65,USD,Available,https://www.meridiansuite.com
The Everest Hotel,Kathmandu,New Baneshwor Kathmandu Nepal,27.6905,85.3325,+977-1-4780100,4.4,120,USD,Available,https://www.theeveresthotel.com.np
Shambala Heritage,Kathmandu,Lazimpat Kathmandu Nepal,27.7195,85.3165,+977-1-4442222,4.3,85,USD,Available,https://www.shambalaheritage.com
Hotel Ambassador Kathmandu,Kathmandu,Lazimpat Kathmandu Nepal,27.7200,85.3180,+977-1-4424900,4.2,90,USD,Available,https://www.hotelambassador.com.np
Royal Penguin Boutique Hotel,Kathmandu,Thamel Kathmandu Nepal,27.7155,85.3125,+977-1-4701355,4.3,75,USD,Available,https://www.royalpenguin.com.np
Dalai-La Boutique Hotel,Kathmandu,Thamel Kathmandu Nepal,27.7160,85.3130,+977-1-4701532,4.5,110,USD,Available,https://www.dalailaboutiquehotel.com
Hotel Arts Kathmandu,Kathmandu,Thamel Kathmandu Nepal,27.7157,85.3118,+977-1-4700440,4.1,70,USD,Available,https://www.hotelartskathmandu.com
Hotel Nepalaya,Kathmandu,Thamel Kathmandu Nepal,27.7150,85.3115,+977-1-4700929,4.0,55,USD,Available,https://www.hotelnepalaya.com
Hotel Access Nepal,Kathmandu,Thamel Kathmandu Nepal,27.7149,85.3129,+977-1-4700567,4.1,50,USD,Available,https://www.hotelaccessnepal.com
Hotel Family Home,Kathmandu,Thamel Kathmandu Nepal,27.7163,85.3124,+977-1-4700987,4.0,45,USD,Available,https://www.hotelfamilyhome.com
Hotel Holy Himalaya,Kathmandu,Kamaladi Kathmandu Nepal,27.7105,85.3205,+977-1-4221478,4.2,80,USD,Available,https://www.holyhimalaya.com
Kantipur Inn,Kathmandu,Thamel Kathmandu Nepal,27.7154,85.3135,+977-1-4700500,4.0,60,USD,Available,https://www.kantipurinn.com
Hotel Himalaya House,Kathmandu,Thamel Kathmandu Nepal,27.7148,85.3126,+977-1-4700555,4.1,65,USD,Available,https://www.himalayahouse.com
Hotel Pleasure Home,Kathmandu,Thamel Kathmandu Nepal,27.7157,85.3131,+977-1-4700666,4.0,55,USD,Available,https://www.hotelpleasurehome.com
Hotel Blue Horizon,Kathmandu,Kantipath Kathmandu Nepal,27.7130,85.3190,+977-1-4222040,4.1,70,USD,Available,https://www.hotelbluehorizon.com
Hotel Tibet International,Kathmandu,Boudha Kathmandu Nepal,27.7218,85.3600,+977-1-4488181,4.4,120,USD,Available,https://www.hoteltibetintl.com
Pema Boutique Hotel,Kathmandu,Boudha Kathmandu Nepal,27.7225,85.3590,+977-1-5911111,4.5,95,USD,Available,https://www.pemahotel.com
Hotel Vajra,Kathmandu,Swayambhu Kathmandu Nepal,27.7150,85.2900,+977-1-4271545,4.3,100,USD,Available,https://www.hotelvajra.com
Swayambhu Peace Zone Hotel,Kathmandu,Swayambhu Kathmandu Nepal,27.7140,85.2880,+977-1-4281111,4.0,60,USD,Available,https://www.peacezonehotel.com
Hotel Marshyangdi View,Kathmandu,Thamel Kathmandu Nepal,27.7152,85.3133,+977-1-4700245,4.0,65,USD,Available,https://www.hotelmarshyangdi.com
The Life Story Guest House,Kathmandu,Patan Lalitpur Nepal,27.6730,85.3240,+977-1-5533000,4.4,70,USD,Available,https://www.lifestoryguesthouse.com
The Begnas Lake Resort,Pokhara,Begnas Lake Pokhara Nepal,28.1600,84.0900,+977-61-560123,4.6,140,USD,Available,https://www.begnaslakeresort.com
Fish Tail Lodge Heritage,Pokhara,Lakeside Pokhara Nepal,28.2140,83.9475,+977-61-465071,4.5,135,USD,Available,https://www.fishtail-lodge.com
Hotel Crystal Palace Inn,Pokhara,Lakeside Pokhara Nepal,28.2121,83.9569,+977-61-465456,4.1,65,USD,Available,https://www.crystalpalacepokhara.com
Hotel Trekkers Inn,Pokhara,Lakeside Pokhara Nepal,28.2112,83.9587,+977-61-464600,4.2,55,USD,Available,https://www.trekkersinn.com
Hotel Lake Shore,Pokhara,Lakeside Pokhara Nepal,28.2104,83.9572,+977-61-465333,4.4,90,USD,Available,https://www.lakeshorepokhara.com
Hotel Point,Pokhara,Lakeside Pokhara Nepal,28.2110,83.9578,+977-61-465222,4.0,50,USD,Available,https://www.hotelpointpokhara.com
Hotel Snow Peak,Pokhara,Lakeside Pokhara Nepal,28.2120,83.9580,+977-61-463333,4.1,60,USD,Available,https://www.snowspeakpokhara.com
Hotel Golden Inn,Pokhara,Lakeside Pokhara Nepal,28.2109,83.9591,+977-61-462111,4.0,55,USD,Available,https://www.goldenninnpokhara.com
Hotel Orchid Garden,Pokhara,Lakeside Pokhara Nepal,28.2115,83.9566,+977-61-464444,4.2,75,USD,Available,https://www.orchidgardenpokhara.com
Lake View Resort,Pokhara,Lakeside Pokhara Nepal,28.2125,83.9585,+977-61-465888,4.3,85,USD,Available,https://www.lakeviewpokhara.com
Chitwan Safari Camp,Chitwan,Sauraha Chitwan Nepal,27.5818,84.4962,+977-56-580700,4.3,90,USD,Available,https://www.chitwansafaricamp.com
River Bank Jungle Resort,Chitwan,Sauraha Nepal,27.5795,84.4925,+977-56-580755,4.2,80,USD,Available,https://www.riverbankjungle.com
Wildlife Adventure Resort,Chitwan,Sauraha Nepal,27.5808,84.4948,+977-56-580777,4.4,100,USD,Available,https://www.wildlifeadventure.com
Jungle Safari Resort,Chitwan,Sauraha Nepal,27.5810,84.4950,+977-56-580888,4.1,70,USD,Available,https://www.junglesafariresort.com
Chitwan Village Resort,Chitwan,Sauraha Nepal,27.5822,84.4968,+977-56-580999,4.2,65,USD,Available,https://www.chitwanvillageresort.com
Sauraha Central Park Resort,Chitwan,Sauraha Nepal,27.5805,84.4932,+977-56-580111,4.3,85,USD,Available,https://www.centralparkresort.com
Chitwan Riverside Resort,Chitwan,Sauraha Nepal,27.5798,84.4918,+977-56-580222,4.1,75,USD,Available,https://www.chitwanriverside.com
Jungle Wildlife Camp,Chitwan,Sauraha Nepal,27.5817,84.4964,+977-56-580333,4.0,60,USD,Available,https://www.junglewildlifecamp.com
Elephant Safari Lodge,Chitwan,Sauraha Nepal,27.5820,84.4945,+977-56-580444,4.2,80,USD,Available,https://www.elephantsafarilodge.com
Green Mansions Jungle Resort,Chitwan,Sauraha Nepal,27.5800,84.4930,+977-56-580555,4.4,110,USD,Available,https://www.greenmansions.com
Hotel Himalayan Horizon,Dhulikhel,Dhulikhel Kavre Nepal,27.6220,85.5430,+977-11-490500,4.3,95,USD,Available,https://www.himalayanhorizon.com
Dhulikhel Lodge Resort,Dhulikhel,Dhulikhel Kavre Nepal,27.6250,85.5400,+977-11-490700,4.2,80,USD,Available,https://www.dhulikhellodge.com
Dhulikhel Mountain Resort,Dhulikhel,Dhulikhel Nepal,27.6205,85.5450,+977-11-490800,4.4,120,USD,Available,https://www.dhulikhelmountainresort.com
Mirabel Resort,Dhulikhel,Dhulikhel Nepal,27.6215,85.5425,+977-11-490900,4.1,75,USD,Available,https://www.mirabelresort.com
Gaia Holiday Home,Dhulikhel,Dhulikhel Nepal,27.6240,85.5410,+977-11-491000,4.3,70,USD,Available,https://www.gaiaholidayhome.com
Namo Buddha Resort,Dhulikhel,Namo Buddha Kavre Nepal,27.5680,85.6200,+977-11-401200,4.6,130,USD,Available,https://www.namobuddharesort.com
Himalayan Drishya Resort,Dhulikhel,Dhulikhel Nepal,27.6200,85.5455,+977-11-490600,4.5,110,USD,Available,https://www.himalayandrishya.com
The Last Resort,Bhotekoshi,Bhotekoshi Nepal,27.9500,85.9500,+977-1-4700525,4.5,150,USD,Available,https://www.thelastresort.com
Borderlands Eco Adventure Resort,Sindhupalchok,Bhotekoshi Nepal,27.9505,85.9600,+977-1-4433999,4.4,120,USD,Available,https://www.borderland-resorts.com
Summit River Lodge,Bhotekoshi,Balephi Nepal,27.8500,85.7500,+977-1-4425000,4.2,90,USD,Available,https://www.summitriverlodge.com
Hotel Everest View,Syangboche,Everest Region Nepal,27.9600,86.8200,+977-38-540026,4.6,250,USD,Available,https://www.hoteleverestview.com
Yeti Mountain Home,Lukla,Lukla Solukhumbu Nepal,27.6870,86.7280,+977-38-540200,4.4,180,USD,Available,https://www.yetimountainhome.com
Mountain Lodges of Nepal,Namche Bazaar,Solukhumbu Nepal,27.8050,86.7100,+977-1-4425000,4.7,220,USD,Available,https://www.mountainlodgesofnepal.com
Hotel Sherwi Khangba,Namche Bazaar,Solukhumbu Nepal,27.8055,86.7130,+977-38-540500,4.3,100,USD,Available,https://www.sherwikhangba.com
Khumbu Resort,Namche Bazaar,Solukhumbu Nepal,27.8060,86.7120,+977-38-540600,4.2,90,USD,Available,https://www.khumburesort.com
Hotel Peaceful Cottage,Bandipur,Bandipur Tanahun Nepal,27.9360,84.4060,+977-65-560400,4.4,85,USD,Available,https://www.peacefulcottagebandipur.com
The Old Inn,Bandipur,Bandipur Nepal,27.9370,84.4065,+977-65-560500,4.5,120,USD,Available,https://www.theoldinnbandipur.com
Bandipur Mountain Resort,Bandipur,Bandipur Nepal,27.9380,84.4070,+977-65-560600,4.2,90,USD,Available,https://www.bandipurresort.com
Gaun Ghar,Bandipur,Bandipur Nepal,27.9365,84.4068,+977-65-560700,4.6,130,USD,Available,https://www.gaunghar.com
Bandipur Chhen,Bandipur,Bandipur Nepal,27.9375,84.4062,+977-65-560800,4.3,75,USD,Available,https://www.bandipurchhen.com
Hotel Riverside,Besisahar,Lamjung Nepal,28.2320,84.3720,+977-66-520400,4.0,60,USD,Available,https://www.riversidebesisahar.com
Lamjung Himalaya View,Lamjung,Lamjung Nepal,28.2400,84.3800,+977-66-520500,4.2,80,USD,Available,https://www.himalayaviewlamjung.com
Manaslu Guest House,Gorkha,Gorkha Nepal,28.0000,84.6330,+977-64-420500,4.1,65,USD,Available,https://www.mansaluguesthouse.com
Gorkha Gaun Resort,Gorkha,Gorkha Nepal,28.0020,84.6350,+977-64-420600,4.3,90,USD,Available,https://www.gorkhagaunresort.com
Barpak Village Resort,Gorkha,Barpak Nepal,28.2000,84.7500,+977-64-430700,4.5,100,USD,Available,https://www.barpakresort.com
Royal Mustang Resort,Mustang,Jomsom Mustang Nepal,28.7800,83.7300,+977-69-440500,4.4,140,USD,Available,https://www.royalmustangresort.com
Hotel Om's Home,Mustang,Jomsom Nepal,28.7805,83.7310,+977-69-440600,4.1,75,USD,Available,https://www.omshome.com
Mustang Eco Resort,Mustang,Muktinath Nepal,28.8200,83.8700,+977-69-440700,4.3,110,USD,Available,https://www.mustangecoresort.com
Muktinath Hotel,Muktinath,Muktinath Mustang Nepal,28.8205,83.8705,+977-69-440800,4.0,70,USD,Available,https://www.muktinathhotel.com
Jomsom Mountain Resort,Mustang,Jomsom Nepal,28.7802,83.7298,+977-69-440900,4.2,95,USD,Available,https://www.jomsomresort.com
Hotel Grand Shambala,Muktinath,Muktinath Nepal,28.8190,83.8710,+977-69-441000,4.3,100,USD,Available,https://www.grandshambala.com
Hotel Annapurna View,Dhulikhel,Dhulikhel Nepal,27.6230,85.5440,+977-11-490300,4.2,85,USD,Available,https://www.annapurnaviewhotel.com
Panauti Community Homestay,Panauti,Panauti Kavre Nepal,27.5840,85.5120,+977-11-440500,4.4,60,USD,Available,https://www.panautihomestay.com
Panauti Boutique Hotel,Panauti,Panauti Nepal,27.5835,85.5130,+977-11-440600,4.1,70,USD,Available,https://www.panautiboutique.com
Indreni Suites,Kathmandu,Baneshwor Kathmandu Nepal,27.6900,85.3300,+977-1-4787000,4.2,80,USD,Available,https://www.indrenisuites.com
Akama Hotel,Kathmandu,Dhumbarahi Kathmandu Nepal,27.7180,85.3500,+977-1-5910000,4.4,100,USD,Available,https://www.akamahotel.com
Aloft Kathmandu Thamel,Kathmandu,Thamel Kathmandu Nepal,27.7148,85.3121,+977-1-5252000,4.5,130,USD,Available,https://www.marriott.com
Dusit Thani Himalayan Resort,Dhulikhel,Dhulikhel Nepal,27.6225,85.5455,+977-11-490000,4.6,180,USD,Available,https://www.dusit.com
Soaltee Westend Resort,Chitwan,Chitwan Nepal,27.5600,84.4200,+977-56-590500,4.5,150,USD,Available,https://www.soaltee.com
Barahi Jungle Lodge Extension,Chitwan,Chitwan Nepal,27.6105,84.4505,+977-56-580500,4.7,180,USD,Available,https://www.barahijunglelodge.com
Lumbini Palace Resort,Lumbini,Lumbini Nepal,27.4700,83.2775,+977-71-580700,4.3,95,USD,Available,https://www.lumbinipalace.com
Hotel Moonlight View,Kathmandu,Thamel Kathmandu Nepal,27.7170,85.3118,+977-1-4383568,4.2,75,USD,Available,https://www.hotelmoonlight.com.np
Kathmandu Eco Hotel,Kathmandu,Thamel Kathmandu Nepal,27.7165,85.3120,+977-1-4700632,4.4,65,USD,Available,https://www.kathmanduecohotel.com
Taleju Boutique Hotel,Kathmandu,Thamel Kathmandu Nepal,27.7160,85.3135,+977-1-4701234,4.3,70,USD,Available,https://www.talejuboutiquehotel.com
Hotel Jampa,Kathmandu,Thamel Kathmandu Nepal,27.7145,85.3123,+977-1-5352900,4.5,80,USD,Available,https://www.hoteljampa.com
Arushi Boutique Hotel,Kathmandu,Thamel Kathmandu Nepal,27.7152,85.3119,+977-1-4700999,4.4,85,USD,Available,https://www.arushihotel.com
Hotel Mums Home,Kathmandu,Thamel Kathmandu Nepal,27.7158,85.3128,+977-1-4700400,4.2,55,USD,Available,https://www.mumshome.com
Hotel Osho Home,Kathmandu,Thamel Kathmandu Nepal,27.7154,85.3132,+977-1-4700890,4.1,50,USD,Available,https://www.oshohome.com
Hotel Ganesh Himal,Kathmandu,Thamel Kathmandu Nepal,27.7148,85.3105,+977-1-4261265,4.2,60,USD,Available,https://www.ganeshhimalhotel.com
Hotel Ambassador,Kathmandu,Lazimpat Kathmandu Nepal,27.7202,85.3178,+977-1-4424900,4.3,95,USD,Available,https://www.hotelambassador.com.np
Hotel Vaishali,Kathmandu,Thamel Kathmandu Nepal,27.7156,85.3129,+977-1-4700048,4.1,75,USD,Available,https://www.hotelvaishali.com
Hotel Annapurna View Point,Pokhara,Sarangkot Pokhara Nepal,28.2480,83.9470,+977-61-620300,4.4,120,USD,Available,https://www.annapurnaviewpoint.com
The Lakeside Retreat,Pokhara,Lakeside Pokhara Nepal,28.2117,83.9573,+977-61-466500,4.3,85,USD,Available,https://www.lakesideretreatpokhara.com
Hotel White Pearl,Pokhara,Lakeside Pokhara Nepal,28.2122,83.9588,+977-61-590600,4.5,90,USD,Available,https://www.hotelwhitepearlpokhara.com
Hotel Crystal Palace Boutique,Pokhara,Lakeside Pokhara Nepal,28.2118,83.9575,+977-61-465456,4.2,70,USD,Available,https://www.crystalpalacepokhara.com
Hotel Orchid Residency,Pokhara,Lakeside Pokhara Nepal,28.2106,83.9590,+977-61-464800,4.1,65,USD,Available,https://www.orchidresidencypokhara.com
Hotel Lake Star,Pokhara,Lakeside Pokhara Nepal,28.2110,83.9582,+977-61-463900,4.3,75,USD,Available,https://www.lakestarpokhara.com
Hotel Adam View,Pokhara,Lakeside Pokhara Nepal,28.2120,83.9580,+977-61-465422,4.2,70,USD,Available,https://www.hoteladampokhara.com
Hotel Landmark Pokhara Lakeside,Pokhara,Lakeside Pokhara Nepal,28.2115,83.9590,+977-61-463720,4.2,80,USD,Available,https://www.hotellandmarkpokhara.com
Hotel City Park,Pokhara,Lakeside Pokhara Nepal,28.2109,83.9577,+977-61-465600,4.0,55,USD,Available,https://www.cityparkpokhara.com
Hotel View Point Pokhara,Pokhara,Lakeside Pokhara Nepal,28.2125,83.9595,+977-61-466000,4.1,60,USD,Available,https://www.viewpointpokhara.com
Jungle Wildlife Camp Resort,Chitwan,Sauraha Chitwan Nepal,27.5814,84.4960,+977-56-580333,4.3,90,USD,Available,https://www.junglewildlifecamp.com
Chitwan Forest Resort,Chitwan,Sauraha Nepal,27.5806,84.4939,+977-56-580444,4.2,80,USD,Available,https://www.chitwanforestresort.com
River Park International Resort,Chitwan,Sauraha Nepal,27.5820,84.4958,+977-56-580555,4.3,85,USD,Available,https://www.riverparkresort.com
Sauraha Sunset Resort,Chitwan,Sauraha Nepal,27.5802,84.4942,+977-56-580666,4.1,70,USD,Available,https://www.saurahasunset.com
Chitwan Riverside Lodge,Chitwan,Sauraha Nepal,27.5798,84.4920,+977-56-580777,4.2,75,USD,Available,https://www.chitwanriversidelodge.com
Lumbini Garden Lodge,Lumbini,Lumbini Nepal,27.4698,83.2768,+977-71-580800,4.1,60,USD,Available,https://www.lumbinigardenlodge.com
Lumbini Guest House,Lumbini,Lumbini Nepal,27.4705,83.2755,+977-71-580900,4.0,45,USD,Available,https://www.lumbiniguesthouse.com
Sacred Garden Resort,Lumbini,Lumbini Nepal,27.4700,83.2740,+977-71-581000,4.3,85,USD,Available,https://www.sacredgardenresort.com
Peaceful Lumbini Hotel,Lumbini,Lumbini Nepal,27.4692,83.2762,+977-71-581100,4.2,55,USD,Available,https://www.peacefullumbini.com
Buddha Heritage Resort,Lumbini,Lumbini Nepal,27.4688,83.2772,+977-71-581200,4.4,90,USD,Available,https://www.buddhaheritage.com
Nagarkot Hill View Resort,Nagarkot,Nagarkot Nepal,27.7165,85.5205,+977-1-6680500,4.2,80,USD,Available,https://www.nagarkothillview.com
Sunrise Cottage Nagarkot,Nagarkot,Nagarkot Nepal,27.7175,85.5215,+977-1-6680600,4.1,65,USD,Available,https://www.sunrisecottage.com
Nagarkot Bed & Breakfast,Nagarkot,Nagarkot Nepal,27.7182,85.5225,+977-1-6680700,4.0,55,USD,Available,https://www.nagarkotbnb.com
Himalayan Nature Resort,Nagarkot,Nagarkot Nepal,27.7168,85.5188,+977-1-6680800,4.3,90,USD,Available,https://www.himalayannatureresort.com
Mountain View Hotel Nagarkot,Nagarkot,Nagarkot Nepal,27.7178,85.5195,+977-1-6680900,4.2,75,USD,Available,https://www.mountainviewnagarkot.com
Dhulikhel Boutique Hotel,Dhulikhel,Dhulikhel Nepal,27.6235,85.5420,+977-11-490200,4.3,85,USD,Available,https://www.dhulikhelboutique.com
Himalayan Horizon Resort,Dhulikhel,Dhulikhel Nepal,27.6225,85.5435,+977-11-490500,4.4,100,USD,Available,https://www.himalayanhorizon.com
Dhulikhel Village Resort,Dhulikhel,Dhulikhel Nepal,27.6245,85.5415,+977-11-490600,4.2,70,USD,Available,https://www.dhulikhelvillage.com
Panauti Peace Resort,Panauti,Panauti Nepal,27.5830,85.5125,+977-11-440700,4.1,65,USD,Available,https://www.panautipeaceresort.com
Namo Buddha View Resort,Dhulikhel,Namo Buddha Nepal,27.5685,85.6205,+977-11-401300,4.5,130,USD,Available,https://www.namobuddhaview.com
otel Mystic Mountain Resort,Nagarkot,Nagarkot Bhaktapur Nepal,27.7150,85.5300,+977-1-4425000,4.6,150,USD,Available,https://www.mysticmountain.com.np
Nagarkot View Tower Hotel,Nagarkot,Nagarkot Nepal,27.7169,85.5208,+977-1-6681000,4.2,70,USD,Available,https://www.nagarkotviewtower.com
Himalayan Villa Resort,Nagarkot,Nagarkot Nepal,27.7180,85.5240,+977-1-6681100,4.3,95,USD,Available,https://www.himalayanvilla.com
Everest Manla Resort,Nagarkot,Nagarkot Nepal,27.7200,85.5250,+977-1-6680200,4.2,90,USD,Available,https://www.everestmanla.com
Hotel At The End Of The Universe,Nagarkot,Nagarkot Nepal,27.7175,85.5235,+977-1-6680101,4.4,90,USD,Available,https://www.attheendoftheuniverse.com
Club Himalaya Resort,Nagarkot,Nagarkot Nepal,27.7170,85.5205,+977-1-4423900,4.4,120,USD,Available,https://www.clubhimalaya.com
Hotel View Boudha,Kathmandu,Boudha Kathmandu Nepal,27.7210,85.3610,+977-1-4480000,4.1,70,USD,Available,https://www.hotelviewboudha.com
Boudha Stupa View Guest House,Kathmandu,Boudha Kathmandu Nepal,27.7215,85.3620,+977-1-4481111,4.2,60,USD,Available,https://www.boudhastupaguest.com
Pashupati Boutique Hotel,Kathmandu,Gaushala Kathmandu Nepal,27.7070,85.3480,+977-1-4490000,4.0,55,USD,Available,https://www.pashupatiboutique.com
Airport View Hotel,Kathmandu,Sinamangal Kathmandu Nepal,27.6960,85.3535,+977-1-4475000,4.1,65,USD,Available,https://www.airportviewhotel.com
Heritage Home Hotel,Lalitpur,Patan Lalitpur Nepal,27.6725,85.3255,+977-1-5535000,4.4,80,USD,Available,https://www.heritagehomehotel.com
Shakya House Heritage,Lalitpur,Patan Nepal,27.6720,85.3250,+977-1-5539852,4.5,90,USD,Available,https://www.shakyahouse.com
Patan Museum Guest House,Lalitpur,Patan Durbar Square Nepal,27.6730,85.3258,+977-1-5520000,4.2,60,USD,Available,https://www.patanguesthouse.com
Temple House Inn,Lalitpur,Patan Nepal,27.6740,85.3260,+977-1-5540000,4.3,75,USD,Available,https://www.templehouseinn.com
Hotel Kutumba,Lalitpur,Jhamsikhel Lalitpur Nepal,27.6800,85.3150,+977-1-5522222,4.4,85,USD,Available,https://www.hotelkutumba.com
Vivanta Kathmandu Heritage,Lalitpur,Jhamsikhel Nepal,27.6810,85.3140,+977-1-5970033,4.5,140,USD,Available,https://www.tajhotels.com
Hotel Himalaya View,Lalitpur,Lalitpur Nepal,27.6780,85.3160,+977-1-5524444,4.2,70,USD,Available,https://www.himalayaviewhotel.com
Summit Hotel,Lalitpur,Kupandole Lalitpur Nepal,27.6840,85.3165,+977-1-5521818,4.3,110,USD,Available,https://www.summithotel.com.np
Godavari Village Resort,Lalitpur,Godavari Nepal,27.5900,85.3900,+977-1-5560675,4.2,95,USD,Available,https://www.godavarivillage.com
Hattiban Resort,Lalitpur,Champadevi Lalitpur Nepal,27.6200,85.2800,+977-1-5201000,4.4,120,USD,Available,https://www.hattibanresort.com
Hotel Peace Palace,Bandipur,Bandipur Nepal,27.9365,84.4065,+977-65-560400,4.3,85,USD,Available,https://www.peacepalacebandipur.com
Bandipur Heritage Inn,Bandipur,Bandipur Nepal,27.9370,84.4068,+977-65-560500,4.4,95,USD,Available,https://www.bandipurheritageinn.com
The Old Inn Bandipur,Bandipur,Bandipur Nepal,27.9370,84.4065,+977-65-560500,4.5,120,USD,Available,https://www.theoldinnbandipur.com
Bandipur Samira Resort,Bandipur,Bandipur Nepal,27.9380,84.4075,+977-65-560700,4.1,70,USD,Available,https://www.bandipursamira.com
Bandipur Mountain View,Bandipur,Bandipur Nepal,27.9390,84.4080,+977-65-560800,4.2,80,USD,Available,https://www.bandipurmountainview.com
Hotel Heritage Inn,Bhaktapur,Bhaktapur Durbar Square Nepal,27.6710,85.4298,+977-1-6611000,4.4,85,USD,Available,https://www.heritageinnbhaktapur.com
Peacock Guest House,Bhaktapur,Bhaktapur Nepal,27.6715,85.4295,+977-1-6610300,4.5,75,USD,Available,https://www.peacockguesthouse.com
Kumari Guest House,Bhaktapur,Bhaktapur Nepal,27.6720,85.4300,+977-1-6610000,4.2,55,USD,Available,https://www.kumariguesthouse.com
Hotel Bhadgaon,Bhaktapur,Bhaktapur Nepal,27.6725,85.4290,+977-1-6615000,4.3,100,USD,Available,https://www.hotelbhadgaon.com
Cosy Hotel,Bhaktapur,Bhaktapur Nepal,27.6718,85.4305,+977-1-6612000,4.1,60,USD,Available,https://www.cosyhotel.com
Tiger Tops Tharu Lodge,Chitwan,Chitwan National Park Nepal,27.5500,84.3000,+977-56-580100,4.7,220,USD,Available,https://www.tigertops.com
Island Jungle Resort,Chitwan,Chitwan Nepal,27.5800,84.4900,+977-56-580200,4.5,140,USD,Available,https://www.islandjungleresort.com
Chitwan Adventure Resort,Chitwan,Sauraha Nepal,27.5820,84.4950,+977-56-580300,4.2,80,USD,Available,https://www.chitwanadventure.com
Safari Adventure Lodge,Chitwan,Sauraha Nepal,27.5810,84.4940,+977-56-580400,4.3,90,USD,Available,https://www.safariadventurelodge.com
Royal Park Hotel Chitwan,Chitwan,Sauraha Nepal,27.5825,84.4965,+977-56-580500,4.2,85,USD,Available,https://www.royalparkchitwan.com
Green Park Resort Chitwan,Chitwan,Sauraha Chitwan Nepal,27.5805,84.4935,+977-56-580555,4.6,110,USD,Available,https://www.greenparkchitwan.com
Barahi Jungle Lodge Chitwan,Chitwan,Andrauli Chitwan Nepal,27.6100,84.4500,+977-56-580500,4.7,180,USD,Available,https://www.barahijunglelodge.com
Kasara Jungle Resort,Chitwan,Patihani Chitwan Nepal,27.5660,84.4200,+977-56-590999,4.7,200,USD,Available,https://www.kasararesort.com
Tigerland Safari Resort Chitwan,Chitwan,Chitwan National Park Nepal,27.5820,84.4950,+977-56-580123,4.5,120,USD,Available,https://www.tigerland.com.np
Chitwan Village Resort,Chitwan,Sauraha Chitwan Nepal,27.5822,84.4968,+977-56-580999,4.2,65,USD,Available,https://www.chitwanvillageresort.com
Hotel Parkland Chitwan,Chitwan,Sauraha Nepal,27.5825,84.4965,+977-56-580400,4.4,95,USD,Available,https://www.parklandchitwan.com
Jungle Crown Organic Resort,Chitwan,Sauraha Nepal,27.5800,84.4940,+977-56-580700,4.5,100,USD,Available,https://www.junglecrown.com
Wildlife Camp Resort,Chitwan,Sauraha Nepal,27.5817,84.4964,+977-56-580333,4.3,90,USD,Available,https://www.wildlifeadventure.com
River Bank Jungle Resort,Chitwan,Sauraha Nepal,27.5795,84.4925,+977-56-580755,4.2,80,USD,Available,https://www.riverbankjungle.com
Jungle Safari Resort Chitwan,Chitwan,Sauraha Nepal,27.5810,84.4950,+977-56-580888,4.1,70,USD,Available,https://www.junglesafariresort.com
Hotel Buddha Maya Garden,Lumbini,Lumbini Nepal,27.4700,83.2750,+977-71-580111,4.3,90,USD,Available,https://www.buddhamaya.com
Lumbini Hokke Hotel,Lumbini,Lumbini Nepal,27.4690,83.2760,+977-71-580111,4.2,80,USD,Available,https://www.hokkehotel.com
Lumbini Bamboo Resort,Lumbini,Lumbini Nepal,27.4705,83.2735,+977-71-580222,4.0,55,USD,Available,https://www.lumbinibamboo.com
Buddha Garden Resort,Lumbini,Lumbini Nepal,27.4702,83.2765,+977-71-580333,4.4,75,USD,Available,https://www.lumbinibuddhagarden.com
Lumbini Palace Resort,Lumbini,Lumbini Nepal,27.4700,83.2775,+977-71-580700,4.3,95,USD,Available,https://www.lumbinipalace.com
Peaceful Lumbini Hotel,Lumbini,Lumbini Nepal,27.4692,83.2762,+977-71-581100,4.2,55,USD,Available,https://www.peacefullumbini.com
Sacred Garden Resort,Lumbini,Lumbini Nepal,27.4700,83.2740,+977-71-581000,4.3,85,USD,Available,https://www.sacredgardenresort.com
Tiger Palace Resort,Bhairahawa,Rupandehi Nepal,27.5200,83.4500,+977-71-590111,4.6,160,USD,Available,https://www.tigerpalaceresort.com
Dreamland Gold Resort,Bhairahawa,Rupandehi Nepal,27.5100,83.4600,+977-71-590222,4.2,85,USD,Available,https://www.dreamlandgold.com
Pawan International Hotel,Bhairahawa,Rupandehi Nepal,27.5050,83.4530,+977-71-520111,4.0,60,USD,Available,https://www.pawaninternational.com
Hotel Annapurna Manang,Manang,Manang Nepal,28.6667,84.0167,+977-66-440500,4.4,120,USD,Available,https://www.annapurnamanang.com
Tilicho Guest House,Manang,Manang Nepal,28.6670,84.0175,+977-66-440600,4.2,70,USD,Available,https://www.tilichoguesthouse.com
Yak Kharka Lodge,Manang,Annapurna Region Nepal,28.6200,84.0200,+977-66-440700,4.1,60,USD,Available,https://www.yakkharkalodge.com
Thorong Peak Lodge,Manang,Annapurna Circuit Nepal,28.7900,84.1400,+977-66-440800,4.0,55,USD,Available,https://www.thorongpeak.com
Hotel Yak & Yeti Mustang,Mustang,Jomsom Mustang Nepal,28.7800,83.7300,+977-69-440500,4.2,100,USD,Available,https://www.yakandyeti.com
Jomsom Mountain Resort,Mustang,Jomsom Nepal,28.7802,83.7298,+977-69-440900,4.2,95,USD,Available,https://www.jomsomresort.com
Royal Mustang Resort,Mustang,Jomsom Nepal,28.7800,83.7300,+977-69-440500,4.4,140,USD,Available,https://www.royalmustangresort.com
Hotel Om's Home Mustang,Mustang,Jomsom Nepal,28.7805,83.7310,+977-69-440600,4.1,75,USD,Available,https://www.omshome.com
Muktinath Hotel,Muktinath,Muktinath Nepal,28.8205,83.8705,+977-69-440800,4.0,70,USD,Available,https://www.muktinathhotel.com
Mustang Eco Resort,Mustang,Muktinath Nepal,28.8200,83.8700,+977-69-440700,4.3,110,USD,Available,https://www.mustangecoresort.com
Bandipur Heritage Inn,Bandipur,Bandipur Nepal,27.9370,84.4068,+977-65-560500,4.4,95,USD,Available,https://www.bandipurheritageinn.com
The Old Inn Bandipur,Bandipur,Bandipur Nepal,27.9370,84.4065,+977-65-560500,4.5,120,USD,Available,https://www.theoldinnbandipur.com
Bandipur Mountain Resort,Bandipur,Bandipur Nepal,27.9380,84.4070,+977-65-560600,4.2,90,USD,Available,https://www.bandipurresort.com
Gaun Ghar,Bandipur,Bandipur Nepal,27.9365,84.4068,+977-65-560700,4.6,130,USD,Available,https://www.gaunghar.com
Hotel Peaceful Cottage Bandipur,Bandipur,Bandipur Nepal,27.9360,84.4060,+977-65-560400,4.4,85,USD,Available,https://www.peacefulcottagebandipur.com
Dhulikhel Lodge Resort,Dhulikhel,Dhulikhel Kavre Nepal,27.6250,85.5400,+977-11-490700,4.2,80,USD,Available,https://www.dhulikhellodge.com
Dhulikhel Mountain Resort,Dhulikhel,Dhulikhel Nepal,27.6205,85.5450,+977-11-490800,4.4,120,USD,Available,https://www.dhulikhelmountainresort.com
Mirabel Resort,Dhulikhel,Dhulikhel Nepal,27.6215,85.5425,+977-11-490900,4.1,75,USD,Available,https://www.mirabelresort.com
Gaia Holiday Home,Dhulikhel,Dhulikhel Nepal,27.6240,85.5410,+977-11-491000,4.3,70,USD,Available,https://www.gaiaholidayhome.com
Namo Buddha Resort,Dhulikhel,Namo Buddha Kavre Nepal,27.5680,85.6200,+977-11-401200,4.6,130,USD,Available,https://www.namobuddharesort.com
Himalayan Drishya Resort,Dhulikhel,Dhulikhel Nepal,27.6200,85.5455,+977-11-490600,4.5,110,USD,Available,https://www.himalayandrishya.com
The Last Resort,Bhotekoshi,Sindhupalchok Nepal,27.9500,85.9500,+977-1-4700525,4.5,150,USD,Available,https://www.thelastresort.com
Borderlands Eco Adventure Resort,Bhotekoshi,Bhotekoshi Nepal,27.9505,85.9600,+977-1-4433999,4.4,120,USD,Available,https://www.borderland-resorts.com
Summit River Lodge,Bhotekoshi,Balephi Nepal,27.8500,85.7500,+977-1-4425000,4.2,90,USD,Available,https://www.summitriverlodge.com
Hotel Everest View,Syangboche,Everest Region Nepal,27.9600,86.8200,+977-38-540026,4.6,250,USD,Available,https://www.hoteleverestview.com
Yeti Mountain Home,Lukla,Solukhumbu Nepal,27.6870,86.7280,+977-38-540200,4.4,180,USD,Available,https://www.yetimountainhome.com
Mountain Lodges of Nepal,Namche Bazaar,Solukhumbu Nepal,27.8050,86.7100,+977-1-4425000,4.7,220,USD,Available,https://www.mountainlodgesofnepal.com
Hotel Sherwi Khangba,Namche Bazaar,Solukhumbu Nepal,27.8055,86.7130,+977-38-540500,4.3,100,USD,Available,https://www.sherwikhangba.com
Khumbu Resort,Namche Bazaar,Solukhumbu Nepal,27.8060,86.7120,+977-38-540600,4.2,90,USD,Available,https://www.khumburesort.com
Everest Summit Lodge,Namche Bazaar,Everest Region Nepal,27.8065,86.7140,+977-38-540700,4.4,160,USD,Available,https://www.everestsummitlodge.com
Manaslu Mountain Lodge,Gorkha,Manaslu Region Nepal,28.6500,84.6500,+977-64-420700,4.3,100,USD,Available,https://www.manaslumountainlodge.com
Gorkha Gaun Resort,Gorkha,Gorkha Nepal,28.0020,84.6350,+977-64-420600,4.3,90,USD,Available,https://www.gorkhagaunresort.com
Barpak Village Resort,Gorkha,Barpak Nepal,28.2000,84.7500,+977-64-430700,4.5,100,USD,Available,https://www.barpakresort.com
Gorkha Garden Hotel,Gorkha,Gorkha Nepal,27.9980,84.6300,+977-64-420800,4.1,65,USD,Available,https://www.gorkhagardenhotel.com
Hotel Manaslu View,Gorkha,Gorkha Nepal,28.0010,84.6340,+977-64-420900,4.2,75,USD,Available,https://www.manasluviewhotel.com
Hotel Riverside Besisahar,Besisahar,Lamjung Nepal,28.2320,84.3720,+977-66-520400,4.0,60,USD,Available,https://www.riversidebesisahar.com
Lamjung Himalaya View,Lamjung,Lamjung Nepal,28.2400,84.3800,+977-66-520500,4.2,80,USD,Available,https://www.himalayaviewlamjung.com
Annapurna Guest House,Lamjung,Lamjung Nepal,28.2350,84.3750,+977-66-520600,4.1,65,USD,Available,https://www.annapurnaguesthouse.com
Mountain View Lodge,Lamjung,Lamjung Nepal,28.2380,84.3770,+977-66-520700,4.2,70,USD,Available,https://www.mountainviewlodge.com
Hotel Crystal Palace Mountain,Pokhara,Lakeside Pokhara Nepal,28.2120,83.9568,+977-61-465456,4.2,75,USD,Available,https://www.crystalpalacepokhara.com
Hotel Middle Path,Pokhara,Lakeside Pokhara Nepal,28.2100,83.9580,+977-61-465522,4.4,70,USD,Available,https://www.hotelmiddlepath.com
Hotel Sarowar,Pokhara,Lakeside Pokhara Nepal,28.2102,83.9581,+977-61-590123,4.3,85,USD,Available,https://www.hotelsarowar.com
Bar Peepal Resort,Pokhara,Lakeside Pokhara Nepal,28.2118,83.9557,+977-61-467800,4.6,110,USD,Available,https://www.barpeepalresort.com
Waterfront Resort,Pokhara,Lakeside Pokhara Nepal,28.2120,83.9450,+977-61-465162,4.4,95,USD,Available,https://www.waterfrontpokhara.com
Pokhara Grande,Pokhara,Birauta Pokhara Nepal,28.1985,83.9840,+977-61-460560,4.5,120,USD,Available,https://www.pokharagrande.com
Hotel Barahi,Pokhara,Lakeside Pokhara Nepal,28.2097,83.9588,+977-61-460617,4.4,100,USD,Available,https://www.hotelbarahi.com
Temple Tree Resort,Pokhara,Gaurighat Lakeside Nepal,28.2096,83.9595,+977-61-465819,4.6,140,USD,Available,https://www.templetreenepal.com
Fishtail Lodge,Pokhara,Lakeside Pokhara Nepal,28.2145,83.9480,+977-61-465071,4.5,130,USD,Available,https://www.fishtail-lodge.com
Hotel Landmark Pokhara,Pokhara,Lakeside Pokhara Nepal,28.2115,83.9590,+977-61-463720,4.2,80,USD,Available,https://www.hotellandmarkpokhara.com
Hotel Splendid View,Pokhara,Lakeside Pokhara Nepal,28.2130,83.9570,+977-61-466123,4.4,80,USD,Available,https://www.splendidviewpokhara.com
Pokhara Choice Inn,Pokhara,Lakeside Pokhara Nepal,28.2108,83.9592,+977-61-465900,4.2,65,USD,Available,https://www.pokharachoiceinn.com
Mount Kailash Resort,Pokhara,Lakeside Pokhara Nepal,28.2110,83.9565,+977-61-465096,4.3,85,USD,Available,https://www.mountkailashresort.com
Aakash By The Lake,Pokhara,Lakeside Pokhara Nepal,28.2105,83.9560,+977-61-462999,4.1,60,USD,Available,https://www.aakashbythelake.com
Hotel Adam,Pokhara,Lakeside Pokhara Nepal,28.2114,83.9585,+977-61-465422,4.3,70,USD,Available,https://www.hoteladam.com.np
Hotel Orchid Pokhara,Pokhara,Lakeside Pokhara Nepal,28.2105,83.9578,+977-61-464700,4.1,60,USD,Available,https://www.hotelorchidpokhara.com
Glacier Hotel & Spa,Pokhara,Lakeside Pokhara Nepal,28.2100,83.9584,+977-61-462999,4.3,90,USD,Available,https://www.glacierhotelpokhara.com
Hotel City Inn Pokhara,Pokhara,Lakeside Pokhara Nepal,28.2108,83.9594,+977-61-462222,4.0,50,USD,Available,https://www.cityinnpokhara.com
Raniban Retreat,Pokhara,World Peace Pagoda Nepal,28.1970,83.9370,+977-61-460033,4.6,130,USD,Available,https://www.ranibanretreat.com
Begnas Lake Resort,Pokhara,Begnas Lake Nepal,28.1600,84.0900,+977-61-560123,4.6,140,USD,Available,https://www.begnaslakeresort.com
Himalayan Front Hotel,Pokhara,Sedibagar Pokhara Nepal,28.2260,83.9400,+977-61-465600,4.5,100,USD,Available,https://www.himalayanfront.com
Hotel Country Villa,Nagarkot,Nagarkot Nepal,27.7165,85.5175,+977-1-6680120,4.3,100,USD,Available,https://www.hotelcountryvilla.com
Nagarkot Resort,Nagarkot,Nagarkot Nepal,27.7160,85.5180,+977-1-6680011,4.1,70,USD,Available,https://www.nagarkotresort.com
Hotel View Point Nagarkot,Nagarkot,Nagarkot Nepal,27.7168,85.5198,+977-1-6680300,4.3,85,USD,Available,https://www.hotelviewpointnagarkot.com
Peaceful Cottage Nagarkot,Nagarkot,Nagarkot Nepal,27.7172,85.5202,+977-1-6680055,4.2,70,USD,Available,https://www.peacefulcottage.com
Nagarkot Sunshine Hotel,Nagarkot,Nagarkot Nepal,27.7158,85.5210,+977-1-6680222,4.1,65,USD,Available,https://www.nagarkotsunshine.com
Hotel Mystic Mountain,Nagarkot,Nagarkot Nepal,27.7150,85.5300,+977-1-4425000,4.6,150,USD,Available,https://www.mysticmountain.com.np
Club Himalaya,Nagarkot,Nagarkot Nepal,27.7170,85.5205,+977-1-4423900,4.4,120,USD,Available,https://www.clubhimalaya.com
The Fort Resort,Nagarkot,Nagarkot Nepal,27.7167,85.5200,+977-1-6680080,4.5,130,USD,Available,https://www.thefortresort.com
Hotel At The End Of The Universe,Nagarkot,Nagarkot Nepal,27.7175,85.5235,+977-1-6680101,4.4,90,USD,Available,https://www.attheendoftheuniverse.com
Everest Window View Hotel,Nagarkot,Nagarkot Nepal,27.7180,85.5220,+977-1-6680400,4.0,60,USD,Available,https://www.everestwindowview.com
Hotel Annapurna,Kathmandu,Durbar Marg Kathmandu Nepal,27.7110,85.3180,+977-1-4221711,4.3,130,USD,Available,https://www.hotelannapurna.com
Hotel Yak and Yeti,Kathmandu,Durbar Marg Kathmandu Nepal,27.7114,85.3188,+977-1-4248999,4.4,120,USD,Available,https://www.yakandyeti.com
Radisson Hotel Kathmandu,Kathmandu,Lazimpat Kathmandu Nepal,27.7186,85.3172,+977-1-4411818,4.3,110,USD,Available,https://www.radissonhotels.com
Hyatt Regency Kathmandu,Kathmandu,Boudha Kathmandu Nepal,27.7215,85.3605,+977-1-5171234,4.5,150,USD,Available,https://www.hyatt.com
Soaltee Kathmandu,Kathmandu,Tahachal Kathmandu Nepal,27.7000,85.2920,+977-1-4273999,4.5,140,USD,Available,https://www.soaltee.com
Fairfield Kathmandu,Kathmandu,Thamel Kathmandu Nepal,27.7140,85.3127,+977-1-4217999,4.3,90,USD,Available,https://www.marriott.com
Aloft Kathmandu Thamel,Kathmandu,Thamel Kathmandu Nepal,27.7148,85.3121,+977-1-5252000,4.5,130,USD,Available,https://www.marriott.com
Hotel Mulberry,Kathmandu,Thamel Kathmandu Nepal,27.7159,85.3138,+977-1-4700927,4.4,95,USD,Available,https://www.hotelmulberry.com
Kantipur Temple House,Kathmandu,Thamel Kathmandu Nepal,27.7145,85.3125,+977-1-4700679,4.5,100,USD,Available,https://www.kantipurtemplehouse.com
Hotel Shambala,Kathmandu,Bansbari Kathmandu Nepal,27.7345,85.3420,+977-1-4650250,4.4,80,USD,Available,https://www.shambalahotel.com
The Dwarika's Hotel,Kathmandu,Battisputali Kathmandu Nepal,27.7048,85.3386,+977-1-4479488,4.8,300,USD,Available,https://www.dwarikas.com
Gokarna Forest Resort,Kathmandu,Gokarna Kathmandu Nepal,27.7340,85.4050,+977-1-4451212,4.6,170,USD,Available,https://www.gokarna.com
Hotel Le Himalaya,Kathmandu,Lazimpat Kathmandu Nepal,27.7200,85.3168,+977-1-4004000,4.3,100,USD,Available,https://www.hotellehimalaya.com
The Everest Hotel,Kathmandu,New Baneshwor Kathmandu Nepal,27.6905,85.3325,+977-1-4780100,4.4,120,USD,Available,https://www.theeveresthotel.com.np
Shangri-La Kathmandu,Kathmandu,Lazimpat Kathmandu Nepal,27.7188,85.3165,+977-1-4412999,4.5,145,USD,Available,https://www.shangri-la.com
Hotel Tibet International,Kathmandu,Boudha Kathmandu Nepal,27.7218,85.3600,+977-1-4488181,4.4,120,USD,Available,https://www.hoteltibetintl.com
Akama Hotel,Kathmandu,Dhumbarahi Kathmandu Nepal,27.7180,85.3500,+977-1-5910000,4.4,100,USD,Available,https://www.akamahotel.com
Hotel Ambassador Kathmandu,Kathmandu,Lazimpat Kathmandu Nepal,27.7200,85.3180,+977-1-4424900,4.2,90,USD,Available,https://www.hotelambassador.com.np
Royal Penguin Boutique Hotel,Kathmandu,Thamel Kathmandu Nepal,27.7155,85.3125,+977-1-4701355,4.3,75,USD,Available,https://www.royalpenguin.com.np
Dalai-La Boutique Hotel,Kathmandu,Thamel Kathmandu Nepal,27.7160,85.3130,+977-1-4701532,4.5,110,USD,Available,https://www.dalailaboutiquehotel.com
Hotel Jampa,Kathmandu,Thamel Kathmandu Nepal,27.7145,85.3123,+977-1-5352900,4.5,80,USD,Available,https://www.hoteljampa.com
Hotel Blue Horizon,Kathmandu,Kantipath Kathmandu Nepal,27.7130,85.3190,+977-1-4222040,4.1,70,USD,Available,https://www.hotelbluehorizon.com
Hotel Holy Himalaya,Kathmandu,Kamaladi Kathmandu Nepal,27.7105,85.3205,+977-1-4221478,4.2,80,USD,Available,https://www.holyhimalaya.com
Hotel Vajra,Kathmandu,Swayambhu Kathmandu Nepal,27.7150,85.2900,+977-1-4271545,4.3,100,USD,Available,https://www.hotelvajra.com
Hotel Nepalaya,Kathmandu,Thamel Kathmandu Nepal,27.7150,85.3115,+977-1-4700929,4.0,55,USD,Available,https://www.hotelnepalaya.com
Hotel Access Nepal,Kathmandu,Thamel Kathmandu Nepal,27.7149,85.3129,+977-1-4700567,4.1,50,USD,Available,https://www.hotelaccessnepal.com
Hotel Family Home,Kathmandu,Thamel Kathmandu Nepal,27.7163,85.3124,+977-1-4700987,4.0,45,USD,Available,https://www.hotelfamilyhome.com
Hotel Moonlight,Kathmandu,Paknajol Thamel Nepal,27.7180,85.3100,+977-1-4383568,4.3,70,USD,Available,https://www.hotelmoonlight.com.np
Hotel Manaslu,Kathmandu,Lazimpat Kathmandu Nepal,27.7190,85.3160,+977-1-4410071,4.2,95,USD,Available,https://www.hotelmanaslu.com
Hotel Marshyangdi,Kathmandu,Thamel Kathmandu Nepal,27.7150,85.3128,+977-1-4700245,4.0,60,USD,Available,https://www.hotelmarshyangdi.com
Hotel Shanker,Kathmandu,Lazimpat Kathmandu Nepal,27.7205,85.3175,+977-1-4410151,4.3,105,USD,Available,https://www.hotelshanker.com
Hotel Yak & Yeti Heritage,Kathmandu,Durbar Marg Kathmandu Nepal,27.7114,85.3188,+977-1-4248999,4.4,120,USD,Available,https://www.yakandyeti.com
Kumari Boutique Hotel,Kathmandu,Thamel Kathmandu Nepal,27.7152,85.3124,+977-1-4700062,4.4,85,USD,Available,https://www.kumariboutiquehotel.com
Maya Manor Boutique Hotel,Kathmandu,Thamel Kathmandu Nepal,27.7162,85.3132,+977-1-4700455,4.3,75,USD,Available,https://www.mayamanor.com
Hotel Buddha,Kathmandu,Thamel Kathmandu Nepal,27.7147,85.3120,+977-1-4700930,4.2,60,USD,Available,https://www.hotelbuddha.com.np
Hotel Arts Kathmandu,Kathmandu,Thamel Kathmandu Nepal,27.7155,85.3122,+977-1-4700440,4.1,70,USD,Available,https://www.hotelartskathmandu.com
Hotel Osho Home,Kathmandu,Thamel Kathmandu Nepal,27.7154,85.3132,+977-1-4700890,4.1,50,USD,Available,https://www.oshohome.com
Hotel Ganesh Himal,Kathmandu,Thamel Kathmandu Nepal,27.7148,85.3105,+977-1-4261265,4.2,60,USD,Available,https://www.ganeshhimalhotel.com
Hotel Vaishali,Kathmandu,Thamel Kathmandu Nepal,27.7156,85.3129,+977-1-4700048,4.1,75,USD,Available,https://www.hotelvaishali.com
Hotel Himalayan,Kathmandu,Kupondole Kathmandu Nepal,27.6860,85.3160,+977-1-5523900,4.2,90,USD,Available,https://www.hotelhimalaya.com
Summit Hotel,Kathmandu,Kupondole Kathmandu Nepal,27.6840,85.3165,+977-1-5521818,4.3,110,USD,Available,https://www.summithotel.com.np
Hotel Kutumba,Lalitpur,Jhamsikhel Lalitpur Nepal,27.6800,85.3150,+977-1-5522222,4.4,85,USD,Available,https://www.hotelkutumba.com
Godavari Village Resort,Lalitpur,Godavari Nepal,27.5900,85.3900,+977-1-5560675,4.2,95,USD,Available,https://www.godavarivillage.com
Hattiban Resort,Lalitpur,Champadevi Nepal,27.6200,85.2800,+977-1-5201000,4.4,120,USD,Available,https://www.hattibanresort.com
Hotel Heritage Inn,Bhaktapur,Bhaktapur Nepal,27.6710,85.4298,+977-1-6611000,4.4,85,USD,Available,https://www.heritageinnbhaktapur.com
Peacock Guest House,Bhaktapur,Bhaktapur Nepal,27.6715,85.4295,+977-1-6610300,4.5,75,USD,Available,https://www.peacockguesthouse.com
Hotel Bhadgaon,Bhaktapur,Bhaktapur Nepal,27.6725,85.4290,+977-1-6615000,4.3,100,USD,Available,https://www.hotelbhadgaon.com
Cosy Hotel,Bhaktapur,Bhaktapur Nepal,27.6718,85.4305,+977-1-6612000,4.1,60,USD,Available,https://www.cosyhotel.com
Temple Tree Resort Pokhara,Pokhara,Gaurighat Pokhara Nepal,28.2096,83.9595,+977-61-465819,4.6,140,USD,Available,https://www.templetreenepal.com
Fishtail Lodge Pokhara,Pokhara,Lakeside Pokhara Nepal,28.2145,83.9480,+977-61-465071,4.5,130,USD,Available,https://www.fishtail-lodge.com
Hotel Barahi Pokhara,Pokhara,Lakeside Pokhara Nepal,28.2097,83.9588,+977-61-460617,4.4,100,USD,Available,https://www.hotelbarahi.com
Pokhara Grande Resort,Pokhara,Birauta Pokhara Nepal,28.1985,83.9840,+977-61-460560,4.5,120,USD,Available,https://www.pokharagrande.com
Waterfront Resort Pokhara,Pokhara,Lakeside Pokhara Nepal,28.2120,83.9450,+977-61-465162,4.4,95,USD,Available,https://www.waterfrontpokhara.com
Bar Peepal Resort Pokhara,Pokhara,Lakeside Pokhara Nepal,28.2118,83.9557,+977-61-467800,4.6,110,USD,Available,https://www.barpeepalresort.com
Hotel Sarowar Pokhara,Pokhara,Lakeside Pokhara Nepal,28.2102,83.9581,+977-61-590123,4.3,85,USD,Available,https://www.hotelsarowar.com
Hotel Landmark Pokhara,Pokhara,Lakeside Pokhara Nepal,28.2115,83.9590,+977-61-463720,4.2,80,USD,Available,https://www.hotellandmarkpokhara.com
The Pavilions Himalayas,Pokhara,Pumdi Bhumdi Pokhara Nepal,28.1450,83.9300,+977-61-621000,4.8,220,USD,Available,https://www.pavilionshimalayas.com
Raniban Retreat Pokhara,Pokhara,World Peace Pagoda Nepal,28.1970,83.9370,+977-61-460033,4.6,130,USD,Available,https://www.ranibanretreat.com
Hotel Splendid View Pokhara,Pokhara,Lakeside Pokhara Nepal,28.2130,83.9570,+977-61-466123,4.4,80,USD,Available,https://www.splendidviewpokhara.com
Hotel Middle Path Pokhara,Pokhara,Lakeside Pokhara Nepal,28.2100,83.9580,+977-61-465522,4.4,70,USD,Available,https://www.hotelmiddlepath.com
Hotel Sarangkot Mountain View,Pokhara,Sarangkot Nepal,28.2470,83.9460,+977-61-621111,4.4,110,USD,Available,https://www.sarangkotmountainlodge.com
Sarangkot Mountain Lodge,Pokhara,Sarangkot Pokhara Nepal,28.2475,83.9455,+977-61-621200,4.4,110,USD,Available,https://www.sarangkotmountainlodge.com
Sarangkot Panorama Inn,Pokhara,Sarangkot Nepal,28.2480,83.9465,+977-61-621300,4.2,75,USD,Available,https://www.sarangkotpanorama.com
Peace Dragon Lodge,Pokhara,World Peace Pagoda Nepal,28.1965,83.9375,+977-61-460400,4.3,80,USD,Available,https://www.peacedragonlodge.com
Begnas Lake Front Resort,Pokhara,Begnas Lake Nepal,28.1605,84.0905,+977-61-560500,4.5,120,USD,Available,https://www.begnaslakefront.com
The Begnas Lake Resort,Pokhara,Begnas Lake Nepal,28.1600,84.0900,+977-61-560100,4.6,140,USD,Available,https://www.begnaslakeresort.com
Rupakot Resort,Pokhara,Rupakot Pokhara Nepal,28.1650,84.1200,+977-61-440500,4.7,180,USD,Available,https://www.rupakotresort.com
Fish Tail Lodge Pokhara,Pokhara,Lakeside Pokhara Nepal,28.2145,83.9480,+977-61-465071,4.5,130,USD,Available,https://www.fishtail-lodge.com
Mount View Pokhara,Pokhara,Lakeside Pokhara Nepal,28.2115,83.9585,+977-61-466400,4.2,70,USD,Available,https://www.mountviewpokhara.com
Hotel Crystal Palace,Pokhara,Lakeside Pokhara Nepal,28.2118,83.9575,+977-61-465456,4.2,75,USD,Available,https://www.crystalpalacepokhara.com
Hotel Peace Plaza,Pokhara,Lakeside Pokhara Nepal,28.2107,83.9588,+977-61-462000,4.1,60,USD,Available,https://www.peaceplazapokhara.com
Hotel Point Pokhara,Pokhara,Lakeside Pokhara Nepal,28.2110,83.9579,+977-61-463500,4.0,55,USD,Available,https://www.hotelpointpokhara.com
Hotel Lake Shore,Pokhara,Lakeside Pokhara Nepal,28.2105,83.9590,+977-61-465700,4.3,85,USD,Available,https://www.lakeshorepokhara.com
Hotel City Park Pokhara,Pokhara,Lakeside Pokhara Nepal,28.2109,83.9577,+977-61-465600,4.0,55,USD,Available,https://www.cityparkpokhara.com
Hotel Adam View,Pokhara,Lakeside Pokhara Nepal,28.2120,83.9580,+977-61-465422,4.2,70,USD,Available,https://www.hoteladampokhara.com
Hotel Lake Star,Pokhara,Lakeside Pokhara Nepal,28.2110,83.9582,+977-61-463900,4.3,75,USD,Available,https://www.lakestarpokhara.com
Chitwan Paradise Hotel,Chitwan,Sauraha Nepal,27.5808,84.4955,+977-56-580900,4.1,70,USD,Available,https://www.chitwanparadise.com
Hotel Parkland Chitwan,Chitwan,Sauraha Nepal,27.5825,84.4965,+977-56-580400,4.4,95,USD,Available,https://www.parklandchitwan.com
Jungle Safari Lodge,Chitwan,Sauraha Nepal,27.5810,84.4950,+977-56-580888,4.1,70,USD,Available,https://www.junglesafariresort.com
Chitwan Riverside Resort,Chitwan,Sauraha Nepal,27.5795,84.4925,+977-56-580755,4.2,80,USD,Available,https://www.chitwanriversideresort.com
Kasara Chitwan Resort,Chitwan,Patihani Nepal,27.5660,84.4200,+977-56-590999,4.7,200,USD,Available,https://www.kasararesort.com
Island Jungle Resort Chitwan,Chitwan,Sauraha Nepal,27.5800,84.4900,+977-56-580200,4.5,140,USD,Available,https://www.islandjungleresort.com
Green Park Chitwan,Chitwan,Sauraha Nepal,27.5805,84.4935,+977-56-580555,4.6,110,USD,Available,https://www.greenparkchitwan.com
Tiger Tops Tharu Lodge,Chitwan,Chitwan National Park Nepal,27.5500,84.3000,+977-56-580100,4.7,220,USD,Available,https://www.tigertops.com
Royal Park Hotel Chitwan,Chitwan,Sauraha Nepal,27.5825,84.4965,+977-56-580500,4.2,85,USD,Available,https://www.royalparkchitwan.com
Jungle Crown Organic Resort,Chitwan,Sauraha Nepal,27.5800,84.4940,+977-56-580700,4.5,100,USD,Available,https://www.junglecrown.com
Lumbini Buddha Garden,Lumbini,Lumbini Nepal,27.4702,83.2765,+977-71-580333,4.4,75,USD,Available,https://www.lumbinibuddhagarden.com
Lumbini Hokke Hotel,Lumbini,Lumbini Nepal,27.4690,83.2760,+977-71-580111,4.2,80,USD,Available,https://www.hokkehotel.com
Buddha Maya Garden,Lumbini,Lumbini Nepal,27.4700,83.2750,+977-71-580111,4.3,90,USD,Available,https://www.buddhamaya.com
Lumbini Bamboo Resort,Lumbini,Lumbini Nepal,27.4705,83.2735,+977-71-580222,4.0,55,USD,Available,https://www.lumbinibamboo.com
Sacred Garden Resort,Lumbini,Lumbini Nepal,27.4700,83.2740,+977-71-581000,4.3,85,USD,Available,https://www.sacredgardenresort.com
Tiger Palace Resort,Bhairahawa,Rupandehi Nepal,27.5200,83.4500,+977-71-590111,4.6,160,USD,Available,https://www.tigerpalaceresort.com
Dreamland Gold Resort,Bhairahawa,Rupandehi Nepal,27.5100,83.4600,+977-71-590222,4.2,85,USD,Available,https://www.dreamlandgold.com
Pawan International Hotel,Bhairahawa,Rupandehi Nepal,27.5050,83.4530,+977-71-520111,4.0,60,USD,Available,https://www.pawaninternational.com
Hotel Annapurna Manang,Manang,Manang Nepal,28.6667,84.0167,+977-66-440500,4.4,120,USD,Available,https://www.annapurnamanang.com
Tilicho Guest House,Manang,Manang Nepal,28.6670,84.0175,+977-66-440600,4.2,70,USD,Available,https://www.tilichoguesthouse.com
Yak Kharka Lodge,Manang,Annapurna Region Nepal,28.6200,84.0200,+977-66-440700,4.1,60,USD,Available,https://www.yakkharkalodge.com
Thorong Peak Lodge,Manang,Annapurna Circuit Nepal,28.7900,84.1400,+977-66-440800,4.0,55,USD,Available,https://www.thorongpeak.com
Hotel Yak & Yeti Mustang,Mustang,Jomsom Nepal,28.7800,83.7300,+977-69-440500,4.2,100,USD,Available,https://www.yakandyeti.com
Jomsom Mountain Resort,Mustang,Jomsom Nepal,28.7802,83.7298,+977-69-440900,4.2,95,USD,Available,https://www.jomsomresort.com
Royal Mustang Resort,Mustang,Jomsom Nepal,28.7800,83.7300,+977-69-440500,4.4,140,USD,Available,https://www.royalmustangresort.com
Muktinath Hotel,Mustang,Muktinath Nepal,28.8205,83.8705,+977-69-440800,4.0,70,USD,Available,https://www.muktinathhotel.com
Mustang Eco Resort,Mustang,Muktinath Nepal,28.8200,83.8700,+977-69-440700,4.3,110,USD,Available,https://www.mustangecoresort.com
Hotel Himalayan Horizon,Dhulikhel,Dhulikhel Kavre Nepal,27.6220,85.5430,+977-11-490500,4.3,95,USD,Available,https://www.himalayanhorizon.com
Dhulikhel Boutique Hotel,Dhulikhel,Dhulikhel Nepal,27.6235,85.5420,+977-11-490200,4.3,85,USD,Available,https://www.dhulikhelboutique.com
Himalayan Drishya Resort,Dhulikhel,Dhulikhel Nepal,27.6200,85.5455,+977-11-490600,4.5,110,USD,Available,https://www.himalayandrishya.com
Dhulikhel Mountain Resort,Dhulikhel,Dhulikhel Nepal,27.6205,85.5450,+977-11-490800,4.4,120,USD,Available,https://www.dhulikhelmountainresort.com
Mirabel Resort,Dhulikhel,Dhulikhel Nepal,27.6215,85.5425,+977-11-490900,4.1,75,USD,Available,https://www.mirabelresort.com
Gaia Holiday Home,Dhulikhel,Dhulikhel Nepal,27.6240,85.5410,+977-11-491000,4.3,70,USD,Available,https://www.gaiaholidayhome.com
Namo Buddha Resort,Dhulikhel,Namo Buddha Kavre Nepal,27.5680,85.6200,+977-11-401200,4.6,130,USD,Available,https://www.namobuddharesort.com
Panauti Boutique Hotel,Panauti,Panauti Kavre Nepal,27.5835,85.5130,+977-11-440600,4.1,70,USD,Available,https://www.panautiboutique.com
Panauti Community Homestay,Panauti,Panauti Nepal,27.5840,85.5120,+977-11-440500,4.4,60,USD,Available,https://www.panautihomestay.com
Namo Buddha View Resort,Panauti,Namo Buddha Nepal,27.5685,85.6205,+977-11-401300,4.5,130,USD,Available,https://www.namobuddhaview.com
The Last Resort,Bhotekoshi,Bhotekoshi Nepal,27.9500,85.9500,+977-1-4700525,4.5,150,USD,Available,https://www.thelastresort.com
Borderlands Eco Adventure Resort,Bhotekoshi,Sindhupalchok Nepal,27.9505,85.9600,+977-1-4433999,4.4,120,USD,Available,https://www.borderland-resorts.com
Summit River Lodge,Bhotekoshi,Balephi Nepal,27.8500,85.7500,+977-1-4425000,4.2,90,USD,Available,https://www.summitriverlodge.com
Hotel Everest View,Syangboche,Everest Region Nepal,27.9600,86.8200,+977-38-540026,4.6,250,USD,Available,https://www.hoteleverestview.com
Yeti Mountain Home,Lukla,Solukhumbu Nepal,27.6870,86.7280,+977-38-540200,4.4,180,USD,Available,https://www.yetimountainhome.com
Mountain Lodges of Nepal,Namche Bazaar,Solukhumbu Nepal,27.8050,86.7100,+977-1-4425000,4.7,220,USD,Available,https://www.mountainlodgesofnepal.com
Hotel Sherwi Khangba,Namche Bazaar,Solukhumbu Nepal,27.8055,86.7130,+977-38-540500,4.3,100,USD,Available,https://www.sherwikhangba.com
Khumbu Resort,Namche Bazaar,Solukhumbu Nepal,27.8060,86.7120,+977-38-540600,4.2,90,USD,Available,https://www.khumburesort.com
Everest Summit Lodge,Namche Bazaar,Everest Region Nepal,27.8065,86.7140,+977-38-540700,4.4,160,USD,Available,https://www.everestsummitlodge.com
Manaslu Mountain Lodge,Gorkha,Manaslu Region Nepal,28.6500,84.6500,+977-64-420700,4.3,100,USD,Available,https://www.manaslumountainlodge.com
Gorkha Gaun Resort,Gorkha,Gorkha Nepal,28.0020,84.6350,+977-64-420600,4.3,90,USD,Available,https://www.gorkhagaunresort.com
Barpak Village Resort,Gorkha,Barpak Nepal,28.2000,84.7500,+977-64-430700,4.5,100,USD,Available,https://www.barpakresort.com
Gorkha Garden Hotel,Gorkha,Gorkha Nepal,27.9980,84.6300,+977-64-420800,4.1,65,USD,Available,https://www.gorkhagardenhotel.com
Hotel Manaslu View,Gorkha,Gorkha Nepal,28.0010,84.6340,+977-64-420900,4.2,75,USD,Available,https://www.manasluviewhotel.com
Hotel Riverside Besisahar,Besisahar,Lamjung Nepal,28.2320,84.3720,+977-66-520400,4.0,60,USD,Available,https://www.riversidebesisahar.com
Lamjung Himalaya View,Lamjung,Lamjung Nepal,28.2400,84.3800,+977-66-520500,4.2,80,USD,Available,https://www.himalayaviewlamjung.com
Annapurna Guest House,Lamjung,Lamjung Nepal,28.2350,84.3750,+977-66-520600,4.1,65,USD,Available,https://www.annapurnaguesthouse.com
Mountain View Lodge,Lamjung,Lamjung Nepal,28.2380,84.3770,+977-66-520700,4.2,70,USD,Available,https://www.mountainviewlodge.com
Hotel Peaceful Cottage,Bandipur,Bandipur Nepal,27.9360,84.4060,+977-65-560400,4.4,85,USD,Available,https://www.peacefulcottagebandipur.com
The Old Inn,Bandipur,Bandipur Nepal,27.9370,84.4065,+977-65-560500,4.5,120,USD,Available,https://www.theoldinnbandipur.com
Bandipur Mountain Resort,Bandipur,Bandipur Nepal,27.9380,84.4070,+977-65-560600,4.2,90,USD,Available,https://www.bandipurresort.com
Gaun Ghar,Bandipur,Bandipur Nepal,27.9365,84.4068,+977-65-560700,4.6,130,USD,Available,https://www.gaunghar.com
Bandipur Heritage Inn,Bandipur,Bandipur Nepal,27.9370,84.4068,+977-65-560500,4.4,95,USD,Available,https://www.bandipurheritageinn.com
Hotel Peace Palace,Bandipur,Bandipur Nepal,27.9365,84.4065,+977-65-560400,4.3,85,USD,Available,https://www.peacepalacebandipur.com
Royal Mustang Resort,Mustang,Jomsom Nepal,28.7800,83.7300,+977-69-440500,4.4,140,USD,Available,https://www.royalmustangresort.com
Jomsom Mountain Resort,Mustang,Jomsom Nepal,28.7802,83.7298,+977-69-440900,4.2,95,USD,Available,https://www.jomsomresort.com
Hotel Om's Home,Mustang,Jomsom Nepal,28.7805,83.7310,+977-69-440600,4.1,75,USD,Available,https://www.omshome.com
Muktinath Hotel,Mustang,Muktinath Nepal,28.8205,83.8705,+977-69-440800,4.0,70,USD,Available,https://www.muktinathhotel.com
Mustang Eco Resort,Mustang,Muktinath Nepal,28.8200,83.8700,+977-69-440700,4.3,110,USD,Available,https://www.mustangecoresort.com
Hotel Himalayan Gateway,Kathmandu,Thamel Kathmandu Nepal,27.7160,85.3120,+977-1-4700600,4.2,70,USD,Available,https://www.himalayangateway.com
Thamel Grand Hotel,Kathmandu,Thamel Kathmandu Nepal,27.7155,85.3125,+977-1-4700700,4.1,65,USD,Available,https://www.thamelgrandhotel.com
Kathmandu Suite Home,Kathmandu,Thamel Kathmandu Nepal,27.7145,85.3130,+977-1-4700800,4.3,75,USD,Available,https://www.kathmandusuitehome.com
Hotel Nana,Kathmandu,Thamel Kathmandu Nepal,27.7150,85.3118,+977-1-4700900,4.0,50,USD,Available,https://www.hotelnana.com
Thamel Eco Resort,Kathmandu,Thamel Kathmandu Nepal,27.7162,85.3122,+977-1-4701000,4.2,60,USD,Available,https://www.thamelecoresort.com
Kathmandu Boutique Inn,Kathmandu,Thamel Kathmandu Nepal,27.7170,85.3130,+977-1-4701100,4.3,80,USD,Available,https://www.kathmanduboutiqueinn.com
Hotel Green Horizon,Kathmandu,Thamel Kathmandu Nepal,27.7165,85.3115,+977-1-4701200,4.1,55,USD,Available,https://www.greenhorizonhotel.com
Himalayan Suite Hotel,Kathmandu,Lazimpat Nepal,27.7195,85.3170,+977-1-4415000,4.3,95,USD,Available,https://www.himalayansuitehotel.com
Royal Empire Hotel,Kathmandu,Baneshwor Kathmandu Nepal,27.6900,85.3320,+977-1-4785000,4.2,85,USD,Available,https://www.royalempirehotel.com
Capital View Hotel,Kathmandu,Sundhara Kathmandu Nepal,27.7030,85.3150,+977-1-4245000,4.0,60,USD,Available,https://www.capitalviewhotel.com
Pashupati View Hotel,Kathmandu,Gaushala Kathmandu Nepal,27.7075,85.3485,+977-1-4495000,4.1,65,USD,Available,https://www.pashupativiewhotel.com
Boudha Stupa Hotel,Kathmandu,Boudha Kathmandu Nepal,27.7210,85.3620,+977-1-4485000,4.2,70,USD,Available,https://www.boudhastupahotel.com
Heritage Kathmandu Inn,Kathmandu,Bhaktapur Durbar Area Nepal,27.6720,85.4290,+977-1-6615000,4.3,75,USD,Available,https://www.heritagekathmanduinn.com
Bhaktapur Heritage Hotel,Bhaktapur,Bhaktapur Nepal,27.6720,85.4300,+977-1-6616000,4.4,90,USD,Available,https://www.bhaktapurheritagehotel.com
Golden Gate Guest House,Bhaktapur,Bhaktapur Nepal,27.6718,85.4298,+977-1-6617000,4.2,60,USD,Available,https://www.goldengateguesthouse.com
Nyatapola Guest House,Bhaktapur,Bhaktapur Nepal,27.6722,85.4305,+977-1-6618000,4.4,65,USD,Available,https://www.nyatapolaguesthouse.com
Bhaktapur Inn,Bhaktapur,Bhaktapur Nepal,27.6715,85.4295,+977-1-6619000,4.1,55,USD,Available,https://www.bhaktapurinn.com
Heritage Home Patan,Lalitpur,Patan Nepal,27.6725,85.3255,+977-1-5535000,4.4,80,USD,Available,https://www.heritagehomehotel.com
Patan Courtyard Hotel,Lalitpur,Patan Nepal,27.6730,85.3260,+977-1-5536000,4.3,75,USD,Available,https://www.patancourtyard.com
Newa Chen Hotel,Lalitpur,Patan Nepal,27.6740,85.3265,+977-1-5537000,4.5,85,USD,Available,https://www.newachen.com
Hiranya Guest House,Lalitpur,Patan Nepal,27.6728,85.3258,+977-1-5538000,4.2,65,USD,Available,https://www.hiranyaguesthouse.com
Kirtipur Hills Resort,Kirtipur,Kirtipur Kathmandu Nepal,27.6780,85.2770,+977-1-4335000,4.3,90,USD,Available,https://www.kirtipurhills.com
Chandragiri Resort,Kathmandu,Chandragiri Nepal,27.6900,85.2000,+977-1-4315000,4.5,130,USD,Available,https://www.chandragiriresort.com
Himalayan Heights Resort,Kathmandu,Chandragiri Nepal,27.6910,85.2010,+977-1-4316000,4.2,100,USD,Available,https://www.himalayanheights.com
Godavari Forest Resort,Lalitpur,Godavari Nepal,27.5905,85.3905,+977-1-5561000,4.2,100,USD,Available,https://www.godavariforestresort.com
Nagarkot Peace Resort,Nagarkot,Nagarkot Nepal,27.7170,85.5200,+977-1-6682000,4.2,85,USD,Available,https://www.nagarkotpeace.com
Sunshine Hotel Nagarkot,Nagarkot,Nagarkot Nepal,27.7160,85.5210,+977-1-6682100,4.1,65,USD,Available,https://www.sunshinenagarkot.com
Nagarkot Valley View,Nagarkot,Nagarkot Nepal,27.7180,85.5220,+977-1-6682200,4.3,90,USD,Available,https://www.nagarkotvalleyview.com
Himalayan Nature Lodge,Nagarkot,Nagarkot Nepal,27.7168,85.5188,+977-1-6682300,4.3,95,USD,Available,https://www.himalayannaturelodge.com
Dhulikhel View Lodge,Dhulikhel,Dhulikhel Nepal,27.6240,85.5420,+977-11-490300,4.2,70,USD,Available,https://www.dhulikhelviewlodge.com
Dhulikhel Heights Resort,Dhulikhel,Dhulikhel Nepal,27.6228,85.5440,+977-11-490400,4.4,110,USD,Available,https://www.dhulikhelheights.com
Himalayan Sunrise Resort,Dhulikhel,Dhulikhel Nepal,27.6230,85.5435,+977-11-490450,4.3,90,USD,Available,https://www.himalayansunrise.com
Panauti Heritage Inn,Panauti,Panauti Nepal,27.5840,85.5125,+977-11-440800,4.3,70,USD,Available,https://www.panautiheritageinn.com
Panauti Riverside Resort,Panauti,Panauti Nepal,27.5850,85.5130,+977-11-440900,4.2,80,USD,Available,https://www.panautiriverside.com
Bandipur Panorama Inn,Bandipur,Bandipur Nepal,27.9380,84.4075,+977-65-560900,4.3,85,USD,Available,https://www.bandipurpanorama.com
Bandipur Heritage Resort,Bandipur,Bandipur Nepal,27.9375,84.4070,+977-65-561000,4.4,100,USD,Available,https://www.bandipurheritageresort.com
Bandipur Village Resort,Bandipur,Bandipur Tanahun Nepal,27.9368,84.4062,+977-65-561100,4.2,80,USD,Available,https://www.bandipurvillageresort.com
Bandipur Riverside Lodge,Bandipur,Bandipur Nepal,27.9358,84.4058,+977-65-561200,4.1,70,USD,Available,https://www.bandipurriverside.com
Hotel Mountain Ridge,Bandipur,Bandipur Nepal,27.9382,84.4078,+977-65-561300,4.3,90,USD,Available,https://www.mountainridgebandipur.com
Manakamana View Resort,Gorkha,Manakamana Nepal,27.9480,84.5900,+977-65-540500,4.3,100,USD,Available,https://www.manakamanaview.com
Manakamana Heritage Hotel,Gorkha,Manakamana Nepal,27.9475,84.5905,+977-65-540600,4.2,85,USD,Available,https://www.manakamanaheritage.com
Gorkha Palace Resort,Gorkha,Gorkha Nepal,28.0005,84.6335,+977-64-421000,4.4,110,USD,Available,https://www.gorkhapalaceresort.com
Gorkha Inn,Gorkha,Gorkha Nepal,28.0015,84.6320,+977-64-421100,4.1,60,USD,Available,https://www.gorkhainn.com
Manaslu View Lodge,Gorkha,Soti Khola Nepal,28.6500,84.6500,+977-64-421200,4.3,95,USD,Available,https://www.manasluviewlodge.com
Manaslu Eco Lodge,Gorkha,Manaslu Region Nepal,28.6550,84.6550,+977-64-421300,4.2,90,USD,Available,https://www.manasluecolodge.com
Annapurna Circuit Lodge,Manang,Manang Nepal,28.6660,84.0160,+977-66-441000,4.2,75,USD,Available,https://www.annapurnacircuitlodge.com
Tilicho Lake Lodge,Manang,Manang Nepal,28.6700,84.0200,+977-66-441100,4.1,65,USD,Available,https://www.tilicholakelodge.com
Mountain View Manang,Manang,Manang Nepal,28.6680,84.0180,+977-66-441200,4.3,85,USD,Available,https://www.mountainviewmanang.com
Yak Hotel Manang,Manang,Manang Nepal,28.6675,84.0170,+977-66-441300,4.2,70,USD,Available,https://www.yakhotelmanang.com
Thorong Peak View Lodge,Manang,Thorong La Nepal,28.7900,84.1400,+977-66-441400,4.0,60,USD,Available,https://www.thorongpeakview.com
Mustang Heritage Inn,Mustang,Jomsom Nepal,28.7800,83.7300,+977-69-441000,4.3,100,USD,Available,https://www.mustangheritageinn.com
Jomsom Plaza Hotel,Mustang,Jomsom Nepal,28.7805,83.7305,+977-69-441100,4.1,80,USD,Available,https://www.jomsomplaza.com
Muktinath View Lodge,Mustang,Muktinath Nepal,28.8200,83.8700,+977-69-441200,4.2,85,USD,Available,https://www.muktinathview.com
Kagbeni Riverside Lodge,Mustang,Kagbeni Nepal,28.8350,83.7820,+977-69-441300,4.4,95,USD,Available,https://www.kagbeniriverside.com
Marpha Apple Garden Lodge,Mustang,Marpha Nepal,28.7500,83.6900,+977-69-441400,4.3,90,USD,Available,https://www.marphaapplegarden.com
Hotel Annapurna View Mustang,Mustang,Mustang Nepal,28.7808,83.7312,+977-69-441500,4.2,110,USD,Available,https://www.annapurnaviewmustang.com
Everest Region Lodge,Solukhumbu,Lukla Nepal,27.6870,86.7280,+977-38-541000,4.3,120,USD,Available,https://www.everestregionlodge.com
Khumbu Valley Lodge,Solukhumbu,Namche Bazaar Nepal,27.8050,86.7100,+977-38-541100,4.4,150,USD,Available,https://www.khumbuvalleylodge.com
Sherpa Heritage Lodge,Solukhumbu,Namche Bazaar Nepal,27.8060,86.7120,+977-38-541200,4.5,160,USD,Available,https://www.sherpaheritagelodge.com
Everest View Guest House,Solukhumbu,Tengboche Nepal,27.8360,86.7640,+977-38-541300,4.2,90,USD,Available,https://www.everestviewguesthouse.com
Mountain Spirit Lodge,Solukhumbu,Everest Region Nepal,27.8400,86.7600,+977-38-541400,4.3,130,USD,Available,https://www.mountainspiritlodge.com
Chitwan Riverside Lodge,Chitwan,Sauraha Nepal,27.5798,84.4920,+977-56-581000,4.2,75,USD,Available,https://www.chitwanriversidelodge.com
Sauraha Wildlife Lodge,Chitwan,Sauraha Nepal,27.5810,84.4950,+977-56-581100,4.3,85,USD,Available,https://www.saurahawildlife.com
Chitwan Nature Resort,Chitwan,Sauraha Nepal,27.5805,84.4938,+977-56-581200,4.4,95,USD,Available,https://www.chitwannatureresort.com
Jungle View Resort Chitwan,Chitwan,Sauraha Nepal,27.5820,84.4960,+977-56-581300,4.2,80,USD,Available,https://www.jungleviewchitwan.com
Elephant Safari Lodge,Chitwan,Chitwan Nepal,27.5815,84.4955,+977-56-581400,4.1,70,USD,Available,https://www.elephantsafarilodge.com
Lumbini Peace Resort,Lumbini,Lumbini Nepal,27.4695,83.2760,+977-71-582000,4.2,65,USD,Available,https://www.lumbinipeaceresort.com
Buddha Heritage Hotel,Lumbini,Lumbini Nepal,27.4685,83.2770,+977-71-582100,4.4,90,USD,Available,https://www.buddhaheritagehotel.com
Lumbini View Hotel,Lumbini,Lumbini Nepal,27.4708,83.2755,+977-71-582200,4.1,55,USD,Available,https://www.lumbiniviewhotel.com
Sacred Peace Lodge,Lumbini,Lumbini Nepal,27.4702,83.2745,+977-71-582300,4.2,60,USD,Available,https://www.sacredpeacelodge.com
Buddha Maya Resort,Lumbini,Lumbini Nepal,27.4700,83.2750,+977-71-580111,4.3,90,USD,Available,https://www.buddhamaya.com
Bhairahawa Garden Resort,Bhairahawa,Rupandehi Nepal,27.5105,83.4550,+977-71-590300,4.1,70,USD,Available,https://www.bhairahawagarden.com
Hotel Siddhartha,Bhairahawa,Bhairahawa Nepal,27.5055,83.4555,+977-71-520500,4.3,90,USD,Available,https://www.hotelsiddhartha.com
Nansc Hotel,Bhairahawa,Bhairahawa Nepal,27.5050,83.4540,+977-71-590400,4.2,80,USD,Available,https://www.nanschotel.com
Galaxy Guest House,Bhairahawa,Bhairahawa Nepal,27.5045,83.4535,+977-71-590500,4.0,55,USD,Available,https://www.galaxyguesthouse.com
Lumbini Palace Resort,Bhairahawa,Rupandehi Nepal,27.5200,83.4505,+977-71-590600,4.4,120,USD,Available,https://www.lumbinipalaceresort.com
Hotel Pawan International,Bhairahawa,Rupandehi Nepal,27.5050,83.4530,+977-71-520111,4.0,60,USD,Available,https://www.pawaninternational.com
Butwal Garden Resort,Butwal,Butwal Nepal,27.7000,83.4500,+977-71-540500,4.2,80,USD,Available,https://www.butwalgardenresort.com
Hotel Club De Novo,Butwal,Butwal Nepal,27.7005,83.4485,+977-71-540600,4.3,90,USD,Available,https://www.clubdenovo.com
Nana Hotel Butwal,Butwal,Butwal Nepal,27.7000,83.4490,+977-71-540700,4.1,65,USD,Available,https://www.nanahotelbutwal.com
Dream International Hotel,Butwal,Butwal Nepal,27.7008,83.4505,+977-71-540800,4.4,100,USD,Available,https://www.dreaminternationalhotel.com
Palpa Durbar Hotel,Tansen,Palpa Nepal,27.8670,83.5460,+977-75-520500,4.3,85,USD,Available,https://www.palpadurbarhotel.com
Srinagar Hotel,Tansen,Palpa Nepal,27.8675,83.5465,+977-75-520600,4.5,120,USD,Available,https://www.srinagarhotel.com
Hotel White Lake,Tansen,Palpa Nepal,27.8680,83.5470,+977-75-520700,4.2,75,USD,Available,https://www.whitelaketansen.com
Tansen View Resort,Tansen,Palpa Nepal,27.8665,83.5455,+977-75-520800,4.4,95,USD,Available,https://www.tansenview.com
Palpa Heritage Inn,Tansen,Palpa Nepal,27.8672,83.5462,+977-75-520900,4.3,80,USD,Available,https://www.palpaheritageinn.com
Janakpur Guest House,Janakpur,Janakpur Nepal,26.7280,85.9250,+977-41-520500,4.0,55,USD,Available,https://www.janakpurguesthouse.com
Hotel Welcome Janakpur,Janakpur,Janakpur Nepal,26.7285,85.9260,+977-41-520600,4.2,75,USD,Available,https://www.hotelwelcomejanakpur.com
Sita Palace Hotel,Janakpur,Janakpur Nepal,26.7275,85.9245,+977-41-520700,4.1,70,USD,Available,https://www.sitapalacehotel.com
Mithila Yatri Niwas,Janakpur,Janakpur Nepal,26.7280,85.9255,+977-41-520800,4.3,85,USD,Available,https://www.mithilayatri.com
Hotel Rama Inn,Janakpur,Janakpur Nepal,26.7270,85.9235,+977-41-520900,4.0,60,USD,Available,https://www.ramainn.com
Ilam Green Resort,Ilam,Ilam Nepal,26.9100,87.9300,+977-27-520500,4.5,100,USD,Available,https://www.ilamgreenresort.com
Ilam Tea Garden Hotel,Ilam,Ilam Nepal,26.9120,87.9310,+977-27-520600,4.4,90,USD,Available,https://www.ilamteagarden.com
Kanyam View Resort,Ilam,Kanyam Nepal,26.8800,87.9200,+977-27-520700,4.6,120,USD,Available,https://www.kanyamviewresort.com
Ilam Hill Lodge,Ilam,Ilam Nepal,26.9105,87.9295,+977-27-520800,4.2,75,USD,Available,https://www.ilamhilllodge.com
Mai Valley Resort,Ilam,Ilam Nepal,26.9150,87.9350,+977-27-520900,4.3,95,USD,Available,https://www.maivalleyresort.com
Dharan Boutique Hotel,Dharan,Dharan Nepal,26.8100,87.2800,+977-25-520500,4.2,75,USD,Available,https://www.dharanboutiquehotel.com
Hotel Imperial Dharan,Dharan,Dharan Nepal,26.8110,87.2810,+977-25-520600,4.3,85,USD,Available,https://www.imperialdharan.com
Dharan View Resort,Dharan,Dharan Nepal,26.8120,87.2820,+977-25-520700,4.1,70,USD,Available,https://www.dharanviewresort.com
Hotel Gajur Palace,Dharan,Dharan Nepal,26.8105,87.2805,+977-25-520800,4.2,80,USD,Available,https://www.gajurpalace.com
Eastern Star Hotel,Dharan,Dharan Nepal,26.8095,87.2795,+977-25-520900,4.0,60,USD,Available,https://www.easternstarhotel.com
Hotel Makalu,Koshi Region,Biratnagar Nepal,26.4525,87.2718,+977-21-520500,4.1,65,USD,Available,https://www.hotelmakalu.com
Ratna Hotel,Biratnagar,Biratnagar Nepal,26.4520,87.2700,+977-21-520600,4.2,75,USD,Available,https://www.ratnahotel.com
Hotel Harrison Palace,Biratnagar,Biratnagar Nepal,26.4530,87.2720,+977-21-520700,4.3,90,USD,Available,https://www.harrisonpalace.com
Big Hotel Biratnagar,Biratnagar,Biratnagar Nepal,26.4515,87.2710,+977-21-520800,4.0,60,USD,Available,https://www.bighotelbiratnagar.com
Royal Orchid Hotel,Biratnagar,Biratnagar Nepal,26.4522,87.2705,+977-21-520900,4.1,70,USD,Available,https://www.royalorchidhotel.com
Hotel Narayani,Narayangarh,Narayangarh Nepal,27.7000,84.4300,+977-56-520500,4.1,65,USD,Available,https://www.hotelnarayani.com
Central Palm Hotel,Narayangarh,Chitwan Nepal,27.6800,84.4300,+977-56-520600,4.4,100,USD,Available,https://www.centralpalmhotel.com
Hotel Royal Century,Narayangarh,Chitwan Nepal,27.7005,84.4310,+977-56-520700,4.3,90,USD,Available,https://www.royalcentury.com
Barahi Jungle Lodge,Chitwan,Meghauli Nepal,27.5800,84.2500,+977-56-590200,4.7,220,USD,Available,https://www.barahijunglelodge.com
Kasara Jungle Resort,Chitwan,Patihani Nepal,27.5660,84.4200,+977-56-590999,4.7,200,USD,Available,https://www.kasararesort.com
Green Park Chitwan Resort,Chitwan,Sauraha Nepal,27.5805,84.4935,+977-56-580555,4.6,110,USD,Available,https://www.greenparkchitwan.com
Jungle World Resort,Chitwan,Sauraha Nepal,27.5810,84.4945,+977-56-581500,4.3,90,USD,Available,https://www.jungleworldresort.com
Chitwan Village Resort,Chitwan,Sauraha Nepal,27.5808,84.4950,+977-56-581600,4.2,75,USD,Available,https://www.chitwanvillageresort.com
Wildlife Adventure Resort,Chitwan,Sauraha Nepal,27.5820,84.4960,+977-56-581700,4.4,100,USD,Available,https://www.wildlifeadventureresort.com
Rhino Lodge Chitwan,Chitwan,Sauraha Nepal,27.5805,84.4925,+977-56-581800,4.1,70,USD,Available,https://www.rhinolodgechitwan.com
Machan Country Villa,Chitwan,Chitwan National Park Nepal,27.5600,84.3000,+977-56-590300,4.5,180,USD,Available,https://www.machancountryvilla.com
Tigerland Safari Resort,Chitwan,Chitwan Nepal,27.5750,84.2800,+977-56-590400,4.4,150,USD,Available,https://www.tigerlandsafari.com
Sauraha Resort Inn,Chitwan,Sauraha Nepal,27.5815,84.4955,+977-56-581900,4.0,60,USD,Available,https://www.sauraharesortinn.com
River Bank Jungle Resort,Chitwan,Sauraha Nepal,27.5795,84.4920,+977-56-582000,4.2,80,USD,Available,https://www.riverbankjungle.com
Rhino Residence Chitwan,Chitwan,Sauraha Nepal,27.5825,84.4965,+977-56-582100,4.1,65,USD,Available,https://www.rhinoresidence.com
Pokhara Boutique Hotel,Pokhara,Lakeside Pokhara Nepal,28.2110,83.9580,+977-61-467000,4.4,95,USD,Available,https://www.pokharaboutiquehotel.com
Lake View Resort Pokhara,Pokhara,Lakeside Pokhara Nepal,28.2105,83.9575,+977-61-467100,4.3,90,USD,Available,https://www.lakeviewpokhara.com
Mountain Glory Forest Resort,Pokhara,Pokhara Nepal,28.2200,83.9500,+977-61-467200,4.5,130,USD,Available,https://www.mountaingloryresort.com
Hotel Pokhara View,Pokhara,Lakeside Pokhara Nepal,28.2125,83.9585,+977-61-467300,4.1,65,USD,Available,https://www.hotelpokharaview.com
Trekkers Inn Pokhara,Pokhara,Lakeside Pokhara Nepal,28.2115,83.9570,+977-61-467400,4.2,70,USD,Available,https://www.trekkersinnpokhara.com
Hotel Lakefront Pokhara,Pokhara,Lakeside Pokhara Nepal,28.2120,83.9565,+977-61-467500,4.3,85,USD,Available,https://www.lakefrontpokhara.com
Annapurna Eco Resort,Pokhara,Pokhara Nepal,28.1800,83.9500,+977-61-467600,4.4,100,USD,Available,https://www.annapurnaecoresort.com
Pokhara Adventure Resort,Pokhara,Pokhara Nepal,28.2150,83.9550,+977-61-467700,4.2,80,USD,Available,https://www.pokharaadventure.com
Hotel Fewa Camp,Pokhara,Fewa Lake Nepal,28.2100,83.9560,+977-61-467800,4.1,60,USD,Available,https://www.fewacamp.com
Himalayan Lake Resort,Pokhara,Fewa Lake Nepal,28.2120,83.9590,+977-61-467900,4.3,90,USD,Available,https://www.himalayanlakeresort.com
Kathmandu Garden House,Kathmandu,Thamel Nepal,27.7150,85.3120,+977-1-4702000,4.2,70,USD,Available,https://www.kathmandugardenhouse.com
Thamel View Hotel,Kathmandu,Thamel Nepal,27.7160,85.3130,+977-1-4702100,4.1,60,USD,Available,https://www.thamelviewhotel.com
Kathmandu Guest House Annex,Kathmandu,Thamel Nepal,27.7148,85.3125,+977-1-4702200,4.3,90,USD,Available,https://www.kathmanduguesthouse.com
Hotel Mandala,Kathmandu,Thamel Nepal,27.7152,85.3118,+977-1-4702300,4.0,55,USD,Available,https://www.hotelmandala.com
Himalayan Retreat Kathmandu,Kathmandu,Lazimpat Nepal,27.7190,85.3170,+977-1-4416000,4.4,120,USD,Available,https://www.himalayanretreat.com
Royal Kathmandu Hotel,Kathmandu,Durbarmarg Nepal,27.7110,85.3180,+977-1-4226000,4.3,100,USD,Available,https://www.royalkathmandu.com
Valley View Hotel,Kathmandu,Kirtipur Nepal,27.6785,85.2765,+977-1-4336000,4.2,75,USD,Available,https://www.valleyviewhotel.com
Kathmandu Palace Inn,Kathmandu,Balaju Nepal,27.7350,85.3050,+977-1-4386000,4.1,65,USD,Available,https://www.kathmandupalaceinn.com
Heritage Valley Resort,Kathmandu,Godavari Nepal,27.5900,85.3900,+977-1-5562000,4.3,100,USD,Available,https://www.heritagevalleyresort.com
Himalayan Panorama Resort,Nagarkot,Nagarkot Nepal,27.7175,85.5205,+977-1-6683000,4.5,130,USD,Available,https://www.himalayanpanorama.com
Nagarkot Hill View Resort,Nagarkot,Nagarkot Nepal,27.7165,85.5195,+977-1-6683100,4.3,95,USD,Available,https://www.nagarkothillview.com
Sunrise Mountain Resort,Nagarkot,Nagarkot Nepal,27.7170,85.5185,+977-1-6683200,4.2,85,USD,Available,https://www.sunrisemountainresort.com
Dhulikhel Panorama Resort,Dhulikhel,Dhulikhel Nepal,27.6230,85.5440,+977-11-491100,4.4,110,USD,Available,https://www.dhulikhelpanorama.com
Himalayan Retreat Dhulikhel,Dhulikhel,Dhulikhel Nepal,27.6245,85.5420,+977-11-491200,4.3,95,USD,Available,https://www.himalayanretreatdhulikhel.com
Dhulikhel Heritage Inn,Dhulikhel,Dhulikhel Nepal,27.6225,85.5435,+977-11-491300,4.2,80,USD,Available,https://www.dhulikhelheritage.com
Bandipur Heritage Lodge,Bandipur,Bandipur Nepal,27.9370,84.4065,+977-65-561500,4.5,120,USD,Available,https://www.bandipurheritagelodge.com
Bandipur Mountain View Hotel,Bandipur,Bandipur Nepal,27.9380,84.4070,+977-65-561600,4.3,90,USD,Available,https://www.bandipurmountainview.com
Bandipur Old Town Inn,Bandipur,Bandipur Nepal,27.9365,84.4060,+977-65-561700,4.4,100,USD,Available,https://www.bandipuroldtown.com
Manakamana View Hotel,Gorkha,Manakamana Nepal,27.9470,84.5900,+977-65-541000,4.2,85,USD,Available,https://www.manakamanaviewhotel.com
Gorkha Heritage Resort,Gorkha,Gorkha Nepal,28.0010,84.6340,+977-64-421500,4.3,100,USD,Available,https://www.gorkhaheritage.com
Gorkha Palace View Hotel,Gorkha,Gorkha Nepal,28.0015,84.6345,+977-64-421600,4.3,95,USD,Available,https://www.gorkhapalaceview.com
Manaslu Heritage Lodge,Gorkha,Manaslu Region Nepal,28.6505,84.6505,+977-64-421700,4.4,110,USD,Available,https://www.manasluheritage.com
Barpak Mountain Lodge,Gorkha,Barpak Nepal,28.2005,84.7505,+977-64-431000,4.5,100,USD,Available,https://www.barpakmountainlodge.com
Annapurna Village Lodge,Lamjung,Lamjung Nepal,28.2355,84.3760,+977-66-521000,4.2,70,USD,Available,https://www.annapurnavillagelodge.com
Lamjung Heritage Resort,Lamjung,Lamjung Nepal,28.2405,84.3810,+977-66-521100,4.3,85,USD,Available,https://www.lamjungheritage.com
Besisahar Mountain View,Lamjung,Besisahar Nepal,28.2325,84.3725,+977-66-521200,4.1,65,USD,Available,https://www.besisaharmountainview.com
Manang Valley Resort,Manang,Manang Nepal,28.6670,84.0180,+977-66-442000,4.4,120,USD,Available,https://www.manangvalleyresort.com
Himalayan View Manang,Manang,Manang Nepal,28.6680,84.0190,+977-66-442100,4.2,90,USD,Available,https://www.himalayanviewmanang.com
Yak Palace Lodge,Manang,Manang Nepal,28.6675,84.0175,+977-66-442200,4.1,75,USD,Available,https://www.yakpalacelodge.com
Annapurna Trekker Lodge,Manang,Annapurna Region Nepal,28.6700,84.0200,+977-66-442300,4.3,95,USD,Available,https://www.annapurnatrekker.com
Mustang Valley Resort,Mustang,Jomsom Nepal,28.7800,83.7305,+977-69-442000,4.3,110,USD,Available,https://www.mustangvalleyresort.com
Kali Gandaki Lodge,Mustang,Kagbeni Nepal,28.8350,83.7825,+977-69-442100,4.4,100,USD,Available,https://www.kaligandaki.com
Marpha Heritage Hotel,Mustang,Marpha Nepal,28.7505,83.6905,+977-69-442200,4.5,120,USD,Available,https://www.marphaheritage.com
Lo Mustang Guest House,Mustang,Lo Manthang Nepal,29.1800,83.9500,+977-69-442300,4.2,90,USD,Available,https://www.lomustangguesthouse.com
Royal Mustang Lodge,Mustang,Lo Manthang Nepal,29.1805,83.9510,+977-69-442400,4.4,150,USD,Available,https://www.royalmustanglodge.com
Everest Base Camp Lodge,Solukhumbu,Everest Region Nepal,28.0000,86.8500,+977-38-542000,4.5,180,USD,Available,https://www.everestbasecamplodge.com
Sherpa Village Lodge,Solukhumbu,Namche Nepal,27.8055,86.7115,+977-38-542100,4.4,130,USD,Available,https://www.sherpavillagelodge.com
Khumbu Mountain Resort,Solukhumbu,Khumbu Nepal,27.8060,86.7125,+977-38-542200,4.3,120,USD,Available,https://www.khumbumountainresort.com
Lukla Airport Lodge,Solukhumbu,Lukla Nepal,27.6875,86.7285,+977-38-542300,4.1,85,USD,Available,https://www.luklaairportlodge.com
Everest Panorama Inn,Solukhumbu,Tengboche Nepal,27.8365,86.7645,+977-38-542400,4.3,140,USD,Available,https://www.everestpanoramainn.com
Jungle Wildlife Resort,Chitwan,Sauraha Nepal,27.5800,84.4940,+977-56-583000,4.4,100,USD,Available,https://www.junglewildliferesort.com
Chitwan Forest Lodge,Chitwan,Sauraha Nepal,27.5810,84.4950,+977-56-583100,4.2,80,USD,Available,https://www.chitwanforestlodge.com
Elephant Safari Camp,Chitwan,Chitwan National Park Nepal,27.5605,84.3005,+977-56-583200,4.3,130,USD,Available,https://www.elephantsafaricamp.com
Tharu Village Resort,Chitwan,Sauraha Nepal,27.5820,84.4960,+977-56-583300,4.5,110,USD,Available,https://www.tharuvillageresort.com
Chitwan Adventure Lodge,Chitwan,Sauraha Nepal,27.5805,84.4930,+977-56-583400,4.1,70,USD,Available,https://www.chitwanadventurelodge.com
Lumbini Garden Lodge,Lumbini,Lumbini Nepal,27.4700,83.2755,+977-71-583000,4.2,70,USD,Available,https://www.lumbinigardenlodge.com
Buddha Peace Hotel,Lumbini,Lumbini Nepal,27.4695,83.2765,+977-71-583100,4.3,80,USD,Available,https://www.buddhapeacehotel.com
Lumbini Heritage Inn,Lumbini,Lumbini Nepal,27.4705,83.2745,+977-71-583200,4.4,90,USD,Available,https://www.lumbiniheritageinn.com
Sacred Garden View Resort,Lumbini,Lumbini Nepal,27.4710,83.2750,+977-71-583300,4.2,75,USD,Available,https://www.sacredgardenview.com
Maya Heritage Resort,Lumbini,Lumbini Nepal,27.4702,83.2760,+977-71-583400,4.3,95,USD,Available,https://www.mayaheritageresort.com
Tiger Palace Luxury Resort,Bhairahawa,Rupandehi Nepal,27.5200,83.4500,+977-71-590111,4.6,160,USD,Available,https://www.tigerpalaceresort.com
Siddhartha Cottage,Bhairahawa,Bhairahawa Nepal,27.5055,83.4550,+977-71-521000,4.1,65,USD,Available,https://www.siddharthacottage.com
Bhairahawa Comfort Hotel,Bhairahawa,Rupandehi Nepal,27.5060,83.4540,+977-71-521100,4.2,70,USD,Available,https://www.bhairahawacomfort.com
Dreamland Resort,Bhairahawa,Rupandehi Nepal,27.5100,83.4600,+977-71-590222,4.2,85,USD,Available,https://www.dreamlandresort.com
Hotel Nansc,Bhairahawa,Bhairahawa Nepal,27.5050,83.4540,+977-71-590400,4.2,80,USD,Available,https://www.nanschotel.com
Dharan Hill Resort,Dharan,Dharan Nepal,26.8105,87.2805,+977-25-521000,4.3,90,USD,Available,https://www.dharanhillresort.com
Eastern Horizon Hotel,Dharan,Dharan Nepal,26.8110,87.2810,+977-25-521100,4.2,75,USD,Available,https://www.easternhorizonhotel.com
Dharan Riverside Resort,Dharan,Dharan Nepal,26.8095,87.2795,+977-25-521200,4.1,65,USD,Available,https://www.dharanriverside.com
Ilam Tea Garden Resort,Ilam,Ilam Nepal,26.9105,87.9305,+977-27-521000,4.5,110,USD,Available,https://www.ilamteagardenresort.com
Kanyam Hill Resort,Ilam,Kanyam Nepal,26.8805,87.9205,+977-27-521100,4.6,130,USD,Available,https://www.kanyamhillresort.com
Ilam Mountain View Hotel,Ilam,Ilam Nepal,26.9110,87.9310,+977-27-521200,4.3,90,USD,Available,https://www.ilammountainview.com
Mai Valley Lodge,Ilam,Mai Valley Nepal,26.9150,87.9350,+977-27-521300,4.4,100,USD,Available,https://www.maivalleylodge.com
Ilam Heritage Resort,Ilam,Ilam Nepal,26.9120,87.9320,+977-27-521400,4.2,85,USD,Available,https://www.ilamheritageresort.com
Kanyam Tea Garden Lodge,Ilam,Kanyam Nepal,26.8800,87.9200,+977-27-521500,4.5,120,USD,Available,https://www.kanyamteagarden.com
Dharan Grand Hotel,Dharan,Dharan Nepal,26.8100,87.2800,+977-25-521500,4.3,85,USD,Available,https://www.dharangrandhotel.com
Eastern Star Resort,Dharan,Dharan Nepal,26.8098,87.2798,+977-25-521600,4.1,70,USD,Available,https://www.easternstarresort.com
Biratnagar City Hotel,Biratnagar,Biratnagar Nepal,26.4525,87.2715,+977-21-521000,4.1,65,USD,Available,https://www.biratnagarcityhotel.com
Hotel Harrison Palace,Biratnagar,Biratnagar Nepal,26.4530,87.2720,+977-21-520700,4.3,90,USD,Available,https://www.harrisonpalace.com
Royal Orchid Biratnagar,Biratnagar,Biratnagar Nepal,26.4520,87.2705,+977-21-521200,4.2,75,USD,Available,https://www.royalorchid.com
Ratna Hotel Biratnagar,Biratnagar,Biratnagar Nepal,26.4522,87.2708,+977-21-520600,4.2,75,USD,Available,https://www.ratnahotel.com
Janakpur Heritage Hotel,Janakpur,Janakpur Nepal,26.7280,85.9255,+977-41-521000,4.3,80,USD,Available,https://www.janakpurheritagehotel.com
Mithila Guest House,Janakpur,Janakpur Nepal,26.7275,85.9245,+977-41-521100,4.1,60,USD,Available,https://www.mithilaguesthouse.com
Sita Palace Resort,Janakpur,Janakpur Nepal,26.7285,85.9260,+977-41-521200,4.2,75,USD,Available,https://www.sitapalaceresort.com
Janaki Inn,Janakpur,Janakpur Nepal,26.7270,85.9235,+977-41-521300,4.0,55,USD,Available,https://www.janakiinn.com
Hotel Rama Palace,Janakpur,Janakpur Nepal,26.7278,85.9250,+977-41-521400,4.2,70,USD,Available,https://www.ramapalacehotel.com
Palpa Hill Resort,Tansen,Palpa Nepal,27.8675,83.5465,+977-75-521000,4.4,100,USD,Available,https://www.palpathillresort.com
Srinagar View Lodge,Tansen,Palpa Nepal,27.8680,83.5470,+977-75-521100,4.5,120,USD,Available,https://www.srinagarview.com
Tansen Heritage Inn,Tansen,Palpa Nepal,27.8670,83.5460,+977-75-521200,4.3,85,USD,Available,https://www.tansenheritageinn.com
Palpa Mountain View,Tansen,Palpa Nepal,27.8685,83.5475,+977-75-521300,4.2,80,USD,Available,https://www.palpamountainview.com
Rani Mahal Resort,Tansen,Palpa Nepal,27.7900,83.4400,+977-75-521400,4.6,130,USD,Available,https://www.ranimahalresort.com
Butwal Comfort Inn,Butwal,Butwal Nepal,27.7000,83.4500,+977-71-541000,4.1,65,USD,Available,https://www.butwalcomfortinn.com
Hotel Butwal Plaza,Butwal,Butwal Nepal,27.7005,83.4485,+977-71-541100,4.2,80,USD,Available,https://www.butwalplaza.com
Dream Palace Hotel,Butwal,Butwal Nepal,27.7008,83.4505,+977-71-541200,4.4,100,USD,Available,https://www.dreampalacehotel.com
Butwal Garden View,Butwal,Butwal Nepal,27.6995,83.4495,+977-71-541300,4.2,75,USD,Available,https://www.butwalgardenview.com
Hotel Avenue Butwal,Butwal,Butwal Nepal,27.7010,83.4510,+977-71-541400,4.1,70,USD,Available,https://www.hotelavenuebutwal.com
Pokhara Valley Resort,Pokhara,Pokhara Nepal,28.2100,83.9570,+977-61-468000,4.3,90,USD,Available,https://www.pokharavalleyresort.com
Fewa Lake View Hotel,Pokhara,Lakeside Pokhara Nepal,28.2110,83.9580,+977-61-468100,4.2,75,USD,Available,https://www.fewalakeview.com
Mountain Glory Resort,Pokhara,Pokhara Nepal,28.2200,83.9500,+977-61-468200,4.5,130,USD,Available,https://www.mountaingloryresort.com
Pokhara Lakeside Inn,Pokhara,Lakeside Pokhara Nepal,28.2105,83.9575,+977-61-468300,4.1,65,USD,Available,https://www.pokharalakesideinn.com
Adventure Lake Resort,Pokhara,Fewa Lake Nepal,28.2120,83.9565,+977-61-468400,4.2,80,USD,Available,https://www.adventurelakeresort.com
Kathmandu Heritage Palace,Kathmandu,Thamel Nepal,27.7150,85.3120,+977-1-4703000,4.3,90,USD,Available,https://www.kathmanduheritagepalace.com
Thamel Central Hotel,Kathmandu,Thamel Nepal,27.7160,85.3130,+977-1-4703100,4.1,65,USD,Available,https://www.thamelcentralhotel.com
Valley Crown Hotel,Kathmandu,Kathmandu Nepal,27.7100,85.3150,+977-1-4703200,4.2,80,USD,Available,https://www.valleycrownhotel.com
Royal Valley Inn,Kathmandu,Kathmandu Nepal,27.7120,85.3180,+977-1-4703300,4.0,60,USD,Available,https://www.royalvalleyinn.com
Himalayan Crown Hotel,Kathmandu,Lazimpat Nepal,27.7190,85.3170,+977-1-4417000,4.4,110,USD,Available,https://www.himalayancrownhotel.com
Nagarkot Sunrise Lodge,Nagarkot,Nagarkot Nepal,27.7170,85.5200,+977-1-6684000,4.3,90,USD,Available,https://www.nagarkotsunriselodge.com
Nagarkot Nature Resort,Nagarkot,Nagarkot Nepal,27.7165,85.5195,+977-1-6684100,4.4,110,USD,Available,https://www.nagarkotnatureresort.com
Dhulikhel Valley Resort,Dhulikhel,Dhulikhel Nepal,27.6230,85.5435,+977-11-491500,4.3,95,USD,Available,https://www.dhulikhelvalleyresort.com
Dhulikhel Nature Lodge,Dhulikhel,Dhulikhel Nepal,27.6240,85.5420,+977-11-491600,4.2,80,USD,Available,https://www.dhulikhelnaturelodge.com
Bandipur Scenic Resort,Bandipur,Bandipur Nepal,27.9375,84.4065,+977-65-562000,4.4,100,USD,Available,https://www.bandipurscenicresort.com
Bandipur Panorama Resort,Bandipur,Bandipur Nepal,27.9380,84.4070,+977-65-562100,4.5,120,USD,Available,https://www.bandipurpanoramaresort.com
Bandipur Eco Cottage,Bandipur,Bandipur Nepal,27.9368,84.4062,+977-65-562200,4.2,75,USD,Available,https://www.bandipurecocottage.com
Old Village Inn,Bandipur,Bandipur Nepal,27.9372,84.4068,+977-65-562300,4.4,95,USD,Available,https://www.oldvillageinn.com
Himalayan Bandipur Lodge,Bandipur,Bandipur Nepal,27.9385,84.4075,+977-65-562400,4.3,100,USD,Available,https://www.himalayanbandipurlodge.com
Manakamana Hills Resort,Gorkha,Manakamana Nepal,27.9475,84.5905,+977-65-542000,4.4,110,USD,Available,https://www.manakamanahills.com
Gorkha Garden Palace,Gorkha,Gorkha Nepal,28.0010,84.6330,+977-64-422000,4.2,85,USD,Available,https://www.gorkhagardenpalace.com
Gorkha Durbar View Hotel,Gorkha,Gorkha Nepal,28.0020,84.6340,+977-64-422100,4.3,90,USD,Available,https://www.gorkhadurbarview.com
Manaslu Eco Retreat,Gorkha,Manaslu Region Nepal,28.6510,84.6510,+977-64-422200,4.5,130,USD,Available,https://www.manasluecoretreat.com
Annapurna Base Camp Lodge,Annapurna,Annapurna Region Nepal,28.5300,84.5600,+977-66-443000,4.5,150,USD,Available,https://www.annapurnabasecamplodge.com
Annapurna Mountain View Lodge,Annapurna,Annapurna Region Nepal,28.5400,84.5500,+977-66-443100,4.4,120,USD,Available,https://www.annapurnamountainview.com
Machhapuchhre View Hotel,Pokhara,Pokhara Nepal,28.2100,83.9580,+977-61-469000,4.3,85,USD,Available,https://www.machhapuchhreview.com
Fishtail Garden Resort,Pokhara,Lakeside Pokhara Nepal,28.2110,83.9570,+977-61-469100,4.4,110,USD,Available,https://www.fishtailgardenresort.com
Lake Breeze Hotel,Pokhara,Lakeside Pokhara Nepal,28.2120,83.9585,+977-61-469200,4.2,75,USD,Available,https://www.lakebreezehotel.com
Pokhara Mountain Retreat,Pokhara,Pokhara Nepal,28.2150,83.9550,+977-61-469300,4.5,125,USD,Available,https://www.pokharamountainretreat.com
Fewa Paradise Resort,Pokhara,Fewa Lake Nepal,28.2105,83.9565,+977-61-469400,4.3,90,USD,Available,https://www.fewaparadiseresort.com
Lakeside Heritage Inn,Pokhara,Lakeside Nepal,28.2115,83.9575,+977-61-469500,4.2,80,USD,Available,https://www.lakesideheritageinn.com
Himalayan Peace Hotel,Pokhara,Pokhara Nepal,28.2130,83.9590,+977-61-469600,4.4,100,USD,Available,https://www.himalayanpeacehotel.com
Summit View Lodge,Pokhara,Pokhara Nepal,28.2200,83.9600,+977-61-469700,4.1,70,USD,Available,https://www.summitviewlodge.com
Kathmandu Heritage Inn,Kathmandu,Thamel Nepal,27.7155,85.3125,+977-1-4704000,4.3,85,USD,Available,https://www.kathmanduheritageinn.com
Thamel Grand View Hotel,Kathmandu,Thamel Nepal,27.7165,85.3135,+977-1-4704100,4.2,75,USD,Available,https://www.thamelgrandview.com
Kathmandu Valley Resort,Kathmandu,Kathmandu Nepal,27.7100,85.3155,+977-1-4704200,4.3,95,USD,Available,https://www.kathmanduvalleyresort.com
Pashupati Heritage Hotel,Kathmandu,Gaushala Nepal,27.7070,85.3480,+977-1-4496000,4.1,70,USD,Available,https://www.pashupatiheritage.com
Boudha View Hotel,Kathmandu,Boudha Nepal,27.7210,85.3620,+977-1-4486000,4.3,85,USD,Available,https://www.boudhaviewhotel.com
Lalitpur Heritage Resort,Lalitpur,Patan Nepal,27.6730,85.3260,+977-1-5539000,4.4,100,USD,Available,https://www.lalitpurheritage.com
Patan Valley Inn,Lalitpur,Patan Nepal,27.6740,85.3255,+977-1-5540000,4.2,75,USD,Available,https://www.patanvalleyinn.com
Newa Boutique Hotel,Lalitpur,Patan Nepal,27.6725,85.3265,+977-1-5541000,4.5,120,USD,Available,https://www.newaboutiquehotel.com
Bhaktapur Durbar Resort,Bhaktapur,Bhaktapur Nepal,27.6720,85.4295,+977-1-6619500,4.4,110,USD,Available,https://www.bhaktapurdurbarresort.com
Bhaktapur Heritage Lodge,Bhaktapur,Bhaktapur Nepal,27.6715,85.4300,+977-1-6619600,4.3,90,USD,Available,https://www.bhaktapurheritagelodge.com
Nyatapola View Hotel,Bhaktapur,Bhaktapur Nepal,27.6722,85.4305,+977-1-6619700,4.2,80,USD,Available,https://www.nyatapolaview.com
Nagarkot Mountain View,Nagarkot,Nagarkot Nepal,27.7175,85.5205,+977-1-6685000,4.5,130,USD,Available,https://www.nagarkotmountainview.com
Nagarkot Horizon Resort,Nagarkot,Nagarkot Nepal,27.7168,85.5198,+977-1-6685100,4.3,100,USD,Available,https://www.nagarkothorizon.com
Dhulikhel Himalayan Resort,Dhulikhel,Dhulikhel Nepal,27.6235,85.5430,+977-11-491700,4.4,120,USD,Available,https://www.dhulikhelhimalayan.com
Dhulikhel View Palace,Dhulikhel,Dhulikhel Nepal,27.6225,85.5440,+977-11-491800,4.3,100,USD,Available,https://www.dhulikhelviewpalace.com
Namo Buddha Retreat,Dhulikhel,Namo Buddha Nepal,27.5685,85.6205,+977-11-401500,4.6,140,USD,Available,https://www.namobuddharetreat.com
Chitwan Safari Paradise,Chitwan,Sauraha Nepal,27.5805,84.4945,+977-56-584000,4.4,105,USD,Available,https://www.chitwansafariparadise.com
Rhino Jungle Camp,Chitwan,Sauraha Nepal,27.5810,84.4955,+977-56-584100,4.3,95,USD,Available,https://www.rhinojunglecamp.com
Tharu Eco Lodge,Chitwan,Sauraha Nepal,27.5820,84.4965,+977-56-584200,4.5,115,USD,Available,https://www.tharuecolodge.com
Jungle Crown Resort,Chitwan,Sauraha Nepal,27.5795,84.4925,+977-56-584300,4.4,100,USD,Available,https://www.junglecrownresort.com
Chitwan Safari Village,Chitwan,Sauraha Nepal,27.5808,84.4948,+977-56-584400,4.3,90,USD,Available,https://www.chitwansafarivillage.com
Green Jungle Resort,Chitwan,Sauraha Nepal,27.5812,84.4952,+977-56-584500,4.4,100,USD,Available,https://www.greenjungleresort.com
Wildlife Paradise Lodge,Chitwan,Chitwan Nepal,27.5825,84.4970,+977-56-584600,4.2,85,USD,Available,https://www.wildlifeparadiselodge.com
Sauraha Jungle View,Sauraha,Chitwan Nepal,27.5800,84.4930,+977-56-584700,4.1,75,USD,Available,https://www.saurahajungleview.com
Elephant Valley Resort,Chitwan,Sauraha Nepal,27.5798,84.4928,+977-56-584800,4.3,95,USD,Available,https://www.elephantvalleyresort.com
Buddha Garden Resort,Lumbini,Lumbini Nepal,27.4698,83.2758,+977-71-584000,4.3,85,USD,Available,https://www.buddhagardenresort.com
Lumbini Sacred Inn,Lumbini,Lumbini Nepal,27.4702,83.2762,+977-71-584100,4.2,75,USD,Available,https://www.lumbinisacredinn.com
Peaceful Buddha Lodge,Lumbini,Lumbini Nepal,27.4705,83.2750,+977-71-584200,4.4,95,USD,Available,https://www.peacefulbuddhalodge.com
Maya Garden Hotel,Lumbini,Lumbini Nepal,27.4695,83.2765,+977-71-584300,4.3,90,USD,Available,https://www.mayagardenhotel.com
Lumbini Royal Retreat,Lumbini,Lumbini Nepal,27.4710,83.2770,+977-71-584400,4.5,120,USD,Available,https://www.lumbiniretyreat.com
Tiger Palace Resort,Bhairahawa,Rupandehi Nepal,27.5205,83.4505,+977-71-590500,4.6,170,USD,Available,https://www.tigerpalaceresort.com
Bhairahawa Grand Hotel,Bhairahawa,Bhairahawa Nepal,27.5060,83.4550,+977-71-522000,4.2,80,USD,Available,https://www.bhairahawagrandhotel.com
Airport View Hotel,Bhairahawa,Bhairahawa Nepal,27.5055,83.4535,+977-71-522100,4.1,65,USD,Available,https://www.airportviewhotel.com
Lumbini Gateway Hotel,Bhairahawa,Rupandehi Nepal,27.5100,83.4555,+977-71-522200,4.3,90,USD,Available,https://www.lumbinigatewayhotel.com
Siddhartha Garden Inn,Bhairahawa,Bhairahawa Nepal,27.5050,83.4545,+977-71-522300,4.2,75,USD,Available,https://www.siddharthagardeninn.com
Dharan Luxury Resort,Dharan,Dharan Nepal,26.8100,87.2805,+977-25-522000,4.4,110,USD,Available,https://www.dharanluxuryresort.com
Dharan Hill View Hotel,Dharan,Dharan Nepal,26.8115,87.2815,+977-25-522100,4.2,85,USD,Available,https://www.dharanhillview.com
Eastern Hills Resort,Dharan,Dharan Nepal,26.8120,87.2820,+977-25-522200,4.3,95,USD,Available,https://www.easternhillsresort.com
Dharan City Lodge,Dharan,Dharan Nepal,26.8095,87.2795,+977-25-522300,4.0,60,USD,Available,https://www.dharancitylodge.com
Sunrise Dharan Hotel,Dharan,Dharan Nepal,26.8105,87.2800,+977-25-522400,4.2,75,USD,Available,https://www.sunrisedharan.com
Ilam Green Valley Resort,Ilam,Ilam Nepal,26.9100,87.9300,+977-27-522000,4.5,120,USD,Available,https://www.ilamgreenvalley.com
Tea Garden View Hotel,Ilam,Ilam Nepal,26.9120,87.9320,+977-27-522100,4.4,100,USD,Available,https://www.teagardenview.com
Ilam Mountain Retreat,Ilam,Ilam Nepal,26.9110,87.9310,+977-27-522200,4.3,90,USD,Available,https://www.ilammountainretreat.com
Kanyam Nature Resort,Ilam,Kanyam Nepal,26.8805,87.9205,+977-27-522300,4.6,130,USD,Available,https://www.kanyamnatureresort.com
Mai Valley Heritage Inn,Ilam,Mai Valley Nepal,26.9155,87.9355,+977-27-522400,4.2,85,USD,Available,https://www.maivalleyheritage.com
Janakpur Royal Hotel,Janakpur,Janakpur Nepal,26.7285,85.9255,+977-41-522000,4.3,85,USD,Available,https://www.janakpurroyalhotel.com
Janaki Heritage Resort,Janakpur,Janakpur Nepal,26.7275,85.9245,+977-41-522100,4.4,95,USD,Available,https://www.janakiheritageresort.com
Mithila Palace Hotel,Janakpur,Janakpur Nepal,26.7280,85.9260,+977-41-522200,4.2,75,USD,Available,https://www.mithilapalacehotel.com
Sita Heritage Inn,Janakpur,Janakpur Nepal,26.7270,85.9235,+977-41-522300,4.1,65,USD,Available,https://www.sitaheritageinn.com
Janakpur Comfort Lodge,Janakpur,Janakpur Nepal,26.7278,85.9250,+977-41-522400,4.0,60,USD,Available,https://www.janakpurcomfort.com
Palpa Heritage Resort,Tansen,Palpa Nepal,27.8675,83.5465,+977-75-522000,4.5,110,USD,Available,https://www.palpaheritage.com
Tansen Hill View Hotel,Tansen,Palpa Nepal,27.8680,83.5470,+977-75-522100,4.3,90,USD,Available,https://www.tansenhillview.com
Rani Mahal View Lodge,Tansen,Palpa Nepal,27.7905,83.4405,+977-75-522200,4.4,120,USD,Available,https://www.ranimahalview.com
Palpa Valley Inn,Tansen,Palpa Nepal,27.8670,83.5460,+977-75-522300,4.2,80,USD,Available,https://www.palpavalleyinn.com
Srinagar Mountain Resort,Tansen,Palpa Nepal,27.8685,83.5475,+977-75-522400,4.6,140,USD,Available,https://www.srinagarmountain.com
Butwal Heritage Hotel,Butwal,Butwal Nepal,27.7000,83.4500,+977-71-542000,4.2,80,USD,Available,https://www.butwalheritagehotel.com
Butwal Palace Resort,Butwal,Butwal Nepal,27.7005,83.4485,+977-71-542100,4.4,100,USD,Available,https://www.butwalpalaceresort.com
Lumbini View Resort,Butwal,Rupandehi Nepal,27.5055,83.4545,+977-71-542200,4.3,90,USD,Available,https://www.lumbiniviewresort.com
Western Valley Hotel,Butwal,Butwal Nepal,27.7010,83.4510,+977-71-542300,4.1,70,USD,Available,https://www.westernvalleyhotel.com
Butwal Garden Palace,Butwal,Butwal Nepal,27.6995,83.4495,+977-71-542400,4.3,85,USD,Available,https://www.butwalgardenpalace.com
Pokhara Heritage Resort,Pokhara,Lakeside Pokhara Nepal,28.2110,83.9580,+977-61-470000,4.5,120,USD,Available,https://www.pokharaheritage.com
Fewa Lake Palace Hotel,Pokhara,Fewa Lake Nepal,28.2105,83.9575,+977-61-470100,4.4,110,USD,Available,https://www.fewalakepalace.com
Annapurna Garden Lodge,Pokhara,Pokhara Nepal,28.2120,83.9565,+977-61-470200,4.3,95,USD,Available,https://www.annapurnagardenlodge.com
Mountain View Palace,Pokhara,Pokhara Nepal,28.2150,83.9550,+977-61-470300,4.5,130,USD,Available,https://www.mountainviewpalace.com
Pokhara Peace Resort,Pokhara,Pokhara Nepal,28.2130,83.9590,+977-61-470400,4.2,85,USD,Available,https://www.pokharapeaceresort.com
Kathmandu Valley Palace,Kathmandu,Thamel Nepal,27.7150,85.3120,+977-1-4705000,4.3,90,USD,Available,https://www.kathmanduvalleypalace.com
Thamel Heritage Palace,Kathmandu,Thamel Nepal,27.7160,85.3130,+977-1-4705100,4.4,100,USD,Available,https://www.thamelheritagepalace.com
Himalayan View Kathmandu,Kathmandu,Lazimpat Nepal,27.7195,85.3175,+977-1-4418000,4.5,130,USD,Available,https://www.himalayanviewkathmandu.com
Capital Heritage Inn,Kathmandu,Kathmandu Nepal,27.7100,85.3150,+977-1-4705200,4.2,80,USD,Available,https://www.capitalheritageinn.com
Royal Garden Kathmandu,Kathmandu,Kathmandu Nepal,27.7120,85.3180,+977-1-4705300,4.3,95,USD,Available,https://www.royalgardenkathmandu.com
Nagarkot Sunrise Resort,Nagarkot,Nagarkot Nepal,27.7170,85.5200,+977-1-6686000,4.5,130,USD,Available,https://www.nagarkotsunriseresort.com
Nagarkot Hill Palace,Nagarkot,Nagarkot Nepal,27.7165,85.5195,+977-1-6686100,4.4,115,USD,Available,https://www.nagarkothillpalace.com
Nagarkot Valley Resort,Nagarkot,Nagarkot Nepal,27.7180,85.5210,+977-1-6686200,4.3,100,USD,Available,https://www.nagarkotvalleyresort.com
Dhulikhel Heritage Resort,Dhulikhel,Dhulikhel Nepal,27.6230,85.5430,+977-11-491900,4.5,120,USD,Available,https://www.dhulikhelheritageresort.com
Himalayan Dhulikhel View,Dhulikhel,Dhulikhel Nepal,27.6240,85.5420,+977-11-492000,4.3,95,USD,Available,https://www.himalayandhulikhelview.com
Bandipur Mountain Palace,Bandipur,Bandipur Nepal,27.9375,84.4065,+977-65-562500,4.4,110,USD,Available,https://www.bandipurmountainpalace.com
Bandipur Valley Resort,Bandipur,Bandipur Nepal,27.9380,84.4070,+977-65-562600,4.3,95,USD,Available,https://www.bandipurvalleyresort.com
Gorkha Mountain Palace,Gorkha,Gorkha Nepal,28.0010,84.6335,+977-64-423000,4.3,100,USD,Available,https://www.gorkhamountainpalace.com
Manaslu View Resort,Gorkha,Manaslu Region Nepal,28.6510,84.6510,+977-64-423100,4.5,130,USD,Available,https://www.manasluviewresort.com
Barpak Heritage Lodge,Gorkha,Barpak Nepal,28.2000,84.7500,+977-64-433000,4.4,105,USD,Available,https://www.barpakheritagelodge.com
Lamjung Mountain Resort,Lamjung,Lamjung Nepal,28.2350,84.3750,+977-66-522500,4.3,90,USD,Available,https://www.lamjungmountainresort.com
Besisahar Heritage Inn,Lamjung,Besisahar Nepal,28.2320,84.3720,+977-66-522600,4.2,75,USD,Available,https://www.besisaharheritage.com
Manang Mountain Palace,Manang,Manang Nepal,28.6670,84.0180,+977-66-444000,4.4,120,USD,Available,https://www.manangmountainpalace.com
Annapurna Valley Lodge,Manang,Annapurna Region Nepal,28.6700,84.0200,+977-66-444100,4.3,100,USD,Available,https://www.annapurnavalleylodge.com
Mustang Royal Lodge,Mustang,Jomsom Nepal,28.7800,83.7300,+977-69-443000,4.5,140,USD,Available,https://www.mustangroyallodge.com
Kagbeni Heritage Hotel,Mustang,Kagbeni Nepal,28.8350,83.7820,+977-69-443100,4.4,110,USD,Available,https://www.kagbeniheritage.com
Marpha Valley Resort,Mustang,Marpha Nepal,28.7500,83.6900,+977-69-443200,4.5,125,USD,Available,https://www.marphavalleyresort.com
Everest Mountain Lodge,Solukhumbu,Namche Nepal,27.8050,86.7100,+977-38-543000,4.6,170,USD,Available,https://www.everestmountainlodge.com
Khumbu Heritage Hotel,Solukhumbu,Khumbu Nepal,27.8060,86.7120,+977-38-543100,4.4,150,USD,Available,https://www.khumbuheritagehotel.com
Lukla Mountain View,Solukhumbu,Lukla Nepal,27.6870,86.7280,+977-38-543200,4.2,100,USD,Available,https://www.luklamountainview.com
Chitwan River Resort,Chitwan,Sauraha Nepal,27.5805,84.4935,+977-56-585000,4.4,105,USD,Available,https://www.chitwanriverresort.com
Jungle Safari Palace,Chitwan,Sauraha Nepal,27.5815,84.4955,+977-56-585100,4.5,120,USD,Available,https://www.junglesafaripalace.com
Tharu Heritage Resort,Chitwan,Sauraha Nepal,27.5820,84.4960,+977-56-585200,4.3,95,USD,Available,https://www.tharuheritageresort.com
Lumbini Heritage Palace,Lumbini,Lumbini Nepal,27.4700,83.2755,+977-71-585000,4.4,100,USD,Available,https://www.lumbiniheritagepalace.com
Buddha Peace Resort,Lumbini,Lumbini Nepal,27.4705,83.2760,+977-71-585100,4.3,90,USD,Available,https://www.buddhapeaceresort.com
Himalayan Crown Resort,Kathmandu,Lazimpat Kathmandu Nepal,27.7190,85.3170,+977-1-4419000,4.5,130,USD,Available,https://www.himalayancrownresort.com
Kathmandu Grand Palace,Kathmandu,Durbarmarg Kathmandu Nepal,27.7110,85.3180,+977-1-4227000,4.4,150,USD,Available,https://www.kathmandugrandpalace.com
Valley Heritage Hotel,Kathmandu,Thamel Kathmandu Nepal,27.7155,85.3125,+977-1-4706000,4.3,95,USD,Available,https://www.valleyheritagehotel.com
Everest View Boutique,Kathmandu,Thamel Kathmandu Nepal,27.7160,85.3130,+977-1-4706100,4.2,85,USD,Available,https://www.everestviewboutique.com
Royal Himalayan Inn,Kathmandu,Kantipath Nepal,27.7105,85.3165,+977-1-4706200,4.4,120,USD,Available,https://www.royalhimalayaninn.com
Thamel Garden Resort,Kathmandu,Thamel Nepal,27.7150,85.3115,+977-1-4706300,4.2,75,USD,Available,https://www.thamelgardenresort.com
Kathmandu Horizon Hotel,Kathmandu,Baluwatar Nepal,27.7180,85.3300,+977-1-4419100,4.3,100,USD,Available,https://www.kathmanduhorizonhotel.com
Patan Royal Heritage,Lalitpur,Patan Nepal,27.6730,85.3260,+977-1-5542000,4.5,130,USD,Available,https://www.patanroyalheritage.com
Newa Courtyard Hotel,Lalitpur,Patan Nepal,27.6725,85.3255,+977-1-5542100,4.4,110,USD,Available,https://www.newacourtyard.com
Lalitpur Palace Inn,Lalitpur,Patan Nepal,27.6740,85.3265,+977-1-5542200,4.3,90,USD,Available,https://www.lalitpurpalaceinn.com
Bhaktapur Royal Courtyard,Bhaktapur,Bhaktapur Nepal,27.6720,85.4295,+977-1-6620000,4.5,125,USD,Available,https://www.bhaktapurroyalcourtyard.com
Durbar Square Heritage Hotel,Bhaktapur,Bhaktapur Nepal,27.6718,85.4300,+977-1-6620100,4.4,105,USD,Available,https://www.durbarheritagehotel.com
Golden Temple Lodge,Bhaktapur,Bhaktapur Nepal,27.6722,85.4305,+977-1-6620200,4.3,85,USD,Available,https://www.goldentemplelodge.com
Nagarkot Mountain Palace,Nagarkot,Nagarkot Nepal,27.7170,85.5200,+977-1-6687000,4.6,150,USD,Available,https://www.nagarkotmountainpalace.com
Nagarkot Sunrise View,Nagarkot,Nagarkot Nepal,27.7165,85.5195,+977-1-6687100,4.4,120,USD,Available,https://www.nagarkotsunriseview.com
Himalayan Panorama Lodge,Nagarkot,Nagarkot Nepal,27.7180,85.5210,+977-1-6687200,4.3,100,USD,Available,https://www.himalayanpanoramalodge.com
Dhulikhel Grand Resort,Dhulikhel,Dhulikhel Nepal,27.6230,85.5430,+977-11-492100,4.5,135,USD,Available,https://www.dhulikhelgrandresort.com
Dhulikhel Mountain View,Dhulikhel,Dhulikhel Nepal,27.6240,85.5420,+977-11-492200,4.4,115,USD,Available,https://www.dhulikhelmountainview.com
Namo Buddha Heritage Resort,Dhulikhel,Namo Buddha Nepal,27.5680,85.6200,+977-11-401700,4.6,160,USD,Available,https://www.namobuddhaheritageresort.com
Panauti Heritage Palace,Panauti,Panauti Nepal,27.5840,85.5125,+977-11-441000,4.3,95,USD,Available,https://www.panautiheritagepalace.com
Pokhara Royal Lake Resort,Pokhara,Lakeside Pokhara Nepal,28.2110,83.9580,+977-61-471000,4.6,150,USD,Available,https://www.pokhararoyallakeresort.com
Fewa Grand Hotel,Pokhara,Lakeside Pokhara Nepal,28.2105,83.9575,+977-61-471100,4.5,130,USD,Available,https://www.fewagrandhotel.com
Annapurna Lake View,Pokhara,Fewa Lake Nepal,28.2120,83.9565,+977-61-471200,4.4,110,USD,Available,https://www.annapurnalakeview.com
Mountain Glory Palace,Pokhara,Pokhara Nepal,28.2150,83.9550,+977-61-471300,4.6,160,USD,Available,https://www.mountainglorypalace.com
Peaceful Valley Resort,Pokhara,Pokhara Nepal,28.2130,83.9590,+977-61-471400,4.3,95,USD,Available,https://www.peacefulvalleyresort.com
Bandipur Heritage Palace,Bandipur,Bandipur Nepal,27.9370,84.4065,+977-65-563000,4.5,125,USD,Available,https://www.bandipurheritagepalace.com
Bandipur Hill View Resort,Bandipur,Bandipur Nepal,27.9380,84.4070,+977-65-563100,4.4,110,USD,Available,https://www.bandipurhillview.com
Old Town Heritage Inn,Bandipur,Bandipur Nepal,27.9365,84.4060,+977-65-563200,4.3,95,USD,Available,https://www.oldtownheritageinn.com
Gorkha Royal Palace,Gorkha,Gorkha Nepal,28.0010,84.6335,+977-64-424000,4.5,120,USD,Available,https://www.gorkharoyalpalace.com
Manaslu Mountain Resort,Gorkha,Manaslu Nepal,28.6510,84.6510,+977-64-424100,4.6,150,USD,Available,https://www.manaslumountainresort.com
Barpak View Lodge,Gorkha,Barpak Nepal,28.2000,84.7500,+977-64-434000,4.4,100,USD,Available,https://www.barpakviewlodge.com
Lamjung Valley Resort,Lamjung,Lamjung Nepal,28.2350,84.3750,+977-66-523000,4.3,95,USD,Available,https://www.lamjungvalleyresort.com
Besisahar Mountain Lodge,Lamjung,Besisahar Nepal,28.2320,84.3720,+977-66-523100,4.2,80,USD,Available,https://www.besisaharmountainlodge.com
Manang Himalayan Resort,Manang,Manang Nepal,28.6670,84.0180,+977-66-445000,4.5,140,USD,Available,https://www.mananghimalayanresort.com
Annapurna Trek Lodge,Manang,Annapurna Region Nepal,28.6700,84.0200,+977-66-445100,4.4,120,USD,Available,https://www.annapurnatreklodge.com
Mustang Heritage Palace,Mustang,Jomsom Nepal,28.7800,83.7300,+977-69-444000,4.5,145,USD,Available,https://www.mustangheritagepalace.com
Kali Gandaki Resort,Mustang,Kagbeni Nepal,28.8350,83.7820,+977-69-444100,4.4,125,USD,Available,https://www.kaligrandakiresort.com
Marpha Mountain Inn,Mustang,Marpha Nepal,28.7500,83.6900,+977-69-444200,4.5,130,USD,Available,https://www.marphamountaininn.com
Himalayan Crown Resort,Kathmandu,Lazimpat Kathmandu Nepal,27.7190,85.3170,+977-1-4419000,4.5,130,USD,Available,https://www.himalayancrownresort.com
Kathmandu Grand Palace,Kathmandu,Durbarmarg Kathmandu Nepal,27.7110,85.3180,+977-1-4227000,4.4,150,USD,Available,https://www.kathmandugrandpalace.com
Valley Heritage Hotel,Kathmandu,Thamel Kathmandu Nepal,27.7155,85.3125,+977-1-4706000,4.3,95,USD,Available,https://www.valleyheritagehotel.com
Everest View Boutique,Kathmandu,Thamel Kathmandu Nepal,27.7160,85.3130,+977-1-4706100,4.2,85,USD,Available,https://www.everestviewboutique.com
Royal Himalayan Inn,Kathmandu,Kantipath Kathmandu Nepal,27.7105,85.3165,+977-1-4706200,4.4,120,USD,Available,https://www.royalhimalayaninn.com
Thamel Garden Resort,Kathmandu,Thamel Kathmandu Nepal,27.7150,85.3115,+977-1-4706300,4.2,75,USD,Available,https://www.thamelgardenresort.com
Kathmandu Horizon Hotel,Kathmandu,Baluwatar Kathmandu Nepal,27.7180,85.3300,+977-1-4419100,4.3,100,USD,Available,https://www.kathmanduhorizonhotel.com
Patan Royal Heritage,Lalitpur,Patan Nepal,27.6730,85.3260,+977-1-5542000,4.5,130,USD,Available,https://www.patanroyalheritage.com
Newa Courtyard Hotel,Lalitpur,Patan Nepal,27.6725,85.3255,+977-1-5542100,4.4,110,USD,Available,https://www.newacourtyard.com
Lalitpur Palace Inn,Lalitpur,Patan Nepal,27.6740,85.3265,+977-1-5542200,4.3,90,USD,Available,https://www.lalitpurpalaceinn.com
Bhaktapur Royal Courtyard,Bhaktapur,Bhaktapur Nepal,27.6720,85.4295,+977-1-6620000,4.5,125,USD,Available,https://www.bhaktapurroyalcourtyard.com
Durbar Square Heritage Hotel,Bhaktapur,Bhaktapur Nepal,27.6718,85.4300,+977-1-6620100,4.4,105,USD,Available,https://www.durbarheritagehotel.com
Golden Temple Lodge,Bhaktapur,Bhaktapur Nepal,27.6722,85.4305,+977-1-6620200,4.3,85,USD,Available,https://www.goldentemplelodge.com
Nagarkot Mountain Palace,Nagarkot,Nagarkot Nepal,27.7170,85.5200,+977-1-6687000,4.6,150,USD,Available,https://www.nagarkotmountainpalace.com
Nagarkot Sunrise View,Nagarkot,Nagarkot Nepal,27.7165,85.5195,+977-1-6687100,4.4,120,USD,Available,https://www.nagarkotsunriseview.com
Himalayan Panorama Lodge,Nagarkot,Nagarkot Nepal,27.7180,85.5210,+977-1-6687200,4.3,100,USD,Available,https://www.himalayanpanoramalodge.com
Dhulikhel Grand Resort,Dhulikhel,Dhulikhel Nepal,27.6230,85.5430,+977-11-492100,4.5,135,USD,Available,https://www.dhulikhelgrandresort.com
Dhulikhel Mountain View,Dhulikhel,Dhulikhel Nepal,27.6240,85.5420,+977-11-492200,4.4,115,USD,Available,https://www.dhulikhelmountainview.com
Namo Buddha Heritage Resort,Dhulikhel,Namo Buddha Nepal,27.5680,85.6200,+977-11-401700,4.6,160,USD,Available,https://www.namobuddhaheritageresort.com
Panauti Heritage Palace,Panauti,Panauti Nepal,27.5840,85.5125,+977-11-441000,4.3,95,USD,Available,https://www.panautiheritagepalace.com
Pokhara Royal Lake Resort,Pokhara,Lakeside Pokhara Nepal,28.2110,83.9580,+977-61-471000,4.6,150,USD,Available,https://www.pokhararoyallakeresort.com
Fewa Grand Hotel,Pokhara,Lakeside Pokhara Nepal,28.2105,83.9575,+977-61-471100,4.5,130,USD,Available,https://www.fewagrandhotel.com
Annapurna Lake View,Pokhara,Fewa Lake Nepal,28.2120,83.9565,+977-61-471200,4.4,110,USD,Available,https://www.annapurnalakeview.com
Mountain Glory Palace,Pokhara,Pokhara Nepal,28.2150,83.9550,+977-61-471300,4.6,160,USD,Available,https://www.mountainglorypalace.com
Peaceful Valley Resort,Pokhara,Pokhara Nepal,28.2130,83.9590,+977-61-471400,4.3,95,USD,Available,https://www.peacefulvalleyresort.com
Bandipur Heritage Palace,Bandipur,Bandipur Nepal,27.9370,84.4065,+977-65-563000,4.5,125,USD,Available,https://www.bandipurheritagepalace.com
Bandipur Hill View Resort,Bandipur,Bandipur Nepal,27.9380,84.4070,+977-65-563100,4.4,110,USD,Available,https://www.bandipurhillview.com
Old Town Heritage Inn,Bandipur,Bandipur Nepal,27.9365,84.4060,+977-65-563200,4.3,95,USD,Available,https://www.oldtownheritageinn.com
Gorkha Royal Palace,Gorkha,Gorkha Nepal,28.0010,84.6335,+977-64-424000,4.5,120,USD,Available,https://www.gorkharoyalpalace.com
Manaslu Mountain Resort,Gorkha,Manaslu Nepal,28.6510,84.6510,+977-64-424100,4.6,150,USD,Available,https://www.manaslumountainresort.com
Barpak View Lodge,Gorkha,Barpak Nepal,28.2000,84.7500,+977-64-434000,4.4,100,USD,Available,https://www.barpakviewlodge.com
Lamjung Valley Resort,Lamjung,Lamjung Nepal,28.2350,84.3750,+977-66-523000,4.3,95,USD,Available,https://www.lamjungvalleyresort.com
Besisahar Mountain Lodge,Lamjung,Besisahar Nepal,28.2320,84.3720,+977-66-523100,4.2,80,USD,Available,https://www.besisaharmountainlodge.com
Manang Himalayan Resort,Manang,Manang Nepal,28.6670,84.0180,+977-66-445000,4.5,140,USD,Available,https://www.mananghimalayanresort.com
Annapurna Trek Lodge,Manang,Annapurna Region Nepal,28.6700,84.0200,+977-66-445100,4.4,120,USD,Available,https://www.annapurnatreklodge.com
Mustang Heritage Palace,Mustang,Jomsom Nepal,28.7800,83.7300,+977-69-444000,4.5,145,USD,Available,https://www.mustangheritagepalace.com
Kali Gandaki Resort,Mustang,Kagbeni Nepal,28.8350,83.7820,+977-69-444100,4.4,125,USD,Available,https://www.kaligrandakiresort.com
Marpha Mountain Inn,Mustang,Marpha Nepal,28.7500,83.6900,+977-69-444200,4.5,130,USD,Available,https://www.marphamountaininn.com
Everest Mountain Lodge,Solukhumbu,Namche Nepal,27.8050,86.7100,+977-38-543000,4.6,170,USD,Available,https://www.everestmountainlodge.com
Khumbu Heritage Hotel,Solukhumbu,Khumbu Nepal,27.8060,86.7120,+977-38-543100,4.4,150,USD,Available,https://www.khumbuheritagehotel.com
Lukla Mountain View,Solukhumbu,Lukla Nepal,27.6870,86.7280,+977-38-543200,4.2,100,USD,Available,https://www.luklamountainview.com
Chitwan River Resort,Chitwan,Sauraha Nepal,27.5805,84.4935,+977-56-585000,4.4,105,USD,Available,https://www.chitwanriverresort.com
Jungle Safari Palace,Chitwan,Sauraha Nepal,27.5815,84.4955,+977-56-585100,4.5,120,USD,Available,https://www.junglesafaripalace.com
Tharu Heritage Resort,Chitwan,Sauraha Nepal,27.5820,84.4960,+977-56-585200,4.3,95,USD,Available,https://www.tharuheritageresort.com
Buddha Peace Resort,Lumbini,Lumbini Nepal,27.4705,83.2760,+977-71-585100,4.3,90,USD,Available,https://www.buddhapeaceresort.com
Lumbini Heritage Palace,Lumbini,Lumbini Nepal,27.4700,83.2755,+977-71-585000,4.4,100,USD,Available,https://www.lumbiniheritagepalace.com
Buddha Garden Resort,Lumbini,Lumbini Nepal,27.4698,83.2758,+977-71-584000,4.3,85,USD,Available,https://www.buddhagardenresort.com
Lumbini Sacred Inn,Lumbini,Lumbini Nepal,27.4702,83.2762,+977-71-584100,4.2,75,USD,Available,https://www.lumbinisacredinn.com
Peaceful Buddha Lodge,Lumbini,Lumbini Nepal,27.4705,83.2750,+977-71-584200,4.4,95,USD,Available,https://www.peacefulbuddhalodge.com
Maya Garden Hotel,Lumbini,Lumbini Nepal,27.4695,83.2765,+977-71-584300,4.3,90,USD,Available,https://www.mayagardenhotel.com
Lumbini Royal Retreat,Lumbini,Lumbini Nepal,27.4710,83.2770,+977-71-584400,4.5,120,USD,Available,https://www.lumbinirealretreat.com
Tiger Palace Resort,Bhairahawa,Rupandehi Nepal,27.5205,83.4505,+977-71-590500,4.6,170,USD,Available,https://www.tigerpalaceresort.com
Bhairahawa Grand Hotel,Bhairahawa,Bhairahawa Nepal,27.5060,83.4550,+977-71-522000,4.2,80,USD,Available,https://www.bhairahawagrandhotel.com
Airport View Hotel,Bhairahawa,Bhairahawa Nepal,27.5055,83.4535,+977-71-522100,4.1,65,USD,Available,https://www.airportviewhotel.com
Lumbini Gateway Hotel,Bhairahawa,Rupandehi Nepal,27.5100,83.4555,+977-71-522200,4.3,90,USD,Available,https://www.lumbinigatewayhotel.com
Siddhartha Garden Inn,Bhairahawa,Bhairahawa Nepal,27.5050,83.4545,+977-71-522300,4.2,75,USD,Available,https://www.siddharthagardeninn.com
Dharan Luxury Resort,Dharan,Dharan Nepal,26.8100,87.2805,+977-25-522000,4.4,110,USD,Available,https://www.dharanluxuryresort.com
Dharan Hill View Hotel,Dharan,Dharan Nepal,26.8115,87.2815,+977-25-522100,4.2,85,USD,Available,https://www.dharanhillview.com
Eastern Hills Resort,Dharan,Dharan Nepal,26.8120,87.2820,+977-25-522200,4.3,95,USD,Available,https://www.easternhillsresort.com
Dharan City Lodge,Dharan,Dharan Nepal,26.8095,87.2795,+977-25-522300,4.0,60,USD,Available,https://www.dharancitylodge.com
Sunrise Dharan Hotel,Dharan,Dharan Nepal,26.8105,87.2800,+977-25-522400,4.2,75,USD,Available,https://www.sunrisedharan.com
Ilam Green Valley Resort,Ilam,Ilam Nepal,26.9100,87.9300,+977-27-522000,4.5,120,USD,Available,https://www.ilamgreenvalley.com
Tea Garden View Hotel,Ilam,Ilam Nepal,26.9120,87.9320,+977-27-522100,4.4,100,USD,Available,https://www.teagardenview.com
Ilam Mountain Retreat,Ilam,Ilam Nepal,26.9110,87.9310,+977-27-522200,4.3,90,USD,Available,https://www.ilammountainretreat.com
Kanyam Nature Resort,Ilam,Kanyam Nepal,26.8805,87.9205,+977-27-522300,4.6,130,USD,Available,https://www.kanyamnatureresort.com
Mai Valley Heritage Inn,Ilam,Mai Valley Nepal,26.9155,87.9355,+977-27-522400,4.2,85,USD,Available,https://www.maivalleyheritage.com
Janakpur Royal Hotel,Janakpur,Janakpur Nepal,26.7285,85.9255,+977-41-522000,4.3,85,USD,Available,https://www.janakpurroyalhotel.com
Janaki Heritage Resort,Janakpur,Janakpur Nepal,26.7275,85.9245,+977-41-522100,4.4,95,USD,Available,https://www.janakiheritageresort.com
Mithila Palace Hotel,Janakpur,Janakpur Nepal,26.7280,85.9260,+977-41-522200,4.2,75,USD,Available,https://www.mithilapalacehotel.com
Sita Heritage Inn,Janakpur,Janakpur Nepal,26.7270,85.9235,+977-41-522300,4.1,65,USD,Available,https://www.sitaheritageinn.com
Janakpur Comfort Lodge,Janakpur,Janakpur Nepal,26.7278,85.9250,+977-41-522400,4.0,60,USD,Available,https://www.janakpurcomfort.com
Palpa Heritage Resort,Tansen,Palpa Nepal,27.8675,83.5465,+977-75-522000,4.5,110,USD,Available,https://www.palpaheritage.com
Tansen Hill View Hotel,Tansen,Palpa Nepal,27.8680,83.5470,+977-75-522100,4.3,90,USD,Available,https://www.tansenhillview.com
Rani Mahal View Lodge,Tansen,Palpa Nepal,27.7905,83.4405,+977-75-522200,4.4,120,USD,Available,https://www.ranimahalview.com
Palpa Valley Inn,Tansen,Palpa Nepal,27.8670,83.5460,+977-75-522300,4.2,80,USD,Available,https://www.palpavalleyinn.com
Srinagar Mountain Resort,Tansen,Palpa Nepal,27.8685,83.5475,+977-75-522400,4.6,140,USD,Available,https://www.srinagarmountain.com
Butwal Heritage Hotel,Butwal,Butwal Nepal,27.7000,83.4500,+977-71-542000,4.2,80,USD,Available,https://www.butwalheritagehotel.com
Butwal Palace Resort,Butwal,Butwal Nepal,27.7005,83.4485,+977-71-542100,4.4,100,USD,Available,https://www.butwalpalaceresort.com
Western Valley Hotel,Butwal,Butwal Nepal,27.7010,83.4510,+977-71-542300,4.1,70,USD,Available,https://www.westernvalleyhotel.com
Butwal Garden Palace,Butwal,Butwal Nepal,27.6995,83.4495,+977-71-542400,4.3,85,USD,Available,https://www.butwalgardenpalace.com
Biratnagar City Hotel,Biratnagar,Biratnagar Nepal,26.4525,87.2715,+977-21-521000,4.1,65,USD,Available,https://www.biratnagarcityhotel.com
Hotel Harrison Palace,Biratnagar,Biratnagar Nepal,26.4530,87.2720,+977-21-520700,4.3,90,USD,Available,https://www.harrisonpalace.com
Royal Orchid Biratnagar,Biratnagar,Biratnagar Nepal,26.4520,87.2705,+977-21-521200,4.2,75,USD,Available,https://www.royalorchid.com
Ratna Hotel Biratnagar,Biratnagar,Biratnagar Nepal,26.4522,87.2708,+977-21-520600,4.2,75,USD,Available,https://www.ratnahotel.com
Dharan Grand Hotel,Dharan,Dharan Nepal,26.8100,87.2800,+977-25-521500,4.3,85,USD,Available,https://www.dharangrandhotel.com
Eastern Star Resort,Dharan,Dharan Nepal,26.8098,87.2798,+977-25-521600,4.1,70,USD,Available,https://www.easternstarresort.com
Biratnagar Comfort Inn,Biratnagar,Biratnagar Nepal,26.4528,87.2718,+977-21-521300,4.2,70,USD,Available,https://www.biratnagarcomfortinn.com
Janakpur City Palace,Janakpur,Janakpur Nepal,26.7282,85.9258,+977-41-523000,4.2,80,USD,Available,https://www.janakpurcitypalace.com
Mithila Grand Resort,Janakpur,Janakpur Nepal,26.7272,85.9248,+977-41-523100,4.3,95,USD,Available,https://www.mithilagrandresort.com
Tansen Grand View,Tansen,Palpa Nepal,27.8678,83.5468,+977-75-523000,4.4,105,USD,Available,https://www.tansengrandview.com
Palpa Royal Inn,Tansen,Palpa Nepal,27.8682,83.5472,+977-75-523100,4.3,90,USD,Available,https://www.palparoyalinn.com
Butwal Royal Garden,Butwal,Butwal Nepal,27.7008,83.4490,+977-71-543000,4.3,95,USD,Available,https://www.butwalroyalgarden.com
Butwal City Palace,Butwal,Butwal Nepal,27.6998,83.4502,+977-71-543100,4.2,80,USD,Available,https://www.butwalcitypalace.com
Pokhara Paradise Lodge,Pokhara,Lakeside Pokhara Nepal,28.2112,83.9578,+977-61-472000,4.3,100,USD,Available,https://www.pokharaparadiselodge.com
Fewa Mountain Resort,Pokhara,Fewa Lake Nepal,28.2108,83.9568,+977-61-472100,4.5,135,USD,Available,https://www.fewamountainresort.com
Annapurna View Palace,Pokhara,Pokhara Nepal,28.2125,83.9582,+977-61-472200,4.4,120,USD,Available,https://www.annapurnaviewpalace.com
Kathmandu Imperial Hotel,Kathmandu,Thamel Nepal,27.7158,85.3128,+977-1-4707000,4.5,140,USD,Available,https://www.kathmanduimperialhotel.com
Royal Valley Palace,Kathmandu,Kathmandu Nepal,27.7115,85.3175,+977-1-4707100,4.3,105,USD,Available,https://www.royalvalleypalace.com
Himalayan Garden Inn,Kathmandu,Kathmandu Nepal,27.7130,85.3155,+977-1-4707200,4.2,90,USD,Available,https://www.himalayangardeninn.com
Nagarkot Luxury View,Nagarkot,Nagarkot Nepal,27.7172,85.5202,+977-1-6688000,4.6,160,USD,Available,https://www.nagarkotluxuryview.com
Dhulikhel Royal Resort,Dhulikhel,Dhulikhel Nepal,27.6238,85.5438,+977-11-492300,4.5,140,USD,Available,https://www.dhulikhelroyalresort.com
Bandipur Scenic Palace,Bandipur,Bandipur Nepal,27.9378,84.4068,+977-65-564000,4.5,130,USD,Available,https://www.bandipurscenicpalace.com
Gorkha Heritage Palace,Gorkha,Gorkha Nepal,28.0015,84.6340,+977-64-425000,4.4,110,USD,Available,https://www.gorkhaheritagepalace.com
Manang Valley View,Manang,Manang Nepal,28.6675,84.0185,+977-66-446000,4.4,130,USD,Available,https://www.manangvalleyview.com
Mustang Alpine Lodge,Mustang,Mustang Nepal,28.7805,83.7305,+977-69-445000,4.5,150,USD,Available,https://www.mustangalpinelodge.com
Kathmandu Elite Residency,Kathmandu,Thamel Nepal,27.7152,85.3122,+977-1-4707300,4.3,100,USD,Available,https://www.kathmandueliteresidency.com
Thamel Boutique Palace,Kathmandu,Thamel Nepal,27.7162,85.3132,+977-1-4707400,4.4,120,USD,Available,https://www.thamelboutiquepalace.com
Himalayan Star Hotel,Kathmandu,Lazimpat Nepal,27.7192,85.3172,+977-1-4419200,4.5,135,USD,Available,https://www.himalayanstarhotel.com
Kathmandu Comfort Suites,Kathmandu,Kathmandu Nepal,27.7102,85.3162,+977-1-4707500,4.2,85,USD,Available,https://www.kathmanducomfortsuites.com
Valley Crown Resort,Kathmandu,Kathmandu Nepal,27.7125,85.3185,+977-1-4707600,4.3,105,USD,Available,https://www.valleycrownresort.com
Patan Heritage Suites,Lalitpur,Patan Nepal,27.6732,85.3262,+977-1-5542300,4.5,140,USD,Available,https://www.patanheritagesuites.com
Newa Heritage Palace,Lalitpur,Patan Nepal,27.6728,85.3258,+977-1-5542400,4.4,125,USD,Available,https://www.newaheritagepalace.com
Lalitpur Garden Hotel,Lalitpur,Patan Nepal,27.6742,85.3268,+977-1-5542500,4.2,90,USD,Available,https://www.lalitpurgardenhotel.com
Bhaktapur Heritage Suites,Bhaktapur,Bhaktapur Nepal,27.6725,85.4302,+977-1-6620300,4.5,130,USD,Available,https://www.bhaktapurheritagesuites.com
Bhaktapur Garden Inn,Bhaktapur,Bhaktapur Nepal,27.6715,85.4298,+977-1-6620400,4.3,95,USD,Available,https://www.bhaktapurgardeninn.com
Nagarkot Royal View,Nagarkot,Nagarkot Nepal,27.7173,85.5203,+977-1-6687300,4.6,155,USD,Available,https://www.nagarkotroyalview.com
Nagarkot Valley Palace,Nagarkot,Nagarkot Nepal,27.7168,85.5198,+977-1-6687400,4.4,125,USD,Available,https://www.nagarkotvalleypalace.com
Dhulikhel Sunrise Hotel,Dhulikhel,Dhulikhel Nepal,27.6232,85.5432,+977-11-492400,4.3,100,USD,Available,https://www.dhulikhelsunrisehotel.com
Dhulikhel Nature Palace,Dhulikhel,Dhulikhel Nepal,27.6242,85.5422,+977-11-492500,4.5,130,USD,Available,https://www.dhulikhelnaturepalace.com
Pokhara Blue Lake Resort,Pokhara,Lakeside Pokhara Nepal,28.2113,83.9583,+977-61-473000,4.5,140,USD,Available,https://www.pokharabluelakeresort.com
Fewa Paradise Palace,Pokhara,Fewa Lake Nepal,28.2107,83.9577,+977-61-473100,4.4,125,USD,Available,https://www.fewaparadisepalace.com
Pokhara Mountain Crown,Pokhara,Pokhara Nepal,28.2155,83.9555,+977-61-473200,4.6,160,USD,Available,https://www.pokharamountaincrown.com
Annapurna Lakeside Inn,Pokhara,Lakeside Nepal,28.2122,83.9568,+977-61-473300,4.3,95,USD,Available,https://www.annapurnalakesideinn.com
Bandipur Heritage View,Bandipur,Bandipur Nepal,27.9373,84.4067,+977-65-564100,4.4,115,USD,Available,https://www.bandipurheritageview.com
Bandipur Mountain Crown,Bandipur,Bandipur Nepal,27.9383,84.4073,+977-65-564200,4.5,135,USD,Available,https://www.bandipurmountaincrown.com
Gorkha Mountain View Hotel,Gorkha,Gorkha Nepal,28.0018,84.6345,+977-64-426000,4.3,100,USD,Available,https://www.gorkhamountainviewhotel.com
Gorkha Valley Resort,Gorkha,Gorkha Nepal,28.0020,84.6338,+977-64-426100,4.4,115,USD,Available,https://www.gorkhavalleyresort.com
Manaslu Heritage Lodge,Gorkha,Manaslu Region Nepal,28.6515,84.6515,+977-64-426200,4.5,145,USD,Available,https://www.manasluheritagelodge.com
Barpak Mountain Resort,Gorkha,Barpak Nepal,28.2005,84.7505,+977-64-436000,4.4,110,USD,Available,https://www.barpakmountainresort.com
Lamjung Heritage Inn,Lamjung,Lamjung Nepal,28.2355,84.3755,+977-66-524000,4.2,85,USD,Available,https://www.lamjungheritageinn.com
Lamjung Mountain Palace,Lamjung,Lamjung Nepal,28.2360,84.3760,+977-66-524100,4.4,120,USD,Available,https://www.lamjungmountainpalace.com
Besisahar Valley Resort,Lamjung,Besisahar Nepal,28.2325,84.3725,+977-66-524200,4.3,95,USD,Available,https://www.besisaharvalleyresort.com
Manang Alpine Lodge,Manang,Manang Nepal,28.6678,84.0188,+977-66-447000,4.5,150,USD,Available,https://www.manangalpinelodge.com
Annapurna View Lodge,Manang,Annapurna Region Nepal,28.6705,84.0205,+977-66-447100,4.4,130,USD,Available,https://www.annapurnaviewlodge.com
Mustang Himalayan Palace,Mustang,Jomsom Nepal,28.7808,83.7308,+977-69-446000,4.6,160,USD,Available,https://www.mustanghimalayanpalace.com
Kagbeni Mountain Resort,Mustang,Kagbeni Nepal,28.8355,83.7825,+977-69-446100,4.5,140,USD,Available,https://www.kagbenimountainresort.com
Marpha Heritage Lodge,Mustang,Marpha Nepal,28.7505,83.6905,+977-69-446200,4.4,125,USD,Available,https://www.marphaheritagelodge.com
Everest Summit Lodge,Solukhumbu,Namche Nepal,27.8055,86.7105,+977-38-544000,4.6,180,USD,Available,https://www.everestsummitlodge.com
Khumbu Mountain Palace,Solukhumbu,Khumbu Nepal,27.8065,86.7125,+977-38-544100,4.5,160,USD,Available,https://www.khumbumountainpalace.com
Lukla Heritage Inn,Solukhumbu,Lukla Nepal,27.6875,86.7285,+977-38-544200,4.3,110,USD,Available,https://www.luklaheritageinn.com
Chitwan Wildlife Resort,Chitwan,Sauraha Nepal,27.5808,84.4948,+977-56-586000,4.5,115,USD,Available,https://www.chitwanwildliferesort.com
Sauraha Jungle Palace,Chitwan,Sauraha Nepal,27.5818,84.4958,+977-56-586100,4.4,105,USD,Available,https://www.saurahajunglepalace.com
Tharu Village Resort,Chitwan,Sauraha Nepal,27.5825,84.4965,+977-56-586200,4.3,90,USD,Available,https://www.tharuvillageresort.com
Lumbini Peace Palace,Lumbini,Lumbini Nepal,27.4708,83.2763,+977-71-586000,4.4,100,USD,Available,https://www.lumbinipeacepalace.com
Buddha Heritage Inn,Lumbini,Lumbini Nepal,27.4692,83.2752,+977-71-586100,4.3,85,USD,Available,https://www.buddhaheritageinn.com
Lumbini Garden Palace,Lumbini,Lumbini Nepal,27.4696,83.2766,+977-71-586200,4.5,115,USD,Available,https://www.lumbinigardenpalace.com
Maya Heritage Resort,Lumbini,Lumbini Nepal,27.4703,83.2757,+977-71-586300,4.4,105,USD,Available,https://www.mayaheritageresort.com
Bhairahawa Royal Inn,Bhairahawa,Rupandehi Nepal,27.5065,83.4555,+977-71-523000,4.2,80,USD,Available,https://www.bhairahawaroyalinn.com
Siddhartha Palace Hotel,Bhairahawa,Bhairahawa Nepal,27.5058,83.4548,+977-71-523100,4.3,95,USD,Available,https://www.siddharthapalacehotel.com
Airport Grand Resort,Bhairahawa,Bhairahawa Nepal,27.5052,83.4532,+977-71-523200,4.1,70,USD,Available,https://www.airportgrandresort.com
Dharan Heritage Palace,Dharan,Dharan Nepal,26.8102,87.2802,+977-25-523000,4.3,90,USD,Available,https://www.dharanheritagepalace.com
Eastern Nepal Resort,Dharan,Dharan Nepal,26.8118,87.2818,+977-25-523100,4.4,110,USD,Available,https://www.easternnepalresort.com
Sunrise Hill Hotel,Dharan,Dharan Nepal,26.8108,87.2808,+977-25-523200,4.2,75,USD,Available,https://www.sunrisehillhotel.com
Ilam Tea Valley Resort,Ilam,Ilam Nepal,26.9105,87.9305,+977-27-523000,4.5,125,USD,Available,https://www.ilamteavalleyresort.com
Kanyam Tea Garden Inn,Ilam,Kanyam Nepal,26.8810,87.9210,+977-27-523100,4.4,110,USD,Available,https://www.kanyamteagardeninn.com
Mai River Resort,Ilam,Mai Valley Nepal,26.9158,87.9358,+977-27-523200,4.3,95,USD,Available,https://www.mairiverresort.com
Janakpur Heritage Palace,Janakpur,Janakpur Nepal,26.7288,85.9258,+977-41-524000,4.4,100,USD,Available,https://www.janakpurheritagepalace.com
Mithila Garden Hotel,Janakpur,Janakpur Nepal,26.7278,85.9248,+977-41-524100,4.3,85,USD,Available,https://www.mithilagardenhotel.com
Janaki Royal Suites,Janakpur,Janakpur Nepal,26.7283,85.9263,+977-41-524200,4.5,120,USD,Available,https://www.janakiroyalsuites.com
Palpa Mountain Heritage,Tansen,Palpa Nepal,27.8678,83.5468,+977-75-524000,4.5,115,USD,Available,https://www.palpamountainheritage.com
Srinagar View Resort,Tansen,Palpa Nepal,27.8688,83.5478,+977-75-524100,4.6,145,USD,Available,https://www.srinagarviewresort.com
Tansen Valley Inn,Tansen,Palpa Nepal,27.8672,83.5462,+977-75-524200,4.3,90,USD,Available,https://www.tansenvalleyinn.com
Butwal Comfort Palace,Butwal,Butwal Nepal,27.7002,83.4502,+977-71-544000,4.2,80,USD,Available,https://www.butwalcomfortpalace.com
Butwal Hill Resort,Butwal,Butwal Nepal,27.7008,83.4492,+977-71-544100,4.3,95,USD,Available,https://www.butwalhillresort.com
Western Garden Hotel,Butwal,Butwal Nepal,27.6998,83.4508,+977-71-544200,4.1,70,USD,Available,https://www.westerngardenhotel.com
Biratnagar Heritage Hotel,Biratnagar,Biratnagar Nepal,26.4528,87.2718,+977-21-522000,4.2,80,USD,Available,https://www.biratnagarheritagehotel.com
Koshee River Resort,Biratnagar,Biratnagar Nepal,26.4532,87.2722,+977-21-522100,4.3,95,USD,Available,https://www.kosheeriverresort.com
Eastern Star Palace,Biratnagar,Biratnagar Nepal,26.4522,87.2708,+977-21-522200,4.1,70,USD,Available,https://www.easternstarpalace.com
Dharan Mountain View,Dharan,Dharan Nepal,26.8105,87.2805,+977-25-524000,4.4,100,USD,Available,https://www.dharanmountainview.com
Koshi Valley Resort,Dharan,Dharan Nepal,26.8112,87.2812,+977-25-524100,4.3,90,USD,Available,https://www.koshivalleyresort.com
Ilam Highland Palace,Ilam,Ilam Nepal,26.9110,87.9310,+977-27-524000,4.5,130,USD,Available,https://www.ilamhighlandpalace.com
Eastern Tea Resort,Ilam,Ilam Nepal,26.9125,87.9325,+977-27-524100,4.4,115,USD,Available,https://www.easterntearesort.com
Janakpur Royal Garden,Janakpur,Janakpur Nepal,26.7285,85.9255,+977-41-525000,4.3,90,USD,Available,https://www.janakpurroyalgarden.com
Mithila Heritage Suites,Janakpur,Janakpur Nepal,26.7275,85.9245,+977-41-525100,4.4,105,USD,Available,https://www.mithilaheritagesuites.com
Palpa Grand Heritage,Tansen,Palpa Nepal,27.8680,83.5470,+977-75-525000,4.5,125,USD,Available,https://www.palpagrandheritage.com
Tansen Royal View,Tansen,Palpa Nepal,27.8685,83.5475,+977-75-525100,4.4,110,USD,Available,https://www.tansenroyalview.com
Butwal Grand Palace,Butwal,Butwal Nepal,27.7005,83.4495,+977-71-545000,4.3,100,USD,Available,https://www.butwalgrandpalace.com
Lumbini Royal Garden,Lumbini,Lumbini Nepal,27.4700,83.2760,+977-71-587000,4.5,120,USD,Available,https://www.lumbiniroyalgarden.com
Buddha Peace Palace,Lumbini,Lumbini Nepal,27.4695,83.2755,+977-71-587100,4.4,100,USD,Available,https://www.buddhapeacepalace.com
Chitwan Forest Palace,Chitwan,Sauraha Nepal,27.5810,84.4945,+977-56-587000,4.5,125,USD,Available,https://www.chitwanforestpalace.com
Jungle River Lodge,Chitwan,Sauraha Nepal,27.5818,84.4952,+977-56-587100,4.3,95,USD,Available,https://www.jungleriverlodge.com
Pokhara Lake Crown,Pokhara,Lakeside Pokhara Nepal,28.2115,83.9585,+977-61-474000,4.6,155,USD,Available,https://www.pokharalakecrown.com
Annapurna Royal Resort,Pokhara,Pokhara Nepal,28.2125,83.9570,+977-61-474100,4.5,140,USD,Available,https://www.annapurnaroyalresort.com
Fewa Garden Palace,Pokhara,Fewa Lake Nepal,28.2105,83.9575,+977-61-474200,4.4,120,USD,Available,https://www.fewagardenpalace.com
Mountain Paradise Hotel,Pokhara,Pokhara Nepal,28.2140,83.9560,+977-61-474300,4.3,105,USD,Available,https://www.mountainparadisehotel.com
Kathmandu Heritage Crown,Kathmandu,Thamel Nepal,27.7154,85.3124,+977-1-4707700,4.4,115,USD,Available,https://www.kathmanduheritagecrown.com
Royal Thamel Suites,Kathmandu,Thamel Nepal,27.7164,85.3134,+977-1-4707800,4.5,135,USD,Available,https://www.royalthamelsuites.com
Himalayan Pearl Hotel,Kathmandu,Lazimpat Nepal,27.7194,85.3174,+977-1-4419300,4.6,150,USD,Available,https://www.himalayanpearlhotel.com
Kathmandu Garden Palace,Kathmandu,Kathmandu Nepal,27.7128,85.3188,+977-1-4707900,4.3,100,USD,Available,https://www.kathmandugardenpalace.com
Valley View Boutique,Kathmandu,Kathmandu Nepal,27.7135,85.3158,+977-1-4708000,4.2,90,USD,Available,https://www.valleyviewboutique.com
Patan Royal Courtyard,Lalitpur,Patan Nepal,27.6735,85.3265,+977-1-5542600,4.6,145,USD,Available,https://www.patanroyalcourtyard.com
Newa Palace Inn,Lalitpur,Patan Nepal,27.6729,85.3259,+977-1-5542700,4.4,120,USD,Available,https://www.newapalaceinn.com
Lalitpur Heritage Garden,Lalitpur,Patan Nepal,27.6745,85.3270,+977-1-5542800,4.3,100,USD,Available,https://www.lalitpurheritagegarden.com
Bhaktapur Royal Garden,Bhaktapur,Bhaktapur Nepal,27.6728,85.4308,+977-1-6620500,4.5,130,USD,Available,https://www.bhaktapurroyalgarden.com
Ancient City Lodge,Bhaktapur,Bhaktapur Nepal,27.6718,85.4302,+977-1-6620600,4.3,95,USD,Available,https://www.ancientcitylodge.com
Nagarkot Himalayan Resort,Nagarkot,Nagarkot Nepal,27.7175,85.5205,+977-1-6687500,4.6,165,USD,Available,https://www.nagarkothimalayanresort.com
Nagarkot Cloud View,Nagarkot,Nagarkot Nepal,27.7169,85.5199,+977-1-6687600,4.5,140,USD,Available,https://www.nagarkotcloudview.com
Dhulikhel Panorama Resort,Dhulikhel,Dhulikhel Nepal,27.6235,85.5435,+977-11-492600,4.6,150,USD,Available,https://www.dhulikhelpanoramaresort.com
Dhulikhel Heritage Inn,Dhulikhel,Dhulikhel Nepal,27.6245,85.5425,+977-11-492700,4.4,115,USD,Available,https://www.dhulikhelheritageinn.com
Panauti Valley Resort,Panauti,Panauti Nepal,27.5845,85.5130,+977-11-442000,4.3,100,USD,Available,https://www.panautivalleyresort.com
Pokhara Crystal Lake Resort,Pokhara,Lakeside Pokhara Nepal,28.2118,83.9588,+977-61-475000,4.6,160,USD,Available,https://www.pokharacrystallakeresort.com
Fewa Crystal Palace,Pokhara,Fewa Lake Nepal,28.2109,83.9579,+977-61-475100,4.5,145,USD,Available,https://www.fewacrystalpalace.com
Pokhara Alpine View,Pokhara,Pokhara Nepal,28.2158,83.9558,+977-61-475200,4.4,125,USD,Available,https://www.pokharaalpineview.com
Annapurna Lakeside Palace,Pokhara,Lakeside Nepal,28.2128,83.9572,+977-61-475300,4.5,135,USD,Available,https://www.annapurnalakesidepalace.com
Pokhara Valley Crown,Pokhara,Pokhara Nepal,28.2145,83.9565,+977-61-475400,4.3,110,USD,Available,https://www.pokharavalleycrown.com
Bandipur Royal Heritage,Bandipur,Bandipur Nepal,27.9375,84.4069,+977-65-564300,4.5,130,USD,Available,https://www.bandipurroyalheritage.com
Bandipur Valley Palace,Bandipur,Bandipur Nepal,27.9385,84.4075,+977-65-564400,4.4,115,USD,Available,https://www.bandipurvalleypalace.com
Old Bandipur Inn,Bandipur,Bandipur Nepal,27.9368,84.4062,+977-65-564500,4.3,95,USD,Available,https://www.oldbandipurinn.com
Gorkha Durbar Resort,Gorkha,Gorkha Nepal,28.0022,84.6342,+977-64-427000,4.5,125,USD,Available,https://www.gorkhadurbarresort.com
Gorkha Royal Mountain,Gorkha,Gorkha Nepal,28.0016,84.6336,+977-64-427100,4.4,110,USD,Available,https://www.gorkharoyalmountain.com
Manaslu Valley Lodge,Gorkha,Manaslu Nepal,28.6518,84.6518,+977-64-427200,4.5,150,USD,Available,https://www.manasluvalleylodge.com
Barpak Heritage Palace,Gorkha,Barpak Nepal,28.2008,84.7508,+977-64-437000,4.4,115,USD,Available,https://www.barpakheritagepalace.com
Lamjung Royal Resort,Lamjung,Lamjung Nepal,28.2358,84.3758,+977-66-525000,4.4,120,USD,Available,https://www.lamjungroyalresort.com
Besisahar Heritage Palace,Lamjung,Besisahar Nepal,28.2328,84.3728,+977-66-525100,4.3,100,USD,Available,https://www.besisaharheritagepalace.com
Manang Mountain View Resort,Manang,Manang Nepal,28.6680,84.0190,+977-66-448000,4.6,160,USD,Available,https://www.manangmountainviewresort.com
Annapurna Highland Lodge,Manang,Annapurna Region Nepal,28.6708,84.0208,+977-66-448100,4.5,140,USD,Available,https://www.annapurnahighlandlodge.com
Mustang Valley Palace,Mustang,Jomsom Nepal,28.7810,83.7310,+977-69-447000,4.6,165,USD,Available,https://www.mustangvalleypalace.com
Kagbeni Heritage Palace,Mustang,Kagbeni Nepal,28.8358,83.7828,+977-69-447100,4.5,145,USD,Available,https://www.kagbeniheritagepalace.com
Marpha Valley Lodge,Mustang,Marpha Nepal,28.7508,83.6908,+977-69-447200,4.4,130,USD,Available,https://www.marphavalleylodge.com
Everest Himalayan Palace,Solukhumbu,Namche Nepal,27.8058,86.7108,+977-38-545000,4.7,190,USD,Available,https://www.everesthimalayanpalace.com
Khumbu Alpine Resort,Solukhumbu,Khumbu Nepal,27.8068,86.7128,+977-38-545100,4.5,170,USD,Available,https://www.khumbualpineresort.com
Lukla Everest View,Lukla,Solukhumbu Nepal,27.6878,86.7288,+977-38-545200,4.4,125,USD,Available,https://www.luklaeverestview.com
Chitwan Jungle Crown,Chitwan,Sauraha Nepal,27.5812,84.4948,+977-56-588000,4.5,130,USD,Available,https://www.chitwanjunglecrown.com
Sauraha River Palace,Chitwan,Sauraha Nepal,27.5822,84.4958,+977-56-588100,4.4,110,USD,Available,https://www.saurahariverpalace.com
Tharu Forest Lodge,Chitwan,Sauraha Nepal,27.5830,84.4968,+977-56-588200,4.3,95,USD,Available,https://www.tharuforestlodge.com
Hotel Name,Destination,Address,Latitude,Longitude,Phone,Rating,Price Per Night,Currency,Booking Status,Booking URL
Lumbini Sacred Garden Resort,Lumbini,Lumbini Nepal,27.4702,83.2758,+977-71-588000,4.5,125,USD,Available,https://www.lumbinisacredgardenresort.com
Buddha Heritage Palace,Lumbini,Lumbini Nepal,27.4698,83.2762,+977-71-588100,4.4,110,USD,Available,https://www.buddhaheritagepalace.com
Maya Peace Inn,Lumbini,Lumbini Nepal,27.4706,83.2754,+977-71-588200,4.3,90,USD,Available,https://www.mayapeaceinn.com
Royal Lumbini Retreat,Lumbini,Lumbini Nepal,27.4712,83.2772,+977-71-588300,4.5,135,USD,Available,https://www.royallumbiniretreat.com
Bhairahawa Heritage Palace,Bhairahawa,Rupandehi Nepal,27.5068,83.4558,+977-71-526000,4.3,95,USD,Available,https://www.bhairahawaheritagepalace.com
Siddhartha Grand Resort,Bhairahawa,Bhairahawa Nepal,27.5058,83.4548,+977-71-526100,4.4,120,USD,Available,https://www.siddharthagrandresort.com
Rupandehi Garden Hotel,Bhairahawa,Rupandehi Nepal,27.5102,83.4558,+977-71-526200,4.2,80,USD,Available,https://www.rupandehigardenhotel.com
Dharan Royal Heights,Dharan,Dharan Nepal,26.8108,87.2808,+977-25-525000,4.4,115,USD,Available,https://www.dharanroyalheights.com
Koshi Heritage Resort,Dharan,Dharan Nepal,26.8120,87.2820,+977-25-525100,4.3,100,USD,Available,https://www.koshiheritageresort.com
Dharan Valley Palace,Dharan,Dharan Nepal,26.8098,87.2798,+977-25-525200,4.2,85,USD,Available,https://www.dharanvalleypalace.com
Ilam Mountain Crown,Ilam,Ilam Nepal,26.9112,87.9312,+977-27-525000,4.6,145,USD,Available,https://www.ilammountaincrown.com
Tea Garden Palace,Ilam,Ilam Nepal,26.9128,87.9328,+977-27-525100,4.5,130,USD,Available,https://www.teagardenpalace.com
Kanyam Highland Resort,Ilam,Kanyam Nepal,26.8812,87.9212,+977-27-525200,4.4,115,USD,Available,https://www.kanyamhighlandresort.com
Janakpur Mithila Palace,Janakpur,Janakpur Nepal,26.7290,85.9260,+977-41-526000,4.4,105,USD,Available,https://www.janakpurmithilapalace.com
Janaki Garden Resort,Janakpur,Janakpur Nepal,26.7280,85.9250,+977-41-526100,4.3,90,USD,Available,https://www.janakigardenresort.com
Mithila Royal Inn,Janakpur,Janakpur Nepal,26.7276,85.9246,+977-41-526200,4.2,75,USD,Available,https://www.mithilaroyalinn.com
Palpa Heritage Crown,Tansen,Palpa Nepal,27.8682,83.5472,+977-75-526000,4.5,130,USD,Available,https://www.palpaheritagecrown.com
Srinagar Royal Palace,Tansen,Palpa Nepal,27.8688,83.5478,+977-75-526100,4.6,150,USD,Available,https://www.srinagarroyalpalace.com
Tansen Mountain View,Tansen,Palpa Nepal,27.8674,83.5464,+977-75-526200,4.3,100,USD,Available,https://www.tansenmountainview.com
Butwal Heritage Crown,Butwal,Butwal Nepal,27.7008,83.4508,+977-71-527000,4.4,105,USD,Available,https://www.butwalheritagecrown.com
Hospital Name,Address,Phone,Latitude,Longitude,District,Destination,Province
Bir Hospital,Kathmandu,+977-01-4221119,27.7050,85.3150,Kathmandu,Kathmandu,Bagmati
National Trauma Center,Kathmandu,+977-01-4230710,27.7050,85.3150,Kathmandu,Kathmandu,Bagmati
Tribhuvan University Teaching Hospital,Maharajgunj Kathmandu,+977-01-4412303,27.7350,85.3300,Kathmandu,Maharajgunj,Bagmati
Kanti Children's Hospital,Maharajgunj Kathmandu,+977-01-4411558,27.7350,85.3300,Kathmandu,Maharajgunj,Bagmati
Shahid Gangalal National Heart Centre,Bansbari Kathmandu,+977-01-4371322,27.7500,85.3400,Kathmandu,Bansbari,Bagmati
Civil Service Hospital,Minbhawan Kathmandu,+977-01-4793000,27.6900,85.3400,Kathmandu,Minbhawan,Bagmati
Nepal Police Hospital,Maharajgunj Kathmandu,+977-01-4412430,27.7350,85.3300,Kathmandu,Maharajgunj,Bagmati
Nepal Army Hospital,Chhauni Kathmandu,+977-01-4271941,27.7000,85.2900,Kathmandu,Chhauni,Bagmati
Patan Hospital,Lagankhel Lalitpur,+977-01-5522278,27.6700,85.3200,Lalitpur,Lagankhel,Bagmati
B&B Hospital,Gwarko Lalitpur,+977-01-5533206,27.6650,85.3300,Lalitpur,Gwarko,Bagmati
Alka Hospital,Jawalakhel Lalitpur,+977-01-5970999,27.6750,85.3150,Lalitpur,Jawalakhel,Bagmati
Nepal Mediciti Hospital,Bhaisepati Lalitpur,+977-01-4217766,27.6500,85.3000,Lalitpur,Bhaisepati,Bagmati
KIST Medical College Hospital,Imadol Lalitpur,+977-01-5201496,27.6500,85.3500,Lalitpur,Imadol,Bagmati
Grande International Hospital,Dhapasi Kathmandu,+977-01-5159266,27.7500,85.3300,Kathmandu,Dhapasi,Bagmati
HAMS Hospital,Dhumbarahi Kathmandu,+977-01-4377404,27.7350,85.3400,Kathmandu,Dhumbarahi,Bagmati
Om Hospital and Research Center,Chabahil Kathmandu,+977-01-4476225,27.7200,85.3450,Kathmandu,Chabahil,Bagmati
Norvic International Hospital,Thapathali Kathmandu,+977-01-5970032,27.6950,85.3150,Kathmandu,Thapathali,Bagmati
Blue Cross Hospital,Tripureshwor Kathmandu,+977-01-4262027,27.7000,85.3100,Kathmandu,Tripureshwor,Bagmati
Vayodha Hospital,Balkhu Kathmandu,+977-01-4281666,27.6850,85.3000,Kathmandu,Balkhu,Bagmati
Nepal Eye Hospital,Tripureshwor Kathmandu,+977-01-4260813,27.7000,85.3100,Kathmandu,Tripureshwor,Bagmati
Tilganga Institute of Ophthalmology,Gausala Kathmandu,+977-01-4493684,27.7100,85.3500,Kathmandu,Gausala,Bagmati
Paropakar Maternity Hospital,Thapathali Kathmandu,+977-01-4253276,27.6950,85.3150,Kathmandu,Thapathali,Bagmati
Sukraraj Tropical Hospital,Teku Kathmandu,+977-01-4253396,27.6950,85.3050,Kathmandu,Teku,Bagmati
Kirtipur Hospital,Kirtipur Kathmandu,+977-01-4339130,27.6700,85.2800,Kathmandu,Kirtipur,Bagmati
Kathmandu Medical College Hospital,Sinamangal Kathmandu,+977-01-4469064,27.6950,85.3500,Kathmandu,Sinamangal,Bagmati
Dhulikhel Hospital,Dhulikhel Kavre,+977-011-490497,27.6200,85.5400,Kavrepalanchok,Dhulikhel,Bagmati
Hetauda Hospital,Makwanpur,+977-057-520155,27.4300,85.0300,Makwanpur,Hetauda,Bagmati
Bharatpur Hospital,Chitwan,+977-056-527959,27.6800,84.4300,Chitwan,Bharatpur,Bagmati
B.P. Koirala Memorial Cancer Hospital,Bharatpur,+977-056-523911,27.6800,84.4300,Chitwan,Bharatpur,Bagmati
College of Medical Sciences Teaching Hospital,Bharatpur,+977-056-534111,27.6700,84.4400,Chitwan,Bharatpur,Bagmati
Hotel Name,Destination,Address,Latitude,Longitude,Phone,Rating,Price Per Night,Currency,Booking Status,Booking URL
Butwal Royal Heritage,Butwal,Butwal Nepal,27.7012,83.4512,+977-71-527100,4.3,95,USD,Available,https://www.butwalroyalheritage.com
Western Hills Palace,Butwal,Butwal Nepal,27.6998,83.4498,+977-71-527200,4.2,85,USD,Available,https://www.westernhillspalace.com
Biratnagar Grand Palace,Biratnagar,Biratnagar Nepal,26.4530,87.2720,+977-21-527000,4.3,100,USD,Available,https://www.biratnagargrandpalace.com
Koshi Royal Hotel,Biratnagar,Biratnagar Nepal,26.4525,87.2715,+977-21-527100,4.2,85,USD,Available,https://www.koshiroyalhotel.com
Eastern Valley Resort,Biratnagar,Biratnagar Nepal,26.4535,87.2725,+977-21-527200,4.4,110,USD,Available,https://www.easternvalleyresort.com
Pokhara Royal Heritage,Pokhara,Lakeside Pokhara Nepal,28.2116,83.9586,+977-61-476000,4.6,165,USD,Available,https://www.pokhararoyalheritage.com
Fewa Lake Crown Resort,Pokhara,Fewa Lake Nepal,28.2110,83.9580,+977-61-476100,4.5,150,USD,Available,https://www.fewalakecrownresort.com
Annapurna Grand View,Pokhara,Pokhara Nepal,28.2148,83.9568,+977-61-476200,4.4,130,USD,Available,https://www.annapurnagrandview.com
Mountain Echo Lodge,Pokhara,Pokhara Nepal,28.2152,83.9552,+977-61-476300,4.3,115,USD,Available,https://www.mountainecholodge.com
Peace Valley Palace,Pokhara,Pokhara Nepal,28.2132,83.9592,+977-61-476400,4.2,100,USD,Available,https://www.peacevalleypalace.com
Kathmandu Royal Residency,Kathmandu,Thamel Nepal,27.7156,85.3126,+977-1-4708100,4.5,140,USD,Available,https://www.kathmanduroyalresidency.com
Thamel Grand Heritage,Kathmandu,Thamel Nepal,27.7166,85.3136,+977-1-4708200,4.4,125,USD,Available,https://www.thamelgrandheritage.com
Himalayan View Palace,Kathmandu,Lazimpat Nepal,27.7196,85.3176,+977-1-4419400,4.6,160,USD,Available,https://www.himalayanviewpalace.com
Valley Royal Suites,Kathmandu,Kathmandu Nepal,27.7138,85.3162,+977-1-4708300,4.3,105,USD,Available,https://www.valleyroyalsuites.com
Patan Golden Heritage,Lalitpur,Patan Nepal,27.6738,85.3268,+977-1-5542900,4.5,135,USD,Available,https://www.patangoldenheritage.com
Bhaktapur Ancient Palace,Bhaktapur,Bhaktapur Nepal,27.6729,85.4309,+977-1-6620700,4.4,120,USD,Available,https://www.bhaktapurancientpalace.com
Nagarkot Sunset Resort,Nagarkot,Nagarkot Nepal,27.7178,85.5208,+977-1-6687700,4.6,170,USD,Available,https://www.nagarkotsunsetresort.com
Dhulikhel Mountain Crown,Dhulikhel,Dhulikhel Nepal,27.6238,85.5438,+977-11-492800,4.5,145,USD,Available,https://www.dhulikhelmountaincrown.com
Bandipur Sunset Palace,Bandipur,Bandipur Nepal,27.9388,84.4078,+977-65-564600,4.5,140,USD,Available,https://www.bandipursunsetpalace.com
Gorkha Himalayan View,Gorkha,Gorkha Nepal,28.0025,84.6345,+977-64-428000,4.4,120,USD,Available,https://www.gorkhahimalayanview.com
Hotel Name,Destination,Address,Latitude,Longitude,Phone,Rating,Price Per Night,Currency,Booking Status,Booking URL
Manaslu Royal Lodge,Gorkha,Manaslu Region Nepal,28.6520,84.6520,+977-64-428100,4.5,155,USD,Available,https://www.manasluroyallodge.com
Barpak Mountain View,Gorkha,Barpak Nepal,28.2010,84.7510,+977-64-438000,4.4,120,USD,Available,https://www.barpakmountainview.com
Lamjung Highland Resort,Lamjung,Lamjung Nepal,28.2362,84.3762,+977-66-526000,4.5,130,USD,Available,https://www.lamjunghighlandresort.com
Besisahar Royal Inn,Lamjung,Besisahar Nepal,28.2332,84.3732,+977-66-526100,4.3,105,USD,Available,https://www.besisaharroyalinn.com
Manang Alpine Palace,Manang,Manang Nepal,28.6685,84.0195,+977-66-449000,4.6,170,USD,Available,https://www.manangalpinepalace.com
Annapurna Snow View,Manang,Annapurna Region Nepal,28.6710,84.0210,+977-66-449100,4.5,150,USD,Available,https://www.annapurnasnowview.com
Mustang Royal Heritage,Mustang,Jomsom Nepal,28.7815,83.7315,+977-69-448000,4.7,180,USD,Available,https://www.mustangroyalheritage.com
Kagbeni Valley Resort,Mustang,Kagbeni Nepal,28.8360,83.7830,+977-69-448100,4.5,145,USD,Available,https://www.kagbenivalleyresort.com
Marpha Royal Garden,Mustang,Marpha Nepal,28.7510,83.6910,+977-69-448200,4.4,135,USD,Available,https://www.marpharoyalgarden.com
Everest Peak Lodge,Solukhumbu,Namche Nepal,27.8060,86.7110,+977-38-546000,4.7,200,USD,Available,https://www.everestpeaklodge.com
Khumbu Snow Palace,Solukhumbu,Khumbu Nepal,27.8070,86.7130,+977-38-546100,4.6,175,USD,Available,https://www.khumbusnowpalace.com
Lukla Mountain Palace,Solukhumbu,Lukla Nepal,27.6880,86.7290,+977-38-546200,4.4,130,USD,Available,https://www.luklamountainpalace.com
Chitwan Jungle Heritage,Chitwan,Sauraha Nepal,27.5815,84.4950,+977-56-589000,4.5,135,USD,Available,https://www.chitwanjungleheritage.com
Sauraha Wildlife Palace,Chitwan,Sauraha Nepal,27.5825,84.4960,+977-56-589100,4.4,115,USD,Available,https://www.saurahawildlifepalace.com
Tharu Riverside Resort,Chitwan,Sauraha Nepal,27.5835,84.4970,+977-56-589200,4.3,100,USD,Available,https://www.tharuriversideresort.com
Lumbini Golden Palace,Lumbini,Lumbini Nepal,27.4704,83.2764,+977-71-589000,4.5,130,USD,Available,https://www.lumbinigoldenpalace.com
Buddha Serenity Resort,Lumbini,Lumbini Nepal,27.4699,83.2759,+977-71-589100,4.4,110,USD,Available,https://www.buddhaserenityresort.com
Maya Sacred Hotel,Lumbini,Lumbini Nepal,27.4707,83.2757,+977-71-589200,4.3,95,USD,Available,https://www.mayasacredhotel.com
Bhairahawa Grand Palace,Bhairahawa,Bhairahawa Nepal,27.5070,83.4560,+977-71-528000,4.4,110,USD,Available,https://www.bhairahawagrandpalace.com
Siddhartha Royal View,Bhairahawa,Bhairahawa Nepal,27.5060,83.4550,+977-71-528100,4.3,95,USD,Available,https://www.siddhartharoyalview.com
Hotel Name,Destination,Address,Latitude,Longitude,Phone,Rating,Price Per Night,Currency,Booking Status,Booking URL
Rupandehi Royal Resort,Bhairahawa,Rupandehi Nepal,27.5105,83.4565,+977-71-528200,4.2,85,USD,Available,https://www.rupandehiroyalresort.com
Dharan Heritage View,Dharan,Dharan Nepal,26.8110,87.2810,+977-25-526000,4.4,120,USD,Available,https://www.dharanheritageview.com
Koshi Grand Palace,Dharan,Dharan Nepal,26.8125,87.2825,+977-25-526100,4.3,105,USD,Available,https://www.koshigrandpalace.com
Dharan Valley Inn,Dharan,Dharan Nepal,26.8100,87.2800,+977-25-526200,4.2,90,USD,Available,https://www.dharanvalleyinn.com
Ilam Green Mountain Resort,Ilam,Ilam Nepal,26.9115,87.9315,+977-27-526000,4.6,150,USD,Available,https://www.ilamgreenmountainresort.com
Kanyam Royal Retreat,Ilam,Kanyam Nepal,26.8815,87.9215,+977-27-526100,4.5,135,USD,Available,https://www.kanyamroyalretreat.com
Mai Valley Heritage Resort,Ilam,Mai Valley Nepal,26.9160,87.9360,+977-27-526200,4.4,120,USD,Available,https://www.maivalleyheritageresort.com
Janakpur Sacred Palace,Janakpur,Janakpur Nepal,26.7292,85.9262,+977-41-527000,4.4,110,USD,Available,https://www.janakpursacredpalace.com
Mithila Royal Garden,Janakpur,Janakpur Nepal,26.7282,85.9252,+977-41-527100,4.3,95,USD,Available,https://www.mithilaroyalgarden.com
Sita Heritage Palace,Janakpur,Janakpur Nepal,26.7278,85.9248,+977-41-527200,4.2,80,USD,Available,https://www.sitaheritagepalace.com
Palpa Royal Mountain,Tansen,Palpa Nepal,27.8685,83.5475,+977-75-527000,4.5,140,USD,Available,https://www.palparoyalmountain.com
Srinagar Valley Palace,Tansen,Palpa Nepal,27.8690,83.5480,+977-75-527100,4.6,155,USD,Available,https://www.srinagarvalleypalace.com
Tansen Heritage View,Tansen,Palpa Nepal,27.8676,83.5466,+977-75-527200,4.4,115,USD,Available,https://www.tansenheritageview.com
Butwal Royal Garden Resort,Butwal,Butwal Nepal,27.7010,83.4510,+977-71-529000,4.4,120,USD,Available,https://www.butwalroyalgardenresort.com
Western Nepal Palace,Butwal,Butwal Nepal,27.7000,83.4500,+977-71-529100,4.3,100,USD,Available,https://www.westernnepalpalace.com
Biratnagar Valley Resort,Biratnagar,Biratnagar Nepal,26.4538,87.2728,+977-21-529000,4.4,115,USD,Available,https://www.biratnagarvalleyresort.com
Koshi River Palace,Biratnagar,Biratnagar Nepal,26.4528,87.2718,+977-21-529100,4.3,95,USD,Available,https://www.koshiriverpalace.com
Eastern Horizon Hotel,Biratnagar,Biratnagar Nepal,26.4532,87.2722,+977-21-529200,4.2,80,USD,Available,https://www.easternhorizonhotel.com
Pokhara Himalayan Crown,Pokhara,Lakeside Pokhara Nepal,28.2120,83.9590,+977-61-477000,4.6,170,USD,Available,https://www.pokharahimalayancrown.com
Fewa Mountain Palace,Pokhara,Fewa Lake Nepal,28.2112,83.9582,+977-61-477100,4.5,150,USD,Available,https://www.fewamountainpalace.com
Hotel Name,Destination,Address,Latitude,Longitude,Phone,Rating,Price Per Night,Currency,Booking Status,Booking URL
Annapurna Lake View Hotel,Pokhara,Lakeside Pokhara Nepal,28.2126,83.9576,+977-61-477200,4.5,145,USD,Available,https://www.annapurnalakeviewhotel.com
Pokhara Serenity Resort,Pokhara,Pokhara Nepal,28.2142,83.9562,+977-61-477300,4.4,125,USD,Available,https://www.pokharaserenityresort.com
Mountain Breeze Palace,Pokhara,Pokhara Nepal,28.2150,83.9550,+977-61-477400,4.3,110,USD,Available,https://www.mountainbreezepalace.com
Kathmandu Heritage View,Kathmandu,Thamel Nepal,27.7158,85.3128,+977-1-4708400,4.5,145,USD,Available,https://www.kathmanduheritageview.com
Thamel Royal Garden,Kathmandu,Thamel Nepal,27.7168,85.3138,+977-1-4708500,4.4,130,USD,Available,https://www.thamelroyalgarden.com
Himalayan Grand Palace,Kathmandu,Lazimpat Nepal,27.7198,85.3178,+977-1-4419500,4.6,165,USD,Available,https://www.himalayangrandpalace.com
Kathmandu Valley Inn,Kathmandu,Kathmandu Nepal,27.7140,85.3165,+977-1-4708600,4.2,95,USD,Available,https://www.kathmanduvalleyinn.com
Patan Royal Garden,Lalitpur,Patan Nepal,27.6740,85.3270,+977-1-5543000,4.5,140,USD,Available,https://www.patanroyalgarden.com
Newa Courtyard Hotel,Lalitpur,Patan Nepal,27.6732,85.3262,+977-1-5543100,4.4,125,USD,Available,https://www.newacourtyardhotel.com
Bhaktapur Heritage Crown,Bhaktapur,Bhaktapur Nepal,27.6732,85.4312,+977-1-6620800,4.5,135,USD,Available,https://www.bhaktapurheritagecrown.com
Ancient Bhaktapur Inn,Bhaktapur,Bhaktapur Nepal,27.6722,85.4305,+977-1-6620900,4.3,100,USD,Available,https://www.ancientbhaktapurinn.com
Nagarkot Himalayan Crown,Nagarkot,Nagarkot Nepal,27.7180,85.5210,+977-1-6687800,4.7,180,USD,Available,https://www.nagarkothimalayancrown.com
Nagarkot Valley Resort,Nagarkot,Nagarkot Nepal,27.7170,85.5200,+977-1-6687900,4.5,150,USD,Available,https://www.nagarkotvalleyresort.com
Dhulikhel Royal Heritage,Dhulikhel,Dhulikhel Nepal,27.6240,85.5440,+977-11-492900,4.6,155,USD,Available,https://www.dhulikhelroyalheritage.com
Panauti Heritage Lodge,Panauti,Panauti Nepal,27.5848,85.5133,+977-11-442100,4.3,105,USD,Available,https://www.panautiheritagelodge.com
Bandipur Himalayan Crown,Bandipur,Bandipur Nepal,27.9390,84.4080,+977-65-564700,4.6,150,USD,Available,https://www.bandipurhimalayancrown.com
Gorkha Royal Heritage,Gorkha,Gorkha Nepal,28.0028,84.6348,+977-64-429000,4.5,135,USD,Available,https://www.gorkharoyalheritage.com
Manaslu Mountain Crown,Gorkha,Manaslu Nepal,28.6522,84.6522,+977-64-429100,4.6,165,USD,Available,https://www.manaslumountaincrown.com
Lamjung Valley Palace,Lamjung,Lamjung Nepal,28.2365,84.3765,+977-66-527000,4.4,125,USD,Available,https://www.lamjungvalleypalace.com
Besisahar Mountain View,Lamjung,Besisahar Nepal,28.2335,84.3735,+977-66-527100,4.3,110,USD,Available,https://www.besisaharmountainview.com
Hospital Name,Address,Phone,Latitude,Longitude,District,Destination,Province
Hotel Name,Destination,Address,Latitude,Longitude,Phone,Rating,Price Per Night,Currency,Booking Status,Booking URL
Annapurna Lake View Hotel,Pokhara,Lakeside Pokhara Nepal,28.2126,83.9576,+977-61-477200,4.5,145,USD,Available,https://www.annapurnalakeviewhotel.com
Pokhara Serenity Resort,Pokhara,Pokhara Nepal,28.2142,83.9562,+977-61-477300,4.4,125,USD,Available,https://www.pokharaserenityresort.com
Mountain Breeze Palace,Pokhara,Pokhara Nepal,28.2150,83.9550,+977-61-477400,4.3,110,USD,Available,https://www.mountainbreezepalace.com
Kathmandu Heritage View,Kathmandu,Thamel Nepal,27.7158,85.3128,+977-1-4708400,4.5,145,USD,Available,https://www.kathmanduheritageview.com
Thamel Royal Garden,Kathmandu,Thamel Nepal,27.7168,85.3138,+977-1-4708500,4.4,130,USD,Available,https://www.thamelroyalgarden.com
Himalayan Grand Palace,Kathmandu,Lazimpat Nepal,27.7198,85.3178,+977-1-4419500,4.6,165,USD,Available,https://www.himalayangrandpalace.com
Kathmandu Valley Inn,Kathmandu,Kathmandu Nepal,27.7140,85.3165,+977-1-4708600,4.2,95,USD,Available,https://www.kathmanduvalleyinn.com
Patan Royal Garden,Lalitpur,Patan Nepal,27.6740,85.3270,+977-1-5543000,4.5,140,USD,Available,https://www.patanroyalgarden.com
Newa Courtyard Hotel,Lalitpur,Patan Nepal,27.6732,85.3262,+977-1-5543100,4.4,125,USD,Available,https://www.newacourtyardhotel.com
Bhaktapur Heritage Crown,Bhaktapur,Bhaktapur Nepal,27.6732,85.4312,+977-1-6620800,4.5,135,USD,Available,https://www.bhaktapurheritagecrown.com
Ancient Bhaktapur Inn,Bhaktapur,Bhaktapur Nepal,27.6722,85.4305,+977-1-6620900,4.3,100,USD,Available,https://www.ancientbhaktapurinn.com
Nagarkot Himalayan Crown,Nagarkot,Nagarkot Nepal,27.7180,85.5210,+977-1-6687800,4.7,180,USD,Available,https://www.nagarkothimalayancrown.com
Nagarkot Valley Resort,Nagarkot,Nagarkot Nepal,27.7170,85.5200,+977-1-6687900,4.5,150,USD,Available,https://www.nagarkotvalleyresort.com
Dhulikhel Royal Heritage,Dhulikhel,Dhulikhel Nepal,27.6240,85.5440,+977-11-492900,4.6,155,USD,Available,https://www.dhulikhelroyalheritage.com
Panauti Heritage Lodge,Panauti,Panauti Nepal,27.5848,85.5133,+977-11-442100,4.3,105,USD,Available,https://www.panautiheritagelodge.com
Bandipur Himalayan Crown,Bandipur,Bandipur Nepal,27.9390,84.4080,+977-65-564700,4.6,150,USD,Available,https://www.bandipurhimalayancrown.com
Gorkha Royal Heritage,Gorkha,Gorkha Nepal,28.0028,84.6348,+977-64-429000,4.5,135,USD,Available,https://www.gorkharoyalheritage.com
Manaslu Mountain Crown,Gorkha,Manaslu Nepal,28.6522,84.6522,+977-64-429100,4.6,165,USD,Available,https://www.manaslumountaincrown.com
Lamjung Valley Palace,Lamjung,Lamjung Nepal,28.2365,84.3765,+977-66-527000,4.4,125,USD,Available,https://www.lamjungvalleypalace.com
Besisahar Mountain View,Lamjung,Besisahar Nepal,28.2335,84.3735,+977-66-527100,4.3,110,USD,Available,https://www.besisaharmountainview.com
Hotel Name,Destination,Address,Latitude,Longitude,Phone,Rating,Price Per Night,Currency,Booking Status,Booking URL
Annapurna Lake View Hotel,Pokhara,Lakeside Pokhara Nepal,28.2126,83.9576,+977-61-477200,4.5,145,USD,Available,https://www.annapurnalakeviewhotel.com
Pokhara Serenity Resort,Pokhara,Pokhara Nepal,28.2142,83.9562,+977-61-477300,4.4,125,USD,Available,https://www.pokharaserenityresort.com
Mountain Breeze Palace,Pokhara,Pokhara Nepal,28.2150,83.9550,+977-61-477400,4.3,110,USD,Available,https://www.mountainbreezepalace.com
Kathmandu Heritage View,Kathmandu,Thamel Nepal,27.7158,85.3128,+977-1-4708400,4.5,145,USD,Available,https://www.kathmanduheritageview.com
Thamel Royal Garden,Kathmandu,Thamel Nepal,27.7168,85.3138,+977-1-4708500,4.4,130,USD,Available,https://www.thamelroyalgarden.com
Himalayan Grand Palace,Kathmandu,Lazimpat Nepal,27.7198,85.3178,+977-1-4419500,4.6,165,USD,Available,https://www.himalayangrandpalace.com
Kathmandu Valley Inn,Kathmandu,Kathmandu Nepal,27.7140,85.3165,+977-1-4708600,4.2,95,USD,Available,https://www.kathmanduvalleyinn.com
Patan Royal Garden,Lalitpur,Patan Nepal,27.6740,85.3270,+977-1-5543000,4.5,140,USD,Available,https://www.patanroyalgarden.com
Newa Courtyard Hotel,Lalitpur,Patan Nepal,27.6732,85.3262,+977-1-5543100,4.4,125,USD,Available,https://www.newacourtyardhotel.com
Bhaktapur Heritage Crown,Bhaktapur,Bhaktapur Nepal,27.6732,85.4312,+977-1-6620800,4.5,135,USD,Available,https://www.bhaktapurheritagecrown.com
Ancient Bhaktapur Inn,Bhaktapur,Bhaktapur Nepal,27.6722,85.4305,+977-1-6620900,4.3,100,USD,Available,https://www.ancientbhaktapurinn.com
Nagarkot Himalayan Crown,Nagarkot,Nagarkot Nepal,27.7180,85.5210,+977-1-6687800,4.7,180,USD,Available,https://www.nagarkothimalayancrown.com
Nagarkot Valley Resort,Nagarkot,Nagarkot Nepal,27.7170,85.5200,+977-1-6687900,4.5,150,USD,Available,https://www.nagarkotvalleyresort.com
Dhulikhel Royal Heritage,Dhulikhel,Dhulikhel Nepal,27.6240,85.5440,+977-11-492900,4.6,155,USD,Available,https://www.dhulikhelroyalheritage.com
Panauti Heritage Lodge,Panauti,Panauti Nepal,27.5848,85.5133,+977-11-442100,4.3,105,USD,Available,https://www.panautiheritagelodge.com
Bandipur Himalayan Crown,Bandipur,Bandipur Nepal,27.9390,84.4080,+977-65-564700,4.6,150,USD,Available,https://www.bandipurhimalayancrown.com
Gorkha Royal Heritage,Gorkha,Gorkha Nepal,28.0028,84.6348,+977-64-429000,4.5,135,USD,Available,https://www.gorkharoyalheritage.com
Manaslu Mountain Crown,Gorkha,Manaslu Nepal,28.6522,84.6522,+977-64-429100,4.6,165,USD,Available,https://www.manaslumountaincrown.com
Lamjung Valley Palace,Lamjung,Lamjung Nepal,28.2365,84.3765,+977-66-527000,4.4,125,USD,Available,https://www.lamjungvalleypalace.com
Besisahar Mountain View,Lamjung,Besisahar Nepal,28.2335,84.3735,+977-66-527100,4.3,110,USD,Available,https://www.besisaharmountainview.com
Hotel Name,Destination,Address,Latitude,Longitude,Phone,Rating,Price Per Night,Currency,Booking Status,Booking URL
Manang Himalayan Crown,Manang,Manang Nepal,28.6688,84.0198,+977-66-450000,4.6,175,USD,Available,https://www.mananghimalayancrown.com
Annapurna Glacier Lodge,Manang,Annapurna Region Nepal,28.6712,84.0212,+977-66-450100,4.5,155,USD,Available,https://www.annapurnaglacierlodge.com
Mustang Desert Palace,Mustang,Jomsom Nepal,28.7820,83.7320,+977-69-449000,4.7,185,USD,Available,https://www.mustangdesertpalace.com
Kagbeni Himalayan View,Mustang,Kagbeni Nepal,28.8365,83.7835,+977-69-449100,4.5,150,USD,Available,https://www.kagbenihimalayanview.com
Marpha Mountain Crown,Mustang,Marpha Nepal,28.7515,83.6915,+977-69-449200,4.4,140,USD,Available,https://www.marphamountaincrown.com
Everest Royal Summit,Solukhumbu,Namche Nepal,27.8062,86.7112,+977-38-547000,4.7,210,USD,Available,https://www.everestroyalsummit.com
Khumbu Heritage Crown,Solukhumbu,Khumbu Nepal,27.8072,86.7132,+977-38-547100,4.6,180,USD,Available,https://www.khumbuheritagecrown.com
Lukla Himalayan Resort,Solukhumbu,Lukla Nepal,27.6882,86.7292,+977-38-547200,4.5,140,USD,Available,https://www.luklahimalayanresort.com
Chitwan Royal Jungle,Chitwan,Sauraha Nepal,27.5820,84.4955,+977-56-590000,4.6,145,USD,Available,https://www.chitwanroyaljungle.com
Sauraha Heritage Resort,Chitwan,Sauraha Nepal,27.5830,84.4965,+977-56-590100,4.5,125,USD,Available,https://www.saurahaheritageresort.com
Tharu Royal Palace,Chitwan,Sauraha Nepal,27.5840,84.4975,+977-56-590200,4.4,110,USD,Available,https://www.tharuroyalpalace.com
Lumbini Royal Serenity,Lumbini,Lumbini Nepal,27.4708,83.2768,+977-71-590000,4.6,140,USD,Available,https://www.lumbiniroyalserenity.com
Buddha Garden Palace,Lumbini,Lumbini Nepal,27.4701,83.2761,+977-71-590100,4.5,120,USD,Available,https://www.buddhagardenpalace.com
Maya Heritage Crown,Lumbini,Lumbini Nepal,27.4710,83.2759,+977-71-590200,4.4,105,USD,Available,https://www.mayaheritagecrown.com
Bhairahawa Royal Crown,Bhairahawa,Bhairahawa Nepal,27.5072,83.4562,+977-71-530000,4.5,125,USD,Available,https://www.bhairahawaroyalcrown.com
Siddhartha Heritage Inn,Bhairahawa,Bhairahawa Nepal,27.5062,83.4552,+977-71-530100,4.3,100,USD,Available,https://www.siddharthaheritageinn.com
Dharan Royal Palace,Dharan,Dharan Nepal,26.8112,87.2812,+977-25-527000,4.5,130,USD,Available,https://www.dharanroyalpalace.com
Koshi Mountain Resort,Dharan,Dharan Nepal,26.8128,87.2828,+977-25-527100,4.4,115,USD,Available,https://www.koshimountainresort.com
Ilam Himalayan Garden,Ilam,Ilam Nepal,26.9120,87.9320,+977-27-527000,4.6,155,USD,Available,https://www.ilamhimalayangarden.com
Kanyam Mountain Palace,Ilam,Kanyam Nepal,26.8820,87.9220,+977-27-527100,4.5,140,USD,Available,https://www.kanyammountainpalace.com
Hotel Name,Destination,Address,Latitude,Longitude,Phone,Rating,Price Per Night,Currency,Booking Status,Booking URL
Mai Valley Royal Resort,Ilam,Mai Valley Nepal,26.9165,87.9365,+977-27-527200,4.4,125,USD,Available,https://www.maivalleyroyalresort.com
Janakpur Royal Heritage,Janakpur,Janakpur Nepal,26.7295,85.9265,+977-41-528000,4.5,115,USD,Available,https://www.janakpurroyalheritage.com
Mithila Palace Resort,Janakpur,Janakpur Nepal,26.7285,85.9255,+977-41-528100,4.4,100,USD,Available,https://www.mithilapalaceresort.com
Sita Royal Garden,Janakpur,Janakpur Nepal,26.7280,85.9250,+977-41-528200,4.3,90,USD,Available,https://www.sitaroyalgarden.com
Palpa Mountain Heritage,Tansen,Palpa Nepal,27.8688,83.5478,+977-75-528000,4.6,150,USD,Available,https://www.palpamountainheritage.com
Srinagar Crown Resort,Tansen,Palpa Nepal,27.8692,83.5482,+977-75-528100,4.7,165,USD,Available,https://www.srinagarcrownresort.com
Tansen Royal Palace,Tansen,Palpa Nepal,27.8678,83.5468,+977-75-528200,4.4,120,USD,Available,https://www.tansenroyalpalace.com
Butwal Grand Heritage,Butwal,Butwal Nepal,27.7015,83.4515,+977-71-531000,4.5,135,USD,Available,https://www.butwalgrandheritage.com
Western Valley Crown,Butwal,Butwal Nepal,27.7005,83.4505,+977-71-531100,4.3,105,USD,Available,https://www.westernvalleycrown.com
Biratnagar Royal Heritage,Biratnagar,Biratnagar Nepal,26.4540,87.2730,+977-21-531000,4.5,125,USD,Available,https://www.biratnagarroyalheritage.com
Koshi Valley Palace,Biratnagar,Biratnagar Nepal,26.4530,87.2720,+977-21-531100,4.4,110,USD,Available,https://www.koshivalleypalace.com
Eastern Crown Hotel,Biratnagar,Biratnagar Nepal,26.4538,87.2728,+977-21-531200,4.3,95,USD,Available,https://www.easterncrownhotel.com
Pokhara Grand Heritage,Pokhara,Lakeside Pokhara Nepal,28.2124,83.9594,+977-61-478000,4.7,180,USD,Available,https://www.pokharagrandheritage.com
Fewa Royal Garden,Pokhara,Fewa Lake Nepal,28.2114,83.9584,+977-61-478100,4.6,160,USD,Available,https://www.fewaroyalgarden.com
Annapurna Palace Resort,Pokhara,Pokhara Nepal,28.2155,83.9565,+977-61-478200,4.5,145,USD,Available,https://www.annapurnapalaceresort.com
Mountain View Crown,Pokhara,Pokhara Nepal,28.2160,83.9555,+977-61-478300,4.4,125,USD,Available,https://www.mountainviewcrown.com
Kathmandu Imperial Crown,Kathmandu,Thamel Nepal,27.7160,85.3130,+977-1-4708700,4.6,170,USD,Available,https://www.kathmanduimperialcrown.com
Thamel Heritage Resort,Kathmandu,Thamel Nepal,27.7170,85.3140,+977-1-4708800,4.5,150,USD,Available,https://www.thamelheritageresort.com
Himalayan Royal Inn,Kathmandu,Lazimpat Nepal,27.7200,85.3180,+977-1-4419600,4.7,180,USD,Available,https://www.himalayanroyalinn.com
Kathmandu Valley Crown,Kathmandu,Kathmandu Nepal,27.7145,85.3168,+977-1-4708900,4.4,120,USD,Available,https://www.kathmanduvalleycrown.com
Hotel Name,Destination,Address,Latitude,Longitude,Phone,Rating,Price Per Night,Currency,Booking Status,Booking URL
Mai Valley Royal Resort,Ilam,Mai Valley Nepal,26.9165,87.9365,+977-27-527200,4.4,125,USD,Available,https://www.maivalleyroyalresort.com
Janakpur Royal Heritage,Janakpur,Janakpur Nepal,26.7295,85.9265,+977-41-528000,4.5,115,USD,Available,https://www.janakpurroyalheritage.com
Mithila Palace Resort,Janakpur,Janakpur Nepal,26.7285,85.9255,+977-41-528100,4.4,100,USD,Available,https://www.mithilapalaceresort.com
Sita Royal Garden,Janakpur,Janakpur Nepal,26.7280,85.9250,+977-41-528200,4.3,90,USD,Available,https://www.sitaroyalgarden.com
Palpa Mountain Heritage,Tansen,Palpa Nepal,27.8688,83.5478,+977-75-528000,4.6,150,USD,Available,https://www.palpamountainheritage.com
Srinagar Crown Resort,Tansen,Palpa Nepal,27.8692,83.5482,+977-75-528100,4.7,165,USD,Available,https://www.srinagarcrownresort.com
Tansen Royal Palace,Tansen,Palpa Nepal,27.8678,83.5468,+977-75-528200,4.4,120,USD,Available,https://www.tansenroyalpalace.com
Butwal Grand Heritage,Butwal,Butwal Nepal,27.7015,83.4515,+977-71-531000,4.5,135,USD,Available,https://www.butwalgrandheritage.com
Western Valley Crown,Butwal,Butwal Nepal,27.7005,83.4505,+977-71-531100,4.3,105,USD,Available,https://www.westernvalleycrown.com
Biratnagar Royal Heritage,Biratnagar,Biratnagar Nepal,26.4540,87.2730,+977-21-531000,4.5,125,USD,Available,https://www.biratnagarroyalheritage.com
Koshi Valley Palace,Biratnagar,Biratnagar Nepal,26.4530,87.2720,+977-21-531100,4.4,110,USD,Available,https://www.koshivalleypalace.com
Eastern Crown Hotel,Biratnagar,Biratnagar Nepal,26.4538,87.2728,+977-21-531200,4.3,95,USD,Available,https://www.easterncrownhotel.com
Pokhara Grand Heritage,Pokhara,Lakeside Pokhara Nepal,28.2124,83.9594,+977-61-478000,4.7,180,USD,Available,https://www.pokharagrandheritage.com
Fewa Royal Garden,Pokhara,Fewa Lake Nepal,28.2114,83.9584,+977-61-478100,4.6,160,USD,Available,https://www.fewaroyalgarden.com
Annapurna Palace Resort,Pokhara,Pokhara Nepal,28.2155,83.9565,+977-61-478200,4.5,145,USD,Available,https://www.annapurnapalaceresort.com
Mountain View Crown,Pokhara,Pokhara Nepal,28.2160,83.9555,+977-61-478300,4.4,125,USD,Available,https://www.mountainviewcrown.com
Kathmandu Imperial Crown,Kathmandu,Thamel Nepal,27.7160,85.3130,+977-1-4708700,4.6,170,USD,Available,https://www.kathmanduimperialcrown.com
Thamel Heritage Resort,Kathmandu,Thamel Nepal,27.7170,85.3140,+977-1-4708800,4.5,150,USD,Available,https://www.thamelheritageresort.com
Himalayan Royal Inn,Kathmandu,Lazimpat Nepal,27.7200,85.3180,+977-1-4419600,4.7,180,USD,Available,https://www.himalayanroyalinn.com
Kathmandu Valley Crown,Kathmandu,Kathmandu Nepal,27.7145,85.3168,+977-1-4708900,4.4,120,USD,Available,https://www.kathmanduvalleycrown.comHotel 
Name,Destination,Address,Latitude,Longitude,Phone,Rating,Price Per Night,Currency,Booking Status,Booking URL
Patan Heritage Crown,Lalitpur,Patan Nepal,27.6742,85.3272,+977-1-5543200,4.6,150,USD,Available,https://www.patanheritagecrown.com
Newa Royal Courtyard,Lalitpur,Patan Nepal,27.6735,85.3265,+977-1-5543300,4.5,135,USD,Available,https://www.newaroyalcourtyard.com
Lalitpur Palace Resort,Lalitpur,Patan Nepal,27.6748,85.3275,+977-1-5543400,4.4,120,USD,Available,https://www.lalitpurpalaceresort.com
Bhaktapur Royal Crown,Bhaktapur,Bhaktapur Nepal,27.6735,85.4315,+977-1-6621000,4.6,145,USD,Available,https://www.bhaktapurroyalcrown.com
Bhaktapur Heritage Garden,Bhaktapur,Bhaktapur Nepal,27.6725,85.4308,+977-1-6621100,4.4,115,USD,Available,https://www.bhaktapurheritagegarden.com
Ancient Durbar Inn,Bhaktapur,Bhaktapur Nepal,27.6718,85.4302,+977-1-6621200,4.3,100,USD,Available,https://www.ancientdurbarinn.com
Nagarkot Royal Summit,Nagarkot,Nagarkot Nepal,27.7182,85.5212,+977-1-6688000,4.7,190,USD,Available,https://www.nagarkotroyalsummit.com
Nagarkot Himalayan View,Nagarkot,Nagarkot Nepal,27.7174,85.5204,+977-1-6688100,4.6,165,USD,Available,https://www.nagarkothimalayanview.com
Dhulikhel Valley Crown,Dhulikhel,Dhulikhel Nepal,27.6245,85.5445,+977-11-493000,4.5,150,USD,Available,https://www.dhulikhelvalleycrown.com
Dhulikhel Royal Summit,Dhulikhel,Dhulikhel Nepal,27.6240,85.5440,+977-11-493100,4.6,165,USD,Available,https://www.dhulikhelroyalsummit.com
Panauti Royal Heritage,Panauti,Panauti Nepal,27.5850,85.5135,+977-11-442200,4.4,115,USD,Available,https://www.panautiroyalheritage.com
Bandipur Royal Summit,Bandipur,Bandipur Nepal,27.9395,84.4085,+977-65-564800,4.7,170,USD,Available,https://www.bandipurroyalsummit.com
Bandipur Heritage Garden,Bandipur,Bandipur Nepal,27.9382,84.4072,+977-65-564900,4.5,145,USD,Available,https://www.bandipurheritagegarden.com
Gorkha Palace Crown,Gorkha,Gorkha Nepal,28.0030,84.6350,+977-64-430000,4.6,150,USD,Available,https://www.gorkhapalacecrown.com
Gorkha Mountain Resort,Gorkha,Gorkha Nepal,28.0020,84.6340,+977-64-430100,4.5,130,USD,Available,https://www.gorkhamountainresort.com
Manaslu Royal Crown,Gorkha,Manaslu Nepal,28.6525,84.6525,+977-64-430200,4.6,175,USD,Available,https://www.manasluroyalcrown.com
Lamjung Heritage Crown,Lamjung,Lamjung Nepal,28.2368,84.3768,+977-66-528000,4.5,135,USD,Available,https://www.lamjungheritagecrown.com
Besisahar Royal Crown,Lamjung,Besisahar Nepal,28.2338,84.3738,+977-66-528100,4.4,115,USD,Available,https://www.besisaharroyalcrown.com
Manang Summit Lodge,Manang,Manang Nepal,28.6690,84.0200,+977-66-451000,4.7,185,USD,Available,https://www.manangsummitlodge.com
Annapurna Royal Crown,Manang,Annapurna Region Nepal,28.6715,84.0215,+977-66-451100,4.6,165,USD,Available,https://www.annapurnaroyalcrown.com
Hotel Name,Destination,Address,Latitude,Longitude,Phone,Rating,Price Per Night,Currency,Booking Status,Booking URL
Patan Heritage Crown,Lalitpur,Patan Nepal,27.6742,85.3272,+977-1-5543200,4.6,150,USD,Available,https://www.patanheritagecrown.com
Newa Royal Courtyard,Lalitpur,Patan Nepal,27.6735,85.3265,+977-1-5543300,4.5,135,USD,Available,https://www.newaroyalcourtyard.com
Lalitpur Palace Resort,Lalitpur,Patan Nepal,27.6748,85.3275,+977-1-5543400,4.4,120,USD,Available,https://www.lalitpurpalaceresort.com
Bhaktapur Royal Crown,Bhaktapur,Bhaktapur Nepal,27.6735,85.4315,+977-1-6621000,4.6,145,USD,Available,https://www.bhaktapurroyalcrown.com
Bhaktapur Heritage Garden,Bhaktapur,Bhaktapur Nepal,27.6725,85.4308,+977-1-6621100,4.4,115,USD,Available,https://www.bhaktapurheritagegarden.com
Ancient Durbar Inn,Bhaktapur,Bhaktapur Nepal,27.6718,85.4302,+977-1-6621200,4.3,100,USD,Available,https://www.ancientdurbarinn.com
Nagarkot Royal Summit,Nagarkot,Nagarkot Nepal,27.7182,85.5212,+977-1-6688000,4.7,190,USD,Available,https://www.nagarkotroyalsummit.com
Nagarkot Himalayan View,Nagarkot,Nagarkot Nepal,27.7174,85.5204,+977-1-6688100,4.6,165,USD,Available,https://www.nagarkothimalayanview.com
Dhulikhel Valley Crown,Dhulikhel,Dhulikhel Nepal,27.6245,85.5445,+977-11-493000,4.5,150,USD,Available,https://www.dhulikhelvalleycrown.com
Dhulikhel Royal Summit,Dhulikhel,Dhulikhel Nepal,27.6240,85.5440,+977-11-493100,4.6,165,USD,Available,https://www.dhulikhelroyalsummit.com
Panauti Royal Heritage,Panauti,Panauti Nepal,27.5850,85.5135,+977-11-442200,4.4,115,USD,Available,https://www.panautiroyalheritage.com
Bandipur Royal Summit,Bandipur,Bandipur Nepal,27.9395,84.4085,+977-65-564800,4.7,170,USD,Available,https://www.bandipurroyalsummit.com
Bandipur Heritage Garden,Bandipur,Bandipur Nepal,27.9382,84.4072,+977-65-564900,4.5,145,USD,Available,https://www.bandipurheritagegarden.com
Gorkha Palace Crown,Gorkha,Gorkha Nepal,28.0030,84.6350,+977-64-430000,4.6,150,USD,Available,https://www.gorkhapalacecrown.com
Gorkha Mountain Resort,Gorkha,Gorkha Nepal,28.0020,84.6340,+977-64-430100,4.5,130,USD,Available,https://www.gorkhamountainresort.com
Manaslu Royal Crown,Gorkha,Manaslu Nepal,28.6525,84.6525,+977-64-430200,4.6,175,USD,Available,https://www.manasluroyalcrown.com
Lamjung Heritage Crown,Lamjung,Lamjung Nepal,28.2368,84.3768,+977-66-528000,4.5,135,USD,Available,https://www.lamjungheritagecrown.com
Besisahar Royal Crown,Lamjung,Besisahar Nepal,28.2338,84.3738,+977-66-528100,4.4,115,USD,Available,https://www.besisaharroyalcrown.com
Manang Summit Lodge,Manang,Manang Nepal,28.6690,84.0200,+977-66-451000,4.7,185,USD,Available,https://www.manangsummitlodge.com
Annapurna Royal Crown,Manang,Annapurna Region Nepal,28.6715,84.0215,+977-66-451100,4.6,165,USD,Available,https://www.annapurnaroyalcrown.comHospital 
Name,Address,Phone,Latitude,Longitude,District,Destination,Province
Darchula District Hospital,Darchula,+977-093-520123,29.8500,80.5500,Darchula,Darchula,Sudurpashchim
Bajhang District Hospital,Chainpur,+977-092-420123,29.5500,81.1800,Bajhang,Chainpur,Sudurpashchim
Bajura District Hospital,Martadi,+977-097-420123,29.4200,81.4200,Bajura,Martadi,Sudurpashchim
Achham District Hospital,Mangalsen,+977-097-620123,29.1300,81.2500,Achham,Mangalsen,Sudurpashchim
Surkhet Provincial Hospital,Birendranagar,+977-083-520123,28.6000,81.6300,Surkhet,Birendranagar,Karnali
Karnali Academy of Health Sciences,Jumla,+977-087-520123,29.2700,82.1800,Jumla,Jumla,Karnali
Jumla District Hospital,Jumla,+977-087-520456,29.2700,82.1800,Jumla,Jumla,Karnali
Dolpa District Hospital,Dunai,+977-087-590123,29.0000,82.8200,Dolpa,Dunai,Karnali
Mugu District Hospital,Gamgadhi,+977-087-690123,29.5300,82.0900,Mugu,Gamgadhi,Karnali
Kalikot District Hospital,Manma,+977-087-440123,29.1500,81.6200,Kalikot,Manma,Karnali
Jajarkot District Hospital,Khalanga,+977-089-430123,28.7000,82.1800,Jajarkot,Khalanga,Karnali
Dailekh District Hospital,Dailekh,+977-089-420123,28.8500,81.7100,Dailekh,Dailekh,Karnali
Salyan District Hospital,Salyan,+977-088-520123,28.3800,82.1700,Salyan,Salyan,Karnali
Bheri Hospital,Nepalgunj,+977-081-520123,28.0500,81.6200,Banke,Nepalgunj,Lumbini
Nepalgunj Medical College Hospital,Kohalpur,+977-081-540000,28.2100,81.6800,Banke,Kohalpur,Lumbini
Rapti Academy of Health Sciences,Ghorahi,+977-082-560123,28.0300,82.4800,Dang,Ghorahi,Lumbini
Rapti Provincial Hospital,Tulsipur,+977-082-560456,28.1300,82.3000,Dang,Tulsipur,Lumbini
Dang Valley Hospital,Ghorahi,+977-082-560123,28.0300,82.4800,Dang,Ghorahi,Lumbini
Lamahi Hospital,Lamahi,+977-082-560789,27.8500,82.5500,Dang,Lamahi,Lumbini
Lumbini Provincial Hospital,Butwal,+977-071-540200,27.7000,83.4500,Rupandehi,Butwal,Lumbini
Universal College of Medical Sciences,Bhairahawa,+977-071-506016,27.5000,83.4500,Rupandehi,Bhairahawa,Lumbini
Crimson Hospital,Manigram,+977-071-520111,27.6500,83.4700,Rupandehi,Manigram,Lumbini
Tansen Mission Hospital,Tansen,+977-075-520123,27.8700,83.5500,Palpa,Tansen,Lumbini
Palpa District Hospital,Tansen,+977-075-520102,27.8700,83.5500,Palpa,Tansen,Lumbini
Seti Provincial Hospital,Dhangadhi,+977-091-520123,28.7000,80.5900,Kailali,Dhangadhi,Sudurpashchim
Mahakali Provincial Hospital,Mahendranagar,+977-099-521123,28.9600,80.1800,Kanchanpur,Mahendranagar,Sudurpashchim
Dadeldhura Hospital,Dadeldhura,+977-096-420123,29.3000,80.5800,Dadeldhura,Dadeldhura,Sudurpashchim
Hotel Name,Destination,Address,Latitude,Longitude,Phone,Rating,Price Per Night,Currency,Booking Status,Booking URL
Mustang Royal Summit,Mustang,Jomsom Nepal,28.7825,83.7325,+977-69-450000,4.7,190,USD,Available,https://www.mustangroyalsummit.com
Kagbeni Heritage Crown,Mustang,Kagbeni Nepal,28.8370,83.7840,+977-69-450100,4.6,160,USD,Available,https://www.kagbeniheritagecrown.com
Marpha Royal Summit,Mustang,Marpha Nepal,28.7520,83.6920,+977-69-450200,4.5,145,USD,Available,https://www.marpharoyalsummit.com
Everest Himalayan Crown,Solukhumbu,Namche Nepal,27.8065,86.7115,+977-38-548000,4.8,220,USD,Available,https://www.everesthimalayancrown.com
Khumbu Royal Summit,Solukhumbu,Khumbu Nepal,27.8075,86.7135,+977-38-548100,4.7,190,USD,Available,https://www.khumburoyalsummit.com
Lukla Everest Crown,Solukhumbu,Lukla Nepal,27.6885,86.7295,+977-38-548200,4.5,150,USD,Available,https://www.luklaeverestcrown.com
Chitwan Royal Safari Resort,Chitwan,Sauraha Nepal,27.5825,84.4960,+977-56-591000,4.7,155,USD,Available,https://www.chitwanroyalsafariresort.com
Sauraha Jungle Crown,Chitwan,Sauraha Nepal,27.5835,84.4970,+977-56-591100,4.6,135,USD,Available,https://www.saurahajunglecrown.com
Tharu Heritage Crown,Chitwan,Sauraha Nepal,27.5845,84.4980,+977-56-591200,4.5,120,USD,Available,https://www.tharuheritagecrown.com
Lumbini Golden Crown,Lumbini,Lumbini Nepal,27.4712,83.2772,+977-71-591000,4.6,150,USD,Available,https://www.lumbinigoldencrown.com
Buddha Royal Summit,Lumbini,Lumbini Nepal,27.4705,83.2765,+977-71-591100,4.5,130,USD,Available,https://www.buddharoyalsummit.com
Maya Heritage Palace,Lumbini,Lumbini Nepal,27.4715,83.2760,+977-71-591200,4.4,115,USD,Available,https://www.mayaheritagepalace.com
Bhairahawa Royal Summit,Bhairahawa,Bhairahawa Nepal,27.5075,83.4565,+977-71-532000,4.5,135,USD,Available,https://www.bhairahawaroyalsummit.com
Siddhartha Crown Hotel,Bhairahawa,Bhairahawa Nepal,27.5065,83.4555,+977-71-532100,4.4,115,USD,Available,https://www.siddharthacrownhotel.com
Rupandehi Heritage Resort,Bhairahawa,Rupandehi Nepal,27.5110,83.4570,+977-71-532200,4.3,95,USD,Available,https://www.rupandehiheritageresort.com
Dharan Himalayan Crown,Dharan,Dharan Nepal,26.8115,87.2815,+977-25-528000,4.6,145,USD,Available,https://www.dharanhimalayancrown.com
Koshi Royal Summit,Dharan,Dharan Nepal,26.8130,87.2830,+977-25-528100,4.5,125,USD,Available,https://www.koshiroyalsummit.com
Dharan Heritage Garden,Dharan,Dharan Nepal,26.8105,87.2805,+977-25-528200,4.3,100,USD,Available,https://www.dharanheritagegarden.com
Ilam Royal Summit,Ilam,Ilam Nepal,26.9125,87.9325,+977-27-528000,4.7,160,USD,Available,https://www.ilamroyalsummit.com
Kanyam Heritage Crown,Ilam,Kanyam Nepal,26.8825,87.9225,+977-27-528100,4.6,145,USD,Available,https://www.kanyamheritagecrown.com
Hotel Name,Destination,Address,Latitude,Longitude,Phone,Rating,Price Per Night,Currency,Booking Status,Booking URL
Mai Valley Mountain Crown,Ilam,Mai Valley Nepal,26.9170,87.9370,+977-27-528200,4.5,130,USD,Available,https://www.maivalleymountaincrown.com
Janakpur Royal Summit,Janakpur,Janakpur Nepal,26.7300,85.9270,+977-41-529000,4.6,135,USD,Available,https://www.janakpurroyalsummit.com
Mithila Heritage Crown,Janakpur,Janakpur Nepal,26.7290,85.9260,+977-41-529100,4.5,115,USD,Available,https://www.mithilaheritagecrown.com
Sita Royal Palace,Janakpur,Janakpur Nepal,26.7285,85.9255,+977-41-529200,4.4,100,USD,Available,https://www.sitaroyalpalace.com
Palpa Himalayan Crown,Tansen,Palpa Nepal,27.8690,83.5480,+977-75-529000,4.7,160,USD,Available,https://www.palpahimalayancrown.com
Srinagar Heritage Resort,Tansen,Palpa Nepal,27.8695,83.5485,+977-75-529100,4.6,150,USD,Available,https://www.srinagarheritageresort.com
Tansen Royal Summit,Tansen,Palpa Nepal,27.8680,83.5470,+977-75-529200,4.5,130,USD,Available,https://www.tansenroyalsummit.com
Butwal Himalayan Palace,Butwal,Butwal Nepal,27.7020,83.4520,+977-71-533000,4.6,145,USD,Available,https://www.butwalhimalayanpalace.com
Western Royal Summit,Butwal,Butwal Nepal,27.7010,83.4510,+977-71-533100,4.4,115,USD,Available,https://www.westernroyalsummit.com
Biratnagar Himalayan Crown,Biratnagar,Biratnagar Nepal,26.4545,87.2735,+977-21-533000,4.6,140,USD,Available,https://www.biratnagarhimalayancrown.com
Koshi Heritage Crown,Biratnagar,Biratnagar Nepal,26.4535,87.2725,+977-21-533100,4.5,120,USD,Available,https://www.koshiheritagecrown.com
Eastern Royal Summit,Biratnagar,Biratnagar Nepal,26.4540,87.2730,+977-21-533200,4.3,100,USD,Available,https://www.easternroyalsummit.com
Pokhara Royal Summit,Pokhara,Lakeside Pokhara Nepal,28.2128,83.9598,+977-61-479000,4.8,190,USD,Available,https://www.pokhararoyalsummit.com
Fewa Himalayan Crown,Pokhara,Fewa Lake Nepal,28.2118,83.9588,+977-61-479100,4.7,170,USD,Available,https://www.fewahimalayancrown.com
Annapurna Heritage Palace,Pokhara,Pokhara Nepal,28.2158,83.9568,+977-61-479200,4.6,150,USD,Available,https://www.annapurnaheritagepalace.com
Mountain Royal Retreat,Pokhara,Pokhara Nepal,28.2162,83.9558,+977-61-479300,4.5,135,USD,Available,https://www.mountainroyalretreat.com
Kathmandu Royal Heritage,Kathmandu,Thamel Nepal,27.7162,85.3132,+977-1-4709000,4.7,180,USD,Available,https://www.kathmanduroyalheritage.com
Thamel Himalayan Crown,Kathmandu,Thamel Nepal,27.7172,85.3142,+977-1-4709100,4.6,160,USD,Available,https://www.thamelhimalayancrown.com
Himalayan Imperial Palace,Kathmandu,Lazimpat Nepal,27.7202,85.3182,+977-1-4419700,4.8,200,USD,Available,https://www.himalayanimperialpalace.com
Kathmandu Grand Summit,Kathmandu,Kathmandu Nepal,27.7148,85.3170,+977-1-4709200,4.5,140,USD,Available,https://www.kathmandugrandsummit.com
Hotel Name,Destination,Address,Latitude,Longitude,Phone,Rating,Price Per Night,Currency,Booking Status,Booking URL
Patan Himalayan Palace,Lalitpur,Patan Nepal,27.6745,85.3275,+977-1-5543500,4.7,165,USD,Available,https://www.patanhimalayanpalace.com
Newa Heritage Summit,Lalitpur,Patan Nepal,27.6738,85.3268,+977-1-5543600,4.6,145,USD,Available,https://www.newaheritage summit.com
Lalitpur Royal Crown,Lalitpur,Patan Nepal,27.6750,85.3278,+977-1-5543700,4.5,130,USD,Available,https://www.lalitpurroyalcrown.com
Bhaktapur Himalayan Palace,Bhaktapur,Bhaktapur Nepal,27.6738,85.4318,+977-1-6621300,4.7,160,USD,Available,https://www.bhaktapurhimalayanpalace.com
Durbar Square Royal Inn,Bhaktapur,Bhaktapur Nepal,27.6728,85.4310,+977-1-6621400,4.5,125,USD,Available,https://www.durbarsquareroyalinn.com
Bhaktapur Golden Crown,Bhaktapur,Bhaktapur Nepal,27.6720,85.4304,+977-1-6621500,4.4,110,USD,Available,https://www.bhaktapurgoldencrown.com
Nagarkot Grand Summit,Nagarkot,Nagarkot Nepal,27.7185,85.5215,+977-1-6688200,4.8,210,USD,Available,https://www.nagarkotgrandsummit.com
Nagarkot Royal Heritage,Nagarkot,Nagarkot Nepal,27.7178,85.5208,+977-1-6688300,4.7,185,USD,Available,https://www.nagarkotroyalheritage.com
Dhulikhel Himalayan Palace,Dhulikhel,Dhulikhel Nepal,27.6248,85.5448,+977-11-493200,4.7,175,USD,Available,https://www.dhulikhelhimalayanpalace.com
Dhulikhel Golden Summit,Dhulikhel,Dhulikhel Nepal,27.6242,85.5442,+977-11-493300,4.5,140,USD,Available,https://www.dhulikhelgoldensummit.com
Panauti Heritage Crown,Panauti,Panauti Nepal,27.5852,85.5138,+977-11-442300,4.5,125,USD,Available,https://www.panautiheritagecrown.com
Bandipur Grand Summit,Bandipur,Bandipur Nepal,27.9400,84.4090,+977-65-565000,4.8,190,USD,Available,https://www.bandipurgrandsummit.com
Bandipur Himalayan Palace,Bandipur,Bandipur Nepal,27.9388,84.4080,+977-65-565100,4.6,155,USD,Available,https://www.bandipurhimalayanpalace.com
Gorkha Himalayan Summit,Gorkha,Gorkha Nepal,28.0032,84.6352,+977-64-431000,4.7,170,USD,Available,https://www.gorkhahimalayansummit.com
Gorkha Heritage Crown,Gorkha,Gorkha Nepal,28.0024,84.6344,+977-64-431100,4.5,140,USD,Available,https://www.gorkhaheritagecrown.com
Manaslu Grand Summit,Gorkha,Manaslu Nepal,28.6528,84.6528,+977-64-431200,4.8,200,USD,Available,https://www.manaslugrandsummit.com
Lamjung Royal Summit,Lamjung,Lamjung Nepal,28.2370,84.3770,+977-66-529000,4.6,150,USD,Available,https://www.lamjungroyalsummit.com
Besisahar Heritage Crown,Lamjung,Besisahar Nepal,28.2340,84.3740,+977-66-529100,4.5,130,USD,Available,https://www.besisaharheritagecrown.com
Manang Royal Palace,Manang,Manang Nepal,28.6692,84.0202,+977-66-452000,4.8,210,USD,Available,https://www.manangroyalpalace.com
Annapurna Grand Summit,Manang,Annapurna Region Nepal,28.6718,84.0218,+977-66-452100,4.7,185,USD,Available,https://www.annapurnagrandsummit.com
Hotel Name,Destination,Address,Latitude,Longitude,Phone,Rating,Price Per Night,Currency,Booking Status,Booking URL
Mustang Himalayan Palace,Mustang,Jomsom Nepal,28.7830,83.7330,+977-69-451000,4.8,210,USD,Available,https://www.mustanghimalayanpalace.com
Kagbeni Royal Summit,Mustang,Kagbeni Nepal,28.8375,83.7845,+977-69-451100,4.7,175,USD,Available,https://www.kagbeniroyalsummit.com
Marpha Heritage Palace,Mustang,Marpha Nepal,28.7525,83.6925,+977-69-451200,4.6,155,USD,Available,https://www.marphaheritagepalace.com
Everest Grand Summit,Solukhumbu,Namche Nepal,27.8068,86.7118,+977-38-549000,4.9,230,USD,Available,https://www.everestgrandsummit.com
Khumbu Himalayan Palace,Solukhumbu,Khumbu Nepal,27.8078,86.7138,+977-38-549100,4.8,200,USD,Available,https://www.khumbuhimalayanpalace.com
Lukla Royal Heritage,Solukhumbu,Lukla Nepal,27.6888,86.7298,+977-38-549200,4.6,155,USD,Available,https://www.luklaroyalheritage.com
Chitwan Grand Safari Resort,Chitwan,Sauraha Nepal,27.5830,84.4965,+977-56-592000,4.8,165,USD,Available,https://www.chitwangrandsafariresort.com
Sauraha Royal Jungle,Chitwan,Sauraha Nepal,27.5840,84.4975,+977-56-592100,4.7,145,USD,Available,https://www.sauraharoyaljungle.com
Tharu Jungle Palace,Chitwan,Sauraha Nepal,27.5850,84.4985,+977-56-592200,4.6,125,USD,Available,https://www.tharujunglepalace.com
Lumbini Grand Summit,Lumbini,Lumbini Nepal,27.4718,83.2778,+977-71-592000,4.8,165,USD,Available,https://www.lumbinigrandsummit.com
Buddha Himalayan Palace,Lumbini,Lumbini Nepal,27.4710,83.2770,+977-71-592100,4.7,145,USD,Available,https://www.buddhahimalayanpalace.com
Maya Royal Summit,Lumbini,Lumbini Nepal,27.4718,83.2762,+977-71-592200,4.5,120,USD,Available,https://www.mayaroyalsummit.com
Bhairahawa Himalayan Crown,Bhairahawa,Bhairahawa Nepal,27.5080,83.4570,+977-71-534000,4.6,145,USD,Available,https://www.bhairahawahimalayancrown.com
Siddhartha Grand Summit,Bhairahawa,Bhairahawa Nepal,27.5070,83.4560,+977-71-534100,4.5,125,USD,Available,https://www.siddharthagrandsummit.com
Rupandehi Royal Palace,Bhairahawa,Rupandehi Nepal,27.5115,83.4575,+977-71-534200,4.4,105,USD,Available,https://www.rupandehiroyalpalace.com
Dharan Grand Summit,Dharan,Dharan Nepal,26.8120,87.2820,+977-25-529000,4.7,155,USD,Available,https://www.dharangrandsummit.com
Koshi Himalayan Palace,Dharan,Dharan Nepal,26.8135,87.2835,+977-25-529100,4.6,135,USD,Available,https://www.koshihimalayanpalace.com
Dharan Royal Garden,Dharan,Dharan Nepal,26.8110,87.2810,+977-25-529200,4.4,110,USD,Available,https://www.dharanroyalgarden.com
Ilam Grand Summit,Ilam,Ilam Nepal,26.9130,87.9330,+977-27-529000,4.8,170,USD,Available,https://www.ilamgrandsummit.com
Kanyam Himalayan Palace,Ilam,Kanyam Nepal,26.8830,87.9230,+977-27-529100,4.7,150,USD,Available,https://www.kanyamhimalayanpalace.com
Hotel Name,Destination,Address,Latitude,Longitude,Phone,Rating,Price Per Night,Currency,Booking Status,Booking URL
Mai Valley Grand Resort,Ilam,Mai Valley Nepal,26.9175,87.9375,+977-27-529200,4.6,135,USD,Available,https://www.maivalleygrandresort.com
Janakpur Himalayan Palace,Janakpur,Janakpur Nepal,26.7305,85.9275,+977-41-530000,4.7,150,USD,Available,https://www.janakpurhimalayanpalace.com
Mithila Grand Summit,Janakpur,Janakpur Nepal,26.7295,85.9265,+977-41-530100,4.6,130,USD,Available,https://www.mithilagrandsummit.com
Sita Heritage Resort,Janakpur,Janakpur Nepal,26.7290,85.9260,+977-41-530200,4.5,110,USD,Available,https://www.sitaheritageresort.com
Palpa Grand Summit,Tansen,Palpa Nepal,27.8695,83.5485,+977-75-530000,4.8,170,USD,Available,https://www.palpagrandsummit.com
Srinagar Himalayan Palace,Tansen,Palpa Nepal,27.8700,83.5490,+977-75-530100,4.7,155,USD,Available,https://www.srinagarhimalayanpalace.com
Tansen Heritage Summit,Tansen,Palpa Nepal,27.8685,83.5475,+977-75-530200,4.6,140,USD,Available,https://www.tansenheritagesummit.com
Butwal Grand Summit,Butwal,Butwal Nepal,27.7025,83.4525,+977-71-535000,4.7,160,USD,Available,https://www.butwalgrandsummit.com
Western Himalayan Palace,Butwal,Butwal Nepal,27.7015,83.4515,+977-71-535100,4.5,125,USD,Available,https://www.westernhimalayanpalace.com
Biratnagar Grand Summit,Biratnagar,Biratnagar Nepal,26.4550,87.2740,+977-21-535000,4.7,155,USD,Available,https://www.biratnagargrandsummit.com
Koshi Himalayan Resort,Biratnagar,Biratnagar Nepal,26.4540,87.2730,+977-21-535100,4.6,135,USD,Available,https://www.koshihimalayanresort.com
Eastern Heritage Palace,Biratnagar,Biratnagar Nepal,26.4545,87.2735,+977-21-535200,4.4,110,USD,Available,https://www.easternheritagepalace.com
Pokhara Imperial Summit,Pokhara,Lakeside Pokhara Nepal,28.2130,83.9600,+977-61-480000,4.9,210,USD,Available,https://www.pokharaimperialsummit.com
Fewa Grand Palace,Pokhara,Fewa Lake Nepal,28.2120,83.9590,+977-61-480100,4.8,185,USD,Available,https://www.fewagrandpalace.com
Annapurna Himalayan Resort,Pokhara,Pokhara Nepal,28.2160,83.9570,+977-61-480200,4.7,160,USD,Available,https://www.annapurnahimalayanresort.com
Mountain Grand Crown,Pokhara,Pokhara Nepal,28.2165,83.9560,+977-61-480300,4.6,145,USD,Available,https://www.mountaingrandcrown.com
Kathmandu Grand Heritage,Kathmandu,Thamel Nepal,27.7165,85.3135,+977-1-4709300,4.8,200,USD,Available,https://www.kathmandugrandheritage.com
Thamel Imperial Palace,Kathmandu,Thamel Nepal,27.7175,85.3145,+977-1-4709400,4.7,180,USD,Available,https://www.thamelimperialpalace.com
Himalayan Grand Summit,Kathmandu,Lazimpat Nepal,27.7205,85.3185,+977-1-4419800,4.9,220,USD,Available,https://www.himalayangrandsummit.com
Kathmandu Royal Crown,Kathmandu,Kathmandu Nepal,27.7150,85.3172,+977-1-4709500,4.6,150,USD,AvailabHotel, https://www.kathmanduroyalcrown.com
Newa Imperial Palace,Lalitpur,Patan Nepal,27.6740,85.3270,+977-1-5543900,4.7,160,USD,Available,https://www.newaimperialpalace.com
Lalitpur Himalayan Crown,Lalitpur,Patan Nepal,27.6753,85.3280,+977-1-5544000,4.6,145,USD,Available,https://www.lalitpurhimalayancrown.com
Bhaktapur Grand Summit,Bhaktapur,Bhaktapur Nepal,27.6740,85.4320,+977-1-6621600,4.8,175,USD,Available,https://www.bhaktapurgrandsummit.com
Durbar Heritage Palace,Bhaktapur,Bhaktapur Nepal,27.6730,85.4312,+977-1-6621700,4.6,135,USD,Available,https://www.durbarheritagepalace.com
Bhaktapur Royal Retreat,Bhaktapur,Bhaktapur Nepal,27.6724,85.4306,+977-1-6621800,4.5,120,USD,Available,https://www.bhaktapurroyalretreat.com
Nagarkot Imperial Resort,Nagarkot,Nagarkot Nepal,27.7188,85.5218,+977-1-6688400,4.9,230,USD,Available,https://www.nagarkotimperialresort.com
Nagarkot Mountain Crown,Nagarkot,Nagarkot Nepal,27.7180,85.5210,+977-1-6688500,4.7,190,USD,Available,https://www.nagarkotmountaincrown.com
Dhulikhel Grand Heritage,Dhulikhel,Dhulikhel Nepal,27.6250,85.5450,+977-11-493400,4.8,200,USD,Available,https://www.dhulikhelgrandheritage.com
Dhulikhel Royal Crown,Dhulikhel,Dhulikhel Nepal,27.6245,85.5445,+977-11-493500,4.6,155,USD,Available,https://www.dhulikhelroyalcrown.com
Panauti Himalayan Palace,Panauti,Panauti Nepal,27.5855,85.5140,+977-11-442400,4.6,140,USD,Available,https://www.panautihimalayanpalace.com
Bandipur Imperial Summit,Bandipur,Bandipur Nepal,27.9405,84.4095,+977-65-565200,4.9,220,USD,Available,https://www.bandipurimperialsummit.com
Bandipur Golden Heritage,Bandipur,Bandipur Nepal,27.9392,84.4082,+977-65-565300,4.7,170,USD,Available,https://www.bandipurgoldenheritage.com
Gorkha Imperial Palace,Gorkha,Gorkha Nepal,28.0035,84.6355,+977-64-432000,4.8,190,USD,Available,https://www.gorkhaimperialpalace.com
Gorkha Grand Heritage,Gorkha,Gorkha Nepal,28.0028,84.6348,+977-64-432100,4.6,150,USD,Available,https://www.gorkhagrandheritage.com
Manaslu Imperial Resort,Gorkha,Manaslu Nepal,28.6530,84.6530,+977-64-432200,4.9,220,USD,Available,https://www.manasluimperialresort.com
Lamjung Grand Crown,Lamjung,Lamjung Nepal,28.2375,84.3775,+977-66-530000,4.7,165,USD,Available,https://www.lamjunggrandcrown.com
Besisahar Himalayan Resort,Lamjung,Besisahar Nepal,28.2345,84.3745,+977-66-530100,4.6,140,USD,Available,https://www.besisaharhimalayanresort.com
Manang Imperial Lodge,Manang,Manang Nepal,28.6695,84.0205,+977-66-453000,4.9,230,USD,Available,https://www.manangimperiallodge.com
Annapurna Royal Summit Lodge,Manang,Annapurna Region Nepal,28.6720,84.0220,+977-66-453100,4.8,200,USD,Available,https://www.annapurnaroyalsummitlodge.comle
Hotel Name,Destination,Address,Latitude,Longitude,Phone,Rating,Price Per Night,Currency,Booking Status,Booking URL
Patan Grand Summit,Lalitpur,Patan Nepal,27.6748,85.3278,+977-1-5543800,4.8,180,USD,Available,https://www.patangrandsummit.com
Newa Imperial Palace,Lalitpur,Patan Nepal,27.6740,85.3270,+977-1-5543900,4.7,160,USD,Available,https://www.newaimperialpalace.com
Lalitpur Himalayan Crown,Lalitpur,Patan Nepal,27.6753,85.3280,+977-1-5544000,4.6,145,USD,Available,https://www.lalitpurhimalayancrown.com
Bhaktapur Grand Summit,Bhaktapur,Bhaktapur Nepal,27.6740,85.4320,+977-1-6621600,4.8,175,USD,Available,https://www.bhaktapurgrandsummit.com
Durbar Heritage Palace,Bhaktapur,Bhaktapur Nepal,27.6730,85.4312,+977-1-6621700,4.6,135,USD,Available,https://www.durbarheritagepalace.com
Bhaktapur Royal Retreat,Bhaktapur,Bhaktapur Nepal,27.6724,85.4306,+977-1-6621800,4.5,120,USD,Available,https://www.bhaktapurroyalretreat.com
Nagarkot Imperial Resort,Nagarkot,Nagarkot Nepal,27.7188,85.5218,+977-1-6688400,4.9,230,USD,Available,https://www.nagarkotimperialresort.com
Nagarkot Mountain Crown,Nagarkot,Nagarkot Nepal,27.7180,85.5210,+977-1-6688500,4.7,190,USD,Available,https://www.nagarkotmountaincrown.com
Dhulikhel Grand Heritage,Dhulikhel,Dhulikhel Nepal,27.6250,85.5450,+977-11-493400,4.8,200,USD,Available,https://www.dhulikhelgrandheritage.com
Dhulikhel Royal Crown,Dhulikhel,Dhulikhel Nepal,27.6245,85.5445,+977-11-493500,4.6,155,USD,Available,https://www.dhulikhelroyalcrown.com
Panauti Himalayan Palace,Panauti,Panauti Nepal,27.5855,85.5140,+977-11-442400,4.6,140,USD,Available,https://www.panautihimalayanpalace.com
Bandipur Imperial Summit,Bandipur,Bandipur Nepal,27.9405,84.4095,+977-65-565200,4.9,220,USD,Available,https://www.bandipurimperialsummit.com
Bandipur Golden Heritage,Bandipur,Bandipur Nepal,27.9392,84.4082,+977-65-565300,4.7,170,USD,Available,https://www.bandipurgoldenheritage.com
Gorkha Imperial Palace,Gorkha,Gorkha Nepal,28.0035,84.6355,+977-64-432000,4.8,190,USD,Available,https://www.gorkhaimperialpalace.com
Gorkha Grand Heritage,Gorkha,Gorkha Nepal,28.0028,84.6348,+977-64-432100,4.6,150,USD,Available,https://www.gorkhagrandheritage.com
Manaslu Imperial Resort,Gorkha,Manaslu Nepal,28.6530,84.6530,+977-64-432200,4.9,220,USD,Available,https://www.manasluimperialresort.com
Lamjung Grand Crown,Lamjung,Lamjung Nepal,28.2375,84.3775,+977-66-530000,4.7,165,USD,Available,https://www.lamjunggrandcrown.com
Besisahar Himalayan Resort,Lamjung,Besisahar Nepal,28.2345,84.3745,+977-66-530100,4.6,140,USD,Available,https://www.besisaharhimalayanresort.com
Manang Imperial Lodge,Manang,Manang Nepal,28.6695,84.0205,+977-66-453000,4.9,230,USD,Available,https://www.manangimperiallodge.com
Annapurna Royal Summit Lodge,Manang,Annapurna Region Nepal,28.6720,84.0220,+977-66-453100,4.8,200,USD,Available,https://www.annapurnaroyalsummitlodge.com
Hotel Name,Destination,Address,Latitude,Longitude,Phone,Rating,Price Per Night,Currency,Booking Status,Booking URL
Patan Grand Summit,Lalitpur,Patan Nepal,27.6748,85.3278,+977-1-5543800,4.8,180,USD,Available,https://www.patangrandsummit.com
Newa Imperial Palace,Lalitpur,Patan Nepal,27.6740,85.3270,+977-1-5543900,4.7,160,USD,Available,https://www.newaimperialpalace.com
Lalitpur Himalayan Crown,Lalitpur,Patan Nepal,27.6753,85.3280,+977-1-5544000,4.6,145,USD,Available,https://www.lalitpurhimalayancrown.com
Bhaktapur Grand Summit,Bhaktapur,Bhaktapur Nepal,27.6740,85.4320,+977-1-6621600,4.8,175,USD,Available,https://www.bhaktapurgrandsummit.com
Durbar Heritage Palace,Bhaktapur,Bhaktapur Nepal,27.6730,85.4312,+977-1-6621700,4.6,135,USD,Available,https://www.durbarheritagepalace.com
Bhaktapur Royal Retreat,Bhaktapur,Bhaktapur Nepal,27.6724,85.4306,+977-1-6621800,4.5,120,USD,Available,https://www.bhaktapurroyalretreat.com
Nagarkot Imperial Resort,Nagarkot,Nagarkot Nepal,27.7188,85.5218,+977-1-6688400,4.9,230,USD,Available,https://www.nagarkotimperialresort.com
Nagarkot Mountain Crown,Nagarkot,Nagarkot Nepal,27.7180,85.5210,+977-1-6688500,4.7,190,USD,Available,https://www.nagarkotmountaincrown.com
Dhulikhel Grand Heritage,Dhulikhel,Dhulikhel Nepal,27.6250,85.5450,+977-11-493400,4.8,200,USD,Available,https://www.dhulikhelgrandheritage.com
Dhulikhel Royal Crown,Dhulikhel,Dhulikhel Nepal,27.6245,85.5445,+977-11-493500,4.6,155,USD,Available,https://www.dhulikhelroyalcrown.com
Panauti Himalayan Palace,Panauti,Panauti Nepal,27.5855,85.5140,+977-11-442400,4.6,140,USD,Available,https://www.panautihimalayanpalace.com
Bandipur Imperial Summit,Bandipur,Bandipur Nepal,27.9405,84.4095,+977-65-565200,4.9,220,USD,Available,https://www.bandipurimperialsummit.com
Bandipur Golden Heritage,Bandipur,Bandipur Nepal,27.9392,84.4082,+977-65-565300,4.7,170,USD,Available,https://www.bandipurgoldenheritage.com
Gorkha Imperial Palace,Gorkha,Gorkha Nepal,28.0035,84.6355,+977-64-432000,4.8,190,USD,Available,https://www.gorkhaimperialpalace.com
Gorkha Grand Heritage,Gorkha,Gorkha Nepal,28.0028,84.6348,+977-64-432100,4.6,150,USD,Available,https://www.gorkhagrandheritage.com
Manaslu Imperial Resort,Gorkha,Manaslu Nepal,28.6530,84.6530,+977-64-432200,4.9,220,USD,Available,https://www.manasluimperialresort.com
Lamjung Grand Crown,Lamjung,Lamjung Nepal,28.2375,84.3775,+977-66-530000,4.7,165,USD,Available,https://www.lamjunggrandcrown.com
Besisahar Himalayan Resort,Lamjung,Besisahar Nepal,28.2345,84.3745,+977-66-530100,4.6,140,USD,Available,https://www.besisaharhimalayanresort.com
Manang Imperial Lodge,Manang,Manang Nepal,28.6695,84.0205,+977-66-453000,4.9,230,USD,Available,https://www.manangimperiallodge.com
Annapurna Royal Summit Lodge,Manang,Annapurna Region Nepal,28.6720,84.0220,+977-66-453100,4.8,200,USD,Available,https://www.annapurnaroyalsummitlodge.com
Hotel Name,Destination,Address,Latitude,Longitude,Phone,Rating,Price Per Night,Currency,Booking Status,Booking URL
Patan Grand Summit,Lalitpur,Patan Nepal,27.6748,85.3278,+977-1-5543800,4.8,180,USD,Available,https://www.patangrandsummit.com
Newa Imperial Palace,Lalitpur,Patan Nepal,27.6740,85.3270,+977-1-5543900,4.7,160,USD,Available,https://www.newaimperialpalace.com
Lalitpur Himalayan Crown,Lalitpur,Patan Nepal,27.6753,85.3280,+977-1-5544000,4.6,145,USD,Available,https://www.lalitpurhimalayancrown.com
Bhaktapur Grand Summit,Bhaktapur,Bhaktapur Nepal,27.6740,85.4320,+977-1-6621600,4.8,175,USD,Available,https://www.bhaktapurgrandsummit.com
Durbar Heritage Palace,Bhaktapur,Bhaktapur Nepal,27.6730,85.4312,+977-1-6621700,4.6,135,USD,Available,https://www.durbarheritagepalace.com
Bhaktapur Royal Retreat,Bhaktapur,Bhaktapur Nepal,27.6724,85.4306,+977-1-6621800,4.5,120,USD,Available,https://www.bhaktapurroyalretreat.com
Nagarkot Imperial Resort,Nagarkot,Nagarkot Nepal,27.7188,85.5218,+977-1-6688400,4.9,230,USD,Available,https://www.nagarkotimperialresort.com
Nagarkot Mountain Crown,Nagarkot,Nagarkot Nepal,27.7180,85.5210,+977-1-6688500,4.7,190,USD,Available,https://www.nagarkotmountaincrown.com
Dhulikhel Grand Heritage,Dhulikhel,Dhulikhel Nepal,27.6250,85.5450,+977-11-493400,4.8,200,USD,Available,https://www.dhulikhelgrandheritage.com
Dhulikhel Royal Crown,Dhulikhel,Dhulikhel Nepal,27.6245,85.5445,+977-11-493500,4.6,155,USD,Available,https://www.dhulikhelroyalcrown.com
Panauti Himalayan Palace,Panauti,Panauti Nepal,27.5855,85.5140,+977-11-442400,4.6,140,USD,Available,https://www.panautihimalayanpalace.com
Bandipur Imperial Summit,Bandipur,Bandipur Nepal,27.9405,84.4095,+977-65-565200,4.9,220,USD,Available,https://www.bandipurimperialsummit.com
Bandipur Golden Heritage,Bandipur,Bandipur Nepal,27.9392,84.4082,+977-65-565300,4.7,170,USD,Available,https://www.bandipurgoldenheritage.com
Gorkha Imperial Palace,Gorkha,Gorkha Nepal,28.0035,84.6355,+977-64-432000,4.8,190,USD,Available,https://www.gorkhaimperialpalace.com
Gorkha Grand Heritage,Gorkha,Gorkha Nepal,28.0028,84.6348,+977-64-432100,4.6,150,USD,Available,https://www.gorkhagrandheritage.com
Manaslu Imperial Resort,Gorkha,Manaslu Nepal,28.6530,84.6530,+977-64-432200,4.9,220,USD,Available,https://www.manasluimperialresort.com
Lamjung Grand Crown,Lamjung,Lamjung Nepal,28.2375,84.3775,+977-66-530000,4.7,165,USD,Available,https://www.lamjunggrandcrown.com
Besisahar Himalayan Resort,Lamjung,Besisahar Nepal,28.2345,84.3745,+977-66-530100,4.6,140,USD,Available,https://www.besisaharhimalayanresort.com
Manang Imperial Lodge,Manang,Manang Nepal,28.6695,84.0205,+977-66-453000,4.9,230,USD,Available,https://www.manangimperiallodge.com
Annapurna Royal Summit Lodge,Manang,Annapurna Region Nepal,28.6720,84.0220,+977-66-453100,4.8,200,USD,Available,https://www.annapurnaroyalsummitlodge.com
Hotel Name,Destination,Address,Latitude,Longitude,Phone,Rating,Price Per Night,Currency,Booking Status,Booking URL
Mustang Imperial Palace,Mustang,Jomsom Nepal,28.7835,83.7335,+977-69-452000,4.9,230,USD,Available,https://www.mustangimperialpalace.com
Kagbeni Grand Heritage,Mustang,Kagbeni Nepal,28.8380,83.7850,+977-69-452100,4.7,180,USD,Available,https://www.kagbenigrandheritage.com
Marpha Himalayan Resort,Mustang,Marpha Nepal,28.7530,83.6930,+977-69-452200,4.6,160,USD,Available,https://www.marphahimalayanresort.com
Everest Imperial Summit,Solukhumbu,Namche Nepal,27.8070,86.7120,+977-38-550000,4.9,250,USD,Available,https://www.everestimperialsummit.com
Khumbu Grand Heritage,Solukhumbu,Khumbu Nepal,27.8080,86.7140,+977-38-550100,4.8,210,USD,Available,https://www.khumbugrandheritage.com
Lukla Himalayan Crown,Solukhumbu,Lukla Nepal,27.6890,86.7300,+977-38-550200,4.7,165,USD,Available,https://www.luklahimalayancrown.com
Chitwan Imperial Safari,Chitwan,Sauraha Nepal,27.5835,84.4970,+977-56-593000,4.9,180,USD,Available,https://www.chitwanimperialsafari.com
Sauraha Grand Heritage,Chitwan,Sauraha Nepal,27.5845,84.4980,+977-56-593100,4.7,150,USD,Available,https://www.saurahagrandheritage.com
Tharu Imperial Resort,Chitwan,Sauraha Nepal,27.5855,84.4990,+977-56-593200,4.6,130,USD,Available,https://www.tharuimperialresort.com
Lumbini Imperial Crown,Lumbini,Lumbini Nepal,27.4720,83.2780,+977-71-593000,4.8,175,USD,Available,https://www.lumbiniimperialcrown.com
Buddha Grand Heritage,Lumbini,Lumbini Nepal,27.4713,83.2773,+977-71-593100,4.7,150,USD,Available,https://www.buddhagrandheritage.com
Maya Imperial Resort,Lumbini,Lumbini Nepal,27.4720,83.2765,+977-71-593200,4.6,130,USD,Available,https://www.mayaimperialresort.com
Bhairahawa Grand Crown,Bhairahawa,Bhairahawa Nepal,27.5085,83.4575,+977-71-536000,4.7,155,USD,Available,https://www.bhairahawagrandcrown.com
Siddhartha Imperial Hotel,Bhairahawa,Bhairahawa Nepal,27.5075,83.4565,+977-71-536100,4.6,135,USD,Available,https://www.siddharthaimperialhotel.com
Rupandehi Grand Heritage,Bhairahawa,Rupandehi Nepal,27.5120,83.4580,+977-71-536200,4.5,115,USD,Available,https://www.rupandehigrandheritage.com
Dharan Imperial Summit,Dharan,Dharan Nepal,26.8125,87.2825,+977-25-530000,4.8,170,USD,Available,https://www.dharanimperialsummit.com
Koshi Grand Heritage,Dharan,Dharan Nepal,26.8140,87.2838,+977-25-530100,4.7,150,USD,Available,https://www.koshigrandheritage.com
Dharan Himalayan Retreat,Dharan,Dharan Nepal,26.8115,87.2815,+977-25-530200,4.5,120,USD,Available,https://www.dharanhimalayanretreat.com
Ilam Imperial Summit,Ilam,Ilam Nepal,26.9135,87.9335,+977-27-530000,4.9,185,USD,Available,https://www.ilamimperialsummit.com
Kanyam Grand Heritage,Ilam,Kanyam Nepal,26.8835,87.9235,+977-27-530100,4.8,165,USD,Available,https://www.kanyamgrandheritage.com
Hotel Name,Destination,Address,Latitude,Longitude,Phone,Rating,Price Per Night,Currency,Booking Status,Booking URL
Mai Valley Imperial Resort,Ilam,Mai Valley Nepal,26.9180,87.9380,+977-27-530200,4.7,145,USD,Available,https://www.maivalleyimperialresort.com
Janakpur Imperial Palace,Janakpur,Janakpur Nepal,26.7310,85.9280,+977-41-531000,4.8,165,USD,Available,https://www.janakpurimperialpalace.com
Mithila Royal Summit,Janakpur,Janakpur Nepal,26.7300,85.9270,+977-41-531100,4.7,145,USD,Available,https://www.mithilaroyalsummit.com
Sita Imperial Garden,Janakpur,Janakpur Nepal,26.7295,85.9265,+977-41-531200,4.5,120,USD,Available,https://www.sitaimperialgarden.com
Palpa Imperial Summit,Tansen,Palpa Nepal,27.8700,83.5490,+977-75-531000,4.9,190,USD,Available,https://www.palpaimperialsummit.com
Srinagar Grand Heritage,Tansen,Palpa Nepal,27.8705,83.5495,+977-75-531100,4.8,170,USD,Available,https://www.srinagargrandheritage.com
Tansen Himalayan Palace,Tansen,Palpa Nepal,27.8690,83.5480,+977-75-531200,4.7,150,USD,Available,https://www.tansenhimalayanpalace.com
Butwal Imperial Crown,Butwal,Butwal Nepal,27.7030,83.4530,+977-71-537000,4.8,180,USD,Available,https://www.butwalimperialcrown.com
Western Grand Summit,Butwal,Butwal Nepal,27.7020,83.4520,+977-71-537100,4.6,140,USD,Available,https://www.westerngrandsummit.com
Biratnagar Imperial Palace,Biratnagar,Biratnagar Nepal,26.4555,87.2745,+977-21-537000,4.8,175,USD,Available,https://www.biratnagarimperialpalace.com
Koshi Grand Summit,Biratnagar,Biratnagar Nepal,26.4545,87.2735,+977-21-537100,4.7,155,USD,Available,https://www.koshigrandsummit.com
Eastern Himalayan Resort,Biratnagar,Biratnagar Nepal,26.4550,87.2740,+977-21-537200,4.5,125,USD,Available,https://www.easternhimalayanresort.com
Pokhara Imperial Palace,Pokhara,Lakeside Pokhara Nepal,28.2135,83.9605,+977-61-481000,4.9,230,USD,Available,https://www.pokharaimperialpalace.com
Fewa Imperial Resort,Pokhara,Fewa Lake Nepal,28.2125,83.9595,+977-61-481100,4.8,200,USD,Available,https://www.fewaimperialresort.com
Annapurna Imperial Crown,Pokhara,Pokhara Nepal,28.2165,83.9575,+977-61-481200,4.7,175,USD,Available,https://www.annapurnaimperialcrown.com
Mountain Imperial Retreat,Pokhara,Pokhara Nepal,28.2170,83.9565,+977-61-481300,4.6,155,USD,Available,https://www.mountainimperialretreat.com
Kathmandu Imperial Heritage,Kathmandu,Thamel Nepal,27.7170,85.3140,+977-1-4709600,4.9,240,USD,Available,https://www.kathmanduimperialheritage.com
Thamel Grand Crown,Kathmandu,Thamel Nepal,27.7180,85.3150,+977-1-4709700,4.8,210,USD,Available,https://www.thamelgrandcrown.com
Himalayan Imperial Summit,Kathmandu,Lazimpat Nepal,27.7210,85.3190,+977-1-4419900,4.9,250,USD,Available,https://www.himalayanimperialsummit.com
Kathmandu Heritage Summit,Kathmandu,Kathmandu Nepal,27.7155,85.3175,+977-1-4709800,4.7,180,USD,Available,https://www.kathmanduheritagesummit.com
Hotel Name,Destination,Address,Latitude,Longitude,Phone,Rating,Price Per Night,Currency,Booking Status,Booking URL
Patan Imperial Summit,Lalitpur,Patan Nepal,27.6752,85.3282,+977-1-5544100,4.9,220,USD,Available,https://www.patanimperialsummit.com
Newa Grand Palace,Lalitpur,Patan Nepal,27.6745,85.3275,+977-1-5544200,4.8,185,USD,Available,https://www.newagrandpalace.com
Lalitpur Imperial Crown,Lalitpur,Patan Nepal,27.6758,85.3285,+977-1-5544300,4.7,165,USD,Available,https://www.lalitpurimperialcrown.com
Bhaktapur Imperial Summit,Bhaktapur,Bhaktapur Nepal,27.6745,85.4325,+977-1-6621900,4.9,210,USD,Available,https://www.bhaktapurimperialsummit.com
Durbar Grand Palace,Bhaktapur,Bhaktapur Nepal,27.6735,85.4315,+977-1-6622000,4.8,175,USD,Available,https://www.durbargrandpalace.com
Bhaktapur Himalayan Crown,Bhaktapur,Bhaktapur Nepal,27.6728,85.4308,+977-1-6622100,4.6,150,USD,Available,https://www.bhaktapurhimalayancrown.com
Nagarkot Imperial Crown,Nagarkot,Nagarkot Nepal,27.7190,85.5220,+977-1-6688600,4.9,250,USD,Available,https://www.nagarkotimperialcrown.com
Nagarkot Grand Heritage,Nagarkot,Nagarkot Nepal,27.7182,85.5212,+977-1-6688700,4.8,210,USD,Available,https://www.nagarkotgrandheritage.com
Dhulikhel Imperial Resort,Dhulikhel,Dhulikhel Nepal,27.6255,85.5455,+977-11-493600,4.9,230,USD,Available,https://www.dhulikhelimperialresort.com
Dhulikhel Himalayan Crown,Dhulikhel,Dhulikhel Nepal,27.6250,85.5450,+977-11-493700,4.7,175,USD,Available,https://www.dhulikhelhimalayancrown.com
Panauti Grand Heritage,Panauti,Panauti Nepal,27.5860,85.5145,+977-11-442500,4.7,155,USD,Available,https://www.panautigrandheritage.com
Bandipur Imperial Crown,Bandipur,Bandipur Nepal,27.9410,84.4100,+977-65-565400,4.9,240,USD,Available,https://www.bandipurimperialcrown.com
Bandipur Grand Palace,Bandipur,Bandipur Nepal,27.9398,84.4088,+977-65-565500,4.8,190,USD,Available,https://www.bandipurgrandpalace.com
Gorkha Imperial Summit,Gorkha,Gorkha Nepal,28.0040,84.6360,+977-64-433000,4.9,220,USD,Available,https://www.gorkhaimperialsummit.com
Gorkha Himalayan Crown,Gorkha,Gorkha Nepal,28.0032,84.6352,+977-64-433100,4.7,165,USD,Available,https://www.gorkhahimalayancrown.com
Manaslu Imperial Crown,Gorkha,Manaslu Nepal,28.6535,84.6535,+977-64-433200,4.9,250,USD,Available,https://www.manasluimperialcrown.com
Lamjung Imperial Summit,Lamjung,Lamjung Nepal,28.2380,84.3780,+977-66-531000,4.8,190,USD,Available,https://www.lamjungimperialsummit.com
Besisahar Grand Palace,Lamjung,Besisahar Nepal,28.2350,84.3750,+977-66-531100,4.7,160,USD,Available,https://www.besisahargrandpalace.com
Manang Imperial Crown,Manang,Manang Nepal,28.6700,84.0210,+977-66-454000,4.9,260,USD,Available,https://www.manangimperialcrown.com
Annapurna Imperial Summit,Manang,Annapurna Region Nepal,28.6725,84.0225,+977-66-454100,4.8,220,USD,Available,https://www.annapurnaimperialsummit.com
Hotel Name,Destination,Address,Latitude,Longitude,Phone,Rating,Price Per Night,Currency,Booking Status,Booking URL
Mustang Grand Palace,Mustang,Jomsom Nepal,28.7840,83.7340,+977-69-453000,4.9,250,USD,Available,https://www.mustanggrandpalace.com
Kagbeni Imperial Summit,Mustang,Kagbeni Nepal,28.8385,83.7855,+977-69-453100,4.8,200,USD,Available,https://www.kagbeniimperialsummit.com
Marpha Imperial Crown,Mustang,Marpha Nepal,28.7535,83.6935,+977-69-453200,4.7,175,USD,Available,https://www.marphaimperialcrown.com
Everest Royal Palace,Solukhumbu,Namche Nepal,27.8075,86.7125,+977-38-551000,4.9,270,USD,Available,https://www.everestroyalpalace.com
Khumbu Imperial Summit,Solukhumbu,Khumbu Nepal,27.8085,86.7145,+977-38-551100,4.8,230,USD,Available,https://www.khumbuimperialsummit.com
Lukla Grand Heritage,Solukhumbu,Lukla Nepal,27.6895,86.7305,+977-38-551200,4.7,180,USD,Available,https://www.luklagrandheritage.com
Chitwan Royal Palace Resort,Chitwan,Sauraha Nepal,27.5840,84.4975,+977-56-594000,4.9,200,USD,Available,https://www.chitwanroyalpalaceresort.com
Sauraha Imperial Crown,Chitwan,Sauraha Nepal,27.5850,84.4985,+977-56-594100,4.8,170,USD,Available,https://www.saurahaimperialcrown.com
Tharu Grand Heritage,Chitwan,Sauraha Nepal,27.5860,84.4995,+977-56-594200,4.6,140,USD,Available,https://www.tharugrandheritage.com
Lumbini Royal Imperial,Lumbini,Lumbini Nepal,27.4725,83.2785,+977-71-594000,4.9,190,USD,Available,https://www.lumbiniroyalimperial.com
Buddha Imperial Crown,Lumbini,Lumbini Nepal,27.4718,83.2778,+977-71-594100,4.8,160,USD,Available,https://www.buddhaimperialcrown.com
Maya Grand Heritage,Lumbini,Lumbini Nepal,27.4723,83.2770,+977-71-594200,4.6,135,USD,Available,https://www.mayagrandheritage.com
Bhairahawa Imperial Crown,Bhairahawa,Bhairahawa Nepal,27.5090,83.4580,+977-71-538000,4.8,175,USD,Available,https://www.bhairahawaimperialcrown.com
Siddhartha Royal Summit,Bhairahawa,Bhairahawa Nepal,27.5080,83.4570,+977-71-538100,4.7,150,USD,Available,https://www.siddhartharoyalsummit.com
Rupandehi Imperial Palace,Bhairahawa,Rupandehi Nepal,27.5125,83.4585,+977-71-538200,4.5,120,USD,Available,https://www.rupandehiimperialpalace.com
Dharan Royal Imperial,Dharan,Dharan Nepal,26.8130,87.2830,+977-25-531000,4.9,190,USD,Available,https://www.dharanroyalimperial.com
Koshi Imperial Crown,Dharan,Dharan Nepal,26.8145,87.2845,+977-25-531100,4.8,165,USD,Available,https://www.koshiimperialcrown.com
Dharan Grand Palace,Dharan,Dharan Nepal,26.8120,87.2820,+977-25-531200,4.6,135,USD,Available,https://www.dharangrandpalace.com
Ilam Royal Imperial,Ilam,Ilam Nepal,26.9140,87.9340,+977-27-531000,4.9,210,USD,Available,https://www.ilamroyalimperial.com
Kanyam Imperial Crown,Ilam,Kanyam Nepal,26.8840,87.9240,+977-27-531100,4.8,180,USD,Available,https://www.kanyamimperialcrown.com
Hotel Name,Destination,Address,Latitude,Longitude,Phone,Rating,Price Per Night,Currency,Booking Status,Booking URL
Mai Valley Royal Palace,Ilam,Mai Valley Nepal,26.9185,87.9385,+977-27-531200,4.7,155,USD,Available,https://www.maivalleyroyalpalace.com
Janakpur Grand Heritage,Janakpur,Janakpur Nepal,26.7315,85.9285,+977-41-532000,4.8,175,USD,Available,https://www.janakpurgrandheritage.com
Mithila Imperial Crown,Janakpur,Janakpur Nepal,26.7305,85.9275,+977-41-532100,4.7,150,USD,Available,https://www.mithilaimperialcrown.com
Sita Grand Palace,Janakpur,Janakpur Nepal,26.7300,85.9270,+977-41-532200,4.6,130,USD,Available,https://www.sitagrandpalace.com
Palpa Royal Imperial,Tansen,Palpa Nepal,27.8705,83.5495,+977-75-532000,4.9,210,USD,Available,https://www.palparoyalimperial.com
Srinagar Imperial Crown,Tansen,Palpa Nepal,27.8710,83.5500,+977-75-532100,4.8,185,USD,Available,https://www.srinagarimperialcrown.com
Tansen Grand Palace,Tansen,Palpa Nepal,27.8695,83.5485,+977-75-532200,4.7,165,USD,Available,https://www.tansengrandpalace.com
Butwal Royal Heritage,Butwal,Butwal Nepal,27.7035,83.4535,+977-71-539000,4.8,190,USD,Available,https://www.butwalroyalheritage.com
Western Imperial Crown,Butwal,Butwal Nepal,27.7025,83.4525,+977-71-539100,4.7,160,USD,Available,https://www.westernimperialcrown.com
Biratnagar Royal Palace,Biratnagar,Biratnagar Nepal,26.4560,87.2750,+977-21-539000,4.9,200,USD,Available,https://www.biratnagarroyalpalace.com
Koshi Imperial Palace,Biratnagar,Biratnagar Nepal,26.4550,87.2740,+977-21-539100,4.8,170,USD,Available,https://www.koshiimperialpalace.com
Eastern Grand Crown,Biratnagar,Biratnagar Nepal,26.4555,87.2745,+977-21-539200,4.6,140,USD,Available,https://www.easterngrandcrown.com
Pokhara Royal Imperial,Pokhara,Lakeside Pokhara Nepal,28.2140,83.9610,+977-61-482000,4.9,250,USD,Available,https://www.pokhararoyalimperial.com
Fewa Grand Summit,Pokhara,Fewa Lake Nepal,28.2130,83.9600,+977-61-482100,4.8,220,USD,Available,https://www.fewagrandsummit.com
Annapurna Royal Palace,Pokhara,Pokhara Nepal,28.2170,83.9580,+977-61-482200,4.7,185,USD,Available,https://www.annapurnaroyalpalace.com
Mountain Royal Imperial,Pokhara,Pokhara Nepal,28.2175,83.9570,+977-61-482300,4.6,165,USD,Available,https://www.mountainroyalimperial.com
Kathmandu Royal Imperial,Kathmandu,Thamel Nepal,27.7175,85.3145,+977-1-4709900,4.9,260,USD,Available,https://www.kathmanduroyalimperial.com
Thamel Royal Palace,Kathmandu,Thamel Nepal,27.7185,85.3155,+977-1-4710000,4.8,230,USD,Available,https://www.thamelroyalpalace.com
Himalayan Royal Imperial,Kathmandu,Lazimpat Nepal,27.7215,85.3195,+977-1-4420000,4.9,270,USD,Available,https://www.himalayanroyalimperial.com
Kathmandu Grand Imperial,Kathmandu,Kathmandu Nepal,27.7160,85.3180,+977-1-4710100,4.7,200,USD,Available,https://www.kathmandugrandimperial.com
Hotel Name,Destination,Address,Latitude,Longitude,Phone,Rating,Price Per Night,Currency,Booking Status,Booking URL
Patan Royal Imperial,Lalitpur,Patan Nepal,27.6755,85.3285,+977-1-5544400,4.9,240,USD,Available,https://www.patanroyalimperial.com
Newa Royal Summit,Lalitpur,Patan Nepal,27.6748,85.3278,+977-1-5544500,4.8,200,USD,Available,https://www.newaroyalsummit.com
Lalitpur Grand Palace,Lalitpur,Patan Nepal,27.6760,85.3288,+977-1-5544600,4.7,175,USD,Available,https://www.lalitpurgrandpalace.com
Bhaktapur Royal Imperial,Bhaktapur,Bhaktapur Nepal,27.6750,85.4330,+977-1-6622200,4.9,230,USD,Available,https://www.bhaktapurroyalimperial.com
Durbar Imperial Crown,Bhaktapur,Bhaktapur Nepal,27.6740,85.4320,+977-1-6622300,4.8,190,USD,Available,https://www.durbarimperialcrown.com
Bhaktapur Grand Summit,Bhaktapur,Bhaktapur Nepal,27.6732,85.4312,+977-1-6622400,4.7,160,USD,Available,https://www.bhaktapurgrandsummit.com
Nagarkot Royal Imperial,Nagarkot,Nagarkot Nepal,27.7195,85.5225,+977-1-6688800,4.9,280,USD,Available,https://www.nagarkotroyalimperial.com
Nagarkot Imperial Palace,Nagarkot,Nagarkot Nepal,27.7187,85.5217,+977-1-6688900,4.8,230,USD,Available,https://www.nagarkotimperialpalace.com
Dhulikhel Royal Imperial,Dhulikhel,Dhulikhel Nepal,27.6260,85.5460,+977-11-493800,4.9,250,USD,Available,https://www.dhulikhelroyalimperial.com
Dhulikhel Grand Palace,Dhulikhel,Dhulikhel Nepal,27.6255,85.5455,+977-11-493900,4.8,210,USD,Available,https://www.dhulikhelgrandpalace.com
Panauti Royal Summit,Panauti,Panauti Nepal,27.5865,85.5150,+977-11-442600,4.7,170,USD,Available,https://www.panautiroyalsummit.com
Bandipur Royal Palace,Bandipur,Bandipur Nepal,27.9415,84.4105,+977-65-565600,4.9,270,USD,Available,https://www.bandipurroyalpalace.com
Bandipur Imperial Heritage,Bandipur,Bandipur Nepal,27.9405,84.4095,+977-65-565700,4.8,220,USD,Available,https://www.bandipurimperialheritage.com
Gorkha Royal Imperial,Gorkha,Gorkha Nepal,28.0045,84.6365,+977-64-434000,4.9,240,USD,Available,https://www.gorkharoyalimperial.com
Gorkha Grand Summit,Gorkha,Gorkha Nepal,28.0038,84.6358,+977-64-434100,4.8,190,USD,Available,https://www.gorkhagrandsummit.com
Manaslu Royal Palace,Gorkha,Manaslu Nepal,28.6540,84.6540,+977-64-434200,4.9,280,USD,Available,https://www.manasluroyalpalace.com
Lamjung Royal Imperial,Lamjung,Lamjung Nepal,28.2385,84.3785,+977-66-532000,4.8,200,USD,Available,https://www.lamjungroyalimperial.com
Besisahar Royal Summit,Lamjung,Besisahar Nepal,28.2355,84.3755,+977-66-532100,4.7,170,USD,Available,https://www.besisaharroyalsummit.com
Manang Royal Imperial,Manang,Manang Nepal,28.6705,84.0215,+977-66-455000,4.9,290,USD,Available,https://www.manangroyalimperial.com
Annapurna Royal Palace,Manang,Annapurna Region Nepal,28.6730,84.0230,+977-66-455100,4.8,240,USD,Available,https://www.annapurnaroyalpalace.com
Hotel Name,Destination,Address,Latitude,Longitude,Phone,Rating,Price Per Night,Currency,Booking Status,Booking URL
Mustang Royal Imperial,Mustang,Jomsom Nepal,28.7845,83.7345,+977-69-454000,4.9,280,USD,Available,https://www.mustangroyalimperial.com
Kagbeni Royal Palace,Mustang,Kagbeni Nepal,28.8390,83.7860,+977-69-454100,4.8,220,USD,Available,https://www.kagbeniroyalpalace.com
Marpha Grand Summit,Mustang,Marpha Nepal,28.7540,83.6940,+977-69-454200,4.7,190,USD,Available,https://www.marphagrandsummit.com
Everest Royal Imperial,Solukhumbu,Namche Nepal,27.8080,86.7130,+977-38-552000,4.9,300,USD,Available,https://www.everestroyalimperial.com
Khumbu Royal Palace,Solukhumbu,Khumbu Nepal,27.8090,86.7150,+977-38-552100,4.8,250,USD,Available,https://www.khumburoyalpalace.com
Lukla Grand Imperial,Solukhumbu,Lukla Nepal,27.6900,86.7310,+977-38-552200,4.7,200,USD,Available,https://www.luklagrandimperial.com
Chitwan Royal Imperial Resort,Chitwan,Sauraha Nepal,27.5845,84.4980,+977-56-595000,4.9,220,USD,Available,https://www.chitwanroyalimperialresort.com
Sauraha Royal Palace,Chitwan,Sauraha Nepal,27.5855,84.4990,+977-56-595100,4.8,180,USD,Available,https://www.sauraharoyalpalace.com
Tharu Imperial Heritage,Chitwan,Sauraha Nepal,27.5865,84.5000,+977-56-595200,4.7,150,USD,Available,https://www.tharuimperialheritage.com
Lumbini Royal Palace,Lumbini,Lumbini Nepal,27.4730,83.2790,+977-71-595000,4.9,210,USD,Available,https://www.lumbiniroyalpalace.com
Buddha Royal Imperial,Lumbini,Lumbini Nepal,27.4723,83.2783,+977-71-595100,4.8,175,USD,Available,https://www.buddharoyalimperial.com
Maya Royal Heritage,Lumbini,Lumbini Nepal,27.4728,83.2775,+977-71-595200,4.6,145,USD,Available,https://www.mayaroyalheritage.com
Bhairahawa Royal Palace,Bhairahawa,Bhairahawa Nepal,27.5095,83.4585,+977-71-540000,4.8,190,USD,Available,https://www.bhairahawaroyalpalace.com
Siddhartha Royal Imperial,Bhairahawa,Bhairahawa Nepal,27.5085,83.4575,+977-71-540100,4.7,165,USD,Available,https://www.siddhartharoyalimperial.com
Rupandehi Royal Summit,Bhairahawa,Rupandehi Nepal,27.5130,83.4590,+977-71-540200,4.6,135,USD,Available,https://www.rupandehiroyalsummit.com
Dharan Royal Palace,Dharan,Dharan Nepal,26.8135,87.2835,+977-25-532000,4.9,210,USD,Available,https://www.dharanroyalpalace.com
Koshi Royal Imperial,Dharan,Dharan Nepal,26.8150,87.2850,+977-25-532100,4.8,180,USD,Available,https://www.koshiroyalimperial.com
Dharan Grand Heritage,Dharan,Dharan Nepal,26.8125,87.2825,+977-25-532200,4.6,145,USD,Available,https://www.dharangrandheritage.com
Ilam Royal Palace,Ilam,Ilam Nepal,26.9145,87.9345,+977-27-532000,4.9,220,USD,Available,https://www.ilamroyalpalace.com
Kanyam Royal Imperial,Ilam,Kanyam Nepal,26.8845,87.9245,+977-27-532100,4.8,190,USD,Available,https://www.kanyamroyalimperial.com
Hotel Name,Destination,Address,Latitude,Longitude,Phone,Rating,Price Per Night,Currency,Booking Status,Booking URL
Mai Valley Royal Crown,Ilam,Mai Valley Nepal,26.9190,87.9390,+977-27-532200,4.7,160,USD,Available,https://www.maivalleyroyalcrown.com
Janakpur Royal Imperial Palace,Janakpur,Janakpur Nepal,26.7320,85.9290,+977-41-533000,4.9,190,USD,Available,https://www.janakpurroyalimperialpalace.com
Mithila Royal Palace,Janakpur,Janakpur Nepal,26.7310,85.9280,+977-41-533100,4.8,165,USD,Available,https://www.mithilaroyalpalace.com
Sita Royal Crown,Janakpur,Janakpur Nepal,26.7305,85.9275,+977-41-533200,4.6,140,USD,Available,https://www.sitaroyalcrown.com
Palpa Royal Palace,Tansen,Palpa Nepal,27.8710,83.5500,+977-75-533000,4.9,230,USD,Available,https://www.palparoyalpalace.com
Srinagar Royal Resort,Tansen,Palpa Nepal,27.8715,83.5505,+977-75-533100,4.8,195,USD,Available,https://www.srinagarroyalresort.com
Tansen Royal Crown,Tansen,Palpa Nepal,27.8700,83.5490,+977-75-533200,4.7,175,USD,Available,https://www.tansenroyalcrown.com
Butwal Royal Palace,Butwal,Butwal Nepal,27.7040,83.4540,+977-71-541000,4.9,220,USD,Available,https://www.butwalroyalpalace.com
Western Royal Imperial,Butwal,Butwal Nepal,27.7030,83.4530,+977-71-541100,4.8,180,USD,Available,https://www.westernroyalimperial.com
Biratnagar Royal Summit,Biratnagar,Biratnagar Nepal,26.4565,87.2755,+977-21-541000,4.9,210,USD,Available,https://www.biratnagarrollsummit.com
Koshi Royal Crown,Biratnagar,Biratnagar Nepal,26.4555,87.2745,+977-21-541100,4.8,175,USD,Available,https://www.koshiroyalcrown.com
Eastern Royal Palace,Biratnagar,Biratnagar Nepal,26.4560,87.2750,+977-21-541200,4.6,145,USD,Available,https://www.easternroyalpalace.com
Pokhara Royal Palace,Pokhara,Lakeside Pokhara Nepal,28.2145,83.9615,+977-61-483000,4.9,270,USD,Available,https://www.pokhararoyalpalace.com
Fewa Royal Imperial,Pokhara,Fewa Lake Nepal,28.2135,83.9605,+977-61-483100,4.8,230,USD,Available,https://www.fewaroyalimperial.com
Annapurna Royal Crown,Pokhara,Pokhara Nepal,28.2175,83.9585,+977-61-483200,4.7,190,USD,Available,https://www.annapurnaroyalcrown.com
Mountain Royal Palace,Pokhara,Pokhara Nepal,28.2180,83.9575,+977-61-483300,4.6,170,USD,Available,https://www.mountainroyalpalace.com
Kathmandu Royal Palace,Kathmandu,Thamel Nepal,27.7180,85.3150,+977-1-4710200,4.9,300,USD,Available,https://www.kathmanduroyalpalace.com
Thamel Royal Crown,Kathmandu,Thamel Nepal,27.7190,85.3160,+977-1-4710300,4.8,240,USD,Available,https://www.thamelroyalcrown.com
Himalayan Royal Palace,Kathmandu,Lazimpat Nepal,27.7220,85.3200,+977-1-4420100,4.9,320,USD,Available,https://www.himalayanroyalpalace.com
Kathmandu Royal Summit,Kathmandu,Kathmandu Nepal,27.7165,85.3185,+977-1-4710400,4.8,220,USD,Available,https://www.kathmanduroyalsummit.com
Hotel Name,Destination,Address,Latitude,Longitude,Phone,Rating,Price Per Night,Currency,Booking Status,Booking URL
Rara Lake Village Lodge,Mugu,Rara Lake Mugu Nepal,29.5275,82.0835,+977-87-450100,4.6,90,USD,Available,https://www.raralakevillagelodge.com
Mugu Mountain Homestay,Mugu,Mugu Nepal,29.5500,82.1000,+977-87-450200,4.4,65,USD,Available,https://www.mugumountainhomestay.com
Rara Himalayan Retreat,Mugu,Rara National Park Nepal,29.5255,82.0820,+977-87-450300,4.7,120,USD,Available,https://www.rarahimalayanretreat.com
Dolpo Hidden Valley Lodge,Dolpa,Phoksundo Dolpa Nepal,29.1730,82.9460,+977-87-460100,4.8,110,USD,Available,https://www.dolpohiddenvalleylodge.com
Phoksundo Lake Guest House,Dolpa,Phoksundo Nepal,29.1750,82.9475,+977-87-460200,4.7,95,USD,Available,https://www.phoksundolakeguesthouse.com
Upper Dolpo Mountain Inn,Dolpa,Upper Dolpo Nepal,29.2000,83.0000,+977-87-460300,4.5,80,USD,Available,https://www.upperdolpomountaininn.com
Humla Himalayan Lodge,Humla,Simkot Humla Nepal,29.9670,81.8180,+977-87-470100,4.6,85,USD,Available,https://www.humlahimalayanlodge.com
Simkot Village Retreat,Humla,Simkot Nepal,29.9680,81.8190,+977-87-470200,4.5,70,USD,Available,https://www.simkotvillageretreat.com
Limi Valley Homestay,Humla,Limi Valley Nepal,30.0500,81.6500,+977-87-470300,4.8,75,USD,Available,https://www.limivalleyhomestay.com
Karnali Riverside Lodge,Karnali,Karnali Nepal,29.3000,81.9000,+977-83-480100,4.4,60,USD,Available,https://www.karnaliriversidelodge.com
Bajura Mountain View Lodge,Bajura,Bajura Nepal,29.4500,81.3500,+977-97-480200,4.5,65,USD,Available,https://www.bajuramountainview.com
Bajhang Rural Heritage Inn,Bajhang,Bajhang Nepal,29.5400,81.2000,+977-93-480300,4.4,55,USD,Available,https://www.bajhangheritageinn.com
Darchula Himalayan Stay,Darchula,Darchula Nepal,29.8500,80.5500,+977-93-490100,4.6,70,USD,Available,https://www.darchulahimalayanstay.com
Api Base Camp Lodge,Darchula,Api Himal Nepal,30.0000,80.9500,+977-93-490200,4.7,100,USD,Available,https://www.apibasecamplodge.com
Kanchanpur Village Resort,Kanchanpur,Kanchanpur Nepal,28.8500,80.3000,+977-99-490300,4.3,75,USD,Available,https://www.kanchanpurvillageresort.com
Dadeldhura Hill Lodge,Dadeldhura,Dadeldhura Nepal,29.3000,80.5800,+977-96-500100,4.6,85,USD,Available,https://www.dadeldhurahilllodge.com
Baitadi Mountain Homestay,Baitadi,Baitadi Nepal,29.5200,80.4300,+977-95-500200,4.5,60,USD,Available,https://www.baitadimountainhomestay.com
Achham Rural Retreat,Achham,Achham Nepal,29.0500,81.2500,+977-97-500300,4.4,55,USD,Available,https://www.achhamruralretreat.com
Kalikot Village Lodge,Kalikot,Kalikot Nepal,29.1500,81.6000,+977-87-510100,4.5,65,USD,Available,https://www.kalikotvillagelodge.com
Jumla Mountain Heritage,Jumla,Jumla Nepal,29.2800,82.1800,+977-87-510200,4.7,90,USD,Available,https://www.jumlamountainheritage.com
Hotel Name,Destination,Address,Latitude,Longitude,Phone,Rating,Price Per Night,Currency,Booking Status,Booking URL
Taplejung Mountain Lodge,Taplejung,Taplejung Nepal,27.3500,87.6700,+977-24-520100,4.7,95,USD,Available,https://www.taplejungmountainlodge.com
Kanchenjunga Base Camp Lodge,Taplejung,Kanchenjunga Nepal,27.7000,88.0500,+977-24-520200,4.8,120,USD,Available,https://www.kanchenjungabasecamplodge.com
Panchthar Village Resort,Panchthar,Panchthar Nepal,27.1500,87.8200,+977-24-520300,4.5,70,USD,Available,https://www.panchtharvillageresort.com
Terhathum Hill Homestay,Terhathum,Terhathum Nepal,27.1200,87.5500,+977-26-530100,4.6,65,USD,Available,https://www.terhathumhillhomestay.com
Sankhuwasabha Mountain Inn,Sankhuwasabha,Sankhuwasabha Nepal,27.3700,87.2000,+977-29-530200,4.7,85,USD,Available,https://www.sankhuwasabhamountaininn.com
Makalu Base Camp Lodge,Sankhuwasabha,Makalu Region Nepal,27.7900,87.1300,+977-29-530300,4.8,110,USD,Available,https://www.makalubasecamplodge.com
Solukhumbu Village Lodge,Solukhumbu,Pangboche Nepal,27.8500,86.7800,+977-38-540100,4.7,100,USD,Available,https://www.solukhumbuvillagelodge.com
Pangboche Mountain Retreat,Solukhumbu,Pangboche Nepal,27.8505,86.7810,+977-38-540200,4.8,125,USD,Available,https://www.pangbochemountainretreat.com
Thame Valley Homestay,Solukhumbu,Thame Nepal,27.8200,86.7300,+977-38-540300,4.6,80,USD,Available,https://www.thamevalleyhomestay.com
Rasuwa Himalayan Lodge,Rasuwa,Langtang Nepal,28.2100,85.5600,+977-10-550100,4.8,110,USD,Available,https://www.rasuwahimalayanlodge.com
Langtang Valley Guest House,Rasuwa,Langtang Nepal,28.2200,85.5700,+977-10-550200,4.7,90,USD,Available,https://www.langtangvalleyguesthouse.com
Gosaikunda Mountain Inn,Rasuwa,Gosaikunda Nepal,28.0830,85.4100,+977-10-550300,4.6,95,USD,Available,https://www.gosaikundamountaininn.com
Dolakha Mountain Lodge,Dolakha,Dolakha Nepal,27.7800,86.0700,+977-49-560100,4.5,75,USD,Available,https://www.dolakhamountainlodge.com
Rolwaling Valley Retreat,Dolakha,Rolwaling Nepal,27.8500,86.5000,+977-49-560200,4.8,115,USD,Available,https://www.rolwalingvalleyretreat.com
Jiri Village Lodge,Dolakha,Jiri Nepal,27.6300,86.2300,+977-49-560300,4.6,70,USD,Available,https://www.jirivillagelodge.com
Kavre Rural Heritage,Kavrepalanchok,Kavre Nepal,27.6000,85.6500,+977-11-570100,4.4,65,USD,Available,https://www.kavreruralheritage.com
Sindhupalchok Mountain Stay,Sindhupalchok,Sindhupalchok Nepal,27.9500,85.7000,+977-11-570200,4.5,75,USD,Available,https://www.sindhupalchokmountainstay.com
Helambu Village Lodge,Sindhupalchok,Helambu Nepal,28.0000,85.6000,+977-11-570300,4.7,100,USD,Available,https://www.helambuvillagelodge.com
Nuwakot Heritage Homestay,Nuwakot,Nuwakot Nepal,27.9200,85.1700,+977-10-580100,4.5,60,USD,Available,https://www.nuwakotheritagehomestay.com
Dhading Rural Resort,Dhading,Dhading Nepal,27.8700,84.9200,+977-10-580200,4.4,65,USD,Available,https://www.dhadingruralresort.com
Hotel Name,Destination,Address,Latitude,Longitude,Phone,Rating,Price Per Night,Currency,Booking Status,Booking URL
Gatlang Tamang Homestay,Rasuwa,Gatlang Nepal,28.1650,85.4200,+977-10-590100,4.8,75,USD,Available,https://www.gatlangtamanghomestay.com
Parpati Kunda Homestay,Rasuwa,Gatlang Nepal,28.1655,85.4205,+977-10-590200,4.7,70,USD,Available,https://www.parpatikundahomestay.com
Paldor Peak Guest House,Rasuwa,Gatlang Nepal,28.1660,85.4210,+977-10-590300,4.8,90,USD,Available,https://www.paldorpeakguesthouse.com
Gre Village Community Homestay,Rasuwa,Gre Village Nepal,28.1800,85.5000,+977-10-591100,4.7,65,USD,Available,https://www.grehomestay.com
Langtang Mountain Lodge,Rasuwa,Langtang Village Nepal,28.2200,85.5700,+977-10-591200,4.6,85,USD,Available,https://www.langtangmountainlodge.com
Kyanjin Gompa Guest House,Rasuwa,Kyanjin Gompa Nepal,28.2130,85.5630,+977-10-591300,4.8,100,USD,Available,https://www.kyanjinguesthouse.com
Sailung Ridge Homestay,Dolakha,Sailung Nepal,27.7000,86.2500,+977-49-600100,4.7,80,USD,Available,https://www.sailunghomestay.com
Rolwaling Valley Lodge,Dolakha,Na Village Nepal,27.8500,86.4500,+977-49-600200,4.8,105,USD,Available,https://www.rolwalingvalleylodge.com
Tsho Rolpa Mountain Inn,Dolakha,Tsho Rolpa Nepal,27.8600,86.4700,+977-49-600300,4.7,95,USD,Available,https://www.tshorolpamountaininn.com
Jiri Rural Homestay,Dolakha,Jiri Nepal,27.6305,86.2305,+977-49-601100,4.5,60,USD,Available,https://www.jiriruralhomestay.com
Chautara Community Lodge,Sindhupalchok,Chautara Nepal,27.7780,85.7100,+977-11-602100,4.6,70,USD,Available,https://www.chautaracommunitylodge.com
Helambu Village Retreat,Sindhupalchok,Helambu Nepal,28.0100,85.6200,+977-11-602200,4.7,85,USD,Available,https://www.helambuvillageretreat.com
Jugal Himalayan Lodge,Sindhupalchok,Jugal Himal Nepal,27.9500,85.8500,+977-11-602300,4.6,90,USD,Available,https://www.jugalhimalayanlodge.com
Manaslu Village Lodge,Gorkha,Sama Gaun Nepal,28.6400,84.6500,+977-64-610100,4.9,120,USD,Available,https://www.manasluvillage lodge.com
Sama Gaun Mountain Inn,Gorkha,Sama Gaun Nepal,28.6410,84.6510,+977-64-610200,4.8,110,USD,Available,https://www.samagaunmountaininn.com
Lho Village Lodge,Gorkha,Lho Nepal,28.6200,84.6300,+977-64-610300,4.7,95,USD,Available,https://www.lhovillagelodge.com
Ghandruk Community Lodge,Kaski,Ghandruk Nepal,28.3700,84.0000,+977-61-620100,4.8,90,USD,Available,https://www.ghandrukcommunitylodge.com
Landruk Mountain Homestay,Kaski,Landruk Nepal,28.3300,83.9500,+977-61-620200,4.6,70,USD,Available,https://www.landrukmountainhomestay.com
Sikles Village Resort,Kaski,Sikles Nepal,28.4000,84.1300,+977-61-620300,4.7,85,USD,Available,https://www.siklesvillageresort.com
Lwang Rural Homestay,Kaski,Lwang Nepal,28.3900,83.9000,+977-61-621100,4.5,65,USD,Available,https://www.lwangruralhomestay.com
Hotel Name,Destination,Address,Latitude,Longitude,Phone,Rating,Price Per Night,Currency,Booking Status,Booking URL
Tilicho Village Lodge,Manang,Tilicho Nepal,28.6500,84.0300,+977-66-620100,4.8,110,USD,Available,https://www.tilichovillagelodge.com
Khangsar Mountain Guest House,Manang,Khangsar Nepal,28.6200,84.0500,+977-66-620200,4.7,85,USD,Available,https://www.khangsarguesthouse.com
Ngawal Himalayan Lodge,Manang,Ngawal Nepal,28.6500,84.0200,+977-66-620300,4.8,100,USD,Available,https://www.ngawalhimalayanlodge.com
Pisand Village Homestay,Manang,Pisand Nepal,28.6000,84.1500,+977-66-621100,4.6,75,USD,Available,https://www.pisandhomestay.com
Braga Monastery Lodge,Manang,Braga Nepal,28.6600,84.0200,+977-66-621200,4.7,90,USD,Available,https://www.bragalodge.com
Muktinath Village Retreat,Mustang,Muktinath Nepal,28.8200,83.8700,+977-69-630100,4.8,120,USD,Available,https://www.muktinathvillageretreat.com
Kagbeni Village Homestay,Mustang,Kagbeni Nepal,28.8400,83.7800,+977-69-630200,4.7,80,USD,Available,https://www.kagbenivillagehomestay.com
Tukuche Mountain Lodge,Mustang,Tukuche Nepal,28.7400,83.6200,+977-69-630300,4.6,85,USD,Available,https://www.tukuchamountainlodge.com
Lomanthang Heritage Inn,Mustang,Lomanthang Nepal,29.1800,83.9700,+977-69-631100,4.9,130,USD,Available,https://www.lomanthangheritageinn.com
Tsarang Village Lodge,Mustang,Tsarang Nepal,29.1000,83.9500,+977-69-631200,4.7,100,USD,Available,https://www.tsarangvillagelodge.com
Yara Valley Guest House,Mustang,Yara Nepal,29.0800,83.9200,+977-69-631300,4.6,90,USD,Available,https://www.yaravalleyguesthouse.com
Namdo Rural Lodge,Dolpa,Namdo Nepal,29.2000,82.9000,+977-87-640100,4.5,70,USD,Available,https://www.namdorurallodge.com
Dunai Village Inn,Dolpa,Dunai Nepal,29.0500,82.8200,+977-87-640200,4.6,75,USD,Available,https://www.dunaivillageinn.com
Tripurakot Heritage Lodge,Dolpa,Tripurakot Nepal,29.0000,82.8000,+977-87-640300,4.4,60,USD,Available,https://www.tripurakotheritagelodge.com
Makalu Village Lodge,Sankhuwasabha,Num Nepal,27.6800,87.1800,+977-29-650100,4.7,90,USD,Available,https://www.makaluvillagelodge.com
Num Mountain Homestay,Sankhuwasabha,Num Nepal,27.6805,87.1805,+977-29-650200,4.6,70,USD,Available,https://www.nummountainhomestay.com
Seduwa Community Lodge,Sankhuwasabha,Seduwa Nepal,27.6500,87.1200,+977-29-650300,4.8,95,USD,Available,https://www.seduwacommunitylodge.com
Olangchung Gola Lodge,Taplejung,Olangchung Gola Nepal,27.6000,87.9000,+977-24-660100,4.9,115,USD,Available,https://www.olangchunggola.com
Ghunsa Mountain Lodge,Taplejung,Ghunsa Nepal,27.7000,87.9500,+977-24-660200,4.8,105,USD,Available,https://www.ghunsamountainlodge.com
Lelep Village Guest House,Taplejung,Lelep Nepal,27.6000,87.7500,+977-24-660300,4.6,75,USD,Available,https://www.lelepguesthouse.com
Hotel Name,Destination,Address,Latitude,Longitude,Phone,Rating,Price Per Night,Currency,Booking Status,Booking URL
Ghunsa Himalayan Retreat,Taplejung,Ghunsa Nepal,27.7050,87.9550,+977-24-661100,4.8,120,USD,Available,https://www.ghunsahimalayanretreat.com
Khebang Village Lodge,Taplejung,Khebang Nepal,27.4500,87.6500,+977-24-661200,4.5,65,USD,Available,https://www.khebangvillagelodge.com
Yamphudin Mountain Homestay,Taplejung,Yamphudin Nepal,27.4200,87.8200,+977-24-661300,4.7,85,USD,Available,https://www.yamphudinhomestay.com
Kanchenjunga Village Retreat,Taplejung,Kanchenjunga Region Nepal,27.7000,88.0000,+977-24-662100,4.9,130,USD,Available,https://www.kanchenjungavillageretreat.com
Panchase Rural Lodge,Kaski,Panchase Nepal,28.2500,83.8500,+977-61-670100,4.6,75,USD,Available,https://www.panchaserurallodge.com
Astam Village Homestay,Kaski,Astam Nepal,28.3200,83.8800,+977-61-670200,4.7,80,USD,Available,https://www.astamvillagehomestay.com
Dhampus Mountain Lodge,Kaski,Dhampus Nepal,28.2700,83.8100,+977-61-670300,4.8,95,USD,Available,https://www.dhampusmountainlodge.com
Australian Camp Guest House,Kaski,Austrian Camp Nepal,28.3000,83.8200,+977-61-671100,4.7,90,USD,Available,https://www.austriancampguesthouse.com
Khopra Ridge Lodge,Myagdi,Khopra Nepal,28.4800,83.6500,+977-69-680100,4.9,120,USD,Available,https://www.khopraridgelodge.com
Tatopani Village Resort,Myagdi,Tatopani Nepal,28.5000,83.6200,+977-69-680200,4.6,85,USD,Available,https://www.tatopanivillageresort.com
Ghorepani Mountain Lodge,Myagdi,Ghorepani Nepal,28.4000,83.6900,+977-69-680300,4.8,100,USD,Available,https://www.ghorepanimountainlodge.com
Poon Hill View Lodge,Myagdi,Poon Hill Nepal,28.4000,83.6900,+977-69-681100,4.9,115,USD,Available,https://www.poonhillviewlodge.com
Beni Riverside Lodge,Myagdi,Beni Nepal,28.3400,83.5600,+977-69-681200,4.5,70,USD,Available,https://www.beniriversidelodge.com
Dhorpatan Village Inn,Baglung,Dhorpatan Nepal,28.4200,83.0000,+977-68-690100,4.7,90,USD,Available,https://www.dhorpatanvillageinn.com
Baglung Hill Homestay,Baglung,Baglung Nepal,28.2700,83.5900,+977-68-690200,4.5,65,USD,Available,https://www.baglunghillhomestay.com
Tamang Heritage Lodge,Rasuwa,Tamang Heritage Trail Nepal,28.1800,85.4200,+977-10-700100,4.8,100,USD,Available,https://www.tamangheritagelodge.com
Thuman Village Homestay,Rasuwa,Thuman Nepal,28.2000,85.3500,+977-10-700200,4.7,75,USD,Available,https://www.thumanhomestay.com
Briddim Community Lodge,Rasuwa,Briddim Nepal,28.1900,85.3800,+977-10-700300,4.8,85,USD,Available,https://www.briddimcommunitylodge.com
Nagthali Mountain Lodge,Rasuwa,Nagthali Nepal,28.2200,85.3800,+977-10-701100,4.9,110,USD,Available,https://www.nagthalimountainlodge.com
Kyanjin Village Retreat,Rasuwa,Kyanjin Nepal,28.2140,85.5650,+977-10-701200,4.8,120,USD,Available,https://www.kyanjinvillageretreat.com
Hotel Name,Destination,Address,Latitude,Longitude,Phone,Rating,Price Per Night,Currency,Booking Status,Booking URL
Lete Mountain Lodge,Mustang,Lete Nepal,28.6500,83.6000,+977-69-710100,4.7,85,USD,Available,https://www.letemountainlodge.com
See You Lodge,Mustang,Lete Thasang Nepal,28.6400,83.5900,+977-9847616800,4.8,95,USD,Available,https://seeyoulodge.nicnepal.org
Marpha Village Homestay,Mustang,Marpha Nepal,28.7500,83.6900,+977-69-710200,4.7,80,USD,Available,https://www.marphavillagehomestay.com
Tukuche Heritage Lodge,Mustang,Tukuche Nepal,28.7400,83.6200,+977-69-710300,4.6,90,USD,Available,https://www.tukucheheritagelodge.com
Lo Manthang Village Guest House,Mustang,Lo Manthang Nepal,29.1800,83.9700,+977-69-711100,4.8,100,USD,Available,https://www.lomanthangguesthouse.com
Mustang Mystique Guest House,Mustang,Lo Manthang Nepal,29.1805,83.9705,+977-9847616866,4.7,85,USD,Available,https://www.mustangmystiqueguesthouse.com
Muktinath Village Lodge,Mustang,Ranipauwa Muktinath Nepal,28.8200,83.8700,+977-69-711200,4.8,120,USD,Available,https://www.muktinathvillagelodge.com
Kagbeni Riverside Lodge,Mustang,Kagbeni Nepal,28.8400,83.7800,+977-69-711300,4.7,90,USD,Available,https://www.kagbeniriversidelodge.com
Chharka Village Inn,Dolpa,Chharka Nepal,29.1000,83.3000,+977-87-720100,4.5,75,USD,Available,https://www.chharkavillageinn.com
Saldang Mountain Lodge,Dolpa,Saldang Nepal,29.2500,82.9500,+977-87-720200,4.8,100,USD,Available,https://www.saldangmountainlodge.com
Shey Phoksundo Retreat,Dolpa,Shey Phoksundo Nepal,29.2000,82.9500,+977-87-720300,4.9,130,USD,Available,https://www.sheyphoksundoretreat.com
Juphal Village Lodge,Dolpa,Juphal Nepal,29.2700,82.1900,+977-87-721100,4.5,65,USD,Available,https://www.juphalvillagelodge.com
Rara Lake View Lodge,Mugu,Rara Nepal,29.5300,82.0900,+977-87-730100,4.8,110,USD,Available,https://www.raralakeviewlodge.com
Talcha Airport Guest House,Mugu,Talcha Nepal,29.5305,82.1000,+977-87-730200,4.6,75,USD,Available,https://www.talchaguesthouse.com
Khatyad Rural Homestay,Mugu,Khatyad Nepal,29.6500,82.2500,+977-87-730300,4.4,55,USD,Available,https://www.khatyadhomestay.com
Simikot Mountain Lodge,Humla,Simikot Nepal,29.9700,81.8200,+977-87-740100,4.6,85,USD,Available,https://www.simikotmountainlodge.com
Yari Village Homestay,Humla,Yari Nepal,30.0000,81.5000,+977-87-740200,4.7,70,USD,Available,https://www.yarivillagehomestay.com
Hilsa Border Lodge,Humla,Hilsa Nepal,30.1200,81.2500,+977-87-740300,4.5,80,USD,Available,https://www.hilsaborderlodge.com
Manaslu Samdo Lodge,Gorkha,Samdo Nepal,28.6500,84.6800,+977-64-750100,4.8,105,USD,Available,https://www.manaslusamdolodge.com
Tsum Valley Homestay,Gorkha,Tsum Valley Nepal,28.5500,85.0000,+977-64-750200,4.7,90,USD,Available,https://www.tsumvalleyhomestay.com
Hotel Name,Destination,Address,Latitude,Longitude,Phone,Rating,Price Per Night,Currency,Booking Status,Booking URL
Samdo Himalayan Lodge,Gorkha,Samdo Manaslu Nepal,28.6505,84.6805,+977-64-760100,4.8,110,USD,Available,https://www.samdo-himalayanlodge.com
Deng Village Guest House,Gorkha,Deng Nepal,28.6000,84.7700,+977-64-760200,4.6,80,USD,Available,https://www.dengvillageguesthouse.com
Namrung Mountain Lodge,Gorkha,Namrung Nepal,28.6300,84.6500,+977-64-760300,4.7,95,USD,Available,https://www.namrungmountainlodge.com
Tsum Valley Village Homestay,Gorkha,Tsum Valley Nepal,28.5500,85.0500,+977-64-761100,4.8,90,USD,Available,https://www.tsumvalleyvillagehomestay.com
Mu Gompa Guest House,Gorkha,Mu Gompa Nepal,28.7000,85.1300,+977-64-761200,4.9,120,USD,Available,https://www.mugompaguesthouse.com
Chhule Nile Lodge,Gorkha,Chhule Nile Nepal,28.6500,85.1000,+977-64-761300,4.7,85,USD,Available,https://www.chhulelodge.com
Nar Phu Valley Lodge,Manang,Nar Phu Nepal,28.8000,84.0500,+977-66-770100,4.9,130,USD,Available,https://www.narphuvalleylodge.com
Phu Village Homestay,Manang,Phu Nepal,28.8200,84.1500,+977-66-770200,4.8,100,USD,Available,https://www.phuvillagehomestay.com
Naar Mountain Guest House,Manang,Naar Nepal,28.7800,84.1200,+977-66-770300,4.7,95,USD,Available,https://www.naarmountainguesthouse.com
Koto Rural Lodge,Manang,Koto Nepal,28.6500,84.1200,+977-66-771100,4.6,80,USD,Available,https://www.kotorurallodge.com
Humde Village Lodge,Manang,Humde Nepal,28.7000,84.0300,+977-66-771200,4.5,75,USD,Available,https://www.humdevillagelodge.com
Chame Mountain Inn,Manang,Chame Nepal,28.5500,84.2400,+977-66-771300,4.7,90,USD,Available,https://www.chamemountaininn.com
Bimthang Valley Lodge,Lamjung,Bimthang Nepal,28.7000,84.3500,+977-66-780100,4.8,105,USD,Available,https://www.bimthangvalleylodge.com
Dharapani Village Lodge,Manang,Dharapani Nepal,28.5300,84.3600,+977-66-780200,4.7,85,USD,Available,https://www.dharapani-lodge.com
Tal Village Riverside Inn,Manang,Tal Nepal,28.4800,84.3800,+977-66-780300,4.6,75,USD,Available,https://www.talriversideinn.com
Ghalegaun Community Homestay,Lamjung,Ghalegaun Nepal,28.2500,84.4000,+977-66-790100,4.9,90,USD,Available,https://www.ghalegaunhomestay.com
Bhujung Village Resort,Lamjung,Bhujung Nepal,28.3000,84.4200,+977-66-790200,4.7,80,USD,Available,https://www.bhujungvillageresort.com
Pasgaun Rural Lodge,Lamjung,Pasgaun Nepal,28.3500,84.4500,+977-66-790300,4.8,85,USD,Available,https://www.pasgaunrurallodge.com
Tansen Rural Heritage Inn,Palpa,Tansen Rural Nepal,27.8600,83.5400,+977-75-800100,4.6,70,USD,Available,https://www.tansenruralheritage.com
Ranimahal Riverside Lodge,Palpa,Ranimahal Nepal,27.8300,83.5500,+977-75-800200,4.7,85,USD,Available,https://www.ranimahalriversidelodge.com
Hotel Name,Destination,Address,Latitude,Longitude,Phone,Rating,Price Per Night,Currency,Booking Status,Booking URL
Sikles Community Homestay,Kaski,Sikles Village Nepal,28.4100,84.1200,+977-61-810100,4.8,85,USD,Available,https://www.siklescommunityhomestay.com
Kapuche Lake Lodge,Kaski,Kapuche Nepal,28.4000,84.1300,+977-61-810200,4.7,95,USD,Available,https://www.kapuchelakelodge.com
Sirubari Village Homestay,Syangja,Sirubari Nepal,28.0500,83.7800,+977-63-810300,4.8,80,USD,Available,https://www.sirubarihomestay.com
Panchase Eco Lodge,Kaski,Panchase Nepal,28.2500,83.8500,+977-61-811100,4.7,90,USD,Available,https://www.panchaseecolodge.com
Ghandruk Gurung Lodge,Kaski,Ghandruk Nepal,28.3700,84.0000,+977-61-811200,4.9,100,USD,Available,https://www.ghandrukgurunglodge.com
Chhomrong Mountain Lodge,Kaski,Chhomrong Nepal,28.5300,83.8200,+977-61-811300,4.8,110,USD,Available,https://www.chhomrongmountainlodge.com
Jhinu Danda Hot Spring Lodge,Kaski,Jhinu Danda Nepal,28.4800,83.8100,+977-61-812100,4.7,85,USD,Available,https://www.jhinudandalodge.com
Tadapani Village Lodge,Kaski,Tadapani Nepal,28.4100,83.7500,+977-61-812200,4.8,95,USD,Available,https://www.tadapanivillagelodge.com
Chitlang Organic Homestay,Makwanpur,Chitlang Nepal,27.6000,85.2000,+977-57-820100,4.7,70,USD,Available,https://www.chitlangorganichomestay.com
Kulekhani Lake Resort,Makwanpur,Kulekhani Nepal,27.5900,85.1500,+977-57-820200,4.6,90,USD,Available,https://www.kulekhaniresort.com
Daman Mountain Lodge,Makwanpur,Daman Nepal,27.6000,85.1000,+977-57-820300,4.8,105,USD,Available,https://www.damanmountainlodge.com
Palung Village Homestay,Makwanpur,Palung Nepal,27.6200,85.1200,+977-57-821100,4.5,65,USD,Available,https://www.palunghomestay.com
Ilam Tea Garden Lodge,Ilam,Ilam Nepal,26.9200,87.9300,+977-27-830100,4.8,95,USD,Available,https://www.ilamteagardenlodge.com
Kanyam Tea Homestay,Ilam,Kanyam Nepal,26.8800,87.9200,+977-27-830200,4.9,100,USD,Available,https://www.kanyamteahomestay.com
Antu Danda View Lodge,Ilam,Antu Danda Nepal,26.8800,87.9400,+977-27-830300,4.7,85,USD,Available,https://www.antudandaviewlodge.com
Mai Pokhari Eco Lodge,Ilam,Mai Pokhari Nepal,26.9300,87.9300,+977-27-831100,4.6,75,USD,Available,https://www.maipokhariecolodge.com
Dhankuta Community Homestay,Dhankuta,Dhankuta Nepal,26.9800,87.3500,+977-26-840100,4.8,70,USD,Available,https://www.dhankutahomestay.com
Kachide Community Homestay,Dhankuta,Kachide Nepal,26.9800,87.3500,+977-26-840200,4.7,75,USD,Available,https://www.kachidehomestay.com
Bhedetar Hill Resort,Dhankuta,Bhedetar Nepal,26.8100,87.2800,+977-26-840300,4.6,90,USD,Available,https://www.bhedetarhillresort.com
Barpak Village Lodge,Gorkha,Barpak Nepal,28.2100,84.7500,+977-64-850100,4.9,100,USD,Available,https://www.barpakvillagelodge.com
Hotel Name,Destination,Address,Latitude,Longitude,Phone,Rating,Price Per Night,Currency,Booking Status,Booking URL
Barpak Mountain View Lodge,Gorkha,Barpak Nepal,28.2105,84.7505,+977-64-850200,4.8,110,USD,Available,https://www.barpakmountainviewlodge.com
Laprak Village Homestay,Gorkha,Laprak Nepal,28.2300,84.7200,+977-64-850300,4.7,85,USD,Available,https://www.laprakhomestay.com
Kashigaun Rural Lodge,Gorkha,Kashigaun Nepal,28.1800,84.7000,+977-64-851100,4.6,75,USD,Available,https://www.kashigaunrurallodge.com
Kerauja Mountain Lodge,Gorkha,Kerauja Nepal,28.2200,84.6500,+977-64-851200,4.7,90,USD,Available,https://www.keraujamountainlodge.com
Siru Bari Community Stay,Syangja,Sirubari Nepal,28.0505,83.7805,+977-63-860100,4.9,80,USD,Available,https://www.sirubaricommunitystay.com
Nuwakot Village Heritage,Nuwakot,Nuwakot Nepal,27.9205,85.1705,+977-10-860200,4.6,70,USD,Available,https://www.nuwakotheritagevillage.com
Kakani Mountain Lodge,Nuwakot,Kakani Nepal,27.8000,85.2600,+977-10-860300,4.7,95,USD,Available,https://www.kakanimountainlodge.com
Chisapani Village Retreat,Sindhupalchok,Chisapani Nepal,28.0200,85.4500,+977-11-870100,4.8,90,USD,Available,https://www.chisapanivillageretreat.com
Nagarkot Rural Community Stay,Bhaktapur,Nagarkot Nepal,27.7200,85.5200,+977-1-870200,4.7,100,USD,Available,https://www.nagarkotruralstay.com
Panauti Village Homestay,Kavrepalanchok,Panauti Nepal,27.5850,85.5150,+977-11-870300,4.8,85,USD,Available,https://www.panautivillagehomestay.com
Dhulikhel Rural Retreat,Kavrepalanchok,Dhulikhel Nepal,27.6250,85.5450,+977-11-871100,4.7,95,USD,Available,https://www.dhulikhelruralretreat.com
Namobuddha Eco Lodge,Kavrepalanchok,Namobuddha Nepal,27.5700,85.6000,+977-11-871200,4.9,120,USD,Available,https://www.namobuddhaecolodge.com
Balthali Village Resort,Kavrepalanchok,Balthali Nepal,27.5500,85.6200,+977-11-871300,4.8,110,USD,Available,https://www.balthalivillageresort.com
Kushma Riverside Lodge,Parbat,Kushma Nepal,28.2200,83.6900,+977-67-880100,4.6,80,USD,Available,https://www.kushmariversidelodge.com
Dharapani Rural Homestay,Parbat,Dharapani Nepal,28.2500,83.6500,+977-67-880200,4.5,65,USD,Available,https://www.dharaparniruralhomestay.com
Salyan Hill Lodge,Salyan,Salyan Nepal,28.3800,82.1700,+977-88-880300,4.5,60,USD,Available,https://www.salyanhilllodge.com
Rukum Mountain Homestay,Rukum,Rukum Nepal,28.6200,82.6200,+977-88-881100,4.6,70,USD,Available,https://www.rukummountainhomestay.com
Rolpa Village Lodge,Rolpa,Rolpa Nepal,28.3000,82.6400,+977-86-881200,4.5,60,USD,Available,https://www.rolpavillagelodge.com
Pyuthan Rural Resort,Pyuthan,Pyuthan Nepal,28.0900,82.8700,+977-86-881300,4.6,75,USD,Available,https://www.pyuthanruralresort.com
Arghakhanchi Hill Homestay,Arghakhanchi,Arghakhanchi Nepal,27.9500,83.1200,+977-77-882100,4.5,65,USD,Available,https://www.arghakhanchihomestay.com
Hotel Name,Destination,Address,Latitude,Longitude,Phone,Rating,Price Per Night,Currency,Booking Status,Booking URL
Aath Pahariya Community Homestay,Dhankuta,Khambela Nepal,26.9500,87.3500,+977-26-890100,4.8,75,USD,Available,https://www.aathpahariyahomestay.com
Khambela Village Lodge,Dhankuta,Khambela Nepal,26.9505,87.3505,+977-26-890200,4.7,70,USD,Available,https://www.khambelavillagelodge.com
Sipting Rural Homestay,Dhankuta,Sipting Nepal,26.9200,87.4000,+977-26-890300,4.6,65,USD,Available,https://www.siptinghomestay.com
Bhojpur Mountain Lodge,Bhojpur,Bhojpur Nepal,27.1800,87.0500,+977-29-900100,4.7,80,USD,Available,https://www.bhojpurmountainlodge.com
Dingla Village Homestay,Bhojpur,Dingla Nepal,27.2200,87.1000,+977-29-900200,4.6,65,USD,Available,https://www.dinglavillagehomestay.com
Hatuwa Rural Retreat,Bhojpur,Hatuwa Nepal,27.1000,87.0000,+977-29-900300,4.5,60,USD,Available,https://www.hatuwaruralretreat.com
Khotang Hill Lodge,Khotang,Khotang Nepal,27.2000,86.8000,+977-36-910100,4.6,70,USD,Available,https://www.khotanghilllodge.com
Halesi Village Guest House,Khotang,Halesi Nepal,27.0500,86.7500,+977-36-910200,4.7,85,USD,Available,https://www.halesivillageguesthouse.com
Okhaldhunga Mountain Stay,Okhaldhunga,Okhaldhunga Nepal,27.3200,86.5000,+977-37-910300,4.5,65,USD,Available,https://www.okhaldhungamountainstay.com
Solukhumbu Rural Lodge,Solukhumbu,Junbesi Nepal,27.6300,86.5800,+977-38-920100,4.8,95,USD,Available,https://www.junbesirurallodge.com
Junbesi Village Homestay,Solukhumbu,Junbesi Nepal,27.6305,86.5805,+977-38-920200,4.9,90,USD,Available,https://www.junbesihomestay.com
Phaplu Mountain Lodge,Solukhumbu,Phaplu Nepal,27.5200,86.5900,+977-38-920300,4.7,85,USD,Available,https://www.phaplumountainlodge.com
Bung Village Homestay,Sankhuwasabha,Bung Nepal,27.7500,87.3000,+977-29-930100,4.8,75,USD,Available,https://www.bunghomestay.com
Num Community Lodge,Sankhuwasabha,Num Nepal,27.6805,87.1805,+977-29-930200,4.7,80,USD,Available,https://www.numcommunitylodge.com
Hatiya Rural Lodge,Sankhuwasabha,Hatiya Nepal,27.8500,87.2500,+977-29-930300,4.6,70,USD,Available,https://www.hatiyarurallodge.com
Ilam Village Tea Retreat,Ilam,Barbote Nepal,26.9200,87.9300,+977-27-940100,4.9,100,USD,Available,https://www.ilamtearetreat.com
Barbote Village Homestay,Ilam,Barbote Nepal,26.9205,87.9305,+977-27-940200,4.8,85,USD,Available,https://www.barbotehomestay.com
Fikkal Tea Garden Lodge,Ilam,Fikkal Nepal,26.8900,87.9300,+977-27-940300,4.7,90,USD,Available,https://www.fikkalteagardenlodge.com
Mai Valley Farm Stay,Ilam,Mai Valley Nepal,26.9150,87.9400,+977-27-941100,4.6,75,USD,Available,https://www.maivalleyfarmstay.com
Antu Village Homestay,Ilam,Antu Nepal,26.8805,87.9405,+977-27-941200,4.8,95,USD,Available,https://www.antuvillagehomestay.com
Hotel Name,Destination,Address,Latitude,Longitude,Phone,Rating,Price Per Night,Currency,Booking Status,Booking URL
Sakhejung Village Homestay,Ilam,Sakhejung Nepal,26.9200,87.8500,+977-27-950100,4.7,75,USD,Available,https://www.sakhejunghomestay.com
Kolbung Tea Garden Lodge,Ilam,Kolbung Nepal,26.8500,87.9000,+977-27-950200,4.6,70,USD,Available,https://www.kolbungtealodge.com
Sandakpur Mountain Lodge,Ilam,Sandakpur Nepal,26.9500,87.9000,+977-27-950300,4.9,120,USD,Available,https://www.sandakpurmountainlodge.com
Maipokhari Village Retreat,Ilam,Maipokhari Nepal,26.9305,87.9305,+977-27-951100,4.8,90,USD,Available,https://www.maipokharivillageretreat.com
Phidim Hill Homestay,Panchthar,Phidim Nepal,27.1450,87.7600,+977-24-960100,4.6,65,USD,Available,https://www.phidimhillhomestay.com
Yangnam Village Lodge,Panchthar,Yangnam Nepal,27.1000,87.7500,+977-24-960200,4.7,70,USD,Available,https://www.yangnamvillagelodge.com
Tumbewa Rural Stay,Panchthar,Tumbewa Nepal,27.0500,87.6500,+977-24-960300,4.5,60,USD,Available,https://www.tumbewaruralstay.com
Tehrathum Rhododendron Lodge,Terhathum,Basantapur Nepal,27.1200,87.5500,+977-26-970100,4.8,95,USD,Available,https://www.terhathumrhododendronlodge.com
Menchhayayem Homestay,Terhathum,Menchhayayem Nepal,27.1000,87.4500,+977-26-970200,4.6,70,USD,Available,https://www.menchhayayemhomestay.com
Sankhuwasabha Arun Valley Lodge,Sankhuwasabha,Arun Valley Nepal,27.4000,87.2500,+977-29-970300,4.7,85,USD,Available,https://www.arunvalleylodge.com
Makalu Rural Community Stay,Sankhuwasabha,Num Nepal,27.6800,87.1800,+977-29-971100,4.8,100,USD,Available,https://www.makalururalstay.com
Barun Valley Lodge,Sankhuwasabha,Barun Valley Nepal,27.7500,87.0500,+977-29-971200,4.9,130,USD,Available,https://www.barunvalleylodge.com
Salpa Village Homestay,Bhojpur,Salpa Nepal,27.3000,86.9500,+977-29-980100,4.7,75,USD,Available,https://www.salpahomestay.com
Bhojpur Kirat Lodge,Bhojpur,Bhojpur Nepal,27.1700,87.0500,+977-29-980200,4.6,70,USD,Available,https://www.bhojpurkiratlodge.com
Shadananda Rural Inn,Bhojpur,Shadananda Nepal,27.2500,87.1000,+977-29-980300,4.5,60,USD,Available,https://www.shadanandaruralinn.com
Halesi Rural Retreat,Khotang,Halesi Nepal,27.0500,86.7500,+977-36-990100,4.8,90,USD,Available,https://www.halesiruralretreat.com
Diktel Mountain Lodge,Khotang,Diktel Nepal,27.2100,86.7900,+977-36-990200,4.7,80,USD,Available,https://www.diktelmountainlodge.com
Aiselukharka Village Stay,Khotang,Aiselukharka Nepal,27.4000,86.8000,+977-36-990300,4.5,65,USD,Available,https://www.aiselukharkastay.com
Okhaldhunga Community Lodge,Okhaldhunga,Okhaldhunga Nepal,27.3200,86.5000,+977-37-991100,4.6,70,USD,Available,https://www.okhaldhungacommunitylodge.com
Khijidemba Mountain Homestay,Okhaldhunga,Khijidemba Nepal,27.2500,86.4000,+977-37-991200,4.7,85,USD,Available,https://www.khijidembahomestay.com
Hotel Name,Destination,Address,Latitude,Longitude,Phone,Rating,Price Per Night,Currency,Booking Status,Booking URL
Junbesi Heritage Lodge,Solukhumbu,Junbesi Nepal,27.6300,86.5800,+977-38-000100,4.8,100,USD,Available,https://www.junbesiheritagelodge.com
Taksindu Village Lodge,Solukhumbu,Taksindu Nepal,27.5800,86.5700,+977-38-000200,4.7,85,USD,Available,https://www.taksinduvillagelodge.com
Ringmo Mountain Homestay,Solukhumbu,Ringmo Nepal,27.6200,86.6200,+977-38-000300,4.6,75,USD,Available,https://www.ringmomountainhomestay.com
Nunthala Rural Lodge,Solukhumbu,Nunthala Nepal,27.6000,86.6000,+977-38-001100,4.5,70,USD,Available,https://www.nunthalarurallodge.com
Chheskam Village Stay,Solukhumbu,Chheskam Nepal,27.5200,86.9000,+977-38-001200,4.7,80,USD,Available,https://www.chheskamstay.com
Mahalangur Mountain Lodge,Solukhumbu,Makalu Region Nepal,27.7500,87.0000,+977-38-001300,4.8,120,USD,Available,https://www.mahalangurmountainlodge.com
Taplejung Village Retreat,Taplejung,Taplejung Nepal,27.3500,87.6700,+977-24-010100,4.7,85,USD,Available,https://www.taplejungvillageretreat.com
Sekathum Riverside Lodge,Taplejung,Sekathum Nepal,27.6200,87.8500,+977-24-010200,4.8,100,USD,Available,https://www.sekathumriversidelodge.com
Amjilosa Mountain Stay,Taplejung,Amjilosa Nepal,27.6500,87.9000,+977-24-010300,4.7,90,USD,Available,https://www.amjilosamountainstay.com
Lhonak Base Camp Lodge,Taplejung,Lhonak Nepal,27.8800,88.0500,+977-24-011100,4.9,140,USD,Available,https://www.lhonakbasecamplodge.com
Olangchung Village Homestay,Taplejung,Olangchung Gola Nepal,27.6000,87.9000,+977-24-011200,4.8,110,USD,Available,https://www.olangchunghomestay.com
Phaktanglung Rural Inn,Taplejung,Phaktanglung Nepal,27.6500,87.8500,+977-24-011300,4.6,75,USD,Available,https://www.phaktanglungruralinn.com
Manang Village Heritage,Manang,Manang Village Nepal,28.6600,84.0200,+977-66-020100,4.8,100,USD,Available,https://www.manangvillageheritage.com
Yak Kharka Lodge,Manang,Yak Kharka Nepal,28.6500,84.3000,+977-66-020200,4.7,95,USD,Available,https://www.yakkharkalodge.com
Thorong Phedi Guest House,Manang,Thorong Phedi Nepal,28.7900,84.3900,+977-66-020300,4.8,120,USD,Available,https://www.thorongphediguesthouse.com
High Camp Mountain Lodge,Manang,Thorong La Nepal,28.7900,84.4000,+977-66-021100,4.7,130,USD,Available,https://www.highcampmountainlodge.com
Koto Village Homestay,Manang,Koto Nepal,28.6500,84.1200,+977-66-021200,4.6,80,USD,Available,https://www.kotovillagehomestay.com
Dharapani Heritage Inn,Manang,Dharapani Nepal,28.5300,84.3600,+977-66-021300,4.7,85,USD,Available,https://www.dharapaniheritageinn.com
Hotel Name,Destination,Address,Latitude,Longitude,Phone,Rating,Price Per Night,Currency,Booking Status,Booking URL
Bhilang Village Lodge,Gorkha,Bhilang Nepal,28.2500,84.7800,+977-64-030100,4.6,75,USD,Available,https://www.bhilangvillagelodge.com
Prok Village Homestay,Gorkha,Prok Nepal,28.6500,84.6000,+977-64-030200,4.7,90,USD,Available,https://www.prokvillagehomestay.com
Larkya Mountain Lodge,Gorkha,Larkya Nepal,28.7200,84.6000,+977-64-030300,4.8,120,USD,Available,https://www.larkyamountainlodge.com
Bihi Phedi Guest House,Gorkha,Bihi Nepal,28.6800,84.6300,+977-64-031100,4.6,85,USD,Available,https://www.bihiphediguesthouse.com
Namrung Village Retreat,Gorkha,Namrung Nepal,28.6300,84.6500,+977-64-031200,4.7,100,USD,Available,https://www.namrungvillageretreat.com
Lho Himalayan Lodge,Gorkha,Lho Nepal,28.6200,84.6300,+977-64-031300,4.8,110,USD,Available,https://www.lhohimalayanlodge.com
Sama Gaun Heritage Stay,Gorkha,Sama Gaun Nepal,28.6400,84.6500,+977-64-032100,4.9,130,USD,Available,https://www.samagaunheritagestay.com
Birendra Lake Lodge,Gorkha,Birendra Lake Nepal,28.6500,84.7000,+977-64-032200,4.7,105,USD,Available,https://www.birendralakelodge.com
Chhokangparo Homestay,Gorkha,Tsum Valley Nepal,28.5800,85.0500,+977-64-032300,4.8,95,USD,Available,https://www.chhokangparohomestay.com
Rachen Gompa Lodge,Gorkha,Tsum Valley Nepal,28.6000,85.1000,+977-64-033100,4.9,125,USD,Available,https://www.rachengompalodge.com
Mu Gompa Mountain Stay,Gorkha,Mu Gompa Nepal,28.7000,85.1300,+977-64-033200,4.8,115,USD,Available,https://www.mugompamountainstay.com
Chekampar Village Inn,Gorkha,Chekampar Nepal,28.5800,85.1200,+977-64-033300,4.6,80,USD,Available,https://www.chekamparinn.com
Jagat Riverside Lodge,Gorkha,Jagat Nepal,28.5200,84.8200,+977-64-034100,4.7,85,USD,Available,https://www.jagatriversidelodge.com
Machha Khola Guest House,Gorkha,Machha Khola Nepal,28.5000,84.7500,+977-64-034200,4.6,75,USD,Available,https://www.machhakholaguesthouse.com
Khorlabesi Village Lodge,Gorkha,Khorlabesi Nepal,28.5200,84.7300,+977-64-034300,4.7,80,USD,Available,https://www.khorlabesivillagelodge.com
Tsum Valley Eco Lodge,Gorkha,Tsum Valley Nepal,28.5600,85.0800,+977-64-035100,4.8,100,USD,Available,https://www.tsumvalleyecolodge.com
Boudha Rural Retreat,Gorkha,Rural Gorkha Nepal,28.4000,84.8000,+977-64-035200,4.5,65,USD,Available,https://www.boudharuralretreat.com
Chepe River Lodge,Gorkha,Chepe River Nepal,28.3000,84.9000,+977-64-035300,4.5,60,USD,Available,https://www.cheperiverlodge.com
Madi Valley Homestay,Tanahun,Madi Valley Nepal,28.0500,84.1000,+977-65-036100,4.7,75,USD,Available,https://www.madivalleyhomestay.com
Bandipur Village Lodge,Tanahun,Bandipur Nepal,27.9400,84.4100,+977-65-036200,4.9,110,USD,Available,https://www.bandipurvillagelodge.com
Hotel Name,Destination,Address,Latitude,Longitude,Phone,Rating,Price Per Night,Currency,Booking Status,Booking URL
Dumre Village Lodge,Tanahun,Dumre Nepal,27.9500,84.3000,+977-65-040100,4.6,70,USD,Available,https://www.dumrevillagelodge.com
Sundari Danda Homestay,Tanahun,Sundari Danda Nepal,27.9300,84.3500,+977-65-040200,4.7,75,USD,Available,https://www.sundaridandahomestay.com
Rising Village Retreat,Tanahun,Rising Nepal,27.9800,84.2500,+977-65-040300,4.5,65,USD,Available,https://www.risingvillageretreat.com
Nawalpur Tharu Homestay,Nawalpur,Nawalpur Nepal,27.7000,84.1000,+977-78-050100,4.7,70,USD,Available,https://www.nawalpurtharuhomestay.com
Amaltari Community Lodge,Nawalpur,Amaltari Nepal,27.6200,84.1700,+977-78-050200,4.8,95,USD,Available,https://www.amaltaricommunitylodge.com
Kawasoti Rural Resort,Nawalpur,Kawasoti Nepal,27.6500,84.1300,+977-78-050300,4.5,65,USD,Available,https://www.kawasotiruralresort.com
Bardiya Tharu Village Stay,Bardiya,Bardiya Nepal,28.3500,81.3500,+977-84-060100,4.8,80,USD,Available,https://www.bardiyatharustay.com
Bardiya Jungle Homestay,Bardiya,Thakurdwara Nepal,28.4000,81.2800,+977-84-060200,4.9,100,USD,Available,https://www.bardiyajunglehomestay.com
Thakurdwara Community Lodge,Bardiya,Thakurdwara Nepal,28.4000,81.2800,+977-84-060300,4.7,85,USD,Available,https://www.thakurdwaralodge.com
Banke Rural Eco Lodge,Banke,Banke Nepal,28.1000,81.6500,+977-81-070100,4.5,60,USD,Available,https://www.bankeruralecolodge.com
Gavar Valley Homestay,Banke,Kohalpur Nepal,28.1500,81.6500,+977-81-070200,4.7,75,USD,Available,https://www.gavarvalleyhomestay.com
Narainapur Village Stay,Banke,Narainapur Nepal,27.9000,81.6500,+977-81-070300,4.6,65,USD,Available,https://www.narainapurvillage.com
Jaljala Mountain Lodge,Rolpa,Jaljala Nepal,28.5000,82.6000,+977-86-080100,4.8,90,USD,Available,https://www.jaljalamountainlodge.com
Rolpa Community Homestay,Rolpa,Rolpa Nepal,28.3000,82.6400,+977-86-080200,4.6,65,USD,Available,https://www.rolpacommunityhomestay.com
Sisne Himal Lodge,Rukum,Sisne Nepal,28.6000,82.6500,+977-88-080300,4.7,85,USD,Available,https://www.sisnehimallodge.com
Dhorpatan Village Resort,Baglung,Dhorpatan Nepal,28.4200,83.0000,+977-68-090100,4.8,100,USD,Available,https://www.dhorpatanvillageresort.com
Myagdi Rural Heritage Lodge,Myagdi,Myagdi Nepal,28.5000,83.6000,+977-69-090200,4.6,75,USD,Available,https://www.myagditheritagelodge.com
Kushma Hill Homestay,Parbat,Kushma Nepal,28.2200,83.6900,+977-67-090300,4.7,80,USD,Available,https://www.kushmahillhomestay.com
Baglung Community Lodge,Baglung,Baglung Nepal,28.2700,83.5900,+977-68-091100,4.5,65,USD,Available,https://www.baglungcommunitylodge.com
Galkot Village Stay,Baglung,Galkot Nepal,28.2300,83.4200,+977-68-091200,4.7,75,USD,Available,https://www.galkotvillagestay.com
Hotel Name,Destination,Address,Latitude,Longitude,Phone,Rating,Price Per Night,Currency,Booking Status,Booking URL
Ghandruk Community Heritage Lodge,Kaski,Ghandruk Nepal,28.3700,84.0000,+977-61-100100,4.9,105,USD,Available,https://www.ghandrukcommunityheritage.com
Landruk Village Retreat,Kaski,Landruk Nepal,28.3300,83.9500,+977-61-100200,4.7,85,USD,Available,https://www.landrukvillageretreat.com
Tolka Mountain Homestay,Kaski,Tolka Nepal,28.3500,83.9000,+977-61-100300,4.6,75,USD,Available,https://www.tolkamountainhomestay.com
Majgaon Gurung Lodge,Kaski,Majgaon Nepal,28.3800,83.9800,+977-61-101100,4.8,95,USD,Available,https://www.majgaongurunglodge.com
Lwang Village Eco Lodge,Kaski,Lwang Nepal,28.3900,83.9000,+977-61-101200,4.7,80,USD,Available,https://www.lwangecolodge.com
Khumai Danda Lodge,Kaski,Khumai Danda Nepal,28.5000,84.0500,+977-61-101300,4.8,110,USD,Available,https://www.khumaidandalodge.com
Mardi Village Homestay,Kaski,Mardi Nepal,28.4700,83.9300,+977-61-102100,4.7,90,USD,Available,https://www.mardivillagehomestay.com
Korchon Mountain Lodge,Kaski,Korchon Nepal,28.4200,83.8500,+977-61-102200,4.6,85,USD,Available,https://www.korchonmountainlodge.com
Poonmagri Village Stay,Myagdi,Poonmagri Nepal,28.4200,83.7000,+977-69-102300,4.7,80,USD,Available,https://www.poonmagrivillagestay.com
Nangi Community Lodge,Myagdi,Nangi Nepal,28.4500,83.5500,+977-69-103100,4.8,95,USD,Available,https://www.nangicommunitylodge.com
Mohare Danda Eco Lodge,Myagdi,Mohare Danda Nepal,28.4300,83.5800,+977-69-103200,4.9,120,USD,Available,https://www.moharedandaecolodge.com
Rakh Baglung Village Inn,Baglung,Rakh Nepal,28.2500,83.3000,+977-68-103300,4.5,65,USD,Available,https://www.rakhvillageinn.com
Galkot Community Homestay,Baglung,Galkot Nepal,28.2300,83.4200,+977-68-104100,4.7,75,USD,Available,https://www.galkotcommunityhomestay.com
Dhorpatan Eco Retreat,Baglung,Dhorpatan Nepal,28.4200,83.0000,+977-68-104200,4.8,105,USD,Available,https://www.dhorpatanecoretreat.com
Tamankhola Rural Lodge,Baglung,Tamankhola Nepal,28.3500,83.0000,+977-68-104300,4.6,70,USD,Available,https://www.tamankholalodge.com
Rukum East Mountain Stay,Rukum East,Rukum Nepal,28.6500,82.7500,+977-88-105100,4.6,75,USD,Available,https://www.rukumeastmountainstay.com
Sisne Village Homestay,Rukum East,Sisne Nepal,28.6000,82.6500,+977-88-105200,4.7,80,USD,Available,https://www.sisnevillagehomestay.com
Kamal Daha Rural Lodge,Rukum East,Kamal Daha Nepal,28.6200,82.7000,+977-88-105300,4.5,65,USD,Available,https://www.kamaldaharurallodge.com
Jaljala Community Stay,Rolpa,Jaljala Nepal,28.5000,82.6000,+977-86-106100,4.8,90,USD,Available,https://www.jaljalacommunitystay.com
Thabang Village Lodge,Rolpa,Thabang Nepal,28.5000,82.7000,+977-86-106200,4.7,75,USD,Available,https://www.thabangvillagelodge.com
Hotel Name,Destination,Address,Latitude,Longitude,Phone,Rating,Price Per Night,Currency,Booking Status,Booking URL
Bhada Village Homestay,Kailali,Bhada Nepal,28.6500,80.9000,+977-91-110100,4.8,75,USD,Available,https://www.bhadavillagehomestay.com
Tharu Community Lodge,Kailali,Kailali Nepal,28.7000,80.9500,+977-91-110200,4.7,80,USD,Available,https://www.tharucommunitylodge.com
Ghodaghodi Lake Retreat,Kailali,Ghodaghodi Nepal,28.7000,80.9500,+977-91-110300,4.6,90,USD,Available,https://www.ghodaghodilakeretreat.com
Tikapur Riverside Lodge,Kailali,Tikapur Nepal,28.5300,81.1300,+977-91-111100,4.5,65,USD,Available,https://www.tikapurriversidelodge.com
Dadeldhura Hill Retreat,Dadeldhura,Dadeldhura Nepal,29.3000,80.5800,+977-96-120100,4.7,85,USD,Available,https://www.dadeldhurahillretreat.com
Amargadhi Village Lodge,Dadeldhura,Amargadhi Nepal,29.3100,80.5800,+977-96-120200,4.6,70,USD,Available,https://www.amargadhivillagelodge.com
Ajaymeru Rural Stay,Dadeldhura,Ajaymeru Nepal,29.2500,80.5000,+977-96-120300,4.5,60,USD,Available,https://www.ajaymerururalstay.com
Baitadi Hill Homestay,Baitadi,Baitadi Nepal,29.5200,80.4300,+977-95-130100,4.7,70,USD,Available,https://www.baitadihillhomestay.com
Patan Village Lodge,Baitadi,Patan Nepal,29.4500,80.5800,+977-95-130200,4.6,65,USD,Available,https://www.patanvillagelodge.com
Shivnath Rural Retreat,Baitadi,Shivnath Nepal,29.4000,80.4500,+977-95-130300,4.5,55,USD,Available,https://www.shivnathretreat.com
Darchula Api Base Lodge,Darchula,Api Region Nepal,29.8500,80.5500,+977-93-140100,4.8,100,USD,Available,https://www.apibaselodge.com
Malikarjun Village Stay,Darchula,Malikarjun Nepal,29.7000,80.5500,+977-93-140200,4.6,70,USD,Available,https://www.malikarjunstay.com
Khalanga Mountain Inn,Darchula,Khalanga Nepal,29.8500,80.5500,+977-93-140300,4.7,80,USD,Available,https://www.khalangamountaininn.com
Bajura Himalayan Homestay,Bajura,Bajura Nepal,29.4500,81.3500,+977-97-150100,4.6,65,USD,Available,https://www.bajurahimalayanhomestay.com
Budhinanda Village Lodge,Bajura,Budhinanda Nepal,29.5500,81.3000,+977-97-150200,4.7,75,USD,Available,https://www.budhinandavillagelodge.com
Bajhang Rural Heritage,Bajhang,Bajhang Nepal,29.5400,81.2000,+977-93-150300,4.5,60,USD,Available,https://www.bajhangheritage.com
Kalikot Karnali Lodge,Kalikot,Kalikot Nepal,29.1500,81.6000,+977-87-160100,4.6,70,USD,Available,https://www.kalikotkarnalilodge.com
Pili Village Homestay,Kalikot,Pili Nepal,29.2000,81.7000,+977-87-160200,4.7,65,USD,Available,https://www.pilihomestay.com
Raskot Rural Lodge,Kalikot,Raskot Nepal,29.3000,81.6500,+977-87-160300,4.5,55,USD,Available,https://www.raskotrurallodge.com
Jumla Sinja Valley Stay,Jumla,Sinja Nepal,29.3500,82.2500,+977-87-170100,4.8,85,USD,Available,https://www.sinjavalleystay.com
Hotel Name,Destination,Address,Latitude,Longitude,Phone,Rating,Price Per Night,Currency,Booking Status,Booking URL
Sinja Valley Heritage Lodge,Jumla,Sinja Nepal,29.3500,82.2500,+977-87-170200,4.7,90,USD,Available,https://www.sinjavallyheritagelodge.com
Patmara Village Homestay,Jumla,Patmara Nepal,29.2800,82.1800,+977-87-170300,4.6,70,USD,Available,https://www.patmarahomestay.com
Chandannath Rural Lodge,Jumla,Jumla Nepal,29.2800,82.1800,+977-87-171100,4.5,65,USD,Available,https://www.chandannathlodge.com
Rara Karnali Eco Stay,Mugu,Rara Region Nepal,29.5300,82.0800,+977-87-180100,4.8,110,USD,Available,https://www.rarakarnaliecostay.com
Mugu Village Heritage,Mugu,Mugu Nepal,29.5500,82.1000,+977-87-180200,4.6,70,USD,Available,https://www.muguheritage.com
Gamgadhi Mountain Inn,Mugu,Gamgadhi Nepal,29.5200,82.0900,+977-87-180300,4.5,65,USD,Available,https://www.gamgadhimountaininn.com
Yari Himalayan Lodge,Humla,Yari Nepal,30.0000,81.5000,+977-87-190100,4.7,80,USD,Available,https://www.yarihimalayanlodge.com
Muchu Village Stay,Humla,Muchu Nepal,30.0000,81.6000,+977-87-190200,4.6,70,USD,Available,https://www.muchuvillagestay.com
Limi Valley Heritage Lodge,Humla,Limi Valley Nepal,30.0500,81.6500,+977-87-190300,4.9,120,USD,Available,https://www.limivalleyheritagelodge.com
Kermi Rural Homestay,Humla,Kermi Nepal,29.9500,81.7500,+977-87-191100,4.7,75,USD,Available,https://www.kermihomestay.com
Simkot Village Retreat,Humla,Simkot Nepal,29.9700,81.8200,+977-87-191200,4.6,85,USD,Available,https://www.simkotvillageretreat.com
Darma Rural Lodge,Humla,Darma Nepal,29.8500,81.7000,+977-87-191300,4.5,60,USD,Available,https://www.darmarurallodge.com
Api Himal Homestay,Darchula,Api Himal Nepal,30.0000,80.9500,+977-93-200100,4.8,100,USD,Available,https://www.apihimalhomestay.com
Byas Village Lodge,Darchula,Byas Nepal,30.0000,80.3000,+977-93-200200,4.7,85,USD,Available,https://www.byasvillagelodge.com
Khalanga Community Stay,Darchula,Khalanga Nepal,29.8500,80.5500,+977-93-200300,4.6,70,USD,Available,https://www.khalangacommunitystay.com
Mahakali Riverside Lodge,Darchula,Mahakali Nepal,29.9000,80.5000,+977-93-201100,4.5,65,USD,Available,https://www.mahakaliroversidelodge.com
Bajura Budhinanda Retreat,Bajura,Budhinanda Nepal,29.5500,81.3000,+977-97-210100,4.7,80,USD,Available,https://www.bajurabudhinandaretreat.com
Martadi Village Lodge,Bajura,Martadi Nepal,29.4500,81.3500,+977-97-210200,4.6,70,USD,Available,https://www.martadivillagelodge.com
Bajhang Seti Homestay,Bajhang,Bajhang Nepal,29.5400,81.2000,+977-93-210300,4.5,60,USD,Available,https://www.bajhangsetihomestay.com
Chainpur Rural Lodge,Bajhang,Chainpur Nepal,29.5500,81.1800,+977-93-211100,4.6,65,USD,Available,https://www.chainpurrurallodge.com