ID,Police Station,Destination,Address,Phone,Latitude,Longitude,District,Province
1,Nepal Police Headquarters,Kathmandu,"Naxal, Kathmandu, Nepal",+977-1-4412100,27.7172,85.3240,Kathmandu,Bagmati
2,Kathmandu Valley Police Office,Kathmandu,"Ratna Park, Kathmandu, Nepal",+977-1-4231466,27.7048,85.3157,Kathmandu,Bagmati
3,District Police Range Kathmandu,Kathmandu,"Teku, Kathmandu, Nepal",+977-1-4261945,27.6958,85.3075,Kathmandu,Bagmati
4,Metropolitan Police Circle Balaju,Kathmandu,"Balaju, Kathmandu, Nepal",,27.7350,85.3000,Kathmandu,Bagmati
5,Metropolitan Police Circle Gaushala,Kathmandu,"Gaushala, Kathmandu, Nepal",,27.7090,85.3480,Kathmandu,Bagmati
6,Metropolitan Police Circle Maharajgunj,Kathmandu,"Maharajgunj, Kathmandu, Nepal",,27.7360,85.3370,Kathmandu,Bagmati
7,Metropolitan Police Circle Kalimati,Kathmandu,"Kalimati, Kathmandu, Nepal",+977-1-4270536,27.6965,85.2975,Kathmandu,Bagmati
8,Metropolitan Police Circle Koteshwor,Kathmandu,"Koteshwor, Kathmandu, Nepal",,27.6780,85.3480,Kathmandu,Bagmati
9,Metropolitan Police Circle Thamel,Kathmandu,"Thamel, Kathmandu, Nepal",,27.7150,85.3120,Kathmandu,Bagmati
10,Metropolitan Police Circle Singha Durbar,Kathmandu,"Singha Durbar, Kathmandu, Nepal",,27.7000,85.3240,Kathmandu,Bagmati
11,Police Station Thapathali,Kathmandu,"Thapathali, Kathmandu, Nepal",,27.6945,85.3205,Kathmandu,Bagmati
12,Police Station Teku,Kathmandu,"Teku, Kathmandu, Nepal",,27.6950,85.3060,Kathmandu,Bagmati
13,Police Station Baneshwor,Kathmandu,"New Baneshwor, Kathmandu, Nepal",,27.6920,85.3420,Kathmandu,Bagmati
14,Police Station Bouddha,Kathmandu,"Boudha, Kathmandu, Nepal",,27.7210,85.3620,Kathmandu,Bagmati
15,Police Station Chabahil,Kathmandu,"Chabahil, Kathmandu, Nepal",,27.7180,85.3480,Kathmandu,Bagmati
16,Police Station Gongabu,Kathmandu,"Gongabu, Kathmandu, Nepal",,27.7350,85.3140,Kathmandu,Bagmati
17,Police Station Maharajgunj,Kathmandu,"Maharajgunj, Kathmandu, Nepal",,27.7360,85.3370,Kathmandu,Bagmati
18,Police Station Sankhu,Kathmandu,"Sankhu, Kathmandu, Nepal",,27.7350,85.4500,Kathmandu,Bagmati
19,Police Station Thankot,Kathmandu,"Thankot, Kathmandu, Nepal",,27.6900,85.2200,Kathmandu,Bagmati
20,Police Station Kirtipur,Kirtipur,"Kirtipur Municipality, Kathmandu, Nepal",,27.6780,85.2770,Kathmandu,Bagmati
21,District Police Office Lalitpur,Lalitpur,"Jawalakhel, Lalitpur, Nepal",+977-1-5521207,27.6730,85.3150,Lalitpur,Bagmati
22,Police Station Jawalakhel,Lalitpur,"Jawalakhel, Lalitpur, Nepal",,27.6720,85.3150,Lalitpur,Bagmati
23,Police Station Lagankhel,Lalitpur,"Lagankhel, Lalitpur, Nepal",,27.6660,85.3250,Lalitpur,Bagmati
24,Police Station Satdobato,Lalitpur,"Satdobato, Lalitpur, Nepal",,27.6570,85.3240,Lalitpur,Bagmati
25,Police Station Bungamati,Lalitpur,"Bungamati, Lalitpur, Nepal",,27.6280,85.2940,Lalitpur,Bagmati
26,District Police Office Bhaktapur,Bhaktapur,"Bhaktapur Durbar Square Area, Nepal",,27.6720,85.4290,Bhaktapur,Bagmati
27,Police Station Thimi,Bhaktapur,"Madhyapur Thimi, Bhaktapur, Nepal",,27.6800,85.3870,Bhaktapur,Bagmati
28,Police Station Suryabinayak,Bhaktapur,"Suryabinayak, Bhaktapur, Nepal",,27.6650,85.4300,Bhaktapur,Bagmati
29,Police Station Jagati,Bhaktapur,"Jagati, Bhaktapur, Nepal",,27.6500,85.4450,Bhaktapur,Bagmati
30,Police Station Changunarayan,Bhaktapur,"Changunarayan, Bhaktapur, Nepal",,27.7160,85.4270,Bhaktapur,Bagmati
31,District Police Office Kavrepalanchok,Dhulikhel,"Dhulikhel, Kavre, Nepal",,27.6220,85.5420,Kavrepalanchok,Bagmati
32,Police Station Banepa,Banepa,"Banepa Municipality, Kavre, Nepal",,27.6300,85.5210,Kavrepalanchok,Bagmati
33,Police Station Panauti,Panauti,"Panauti, Kavre, Nepal",,27.5850,85.5130,Kavrepalanchok,Bagmati
34,District Police Office Sindhupalchok,Chautara,"Chautara, Sindhupalchok, Nepal",,27.7780,85.7100,Sindhupalchok,Bagmati
35,Police Station Melamchi,Melamchi,"Melamchi, Sindhupalchok, Nepal",,27.8220,85.5800,Sindhupalchok,Bagmati
36,District Police Office Nuwakot,Bidur,"Bidur, Nuwakot, Nepal",,27.9200,85.1600,Nuwakot,Bagmati
37,Police Station Trishuli,Trishuli,"Trishuli, Nuwakot, Nepal",,27.9830,85.1700,Nuwakot,Bagmati
38,District Police Office Rasuwa,Dhunche,"Dhunche, Rasuwa, Nepal",,28.1100,85.3000,Rasuwa,Bagmati
39,District Police Office Dhading,Dhadingbesi,"Dhadingbesi, Dhading, Nepal",,27.8730,84.9200,Dhading,Bagmati
40,Police Station Naubise,Naubise,"Naubise, Dhading, Nepal",,27.7500,85.0800,Dhading,Bagmati
41,District Police Office Makwanpur,Hetauda,"Hetauda, Makwanpur, Nepal",+977-57-520399,27.4280,85.0320,Makwanpur,Bagmati
42,Police Station Hetauda,Hetauda,"Hetauda Sub-Metropolitan City, Nepal",,27.4300,85.0330,Makwanpur,Bagmati
43,Police Station Bhimphedi,Bhimphedi,"Bhimphedi, Makwanpur, Nepal",,27.5500,85.1500,Makwanpur,Bagmati
44,District Police Office Chitwan,Bharatpur,"Bharatpur, Chitwan, Nepal",,27.6830,84.4300,Chitwan,Bagmati
45,Police Station Narayangarh,Narayangarh,"Narayangarh, Chitwan, Nepal",,27.6830,84.4350,Chitwan,Bagmati
46,Police Station Ratnanagar,Ratnanagar,"Tandi, Chitwan, Nepal",,27.6150,84.5000,Chitwan,Bagmati
47,District Police Office Gorkha,Gorkha,"Gorkha Bazaar, Nepal",,28.0000,84.6330,Gorkha,Gandaki
48,Police Station Palungtar,Palungtar,"Palungtar, Gorkha, Nepal",,28.0300,84.6200,Gorkha,Gandaki
49,District Police Office Lamjung,Besisahar,"Besisahar, Lamjung, Nepal",,28.2300,84.0100,Lamjung,Gandaki
50,Police Station Sundarbazar,Sundarbazar,"Sundarbazar, Lamjung, Nepal",,28.1250,84.0200,Lamjung,Gandaki
51,District Police Office Tanahun,Damauli,"Damauli, Tanahun, Nepal",,27.9730,84.2400,Tanahun,Gandaki
52,Police Station Dumre,Dumre,"Dumre, Tanahun, Nepal",,28.1150,84.4000,Tanahun,Gandaki
53,Police Station Bhimad,Bhimad,"Bhimad Municipality, Tanahun, Nepal",,27.9500,84.0500,Tanahun,Gandaki
54,District Police Office Kaski,Pokhara,"Pokhara, Kaski, Nepal",+977-61-538633,28.2257,83.9893,Kaski,Gandaki
55,Metropolitan Police Office Pokhara,Pokhara,"Pokhara Metropolitan City, Nepal",,28.2096,83.9856,Kaski,Gandaki
56,Police Station Lakeside,Pokhara,"Lakeside, Pokhara, Nepal",+977-61-452761,28.2100,83.9600,Kaski,Gandaki
57,Police Station Baidam,Pokhara,"Baidam, Pokhara, Nepal",,28.2150,83.9560,Kaski,Gandaki
58,Police Station Hemja,Pokhara,"Hemja, Pokhara, Nepal",,28.2600,83.9100,Kaski,Gandaki
59,Police Station Lekhnath,Lekhnath,"Lekhnath, Pokhara, Nepal",,28.1700,84.0550,Kaski,Gandaki
60,Police Station Prithvi Chowk,Pokhara,"Prithvi Chowk, Pokhara, Nepal",,28.2000,83.9700,Kaski,Gandaki
61,District Police Office Syangja,Syangja,"Syangja Bazaar, Nepal",,28.0900,83.8700,Syangja,Gandaki
62,Police Station Waling,Waling,"Waling Municipality, Syangja, Nepal",,27.9800,83.7600,Syangja,Gandaki
63,Police Station Putalibazar,Syangja,"Putalibazar, Syangja, Nepal",,28.1000,83.8700,Syangja,Gandaki
64,District Police Office Parbat,Kusma,"Kusma, Parbat, Nepal",,28.2200,83.6800,Parbat,Gandaki
65,Police Station Kusma,Kusma,"Kusma Municipality, Parbat, Nepal",,28.2200,83.6800,Parbat,Gandaki
66,District Police Office Baglung,Baglung,"Baglung Bazaar, Nepal",,28.2700,83.5900,Baglung,Gandaki
67,Police Station Burtibang,Burtibang,"Burtibang, Baglung, Nepal",,28.3300,83.1300,Baglung,Gandaki
68,District Police Office Myagdi,Beni,"Beni, Myagdi, Nepal",,28.3500,83.5700,Myagdi,Gandaki
69,Police Station Tatopani,Tatopani,"Tatopani, Myagdi, Nepal",,28.5000,83.6500,Myagdi,Gandaki
70,District Police Office Nawalpur,Kawasoti,"Kawasoti, Nawalpur, Nepal",,27.6500,84.1300,Nawalpur,Gandaki
71,Police Station Gaindakot,Gaindakot,"Gaindakot, Nawalpur, Nepal",,27.7000,84.3900,Nawalpur,Gandaki
72,District Police Office Rupandehi,Bhairahawa,"Bhairahawa, Rupandehi, Nepal",,27.5000,83.4500,Rupandehi,Lumbini
73,Area Police Office Butwal,Butwal,"Butwal, Rupandehi, Nepal",,27.7000,83.4500,Rupandehi,Lumbini
74,Police Station Belbas,Butwal,"Belbas, Butwal, Nepal",,27.6800,83.4200,Rupandehi,Lumbini
75,Police Station Sidharthanagar,Siddharthanagar,"Siddharthanagar, Rupandehi, Nepal",,27.5000,83.4500,Rupandehi,Lumbini
76,District Police Office Kapilvastu,Taulihawa,"Taulihawa, Kapilvastu, Nepal",,27.5500,83.0500,Kapilvastu,Lumbini
77,Police Station Krishnanagar,Krishnanagar,"Krishnanagar, Kapilvastu, Nepal",,27.4200,82.9200,Kapilvastu,Lumbini
78,District Police Office Palpa,Tansen,"Tansen, Palpa, Nepal",,27.8700,83.5500,Palpa,Lumbini
79,Police Station Rampur,Rampur,"Rampur, Palpa, Nepal",,27.9200,83.9100,Palpa,Lumbini
80,District Police Office Gulmi,Tamghas,"Tamghas, Gulmi, Nepal",,28.0800,83.2500,Gulmi,Lumbini
81,Police Station Resunga,Resunga,"Resunga, Gulmi, Nepal",,28.0800,83.2500,Gulmi,Lumbini
82,District Police Office Arghakhanchi,Sandhikharka,"Sandhikharka, Arghakhanchi, Nepal",,27.9500,83.1200,Arghakhanchi,Lumbini
83,Police Station Chutrabesi,Sandhikharka,"Chutrabesi, Arghakhanchi, Nepal",,27.9400,83.1300,Arghakhanchi,Lumbini
84,District Police Office Dang,Ghorahi,"Ghorahi, Dang, Nepal",+977-82-560199,28.0350,82.4800,Dang,Lumbini
85,Police Station Tulsipur,Tulsipur,"Tulsipur, Dang, Nepal",,28.1300,82.3000,Dang,Lumbini
86,Police Station Lamahi,Lamahi,"Lamahi, Dang, Nepal",,27.8500,82.5500,Dang,Lumbini
87,District Police Office Banke,Nepalgunj,"Nepalgunj, Banke, Nepal",,28.0500,81.6200,Banke,Lumbini
88,Police Station Kohalpur,Kohalpur,"Kohalpur, Banke, Nepal",,28.2100,81.6800,Banke,Lumbini
89,District Police Office Bardiya,Gulariya,"Gulariya, Bardiya, Nepal",,28.2300,81.3400,Bardiya,Lumbini
90,Police Station Rajapur,Rajapur,"Rajapur, Bardiya, Nepal",,28.8800,81.1000,Bardiya,Lumbini
91,District Police Office Sunsari,Inaruwa,"Inaruwa, Sunsari, Nepal",,26.6100,87.1400,Sunsari,Koshi
92,Area Police Office Dharan,Dharan,"Dharan, Sunsari, Nepal",,26.8100,87.2800,Sunsari,Koshi
93,Police Station Itahari,Itahari,"Itahari, Sunsari, Nepal",,26.6600,87.2700,Sunsari,Koshi
94,District Police Office Morang,Biratnagar,"Biratnagar, Morang, Nepal",+977-21-462158,26.4500,87.2700,Morang,Koshi
95,Police Station Rangeli,Rangeli,"Rangeli, Morang, Nepal",,26.4500,87.4500,Morang,Koshi
96,District Police Office Jhapa,Bhadrapur,"Bhadrapur, Jhapa, Nepal",,26.5400,88.0900,Jhapa,Koshi
97,Police Station Birtamode,Birtamode,"Birtamode, Jhapa, Nepal",,26.6400,88.0000,Jhapa,Koshi
98,District Police Office Ilam,Ilam,"Ilam Bazaar, Nepal",,26.9100,87.9300,Ilam,Koshi
99,Police Station Phidim,Phidim,"Phidim, Panchthar, Nepal",,27.1500,87.7500,Panchthar,Koshi
100,District Police Office Taplejung,Taplejung,"Taplejung Bazaar, Nepal",,27.3500,87.6700,Taplejung,Koshi
101,District Police Office Sankhuwasabha,Khandbari,"Khandbari, Sankhuwasabha, Nepal",,27.3800,87.2000,Sankhuwasabha,Koshi
102,Police Station Chainpur,Chainpur,"Chainpur, Sankhuwasabha, Nepal",,27.2800,87.3000,Sankhuwasabha,Koshi
103,District Police Office Bhojpur,Bhojpur,"Bhojpur Bazaar, Nepal",,27.1700,87.0500,Bhojpur,Koshi
104,Police Station Dingla,Dingla,"Dingla, Bhojpur, Nepal",,27.2000,87.1000,Bhojpur,Koshi
105,District Police Office Dhankuta,Dhankuta,"Dhankuta Bazaar, Nepal",,26.9800,87.3400,Dhankuta,Koshi
106,Police Station Hile,Hile,"Hile, Dhankuta, Nepal",,27.0100,87.3000,Dhankuta,Koshi
107,District Police Office Khotang,Diktel,"Diktel, Khotang, Nepal",,27.2100,86.7900,Khotang,Koshi
108,Police Station Halesi,Halesi,"Halesi, Khotang, Nepal",,27.0500,86.7300,Khotang,Koshi
109,District Police Office Solukhumbu,Salleri,"Salleri, Solukhumbu, Nepal",,27.7900,86.7200,Solukhumbu,Koshi
110,Police Station Lukla,Lukla,"Lukla, Solukhumbu, Nepal",,27.6900,86.7300,Solukhumbu,Koshi
111,District Police Office Okhaldhunga,Okhaldhunga,"Okhaldhunga Bazaar, Nepal",,27.3100,86.5000,Okhaldhunga,Koshi
112,Police Station Manebhanjyang,Manebhanjyang,"Okhaldhunga, Nepal",,27.2800,86.5500,Okhaldhunga,Koshi
113,District Police Office Udayapur,Gaiघat,"Gaighat, Udayapur, Nepal",,26.8000,86.7000,Udayapur,Koshi
114,Police Station Katari,Katari,"Katari, Udayapur, Nepal",,26.0300,86.1700,Udayapur,Koshi
115,District Police Office Saptari,Rajbiraj,"Rajbiraj, Saptari, Nepal",,26.5400,86.7500,Saptari,Madhesh
116,Police Station Kadarbona,Kadarbona,"Saptari, Nepal",,26.5800,86.6500,Saptari,Madhesh
117,District Police Office Siraha,Siraha,"Siraha Bazaar, Nepal",,26.6500,86.2000,Siraha,Madhesh
118,Police Station Lahan,Lahan,"Lahan, Siraha, Nepal",,26.7200,86.4800,Siraha,Madhesh
119,District Police Office Dhanusha,Janakpur,"Janakpur, Dhanusha, Nepal",,26.7300,85.9200,Dhanusha,Madhesh
120,Police Station Janakpur,Janakpur,"Janakpur Sub-Metropolitan City, Nepal",,26.7300,85.9200,Dhanusha,Madhesh
121,District Police Office Mahottari,Jaleshwar,"Jaleshwar, Mahottari, Nepal",,26.6500,85.8000,Mahottari,Madhesh
122,Police Station Bardibas,Bardibas,"Bardibas, Mahottari, Nepal",,26.9900,85.9000,Mahottari,Madhesh
123,District Police Office Sarlahi,Malangwa,"Malangwa, Sarlahi, Nepal",,26.8600,85.5600,Sarlahi,Madhesh
124,Police Station Lalbandi,Lalbandi,"Lalbandi, Sarlahi, Nepal",,27.0300,85.5500,Sarlahi,Madhesh
125,District Police Office Rautahat,Gaur,"Gaur, Rautahat, Nepal",,26.7700,85.2700,Rautahat,Madhesh
126,Police Station Chandrapur,Chandrapur,"Chandrapur, Rautahat, Nepal",,27.0000,85.4200,Rautahat,Madhesh
127,District Police Office Bara,Kalaiya,"Kalaiya, Bara, Nepal",,26.9900,84.8700,Bara,Madhesh
128,Police Station Simara,Simara,"Simara, Bara, Nepal",,27.1600,84.9800,Bara,Madhesh
129,District Police Office Parsa,Birgunj,"Birgunj, Parsa, Nepal",,27.0100,84.8800,Parsa,Madhesh
130,Police Station Birgunj,Birgunj,"Birgunj Metropolitan City, Nepal",,27.0100,84.8800,Parsa,Madhesh
131,District Police Office Dolakha,Charikot,"Charikot, Dolakha, Nepal",,27.6700,86.0500,Dolakha,Bagmati
132,Police Station Jiri,Jiri,"Jiri, Dolakha, Nepal",,27.6300,86.2300,Dolakha,Bagmati
133,District Police Office Ramechhap,Manthali,"Manthali, Ramechhap, Nepal",,27.3900,86.0600,Ramechhap,Bagmati
134,Police Station Ramechhap,Ramechhap,"Ramechhap Bazaar, Nepal",,27.3300,86.0800,Ramechhap,Bagmati
135,District Police Office Sindhuli,Sindhulimadhi,"Sindhulimadhi, Nepal",,27.2500,85.9700,Sindhuli,Bagmati
136,Police Station Bardibas Highway Checkpoint,Sindhuli,"BP Highway Area, Sindhuli, Nepal",,27.2000,86.0000,Sindhuli,Bagmati
137,District Police Office Baglung,Baglung,"Baglung Bazaar, Nepal",,28.2700,83.5900,Baglung,Gandaki
138,Police Station Jaimini,Jaimini,"Jaimini Municipality, Baglung, Nepal",,28.2500,83.6000,Baglung,Gandaki
139,District Police Office Mustang,Jomsom,"Jomsom, Mustang, Nepal",,28.7800,83.7200,Mustang,Gandaki
140,Police Station Muktinath,Muktinath,"Muktinath Area, Mustang, Nepal",,28.8200,83.8700,Mustang,Gandaki
141,District Police Office Manang,Chame,"Chame, Manang, Nepal",,28.5500,84.2300,Manang,Gandaki
142,Police Station Pisang,Pisang,"Pisang, Manang, Nepal",,28.6700,84.1800,Manang,Gandaki
143,District Police Office Rukum East,Rukumkot,"Rukumkot, Rukum East, Nepal",,28.6300,82.6300,Rukum East,Lumbini
144,Police Station Musikot,Musikot,"Musikot, Rukum East, Nepal",,28.6300,82.4800,Rukum East,Lumbini
145,District Police Office Rolpa,Liwang,"Liwang, Rolpa, Nepal",,28.3000,82.6300,Rolpa,Lumbini
146,Police Station Sulichaur,Sulichaur,"Sulichaur, Rolpa, Nepal",,28.4200,82.7000,Rolpa,Lumbini
147,District Police Office Pyuthan,Pyuthan,"Pyuthan Khalanga, Nepal",,28.0900,82.8600,Pyuthan,Lumbini
148,Police Station Bijuwar,Bijuwar,"Bijuwar, Pyuthan, Nepal",,28.1000,82.8500,Pyuthan,Lumbini
149,District Police Office Salyan,Salyan,"Salyan Khalanga, Nepal",,28.3800,82.1700,Salyan,Karnali
150,Police Station Shreenagar,Shreenagar,"Salyan, Nepal",,28.4500,82.2000,Salyan,Karnali
151,District Police Office Surkhet,Birendranagar,"Birendranagar, Surkhet, Nepal",,28.6000,81.6300,Surkhet,Karnali
152,Police Station Chhinchu,Chhinchu,"Chhinchu, Surkhet, Nepal",,28.4500,81.7500,Surkhet,Karnali
153,Police Station Babiyachaur,Babiyachaur,"Surkhet, Nepal",,28.6500,81.5000,Surkhet,Karnali
154,District Police Office Dailekh,Dailekh,"Dailekh Bazaar, Nepal",,28.8500,81.7100,Dailekh,Karnali
155,Police Station Dullu,Dullu,"Dullu, Dailekh, Nepal",,28.8300,81.7200,Dailekh,Karnali
156,District Police Office Jajarkot,Khalanga,"Jajarkot Khalanga, Nepal",,28.7000,82.1800,Jajarkot,Karnali
157,Police Station Chhedagad,Chhedagad,"Jajarkot, Nepal",,28.6000,82.2000,Jajarkot,Karnali
158,District Police Office Kalikot,Manma,"Manma, Kalikot, Nepal",,29.1500,81.6200,Kalikot,Karnali
159,Police Station Raskot,Raskot,"Kalikot, Nepal",,29.1000,81.6000,Kalikot,Karnali
160,District Police Office Jumla,Chandannath,"Jumla Khalanga, Nepal",,29.2700,82.1800,Jumla,Karnali
161,Police Station Sinja,Sinja,"Sinja Valley, Jumla, Nepal",,29.3200,81.9800,Jumla,Karnali
162,District Police Office Mugu,Gamgadhi,"Gamgadhi, Mugu, Nepal",,29.5300,82.0900,Mugu,Karnali
163,Police Station Rara,Rara,"Rara Area, Mugu, Nepal",,29.5200,82.0800,Mugu,Karnali
164,District Police Office Dolpa,Dunai,"Dunai, Dolpa, Nepal",,29.0000,82.8200,Dolpa,Karnali
165,Police Station Juphal,Juphal,"Juphal, Dolpa, Nepal",,29.2800,82.8200,Dolpa,Karnali
166,District Police Office Kailali,Dhangadhi,"Dhangadhi, Kailali, Nepal",,28.7000,80.5900,Kailali,Sudurpashchim
167,Area Police Office Attariya,Attariya,"Attariya, Kailali, Nepal",,28.9700,80.6000,Kailali,Sudurpashchim
168,Police Station Tikapur,Tikapur,"Tikapur, Kailali, Nepal",,28.5200,81.1200,Kailali,Sudurpashchim
169,District Police Office Kanchanpur,Bhimdatta,"Mahendranagar, Kanchanpur, Nepal",,28.9600,80.1800,Kanchanpur,Sudurpashchim
170,Police Station Gaddachauki,Gaddachauki,"Gaddachauki Border Area, Kanchanpur, Nepal",,28.9500,80.0800,Kanchanpur,Sudurpashchim
171,District Police Office Dadeldhura,Dadeldhura,"Dadeldhura Bazaar, Nepal",,29.3000,80.5800,Dadeldhura,Sudurpashchim
172,Police Station Jogbudha,Jogbudha,"Dadeldhura, Nepal",,29.2000,80.4500,Dadeldhura,Sudurpashchim
173,District Police Office Baitadi,Baitadi,"Dasharathchand, Baitadi, Nepal",,29.5200,80.4300,Baitadi,Sudurpashchim
174,Police Station Patan,Patan,"Patan, Baitadi, Nepal",,29.5000,80.6000,Baitadi,Sudurpashchim
175,District Police Office Darchula,Darchula,"Khalanga, Darchula, Nepal",,29.8500,80.5500,Darchula,Sudurpashchim
176,Police Station Gokuleshwor,Gokuleshwor,"Darchula, Nepal",,29.7000,80.6500,Darchula,Sudurpashchim
177,District Police Office Bajura,Martadi,"Martadi, Bajura, Nepal",,29.4200,81.4200,Bajura,Sudurpashchim
178,Police Station Kolti,Kolti,"Kolti, Bajura, Nepal",,29.4500,81.6000,Bajura,Sudurpashchim
179,District Police Office Bajhang,Chainpur,"Chainpur, Bajhang, Nepal",,29.5500,81.1800,Bajhang,Sudurpashchim
180,Police Station Bungal,Bungal,"Bajhang, Nepal",,29.6500,81.2500,Bajhang,Sudurpashchim
181,Metropolitan Police Circle Kapan,Kapan,"Kapan, Kathmandu, Nepal",,27.7400,85.3600,Kathmandu,Bagmati
182,Metropolitan Police Circle Chhetrapati,Chhetrapati,"Kathmandu, Nepal",,27.7150,85.3050,Kathmandu,Bagmati
183,Metropolitan Police Circle New Baneshwor,Baneshwor,"Kathmandu, Nepal",,27.6900,85.3400,Kathmandu,Bagmati
184,Metropolitan Police Circle Darbar Marg,Darbar Marg,"Kathmandu, Nepal",,27.7110,85.3180,Kathmandu,Bagmati
185,Metropolitan Police Circle Swayambhu,Swayambhu,"Kathmandu, Nepal",,27.7140,85.2900,Kathmandu,Bagmati
186,Police Station Budhanilkantha,Budhanilkantha,"Kathmandu, Nepal",,27.7800,85.3600,Kathmandu,Bagmati
187,Police Station Tokha,Tokha,"Kathmandu, Nepal",,27.7600,85.3300,Kathmandu,Bagmati
188,Police Station Mulpani,Mulpani,"Kathmandu, Nepal",,27.7300,85.3900,Kathmandu,Bagmati
189,Police Station Pharping,Pharping,"Kathmandu, Nepal",,27.6100,85.2600,Kathmandu,Bagmati
190,Police Station Dakshinkali,Dakshinkali,"Kathmandu, Nepal",,27.6000,85.2600,Kathmandu,Bagmati
191,Police Station Chapagaun,Chapagaun,"Lalitpur, Nepal",,27.5900,85.3300,Lalitpur,Bagmati
192,Police Station Imadol,Imadol,"Lalitpur, Nepal",,27.6500,85.3700,Lalitpur,Bagmati
193,Police Station Lubhu,Lubhu,"Lalitpur, Nepal",,27.6200,85.3900,Lalitpur,Bagmati
194,Police Station Godawari,Godawari,"Lalitpur, Nepal",,27.5900,85.4200,Lalitpur,Bagmati
195,Police Station Tikathali,Tikathali,"Lalitpur, Nepal",,27.6500,85.3900,Lalitpur,Bagmati
196,Police Station Dadhikot,Dadhikot,"Bhaktapur, Nepal",,27.6700,85.4500,Bhaktapur,Bagmati
197,Police Station Nangkhel,Nangkhel,"Bhaktapur, Nepal",,27.6500,85.4500,Bhaktapur,Bagmati
198,Police Station Sipadol,Sipadol,"Bhaktapur, Nepal",,27.6500,85.4200,Bhaktapur,Bagmati
199,Police Station Bode,Bode,"Bhaktapur, Nepal",,27.6900,85.4100,Bhaktapur,Bagmati
200,Police Station Sanga,Sanga,"Bhaktapur/Kavre Border, Nepal",,27.6700,85.5000,Bhaktapur,Bagmati
201,District Police Office Nawalparasi East,Kawasoti,"Kawasoti, Nawalpur, Nepal",,27.6500,84.1300,Nawalpur,Gandaki
202,Police Station Devchuli,Devchuli,"Devchuli, Nawalpur, Nepal",,27.7000,84.2500,Nawalpur,Gandaki
203,Police Station Madhyabindu,Madhyabindu,"Nawalpur, Nepal",,27.5800,84.0800,Nawalpur,Gandaki
204,Police Station Arunkhola,Arunkhola,"Nawalpur, Nepal",,27.6000,84.0500,Nawalpur,Gandaki
205,District Police Office Kaski Area Police Office Hemja,Hemja,"Hemja, Pokhara, Nepal",,28.2600,83.9100,Kaski,Gandaki
206,Police Station Sarangkot,Sarangkot,"Sarangkot, Pokhara, Nepal",,28.2500,83.9500,Kaski,Gandaki
207,Police Station Chapakot,Chapakot,"Syangja, Nepal",,27.9800,83.7700,Syangja,Gandaki
208,Police Station Arjunchaupari,Arjunchaupari,"Syangja, Nepal",,28.0800,83.8500,Syangja,Gandaki
209,Police Station Kolma,Kolma,"Syangja, Nepal",,28.0500,83.8000,Syangja,Gandaki
210,Police Station Galyang,Galyang,"Syangja, Nepal",,27.9500,83.7600,Syangja,Gandaki
211,Police Station Modi,Kushma Area,"Parbat, Nepal",,28.2500,83.7000,Parbat,Gandaki
212,Police Station Jaljala,Jaljala,"Parbat, Nepal",,28.2600,83.6700,Parbat,Gandaki
213,Police Station Huwas,Huwas,"Parbat, Nepal",,28.1000,83.7000,Parbat,Gandaki
214,Police Station Dhorpatan,Dhorpatan,"Baglung, Nepal",,28.5000,83.0000,Baglung,Gandaki
215,Police Station Galkot,Galkot,"Baglung, Nepal",,28.3500,83.4200,Baglung,Gandaki
216,Police Station Burtibang Area,Burtibang,"Baglung, Nepal",,28.3300,83.1300,Baglung,Gandaki
217,Police Station Malika,Malika,"Myagdi, Nepal",,28.4200,83.5500,Myagdi,Gandaki
218,Police Station Darbang,Darbang,"Myagdi, Nepal",,28.4500,83.5000,Myagdi,Gandaki
219,Police Station Ghodepani,Ghodepani,"Myagdi, Nepal",,28.4000,83.6900,Myagdi,Gandaki
220,Police Station Jomsom Area,Jomsom,"Mustang, Nepal",,28.7800,83.7200,Mustang,Gandaki
221,Police Station Kagbeni,Kagbeni,"Mustang, Nepal",,28.8400,83.7800,Mustang,Gandaki
222,Police Station Marpha,Marpha,"Mustang, Nepal",,28.7500,83.6800,Mustang,Gandaki
223,Police Station Lo Manthang,Lo Manthang,"Mustang, Nepal",,29.1800,83.9600,Mustang,Gandaki
224,Police Station Chame,Chame,"Manang, Nepal",,28.5500,84.2300,Manang,Gandaki
225,Police Station Manang Village,Manang,"Manang, Nepal",,28.6700,84.0200,Manang,Gandaki
226,Police Station Tal,Tal,"Manang, Nepal",,28.5200,84.3500,Manang,Gandaki
227,District Police Office Rupandehi Traffic Office,Butwal,"Butwal, Rupandehi, Nepal",,27.7000,83.4500,Rupandehi,Lumbini
228,Police Station Manigram,Manigram,"Rupandehi, Nepal",,27.6500,83.4000,Rupandehi,Lumbini
229,Police Station Devdaha,Devdaha,"Rupandehi, Nepal",,27.6000,83.5500,Rupandehi,Lumbini
230,Police Station Lumbini,Lumbini,"Lumbini, Nepal",,27.4700,83.2800,Rupandehi,Lumbini
231,Police Station Taulihawa Area,Taulihawa,"Kapilvastu, Nepal",,27.5500,83.0500,Kapilvastu,Lumbini
232,Police Station Chandrauta,Chandrauta,"Kapilvastu, Nepal",,27.5700,82.9200,Kapilvastu,Lumbini
233,Police Station Gorusinge,Gorusinge,"Kapilvastu, Nepal",,27.6500,83.0000,Kapilvastu,Lumbini
234,Police Station Tansen,Tansen,"Palpa, Nepal",,27.8700,83.5500,Palpa,Lumbini
235,Police Station Ridi,Ridi,"Palpa, Nepal",,27.9500,83.6500,Palpa,Lumbini
236,Police Station Rampur Area,Rampur,"Palpa, Nepal",,27.9200,83.9100,Palpa,Lumbini
237,Police Station Tamghas Area,Tamghas,"Gulmi, Nepal",,28.0800,83.2500,Gulmi,Lumbini
238,Police Station Musikot Gulmi,Musikot,"Gulmi, Nepal",,28.0600,83.1500,Gulmi,Lumbini
239,Police Station Sandhikharka Area,Sandhikharka,"Arghakhanchi, Nepal",,27.9500,83.1200,Arghakhanchi,Lumbini
240,Police Station Sitapur,Sitapur,"Arghakhanchi, Nepal",,27.9000,83.1500,Arghakhanchi,Lumbini
241,Police Station Ghorahi Area,Ghorahi,"Dang, Nepal",,28.0300,82.4800,Dang,Lumbini
242,Police Station Narayanpur,Narayanpur,"Dang, Nepal",,28.0800,82.5000,Dang,Lumbini
243,Police Station Gadawa,Gadawa,"Dang, Nepal",,27.9500,82.3500,Dang,Lumbini
244,Police Station Koilabas,Koilabas,"Dang Border Area, Nepal",,27.8500,82.2000,Dang,Lumbini
245,Police Station Nepalgunj Area,Nepalgunj,"Banke, Nepal",,28.0500,81.6200,Banke,Lumbini
246,Police Station Kohalpur Area,Kohalpur,"Banke, Nepal",,28.2100,81.6800,Banke,Lumbini
247,Police Station Khajura,Khajura,"Banke, Nepal",,28.1000,81.6000,Banke,Lumbini
248,Police Station Gulariya Area,Gulariya,"Bardiya, Nepal",,28.2300,81.3400,Bardiya,Lumbini
249,Police Station Mainapokhar,Mainapokhar,"Bardiya, Nepal",,28.2000,81.3000,Bardiya,Lumbini
250,Police Station Thakurdwara,Thakurdwara,"Bardiya, Nepal",,28.5000,81.2000,Bardiya,Lumbini
251,District Police Office Rukum West,Musikot,"Musikot, Rukum West, Nepal",,28.6300,82.4800,Rukum West,Karnali
252,Police Station Chaurjahari,Chaurjahari,"Rukum West, Nepal",,28.6000,82.3000,Rukum West,Karnali
253,Police Station Aathbiskot,Aathbiskot,"Rukum West, Nepal",,28.7500,82.3500,Rukum West,Karnali
254,District Police Office Salyan,Khalanga,"Salyan, Nepal",,28.3800,82.1700,Salyan,Karnali
255,Police Station Khalanga Salyan,Khalanga,"Salyan Bazaar, Nepal",,28.3800,82.1700,Salyan,Karnali
256,Police Station Kapurkot,Kapurkot,"Salyan, Nepal",,28.3500,82.2200,Salyan,Karnali
257,District Police Office Surkhet,Birendranagar,"Surkhet, Nepal",,28.6000,81.6300,Surkhet,Karnali
258,Police Station Mehelkuna,Mehelkuna,"Surkhet, Nepal",,28.5500,81.7500,Surkhet,Karnali
259,Police Station Babiyachaur Surkhet,Babiyachaur,"Surkhet, Nepal",,28.6500,81.5000,Surkhet,Karnali
260,Police Station Ramghat,Ramghat,"Surkhet, Nepal",,28.5600,81.6000,Surkhet,Karnali
261,District Police Office Dailekh,Dailekh,"Dailekh Bazaar, Nepal",,28.8500,81.7100,Dailekh,Karnali
262,Police Station Naumule,Naumule,"Dailekh, Nepal",,28.8500,81.5500,Dailekh,Karnali
263,Police Station Dullu Area,Dullu,"Dailekh, Nepal",,28.8300,81.7200,Dailekh,Karnali
264,District Police Office Jajarkot,Khalanga,"Jajarkot, Nepal",,28.7000,82.1800,Jajarkot,Karnali
265,Police Station Nalgad,Nalgad,"Jajarkot, Nepal",,28.6500,82.2000,Jajarkot,Karnali
266,Police Station Barekot,Barekot,"Jajarkot, Nepal",,28.8000,82.1000,Jajarkot,Karnali
267,District Police Office Kalikot,Manma,"Kalikot, Nepal",,29.1500,81.6200,Kalikot,Karnali
268,Police Station Tilagufa,Tilagufa,"Kalikot, Nepal",,29.1000,81.6000,Kalikot,Karnali
269,Police Station Pachaljharana,Pachaljharana,"Kalikot, Nepal",,29.2000,81.7000,Kalikot,Karnali
270,District Police Office Jumla,Chandannath,"Jumla, Nepal",,29.2700,82.1800,Jumla,Karnali
271,Police Station Guthichaur,Guthichaur,"Jumla, Nepal",,29.3500,82.1500,Jumla,Karnali
272,Police Station Tatopani Jumla,Tatopani,"Jumla, Nepal",,29.2500,82.2500,Jumla,Karnali
273,District Police Office Mugu,Gamgadhi,"Mugu, Nepal",,29.5300,82.0900,Mugu,Karnali
274,Police Station Soru,Soru,"Mugu, Nepal",,29.4500,82.0500,Mugu,Karnali
275,District Police Office Dolpa,Dunai,"Dolpa, Nepal",,29.0000,82.8200,Dolpa,Karnali
276,Police Station Tripurakot,Tripurakot,"Dolpa, Nepal",,29.1000,82.7000,Dolpa,Karnali
277,District Police Office Kailali,Dhangadhi,"Kailali, Nepal",,28.7000,80.5900,Kailali,Sudurpashchim
278,Police Station Dhangadhi,Dhangadhi,"Kailali, Nepal",,28.7000,80.5900,Kailali,Sudurpashchim
279,Police Station Tikapur Area,Tikapur,"Kailali, Nepal",,28.5200,81.1200,Kailali,Sudurpashchim
280,Police Station Lamki,Lamki,"Kailali, Nepal",,28.6200,81.1700,Kailali,Sudurpashchim
281,District Police Office Kanchanpur,Bhimdatta,"Kanchanpur, Nepal",,28.9600,80.1800,Kanchanpur,Sudurpashchim
282,Police Station Jhalari,Jhalari,"Kanchanpur, Nepal",,28.9200,80.3500,Kanchanpur,Sudurpashchim
283,Police Station Punarbas,Punarbas,"Kanchanpur, Nepal",,28.8500,80.2000,Kanchanpur,Sudurpashchim
284,District Police Office Dadeldhura,Dadeldhura,"Dadeldhura, Nepal",,29.3000,80.5800,Dadeldhura,Sudurpashchim
285,Police Station Amargadhi,Amargadhi,"Dadeldhura, Nepal",,29.3000,80.5800,Dadeldhura,Sudurpashchim
286,District Police Office Baitadi,Dasharathchand,"Baitadi, Nepal",,29.5200,80.4300,Baitadi,Sudurpashchim
287,Police Station Patan Baitadi,Patan,"Baitadi, Nepal",,29.5000,80.6000,Baitadi,Sudurpashchim
288,District Police Office Darchula,Khalanga,"Darchula, Nepal",,29.8500,80.5500,Darchula,Sudurpashchim
289,Police Station Gokuleshwor,Gokuleshwor,"Darchula, Nepal",,29.7000,80.6500,Darchula,Sudurpashchim
290,District Police Office Bajura,Martadi,"Bajura, Nepal",,29.4200,81.4200,Bajura,Sudurpashchim
291,Police Station Kolti,Bajura,"Kolti, Nepal",,29.4500,81.6000,Bajura,Sudurpashchim
292,District Police Office Bajhang,Chainpur,"Bajhang, Nepal",,29.5500,81.1800,Bajhang,Sudurpashchim
293,Police Station Talkot,Talkot,"Bajhang, Nepal",,29.6500,81.2000,Bajhang,Sudurpashchim
294,District Police Office Achham,Mangalsen,"Achham, Nepal",,29.1300,81.2500,Achham,Sudurpashchim
295,Police Station Sanfebagar,Sanfebagar,"Achham, Nepal",,29.2300,81.2200,Achham,Sudurpashchim
296,Police Station Kamalbazar,Kamalbazar,"Achham, Nepal",,29.0500,81.3500,Achham,Sudurpashchim
297,District Police Office Bajura Area Police Office,Martadi,"Bajura, Nepal",,29.4200,81.4200,Bajura,Sudurpashchim
298,Police Station Swamikartik,Swamikartik,"Bajura, Nepal",,29.6000,81.4500,Bajura,Sudurpashchim
299,Police Station Himali,Himali,"Bajura, Nepal",,29.7000,81.3000,Bajura,Sudurpashchim
300,Police Station Badimalika,Badimalika,"Bajura, Nepal",,29.4200,81.4200,Bajura,Sudurpashchim
301,District Police Office Achham,Mangalsen,"Mangalsen, Achham, Nepal",,29.1300,81.2500,Achham,Sudurpashchim
302,Police Station Sanfebagar Area,Sanfebagar,"Achham, Nepal",,29.2300,81.2200,Achham,Sudurpashchim
303,Police Station Kamalbazar Area,Kamalbazar,"Achham, Nepal",,29.0500,81.3500,Achham,Sudurpashchim
304,Police Station Chaurpati,Chaurpati,"Achham, Nepal",,29.2000,81.3500,Achham,Sudurpashchim
305,District Police Office Dadeldhura Area,Amargadhi,"Dadeldhura, Nepal",,29.3000,80.5800,Dadeldhura,Sudurpashchim
306,Police Station Ganyapdhura,Ganyapdhura,"Dadeldhura, Nepal",,29.3500,80.5500,Dadeldhura,Sudurpashchim
307,Police Station Aalital,Aalital,"Dadeldhura, Nepal",,29.4500,80.6500,Dadeldhura,Sudurpashchim
308,District Police Office Kanchanpur Area,Mahendranagar,"Kanchanpur, Nepal",,28.9600,80.1800,Kanchanpur,Sudurpashchim
309,Police Station Belauri,Belauri,"Kanchanpur, Nepal",,28.8000,80.6000,Kanchanpur,Sudurpashchim
310,Police Station Dodhara,Dodhara,"Kanchanpur, Nepal",,28.9000,80.1000,Kanchanpur,Sudurpashchim
311,Police Station Krishnapur,Krishnapur,"Kanchanpur, Nepal",,28.8500,80.4500,Kanchanpur,Sudurpashchim
312,District Police Office Kailali Area,Dhangadhi,"Kailali, Nepal",,28.7000,80.5900,Kailali,Sudurpashchim
313,Police Station Hasuliya,Hasuliya,"Kailali, Nepal",,28.6500,80.8000,Kailali,Sudurpashchim
314,Police Station Bhajani,Bhajani,"Kailali, Nepal",,28.5500,81.0500,Kailali,Sudurpashchim
315,Police Station Joshipur,Joshipur,"Kailali, Nepal",,28.6500,81.0000,Kailali,Sudurpashchim
316,District Police Office Bardiya Area,Gulariya,"Bardiya, Nepal",,28.2300,81.3400,Bardiya,Lumbini
317,Police Station Bansgadhi,Bansgadhi,"Bardiya, Nepal",,28.1500,81.6000,Bardiya,Lumbini
318,Police Station Murgiya,Murgiya,"Bardiya, Nepal",,28.2500,81.3000,Bardiya,Lumbini
319,Police Station Rajapur Area,Rajapur,"Bardiya, Nepal",,28.8800,81.1000,Bardiya,Lumbini
320,Police Station Badhaiyatal,Badhaiyatal,"Bardiya, Nepal",,28.2500,81.2500,Bardiya,Lumbini
321,District Police Office Banke Area,Nepalgunj,"Banke, Nepal",,28.0500,81.6200,Banke,Lumbini
322,Police Station Duduwa,Duduwa,"Banke, Nepal",,28.0000,81.6000,Banke,Lumbini
323,Police Station Raptisonari,Raptisonari,"Banke, Nepal",,28.1000,81.7000,Banke,Lumbini
324,Police Station Narainapur,Narainapur,"Banke, Nepal",,27.9500,81.6500,Banke,Lumbini
325,District Police Office Dang Area,Ghorahi,"Dang, Nepal",,28.0300,82.4800,Dang,Lumbini
326,Police Station Bhalubang,Bhalubang,"Dang, Nepal",,27.9000,82.6000,Dang,Lumbini
327,Police Station Gadhawa,Gadhawa,"Dang, Nepal",,27.9500,82.3500,Dang,Lumbini
328,Police Station Rapti,Rapti,"Dang, Nepal",,28.0000,82.5000,Dang,Lumbini
329,District Police Office Pyuthan Area,Khalanga,"Pyuthan, Nepal",,28.0900,82.8600,Pyuthan,Lumbini
330,Police Station Bijuwar Area,Bijuwar,"Pyuthan, Nepal",,28.1000,82.8500,Pyuthan,Lumbini
331,Police Station Swargadwari,Swargadwari,"Pyuthan, Nepal",,28.0500,82.7500,Pyuthan,Lumbini
332,District Police Office Rolpa Area,Liwang,"Rolpa, Nepal",,28.3000,82.6300,Rolpa,Lumbini
333,Police Station Holeri,Holeri,"Rolpa, Nepal",,28.3000,82.9000,Rolpa,Lumbini
334,Police Station Thawang,Thawang,"Rolpa, Nepal",,28.5500,82.6000,Rolpa,Lumbini
335,District Police Office Rukum West Area,Musikot,"Rukum West, Nepal",,28.6300,82.4800,Rukum West,Karnali
336,Police Station Bafikot,Bafikot,"Rukum West, Nepal",,28.7000,82.2500,Rukum West,Karnali
337,Police Station Tribeni,Tribeni,"Rukum West, Nepal",,28.6500,82.4500,Rukum West,Karnali
338,District Police Office Jajarkot Area,Khalanga,"Jajarkot, Nepal",,28.7000,82.1800,Jajarkot,Karnali
339,Police Station Kushe,Kushe,"Jajarkot, Nepal",,28.7500,82.0500,Jajarkot,Karnali
340,Police Station Junichande,Junichande,"Jajarkot, Nepal",,28.8500,82.1000,Jajarkot,Karnali
341,District Police Office Dailekh Area,Dailekh,"Dailekh, Nepal",,28.8500,81.7100,Dailekh,Karnali
342,Police Station Bhairabi,Bhairabi,"Dailekh, Nepal",,28.9000,81.6000,Dailekh,Karnali
343,Police Station Mahabu,Mahabu,"Dailekh, Nepal",,28.9500,81.5000,Dailekh,Karnali
344,District Police Office Surkhet Area,Birendranagar,"Surkhet, Nepal",,28.6000,81.6300,Surkhet,Karnali
345,Police Station Lekbeshi,Lekbeshi,"Surkhet, Nepal",,28.6000,81.8000,Surkhet,Karnali
346,Police Station Gurbhakot,Gurbhakot,"Surkhet, Nepal",,28.4500,81.7500,Surkhet,Karnali
347,District Police Office Jumla Area,Chandannath,"Jumla, Nepal",,29.2700,82.1800,Jumla,Karnali
348,Police Station Kanakasundari,Kanakasundari,"Jumla, Nepal",,29.3000,82.0500,Jumla,Karnali
349,District Police Office Mugu Area,Gamgadhi,"Mugu, Nepal",,29.5300,82.0900,Mugu,Karnali
350,Police Station Khatyad,Khatyad,"Mugu, Nepal",,29.6000,81.9000,Mugu,Karnali
351,District Police Office Morang,Biratnagar,"Morang, Nepal",,26.4500,87.2700,Morang,Koshi
352,Area Police Office Birat Chowk,Birat Chowk,"Morang, Nepal",,26.5800,87.3000,Morang,Koshi
353,Police Station Urlabari,Urlabari,"Morang, Nepal",,26.5000,87.6300,Morang,Koshi
354,Police Station Belbari,Belbari,"Morang, Nepal",,26.6800,87.4300,Morang,Koshi
355,Police Station Pathari,Pathari,"Morang, Nepal",,26.6500,87.6200,Morang,Koshi
356,District Police Office Sunsari,Inaruwa,"Sunsari, Nepal",,26.6100,87.1400,Sunsari,Koshi
357,Area Police Office Dharan,Dharan,"Sunsari, Nepal",,26.8100,87.2800,Sunsari,Koshi
358,Police Station Itahari,Itahari,"Sunsari, Nepal",,26.6600,87.2700,Sunsari,Koshi
359,Police Station Duhabi,Duhabi,"Sunsari, Nepal",,26.6700,87.1500,Sunsari,Koshi
360,Police Station Ramdhuni,Ramdhuni,"Sunsari, Nepal",,26.6900,87.1700,Sunsari,Koshi
361,District Police Office Jhapa,Bhadrapur,"Jhapa, Nepal",,26.5400,88.0900,Jhapa,Koshi
362,Area Police Office Birtamode,Birtamode,"Jhapa, Nepal",,26.6400,88.0000,Jhapa,Koshi
363,Police Station Damak,Damak,"Jhapa, Nepal",,26.6600,87.7000,Jhapa,Koshi
364,Police Station Kakarbhitta,Kakarbhitta,"Jhapa, Nepal",,26.6400,88.1500,Jhapa,Koshi
365,Police Station Mechinagar,Mechinagar,"Jhapa, Nepal",,26.6500,88.1500,Jhapa,Koshi
366,District Police Office Ilam,Ilam,"Ilam, Nepal",,26.9100,87.9300,Ilam,Koshi
367,Police Station Fikkal,Fikkal,"Ilam, Nepal",,26.8900,88.0800,Ilam,Koshi
368,Police Station Mai,Mai,"Ilam, Nepal",,26.8000,87.9500,Ilam,Koshi
369,District Police Office Panchthar,Phidim,"Panchthar, Nepal",,27.1500,87.7500,Panchthar,Koshi
370,Police Station Yangwarak,Yangwarak,"Panchthar, Nepal",,27.2000,87.7500,Panchthar,Koshi
371,District Police Office Taplejung,Taplejung,"Taplejung, Nepal",,27.3500,87.6700,Taplejung,Koshi
372,Police Station Phungling,Phungling,"Taplejung, Nepal",,27.3500,87.6700,Taplejung,Koshi
373,District Police Office Dhankuta,Dhankuta,"Dhankuta, Nepal",,26.9800,87.3400,Dhankuta,Koshi
374,Police Station Hile,Hile,"Dhankuta, Nepal",,27.0100,87.3000,Dhankuta,Koshi
375,Police Station Pakhribas,Pakhribas,"Dhankuta, Nepal",,27.0500,87.3000,Dhankuta,Koshi
376,District Police Office Terhathum,Myanglung,"Terhathum, Nepal",,27.1300,87.5500,Terhathum,Koshi
377,Police Station Basantapur,Basantapur,"Terhathum, Nepal",,27.1200,87.4500,Terhathum,Koshi
378,District Police Office Sankhuwasabha,Khandbari,"Sankhuwasabha, Nepal",,27.3800,87.2000,Sankhuwasabha,Koshi
379,Police Station Tumlingtar,Tumlingtar,"Sankhuwasabha, Nepal",,27.3000,87.2000,Sankhuwasabha,Koshi
380,District Police Office Bhojpur,Bhojpur,"Bhojpur, Nepal",,27.1700,87.0500,Bhojpur,Koshi
381,Police Station Dingla,Dingla,"Bhojpur, Nepal",,27.2000,87.1000,Bhojpur,Koshi
382,District Police Office Khotang,Diktel,"Khotang, Nepal",,27.2100,86.7900,Khotang,Koshi
383,Police Station Halesi,Halesi,"Khotang, Nepal",,27.0500,86.7300,Khotang,Koshi
384,District Police Office Solukhumbu,Salleri,"Solukhumbu, Nepal",,27.7900,86.7200,Solukhumbu,Koshi
385,Police Station Namche,Namche,"Solukhumbu, Nepal",,27.8100,86.7100,Solukhumbu,Koshi
386,Police Station Lukla,Lukla,"Solukhumbu, Nepal",,27.6900,86.7300,Solukhumbu,Koshi
387,District Police Office Okhaldhunga,Okhaldhunga,"Okhaldhunga, Nepal",,27.3100,86.5000,Okhaldhunga,Koshi
388,Police Station Manebhanjyang,Manebhanjyang,"Okhaldhunga, Nepal",,27.2800,86.5500,Okhaldhunga,Koshi
389,District Police Office Udayapur,Gaighat,"Udayapur, Nepal",,26.8000,86.7000,Udayapur,Koshi
390,Police Station Katari,Katari,"Udayapur, Nepal",,26.0300,86.1700,Udayapur,Koshi
391,Police Station Beltar,Beltar,"Udayapur, Nepal",,26.9000,86.8000,Udayapur,Koshi
392,District Police Office Saptari,Rajbiraj,"Saptari, Nepal",,26.5400,86.7500,Saptari,Madhesh
393,Police Station Hanumannagar,Hanumannagar,"Saptari, Nepal",,26.5800,86.5500,Saptari,Madhesh
394,District Police Office Siraha,Siraha,"Siraha, Nepal",,26.6500,86.2000,Siraha,Madhesh
395,Police Station Lahan,Lahan,"Siraha, Nepal",,26.7200,86.4800,Siraha,Madhesh
396,Police Station Mirchaiya,Mirchaiya,"Siraha, Nepal",,26.7800,86.2500,Siraha,Madhesh
397,District Police Office Dhanusha,Janakpur,"Dhanusha, Nepal",,26.7300,85.9200,Dhanusha,Madhesh
398,Police Station Dhalkebar,Dhalkebar,"Dhanusha, Nepal",,26.9000,85.9500,Dhanusha,Madhesh
399,Police Station Sabaila,Sabaila,"Dhanusha, Nepal",,26.8000,85.9000,Dhanusha,Madhesh
400,District Police Office Mahottari,Jaleshwar,"Mahottari, Nepal",,26.6500,85.8000,Mahottari,Madhesh
401,Police Station Gaushala,Mahottari,"Gaushala, Mahottari, Nepal",,26.9800,85.8500,Mahottari,Madhesh
402,Police Station Bardibas,Bardibas,"Mahottari, Nepal",,26.9900,85.9000,Mahottari,Madhesh
403,District Police Office Sarlahi,Malangwa,"Sarlahi, Nepal",,26.8600,85.5600,Sarlahi,Madhesh
404,Police Station Lalbandi,Lalbandi,"Sarlahi, Nepal",,27.0300,85.5500,Sarlahi,Madhesh
405,Police Station Haripur,Haripur,"Sarlahi, Nepal",,26.9500,85.5000,Sarlahi,Madhesh
406,District Police Office Rautahat,Gaur,"Rautahat, Nepal",,26.7700,85.2700,Rautahat,Madhesh
407,Police Station Chandrapur,Chandrapur,"Rautahat, Nepal",,27.0000,85.4200,Rautahat,Madhesh
408,Police Station Garuda,Garuda,"Rautahat, Nepal",,26.9800,85.3300,Rautahat,Madhesh
409,District Police Office Bara,Kalaiya,"Bara, Nepal",,26.9900,84.8700,Bara,Madhesh
410,Police Station Simara,Simara,"Bara, Nepal",,27.1600,84.9800,Bara,Madhesh
411,Police Station Nijgadh,Nijgadh,"Bara, Nepal",,27.2100,85.1500,Bara,Madhesh
412,District Police Office Parsa,Birgunj,"Parsa, Nepal",,27.0100,84.8800,Parsa,Madhesh
413,Police Station Pokhariya,Pokhariya,"Parsa, Nepal",,27.0700,84.6700,Parsa,Madhesh
414,Police Station Parwanipur,Parwanipur,"Parsa, Nepal",,27.0300,84.9000,Parsa,Madhesh
415,District Police Office Chitwan,Bharatpur,"Chitwan, Nepal",,27.6800,84.4300,Chitwan,Bagmati
416,Police Station Narayangarh,Narayangarh,"Chitwan, Nepal",,27.6800,84.4300,Chitwan,Bagmati
417,Police Station Ratnanagar,Tandi,"Chitwan, Nepal",,27.6200,84.5000,Chitwan,Bagmati
418,Police Station Madi,Madi,"Chitwan, Nepal",,27.3500,84.3500,Chitwan,Bagmati
419,District Police Office Makwanpur,Hetauda,"Makwanpur, Nepal",,27.4300,85.0300,Makwanpur,Bagmati
420,Police Station Bhimphedi,Bhimphedi,"Makwanpur, Nepal",,27.5500,85.1500,Makwanpur,Bagmati
421,Police Station Manahari,Manahari,"Makwanpur, Nepal",,27.5500,84.9500,Makwanpur,Bagmati
422,Police Station Palung,Palung,"Makwanpur, Nepal",,27.6000,85.1500,Makwanpur,Bagmati
423,District Police Office Dhading,Dhadingbesi,"Dhading, Nepal",,27.8700,84.9200,Dhading,Bagmati
424,Police Station Naubise,Naubise,"Dhading, Nepal",,27.7500,85.0800,Dhading,Bagmati
425,Police Station Gajuri,Gajuri,"Dhading, Nepal",,27.8200,84.8800,Dhading,Bagmati
426,District Police Office Nuwakot,Bidur,"Nuwakot, Nepal",,27.9200,85.1600,Nuwakot,Bagmati
427,Police Station Trishuli,Trishuli,"Nuwakot, Nepal",,27.9800,85.1700,Nuwakot,Bagmati
428,Police Station Kakani,Kakani,"Nuwakot, Nepal",,27.8000,85.2000,Nuwakot,Bagmati
429,District Police Office Rasuwa,Dhunche,"Rasuwa, Nepal",,28.1100,85.3000,Rasuwa,Bagmati
430,Police Station Syabrubesi,Syabrubesi,"Rasuwa, Nepal",,28.1700,85.3700,Rasuwa,Bagmati
431,District Police Office Sindhupalchok,Chautara,"Sindhupalchok, Nepal",,27.7800,85.7100,Sindhupalchok,Bagmati
432,Police Station Melamchi,Melamchi,"Sindhupalchok, Nepal",,27.8200,85.5800,Sindhupalchok,Bagmati
433,Police Station Tatopani,Tatopani,"Sindhupalchok, Nepal",,27.9800,85.9500,Sindhupalchok,Bagmati
434,District Police Office Dolakha,Charikot,"Dolakha, Nepal",,27.6700,86.0500,Dolakha,Bagmati
435,Police Station Jiri,Jiri,"Dolakha, Nepal",,27.6300,86.2300,Dolakha,Bagmati
436,Police Station Singati,Singati,"Dolakha, Nepal",,27.7800,86.0300,Dolakha,Bagmati
437,District Police Office Ramechhap,Manthali,"Ramechhap, Nepal",,27.3900,86.0600,Ramechhap,Bagmati
438,Police Station Ramechhap,Ramechhap,"Ramechhap, Nepal",,27.3300,86.0800,Ramechhap,Bagmati
439,Police Station Manthali Area,Manthali,"Ramechhap, Nepal",,27.3900,86.0600,Ramechhap,Bagmati
440,District Police Office Sindhuli,Sindhulimadhi,"Sindhuli, Nepal",,27.2500,85.9700,Sindhuli,Bagmati
441,Police Station Khurkot,Khurkot,"Sindhuli, Nepal",,27.4000,86.0500,Sindhuli,Bagmati
442,Police Station Kamalamai,Kamalamai,"Sindhuli, Nepal",,27.2500,85.9700,Sindhuli,Bagmati
443,District Police Office Kavre,Dhulikhel,"Kavre, Nepal",,27.6200,85.5400,Kavrepalanchok,Bagmati
444,Police Station Banepa,Banepa,"Kavre, Nepal",,27.6300,85.5200,Kavrepalanchok,Bagmati
445,Police Station Panauti,Panauti,"Kavre, Nepal",,27.5800,85.5100,Kavrepalanchok,Bagmati
446,Police Station Panchkhal,Panchkhal,"Kavre, Nepal",,27.6500,85.6200,Kavrepalanchok,Bagmati
447,District Police Office Lalitpur,Lalitpur,"Lalitpur, Nepal",,27.6700,85.3150,Lalitpur,Bagmati
448,Police Station Satdobato,Satdobato,"Lalitpur, Nepal",,27.6570,85.3240,Lalitpur,Bagmati
449,Police Station Godawari,Godawari,"Lalitpur, Nepal",,27.5900,85.4200,Lalitpur,Bagmati
450,Police Station Chapagaun,Chapagaun,"Lalitpur, Nepal",,27.5900,85.3300,Lalitpur,Bagmati
451,District Police Office Bhaktapur,Bhaktapur,"Bhaktapur, Nepal",,27.6720,85.4290,Bhaktapur,Bagmati
452,Police Station Thimi,Madhyapur Thimi,"Bhaktapur, Nepal",,27.6800,85.3870,Bhaktapur,Bagmati
453,Police Station Suryabinayak,Suryabinayak,"Bhaktapur, Nepal",,27.6650,85.4300,Bhaktapur,Bagmati
454,Police Station Jagati,Jagati,"Bhaktapur, Nepal",,27.6500,85.4450,Bhaktapur,Bagmati
455,Police Station Changunarayan,Changunarayan,"Bhaktapur, Nepal",,27.7160,85.4270,Bhaktapur,Bagmati
456,District Police Office Gorkha,Gorkha,"Gorkha Bazaar, Nepal",,28.0000,84.6330,Gorkha,Gandaki
457,Police Station Palungtar,Palungtar,"Gorkha, Nepal",,28.0300,84.6200,Gorkha,Gandaki
458,Police Station Arughat,Arughat,"Gorkha, Nepal",,28.0400,84.8100,Gorkha,Gandaki
459,District Police Office Lamjung,Besisahar,"Lamjung, Nepal",,28.2300,84.0100,Lamjung,Gandaki
460,Police Station Sundarbazar,Sundarbazar,"Lamjung, Nepal",,28.1250,84.0200,Lamjung,Gandaki
461,Police Station Bhoteodar,Bhoteodar,"Lamjung, Nepal",,28.2000,84.1000,Lamjung,Gandaki
462,District Police Office Tanahun,Damauli,"Tanahun, Nepal",,27.9730,84.2400,Tanahun,Gandaki
463,Police Station Dumre,Dumre,"Tanahun, Nepal",,28.1150,84.4000,Tanahun,Gandaki
464,Police Station Khairenitar,Khairenitar,"Tanahun, Nepal",,28.0500,84.0800,Tanahun,Gandaki
465,Police Station Bhimad,Bhimad,"Tanahun, Nepal",,27.9500,84.0500,Tanahun,Gandaki
466,District Police Office Kaski,Pokhara,"Kaski, Nepal",,28.2257,83.9893,Kaski,Gandaki
467,Police Station Lakeside,Lakeside,"Pokhara, Nepal",,28.2100,83.9600,Kaski,Gandaki
468,Police Station Baidam,Baidam,"Pokhara, Nepal",,28.2150,83.9560,Kaski,Gandaki
469,Police Station Hemja,Hemja,"Pokhara, Nepal",,28.2600,83.9100,Kaski,Gandaki
470,Police Station Lekhnath,Lekhnath,"Pokhara, Nepal",,28.1700,84.0550,Kaski,Gandaki
471,District Police Office Syangja,Syangja,"Syangja, Nepal",,28.0900,83.8700,Syangja,Gandaki
472,Police Station Waling,Waling,"Syangja, Nepal",,27.9800,83.7600,Syangja,Gandaki
473,Police Station Galyang,Galyang,"Syangja, Nepal",,27.9500,83.7600,Syangja,Gandaki
474,Police Station Putalibazar,Putalibazar,"Syangja, Nepal",,28.1000,83.8700,Syangja,Gandaki
475,District Police Office Parbat,Kushma,"Parbat, Nepal",,28.2200,83.6800,Parbat,Gandaki
476,Police Station Kushma,Kushma,"Parbat, Nepal",,28.2200,83.6800,Parbat,Gandaki
477,Police Station Modi,Modi,"Parbat, Nepal",,28.2500,83.7000,Parbat,Gandaki
478,District Police Office Baglung,Baglung,"Baglung, Nepal",,28.2700,83.5900,Baglung,Gandaki
479,Police Station Galkot,Galkot,"Baglung, Nepal",,28.3500,83.4200,Baglung,Gandaki
480,Police Station Burtibang,Burtibang,"Baglung, Nepal",,28.3300,83.1300,Baglung,Gandaki
481,District Police Office Myagdi,Beni,"Myagdi, Nepal",,28.3500,83.5700,Myagdi,Gandaki
482,Police Station Darbang,Darbang,"Myagdi, Nepal",,28.4500,83.5000,Myagdi,Gandaki
483,Police Station Tatopani,Tatopani,"Myagdi, Nepal",,28.5000,83.6500,Myagdi,Gandaki
484,District Police Office Mustang,Jomsom,"Mustang, Nepal",,28.7800,83.7200,Mustang,Gandaki
485,Police Station Kagbeni,Kagbeni,"Mustang, Nepal",,28.8400,83.7800,Mustang,Gandaki
486,Police Station Marpha,Marpha,"Mustang, Nepal",,28.7500,83.6800,Mustang,Gandaki
487,District Police Office Manang,Chame,"Manang, Nepal",,28.5500,84.2300,Manang,Gandaki
488,Police Station Pisang,Pisang,"Manang, Nepal",,28.6700,84.1800,Manang,Gandaki
489,Police Station Tal,Tal,"Manang, Nepal",,28.5200,84.3500,Manang,Gandaki
490,District Police Office Rupandehi,Bhairahawa,"Rupandehi, Nepal",,27.5000,83.4500,Rupandehi,Lumbini
491,Police Station Butwal,Butwal,"Rupandehi, Nepal",,27.7000,83.4500,Rupandehi,Lumbini
492,Police Station Devdaha,Devdaha,"Rupandehi, Nepal",,27.6000,83.5500,Rupandehi,Lumbini
493,Police Station Lumbini,Lumbini,"Rupandehi, Nepal",,27.4700,83.2800,Rupandehi,Lumbini
494,District Police Office Kapilvastu,Taulihawa,"Kapilvastu, Nepal",,27.5500,83.0500,Kapilvastu,Lumbini
495,Police Station Krishnanagar,Krishnanagar,"Kapilvastu, Nepal",,27.4200,82.9200,Kapilvastu,Lumbini
496,District Police Office Palpa,Tansen,"Palpa, Nepal",,27.8700,83.5500,Palpa,Lumbini
497,Police Station Rampur,Rampur,"Palpa, Nepal",,27.9200,83.9100,Palpa,Lumbini
498,District Police Office Gulmi,Tamghas,"Gulmi, Nepal",,28.0800,83.2500,Gulmi,Lumbini
499,Police Station Resunga,Resunga,"Gulmi, Nepal",,28.0800,83.2500,Gulmi,Lumbini
500,District Police Office Arghakhanchi,Sandhikharka,"Arghakhanchi, Nepal",,27.9500,83.1200,Arghakhanchi,Lumbini
501,Police Station Chutrabesi,Chutrabesi,"Arghakhanchi, Nepal",,27.9400,83.1300,Arghakhanchi,Lumbini
502,District Police Office Dang,Ghorahi,"Dang, Nepal",,28.0300,82.4800,Dang,Lumbini
503,Police Station Tulsipur,Tulsipur,"Dang, Nepal",,28.1300,82.3000,Dang,Lumbini
504,Police Station Lamahi,Lamahi,"Dang, Nepal",,27.8500,82.5500,Dang,Lumbini
505,Police Station Bhalubang,Bhalubang,"Dang, Nepal",,27.9000,82.6000,Dang,Lumbini
506,District Police Office Banke,Nepalgunj,"Banke, Nepal",,28.0500,81.6200,Banke,Lumbini
507,Police Station Kohalpur,Kohalpur,"Banke, Nepal",,28.2100,81.6800,Banke,Lumbini
508,Police Station Khajura,Khajura,"Banke, Nepal",,28.1000,81.6000,Banke,Lumbini
509,District Police Office Bardiya,Gulariya,"Bardiya, Nepal",,28.2300,81.3400,Bardiya,Lumbini
510,Police Station Rajapur,Rajapur,"Bardiya, Nepal",,28.8800,81.1000,Bardiya,Lumbini
511,Police Station Thakurdwara,Thakurdwara,"Bardiya, Nepal",,28.5000,81.2000,Bardiya,Lumbini
512,District Police Office Rukum East,Rukumkot,"Rukum East, Nepal",,28.6300,82.6300,Rukum East,Lumbini
513,Police Station Kol,Kolah,"Rukum East, Nepal",,28.6500,82.6000,Rukum East,Lumbini
514,District Police Office Rolpa,Liwang,"Rolpa, Nepal",,28.3000,82.6300,Rolpa,Lumbini
515,Police Station Sulichaur,Sulichaur,"Rolpa, Nepal",,28.4200,82.7000,Rolpa,Lumbini
516,Police Station Thawang,Thawang,"Rolpa, Nepal",,28.5500,82.6000,Rolpa,Lumbini
517,District Police Office Pyuthan,Khalanga,"Pyuthan, Nepal",,28.0900,82.8600,Pyuthan,Lumbini
518,Police Station Bijuwar,Bijuwar,"Pyuthan, Nepal",,28.1000,82.8500,Pyuthan,Lumbini
519,Police Station Swargadwari,Swargadwari,"Pyuthan, Nepal",,28.0500,82.7500,Pyuthan,Lumbini
520,District Police Office Salyan,Khalanga,"Salyan, Nepal",,28.3800,82.1700,Salyan,Karnali
521,Police Station Kapurkot,Kapurkot,"Salyan, Nepal",,28.3500,82.2200,Salyan,Karnali
522,District Police Office Surkhet,Birendranagar,"Surkhet, Nepal",,28.6000,81.6300,Surkhet,Karnali
523,Police Station Gurbhakot,Gurbhakot,"Surkhet, Nepal",,28.4500,81.7500,Surkhet,Karnali
524,Police Station Lekbeshi,Lekbeshi,"Surkhet, Nepal",,28.6000,81.8000,Surkhet,Karnali
525,District Police Office Dailekh,Dailekh,"Dailekh, Nepal",,28.8500,81.7100,Dailekh,Karnali
526,Police Station Dullu,Dullu,"Dailekh, Nepal",,28.8300,81.7200,Dailekh,Karnali
527,District Police Office Jajarkot,Khalanga,"Jajarkot, Nepal",,28.7000,82.1800,Jajarkot,Karnali
528,Police Station Nalgad,Nalgad,"Jajarkot, Nepal",,28.6500,82.2000,Jajarkot,Karnali
529,District Police Office Kalikot,Manma,"Kalikot, Nepal",,29.1500,81.6200,Kalikot,Karnali
530,Police Station Raskot,Raskot,"Kalikot, Nepal",,29.1000,81.6000,Kalikot,Karnali
531,District Police Office Jumla,Chandannath,"Jumla, Nepal",,29.2700,82.1800,Jumla,Karnali
532,Police Station Tatopani,Tatopani,"Jumla, Nepal",,29.2500,82.2500,Jumla,Karnali
533,District Police Office Mugu,Gamgadhi,"Mugu, Nepal",,29.5300,82.0900,Mugu,Karnali
534,Police Station Rara,Rara,"Mugu, Nepal",,29.5200,82.0800,Mugu,Karnali
535,District Police Office Dolpa,Dunai,"Dolpa, Nepal",,29.0000,82.8200,Dolpa,Karnali
536,Police Station Juphal,Juphal,"Dolpa, Nepal",,29.2800,82.8200,Dolpa,Karnali
537,District Police Office Kailali,Dhangadhi,"Kailali, Nepal",,28.7000,80.5900,Kailali,Sudurpashchim
538,Police Station Tikapur,Tikapur,"Kailali, Nepal",,28.5200,81.1200,Kailali,Sudurpashchim
539,Police Station Lamki,Lamki,"Kailali, Nepal",,28.6200,81.1700,Kailali,Sudurpashchim
540,District Police Office Kanchanpur,Bhimdatta,"Kanchanpur, Nepal",,28.9600,80.1800,Kanchanpur,Sudurpashchim
541,Police Station Gaddachauki,Gaddachauki,"Kanchanpur, Nepal",,28.9500,80.0800,Kanchanpur,Sudurpashchim
542,Police Station Belauri,Belauri,"Kanchanpur, Nepal",,28.8000,80.6000,Kanchanpur,Sudurpashchim
543,District Police Office Dadeldhura,Dadeldhura,"Dadeldhura, Nepal",,29.3000,80.5800,Dadeldhura,Sudurpashchim
544,Police Station Jogbudha,Jogbudha,"Dadeldhura, Nepal",,29.2000,80.4500,Dadeldhura,Sudurpashchim
545,District Police Office Baitadi,Dasharathchand,"Baitadi, Nepal",,29.5200,80.4300,Baitadi,Sudurpashchim
546,Police Station Patan,Patan,"Baitadi, Nepal",,29.5000,80.6000,Baitadi,Sudurpashchim
547,District Police Office Darchula,Khalanga,"Darchula, Nepal",,29.8500,80.5500,Darchula,Sudurpashchim
548,Police Station Gokuleshwor,Gokuleshwor,"Darchula, Nepal",,29.7000,80.6500,Darchula,Sudurpashchim
549,District Police Office Bajura,Martadi,"Bajura, Nepal",,29.4200,81.4200,Bajura,Sudurpashchim
550,Police Station Kolti,Kolti,"Bajura, Nepal",,29.4500,81.6000,Bajura,Sudurpashchim
551,District Police Office Bajhang,Chainpur,"Bajhang, Nepal",,29.5500,81.1800,Bajhang,Sudurpashchim
552,Police Station Talkot,Talkot,"Bajhang, Nepal",,29.6500,81.2000,Bajhang,Sudurpashchim
553,Police Station Bungal,Bungal,"Bajhang, Nepal",,29.6500,81.2500,Bajhang,Sudurpashchim
554,District Police Office Achham,Mangalsen,"Achham, Nepal",,29.1300,81.2500,Achham,Sudurpashchim
555,Police Station Sanfebagar,Sanfebagar,"Achham, Nepal",,29.2300,81.2200,Achham,Sudurpashchim
556,Police Station Kamalbazar,Kamalbazar,"Achham, Nepal",,29.0500,81.3500,Achham,Sudurpashchim
557,District Police Office Kaski Traffic Office,Pokhara,"Kaski, Nepal",,28.2000,83.9700,Kaski,Gandaki
558,Police Station Prithvi Chowk,Pokhara,"Kaski, Nepal",,28.2000,83.9700,Kaski,Gandaki
559,Police Station Birauta,Pokhara,"Kaski, Nepal",,28.1900,83.9700,Kaski,Gandaki
560,Police Station Chhorepatan,Pokhara,"Kaski, Nepal",,28.1800,83.9500,Kaski,Gandaki
561,Police Station Matepani,Pokhara,"Kaski, Nepal",,28.2200,83.9900,Kaski,Gandaki
562,Police Station Baglung Buspark,Pokhara,"Kaski, Nepal",,28.2100,83.9900,Kaski,Gandaki
563,Police Station Lamachaur,Pokhara,"Kaski, Nepal",,28.2600,83.9700,Kaski,Gandaki
564,Police Station Sarangkot,Pokhara,"Kaski, Nepal",,28.2500,83.9500,Kaski,Gandaki
565,District Police Office Kathmandu Traffic,Kathmandu,"Kathmandu, Nepal",,27.7000,85.3200,Kathmandu,Bagmati
566,Traffic Police Office Thapathali,Kathmandu,"Thapathali, Nepal",,27.6945,85.3205,Kathmandu,Bagmati
567,Traffic Police Office Koteshwor,Kathmandu,"Koteshwor, Nepal",,27.6780,85.3480,Kathmandu,Bagmati
568,Traffic Police Office Kalanki,Kathmandu,"Kalanki, Nepal",,27.6930,85.2800,Kathmandu,Bagmati
569,Traffic Police Office Gongabu,Kathmandu,"Gongabu, Nepal",,27.7350,85.3140,Kathmandu,Bagmati
570,Traffic Police Office Maharajgunj,Kathmandu,"Maharajgunj, Nepal",,27.7360,85.3370,Kathmandu,Bagmati
571,Traffic Police Office Bhaktapur,Bhaktapur,"Bhaktapur, Nepal",,27.6720,85.4290,Bhaktapur,Bagmati
572,Traffic Police Office Lalitpur,Lalitpur,"Lalitpur, Nepal",,27.6700,85.3150,Lalitpur,Bagmati
573,Police Station Balaju,Balaju,"Kathmandu, Nepal",,27.7350,85.3000,Kathmandu,Bagmati
574,Police Station Kalanki,Kalanki,"Kathmandu, Nepal",,27.6930,85.2800,Kathmandu,Bagmati
575,Police Station Naikap,Naikap,"Kathmandu, Nepal",,27.6900,85.2600,Kathmandu,Bagmati
576,Police Station Thankot,Thankot,"Kathmandu, Nepal",,27.6900,85.2200,Kathmandu,Bagmati
577,Police Station Chandragiri,Chandragiri,"Kathmandu, Nepal",,27.6800,85.2300,Kathmandu,Bagmati
578,Police Station Kirtipur,Kirtipur,"Kathmandu, Nepal",,27.6780,85.2770,Kathmandu,Bagmati
579,Police Station Pashupati Area,Pashupati,"Kathmandu, Nepal",,27.7100,85.3500,Kathmandu,Bagmati
580,Police Station Sinamangal,Sinamangal,"Kathmandu, Nepal",,27.7000,85.3500,Kathmandu,Bagmati
581,Police Station Airport,Kathmandu Airport,"Kathmandu, Nepal",,27.6966,85.3591,Kathmandu,Bagmati
582,Police Station Boudha,Boudha,"Kathmandu, Nepal",,27.7210,85.3620,Kathmandu,Bagmati
583,Police Station Chabahil,Chabahil,"Kathmandu, Nepal",,27.7180,85.3480,Kathmandu,Bagmati
584,Police Station Gaushala,Gaushala,"Kathmandu, Nepal",,27.7090,85.3480,Kathmandu,Bagmati
585,Police Station Maharajgunj,Maharajgunj,"Kathmandu, Nepal",,27.7360,85.3370,Kathmandu,Bagmati
586,Police Station Lazimpat,Lazimpat,"Kathmandu, Nepal",,27.7200,85.3200,Kathmandu,Bagmati
587,Police Station Thamel,Thamel,"Kathmandu, Nepal",,27.7150,85.3120,Kathmandu,Bagmati
588,Police Station Durbar Marg,Durbar Marg,"Kathmandu, Nepal",,27.7110,85.3180,Kathmandu,Bagmati
589,Police Station Ason,Ason,"Kathmandu, Nepal",,27.7080,85.3120,Kathmandu,Bagmati
590,Police Station Basantapur,Basantapur,"Kathmandu, Nepal",,27.7040,85.3070,Kathmandu,Bagmati
591,Police Station Teku,Teku,"Kathmandu, Nepal",,27.6950,85.3060,Kathmandu,Bagmati
592,Police Station Tripureshwor,Tripureshwor,"Kathmandu, Nepal",,27.7000,85.3100,Kathmandu,Bagmati
593,Police Station Sundhara,Sundhara,"Kathmandu, Nepal",,27.7030,85.3120,Kathmandu,Bagmati
594,Police Station New Road,New Road,"Kathmandu, Nepal",,27.7040,85.3100,Kathmandu,Bagmati
595,Police Station Baneshwor,New Baneshwor,"Kathmandu, Nepal",,27.6920,85.3420,Kathmandu,Bagmati
596,Police Station Shantinagar,Shantinagar,"Kathmandu, Nepal",,27.6900,85.3400,Kathmandu,Bagmati
597,Police Station Tinkune,Tinkune,"Kathmandu, Nepal",,27.6850,85.3500,Kathmandu,Bagmati
598,Police Station Pepsicola,Pepsicola,"Kathmandu, Nepal",,27.6900,85.3700,Kathmandu,Bagmati
599,Police Station Mulpani,Mulpani,"Kathmandu, Nepal",,27.7300,85.3900,Kathmandu,Bagmati
600,Police Station Sankhu,Sankhu,"Kathmandu, Nepal",,27.7350,85.4500,Kathmandu,Bagmati
601,District Police Office Kathmandu,Kathmandu,"Kathmandu, Nepal",,27.7172,85.3240,Kathmandu,Bagmati
602,Police Station Budhanilkantha,Budhanilkantha,"Kathmandu, Nepal",,27.7800,85.3600,Kathmandu,Bagmati
603,Police Station Tokha,Tokha,"Kathmandu, Nepal",,27.7600,85.3250,Kathmandu,Bagmati
604,Police Station Samakhusi,Samakhusi,"Kathmandu, Nepal",,27.7300,85.3200,Kathmandu,Bagmati
605,Police Station Gongabu,Gongabu,"Kathmandu, Nepal",,27.7350,85.3140,Kathmandu,Bagmati
606,Police Station Maharajgunj,Maharajgunj,"Kathmandu, Nepal",,27.7360,85.3370,Kathmandu,Bagmati
607,Police Station Dhumbarahi,Dhumbarahi,"Kathmandu, Nepal",,27.7400,85.3400,Kathmandu,Bagmati
608,Police Station Baluwatar,Baluwatar,"Kathmandu, Nepal",,27.7200,85.3300,Kathmandu,Bagmati
609,Police Station Lazimpat,Lazimpat,"Kathmandu, Nepal",,27.7200,85.3200,Kathmandu,Bagmati
610,Police Station Naxal,Naxal,"Kathmandu, Nepal",,27.7150,85.3300,Kathmandu,Bagmati
611,Police Station Putalisadak,Putalisadak,"Kathmandu, Nepal",,27.7070,85.3250,Kathmandu,Bagmati
612,Police Station Kamaladi,Kamaladi,"Kathmandu, Nepal",,27.7100,85.3150,Kathmandu,Bagmati
613,Police Station Dillibazar,Dillibazar,"Kathmandu, Nepal",,27.7100,85.3300,Kathmandu,Bagmati
614,Police Station Maitidevi,Maitidevi,"Kathmandu, Nepal",,27.7000,85.3300,Kathmandu,Bagmati
615,Police Station Gyaneshwor,Gyaneshwor,"Kathmandu, Nepal",,27.7100,85.3350,Kathmandu,Bagmati
616,Police Station Anamnagar,Anamnagar,"Kathmandu, Nepal",,27.7050,85.3300,Kathmandu,Bagmati
617,Police Station Singha Durbar,Singha Durbar,"Kathmandu, Nepal",,27.6950,85.3200,Kathmandu,Bagmati
618,Police Station Babarmahal,Babarmahal,"Kathmandu, Nepal",,27.6900,85.3250,Kathmandu,Bagmati
619,Police Station Baneshwor,Baneshwor,"Kathmandu, Nepal",,27.6920,85.3420,Kathmandu,Bagmati
620,Police Station Koteshwor,Koteshwor,"Kathmandu, Nepal",,27.6780,85.3480,Kathmandu,Bagmati
621,Police Station Jadibuti,Jadibuti,"Kathmandu, Nepal",,27.6800,85.3700,Kathmandu,Bagmati
622,Police Station Balkumari,Balkumari,"Lalitpur, Nepal",,27.6650,85.3450,Lalitpur,Bagmati
623,Police Station Gwarko,Gwarko,"Lalitpur, Nepal",,27.6650,85.3300,Lalitpur,Bagmati
624,Police Station Satdobato,Satdobato,"Lalitpur, Nepal",,27.6570,85.3240,Lalitpur,Bagmati
625,Police Station Lagankhel,Lagankhel,"Lalitpur, Nepal",,27.6700,85.3200,Lalitpur,Bagmati
626,Police Station Patan Durbar Square,Patan,"Lalitpur, Nepal",,27.6730,85.3250,Lalitpur,Bagmati
627,Police Station Jawalakhel,Jawalakhel,"Lalitpur, Nepal",,27.6750,85.3150,Lalitpur,Bagmati
628,Police Station Pulchowk,Pulchowk,"Lalitpur, Nepal",,27.6800,85.3150,Lalitpur,Bagmati
629,Police Station Kupondole,Kupondole,"Lalitpur, Nepal",,27.6900,85.3150,Lalitpur,Bagmati
630,Police Station Ekantakuna,Ekantakuna,"Lalitpur, Nepal",,27.6700,85.3000,Lalitpur,Bagmati
631,Police Station Chapagaun,Chapagaun,"Lalitpur, Nepal",,27.5900,85.3300,Lalitpur,Bagmati
632,Police Station Godawari,Godawari,"Lalitpur, Nepal",,27.5900,85.4200,Lalitpur,Bagmati
633,Police Station Lubhu,Lubhu,"Lalitpur, Nepal",,27.6200,85.3900,Lalitpur,Bagmati
634,Police Station Imadol,Imadol,"Lalitpur, Nepal",,27.6500,85.3700,Lalitpur,Bagmati
635,Police Station Tikathali,Tikathali,"Lalitpur, Nepal",,27.6500,85.3600,Lalitpur,Bagmati
636,Police Station Bhaktapur,Bhaktapur,"Bhaktapur, Nepal",,27.6720,85.4290,Bhaktapur,Bagmati
637,Police Station Suryabinayak,Suryabinayak,"Bhaktapur, Nepal",,27.6650,85.4300,Bhaktapur,Bagmati
638,Police Station Thimi,Thimi,"Bhaktapur, Nepal",,27.6800,85.3870,Bhaktapur,Bagmati
639,Police Station Jagati,Jagati,"Bhaktapur, Nepal",,27.6500,85.4450,Bhaktapur,Bagmati
640,Police Station Kamalbinayak,Kamalbinayak,"Bhaktapur, Nepal",,27.6900,85.4400,Bhaktapur,Bagmati
641,Police Station Changunarayan,Changunarayan,"Bhaktapur, Nepal",,27.7160,85.4270,Bhaktapur,Bagmati
642,Police Station Nagarkot,Nagarkot,"Bhaktapur, Nepal",,27.7150,85.5200,Bhaktapur,Bagmati
643,District Police Office Kavre,Dhulikhel,"Kavre, Nepal",,27.6200,85.5400,Kavrepalanchok,Bagmati
644,Police Station Banepa,Banepa,"Kavre, Nepal",,27.6300,85.5200,Kavrepalanchok,Bagmati
645,Police Station Panauti,Panauti,"Kavre, Nepal",,27.5800,85.5100,Kavrepalanchok,Bagmati
646,Police Station Dhulikhel,Dhulikhel,"Kavre, Nepal",,27.6200,85.5400,Kavrepalanchok,Bagmati
647,Police Station Panchkhal,Panchkhal,"Kavre, Nepal",,27.6500,85.6200,Kavrepalanchok,Bagmati
648,District Police Office Nuwakot,Bidur,"Nuwakot, Nepal",,27.9200,85.1600,Nuwakot,Bagmati
649,Police Station Trishuli,Trishuli,"Nuwakot, Nepal",,27.9800,85.1700,Nuwakot,Bagmati
650,Police Station Kakani,Kakani,"Nuwakot, Nepal",,27.8000,85.2000,Nuwakot,Bagmati
651,District Police Office Rasuwa,Dhunche,"Rasuwa, Nepal",,28.1100,85.3000,Rasuwa,Bagmati
652,Police Station Syabrubesi,Syabrubesi,"Rasuwa, Nepal",,28.1700,85.3700,Rasuwa,Bagmati
653,Police Station Kalikasthan,Kalikasthan,"Rasuwa, Nepal",,28.1000,85.2500,Rasuwa,Bagmati
654,District Police Office Sindhupalchok,Chautara,"Sindhupalchok, Nepal",,27.7800,85.7100,Sindhupalchok,Bagmati
655,Police Station Melamchi,Melamchi,"Sindhupalchok, Nepal",,27.8200,85.5800,Sindhupalchok,Bagmati
656,Police Station Bahrabise,Bahrabise,"Sindhupalchok, Nepal",,27.7900,85.8900,Sindhupalchok,Bagmati
657,Police Station Tatopani,Tatopani,"Sindhupalchok, Nepal",,27.9800,85.9500,Sindhupalchok,Bagmati
658,District Police Office Dolakha,Charikot,"Dolakha, Nepal",,27.6700,86.0500,Dolakha,Bagmati
659,Police Station Jiri,Jiri,"Dolakha, Nepal",,27.6300,86.2300,Dolakha,Bagmati
660,Police Station Singati,Singati,"Dolakha, Nepal",,27.7800,86.0300,Dolakha,Bagmati
661,Police Station Baiteshwor,Baiteshwor,"Dolakha, Nepal",,27.7000,86.1000,Dolakha,Bagmati
662,District Police Office Ramechhap,Manthali,"Ramechhap, Nepal",,27.3900,86.0600,Ramechhap,Bagmati
663,Police Station Ramechhap,Ramechhap,"Ramechhap, Nepal",,27.3300,86.0800,Ramechhap,Bagmati
664,Police Station Doramba,Doramba,"Ramechhap, Nepal",,27.4000,86.2500,Ramechhap,Bagmati
665,District Police Office Sindhuli,Sindhulimadhi,"Sindhuli, Nepal",,27.2500,85.9700,Sindhuli,Bagmati
666,Police Station Kamalamai,Kamalamai,"Sindhuli, Nepal",,27.2500,85.9700,Sindhuli,Bagmati
667,Police Station Khurkot,Khurkot,"Sindhuli, Nepal",,27.4000,86.0500,Sindhuli,Bagmati
668,Police Station Dudhauli,Dudhauli,"Sindhuli, Nepal",,26.9500,86.2000,Sindhuli,Bagmati
669,District Police Office Makwanpur,Hetauda,"Makwanpur, Nepal",,27.4300,85.0300,Makwanpur,Bagmati
670,Police Station Hetauda,Hetauda,"Makwanpur, Nepal",,27.4300,85.0300,Makwanpur,Bagmati
671,Police Station Bhimphedi,Bhimphedi,"Makwanpur, Nepal",,27.5500,85.1500,Makwanpur,Bagmati
672,Police Station Palung,Palung,"Makwanpur, Nepal",,27.6000,85.1500,Makwanpur,Bagmati
673,Police Station Manahari,Manahari,"Makwanpur, Nepal",,27.5500,84.9500,Makwanpur,Bagmati
674,District Police Office Chitwan,Bharatpur,"Chitwan, Nepal",,27.6800,84.4300,Chitwan,Bagmati
675,Police Station Narayangarh,Narayangarh,"Chitwan, Nepal",,27.6800,84.4300,Chitwan,Bagmati
676,Police Station Ratnanagar,Ratnanagar,"Chitwan, Nepal",,27.6200,84.5000,Chitwan,Bagmati
677,Police Station Khairahani,Khairahani,"Chitwan, Nepal",,27.5700,84.6500,Chitwan,Bagmati
678,Police Station Madi,Madi,"Chitwan, Nepal",,27.3500,84.3500,Chitwan,Bagmati
679,District Police Office Dhading,Dhadingbesi,"Dhading, Nepal",,27.8700,84.9200,Dhading,Bagmati
680,Police Station Gajuri,Gajuri,"Dhading, Nepal",,27.8200,84.8800,Dhading,Bagmati
681,Police Station Naubise,Naubise,"Dhading, Nepal",,27.7500,85.0800,Dhading,Bagmati
682,Police Station Benighat,Benighat,"Dhading, Nepal",,27.8000,84.8800,Dhading,Bagmati
683,District Police Office Gorkha,Gorkha,"Gorkha, Nepal",,28.0000,84.6330,Gorkha,Gandaki
684,Police Station Arughat,Arughat,"Gorkha, Nepal",,28.0400,84.8100,Gorkha,Gandaki
685,Police Station Palungtar,Palungtar,"Gorkha, Nepal",,28.0300,84.6200,Gorkha,Gandaki
686,Police Station Aarughat Rural,Aarughat,"Gorkha, Nepal",,28.0500,84.8000,Gorkha,Gandaki
687,District Police Office Lamjung,Besisahar,"Lamjung, Nepal",,28.2300,84.0100,Lamjung,Gandaki
688,Police Station Besisahar,Besisahar,"Lamjung, Nepal",,28.2300,84.0100,Lamjung,Gandaki
689,Police Station Sundarbazar,Sundarbazar,"Lamjung, Nepal",,28.1250,84.0200,Lamjung,Gandaki
690,Police Station Bhoteodar,Bhoteodar,"Lamjung, Nepal",,28.2000,84.1000,Lamjung,Gandaki
691,District Police Office Tanahun,Damauli,"Tanahun, Nepal",,27.9730,84.2400,Tanahun,Gandaki
692,Police Station Damauli,Damauli,"Tanahun, Nepal",,27.9730,84.2400,Tanahun,Gandaki
693,Police Station Dumre,Dumre,"Tanahun, Nepal",,28.1150,84.4000,Tanahun,Gandaki
694,Police Station Bhimad,Bhimad,"Tanahun, Nepal",,27.9500,84.0500,Tanahun,Gandaki
695,District Police Office Syangja,Syangja,"Syangja, Nepal",,28.0900,83.8700,Syangja,Gandaki
696,Police Station Waling,Waling,"Syangja, Nepal",,27.9800,83.7600,Syangja,Gandaki
697,Police Station Putalibazar,Putalibazar,"Syangja, Nepal",,28.1000,83.8700,Syangja,Gandaki
698,Police Station Chapakot,Chapakot,"Syangja, Nepal",,27.9800,83.7700,Syangja,Gandaki
699,District Police Office Parbat,Kushma,"Parbat, Nepal",,28.2200,83.6800,Parbat,Gandaki
7701,Police Station Modi,Modi,"Parbat, Nepal",,28.2500,83.7000,Parbat,Gandaki
702,District Police Office Baglung,Baglung,"Baglung, Nepal",,28.2700,83.5900,Baglung,Gandaki
703,Police Station Baglung Bazaar,Baglung Bazaar,"Baglung, Nepal",,28.2700,83.5900,Baglung,Gandaki
704,Police Station Galkot,Galkot,"Baglung, Nepal",,28.3500,83.4200,Baglung,Gandaki
705,Police Station Burtibang,Burtibang,"Baglung, Nepal",,28.3300,83.1300,Baglung,Gandaki
706,District Police Office Myagdi,Beni,"Myagdi, Nepal",,28.3500,83.5700,Myagdi,Gandaki
707,Police Station Beni,Beni,"Myagdi, Nepal",,28.3500,83.5700,Myagdi,Gandaki
708,Police Station Darbang,Darbang,"Myagdi, Nepal",,28.4500,83.5000,Myagdi,Gandaki
709,Police Station Tatopani,Tatopani,"Myagdi, Nepal",,28.5000,83.6500,Myagdi,Gandaki
710,District Police Office Mustang,Jomsom,"Mustang, Nepal",,28.7800,83.7200,Mustang,Gandaki
711,Police Station Jomsom,Jomsom,"Mustang, Nepal",,28.7800,83.7200,Mustang,Gandaki
712,Police Station Kagbeni,Kagbeni,"Mustang, Nepal",,28.8400,83.7800,Mustang,Gandaki
713,Police Station Marpha,Marpha,"Mustang, Nepal",,28.7500,83.6800,Mustang,Gandaki
714,Police Station Muktinath,Muktinath,"Mustang, Nepal",,28.8200,83.8700,Mustang,Gandaki
715,District Police Office Manang,Chame,"Manang, Nepal",,28.5500,84.2300,Manang,Gandaki
716,Police Station Chame,Chame,"Manang, Nepal",,28.5500,84.2300,Manang,Gandaki
717,Police Station Manang,Manang,"Manang, Nepal",,28.6700,84.0200,Manang,Gandaki
718,Police Station Pisang,Pisang,"Manang, Nepal",,28.6700,84.1800,Manang,Gandaki
719,District Police Office Nawalpur,Kawasoti,"Nawalpur, Nepal",,27.6500,84.1300,Nawalpur,Gandaki
720,Police Station Kawasoti,Kawasoti,"Nawalpur, Nepal",,27.6500,84.1300,Nawalpur,Gandaki
721,Police Station Gaindakot,Gaindakot,"Nawalpur, Nepal",,27.7000,84.4200,Nawalpur,Gandaki
722,Police Station Devchuli,Devchuli,"Nawalpur, Nepal",,27.7000,84.2500,Nawalpur,Gandaki
723,District Police Office Rupandehi,Bhairahawa,"Rupandehi, Nepal",,27.5000,83.4500,Rupandehi,Lumbini
724,Police Station Siddharthanagar,Siddharthanagar,"Rupandehi, Nepal",,27.5000,83.4500,Rupandehi,Lumbini
725,Police Station Butwal,Butwal,"Rupandehi, Nepal",,27.7000,83.4500,Rupandehi,Lumbini
726,Police Station Sainamaina,Sainamaina,"Rupandehi, Nepal",,27.7000,83.3300,Rupandehi,Lumbini
727,District Police Office Kapilvastu,Taulihawa,"Kapilvastu, Nepal",,27.5500,83.0500,Kapilvastu,Lumbini
728,Police Station Taulihawa,Taulihawa,"Kapilvastu, Nepal",,27.5500,83.0500,Kapilvastu,Lumbini
729,Police Station Krishnanagar,Krishnanagar,"Kapilvastu, Nepal",,27.4200,82.9200,Kapilvastu,Lumbini
730,District Police Office Palpa,Tansen,"Palpa, Nepal",,27.8700,83.5500,Palpa,Lumbini
731,Police Station Tansen,Tansen,"Palpa, Nepal",,27.8700,83.5500,Palpa,Lumbini
732,Police Station Rampur,Rampur,"Palpa, Nepal",,27.9200,83.9100,Palpa,Lumbini
733,District Police Office Gulmi,Tamghas,"Gulmi, Nepal",,28.0800,83.2500,Gulmi,Lumbini
734,Police Station Tamghas,Tamghas,"Gulmi, Nepal",,28.0800,83.2500,Gulmi,Lumbini
735,Police Station Resunga,Resunga,"Gulmi, Nepal",,28.0800,83.2500,Gulmi,Lumbini
736,District Police Office Arghakhanchi,Sandhikharka,"Arghakhanchi, Nepal",,27.9500,83.1200,Arghakhanchi,Lumbini
737,Police Station Sandhikharka,Sandhikharka,"Arghakhanchi, Nepal",,27.9500,83.1200,Arghakhanchi,Lumbini
738,District Police Office Dang,Ghorahi,"Dang, Nepal",,28.0300,82.4800,Dang,Lumbini
739,Police Station Ghorahi,Ghorahi,"Dang, Nepal",,28.0300,82.4800,Dang,Lumbini
740,Police Station Tulsipur,Tulsipur,"Dang, Nepal",,28.1300,82.3000,Dang,Lumbini
741,District Police Office Banke,Nepalgunj,"Banke, Nepal",,28.0500,81.6200,Banke,Lumbini
742,Police Station Nepalgunj,Nepalgunj,"Banke, Nepal",,28.0500,81.6200,Banke,Lumbini
743,Police Station Kohalpur,Kohalpur,"Banke, Nepal",,28.2100,81.6800,Banke,Lumbini
744,District Police Office Bardiya,Gulariya,"Bardiya, Nepal",,28.2300,81.3400,Bardiya,Lumbini
745,Police Station Gulariya,Gulariya,"Bardiya, Nepal",,28.2300,81.3400,Bardiya,Lumbini
746,Police Station Rajapur,Rajapur,"Bardiya, Nepal",,28.8800,81.1000,Bardiya,Lumbini
747,District Police Office Kaski,Pokhara,"Kaski, Nepal",,28.2257,83.9893,Kaski,Gandaki
748,Police Station Lakeside,Lakeside,"Pokhara, Nepal",,28.2100,83.9600,Kaski,Gandaki
749,Police Station Baidam,Baidam,"Pokhara, Nepal",,28.2150,83.9560,Kaski,Gandaki
750,Police Station Lekhnath,Lekhnath,"Pokhara, Nepal",,28.1700,84.0550,Kaski,Gandaki
751,District Police Office Morang,Biratnagar,"Morang, Nepal",,26.4500,87.2700,Morang,Koshi
752,Police Station Biratnagar,Biratnagar,"Morang, Nepal",,26.4500,87.2700,Morang,Koshi
753,Police Station Rangeli,Rangeli,"Morang, Nepal",,26.4500,87.3000,Morang,Koshi
754,Police Station Urlabari,Urlabari,"Morang, Nepal",,26.5000,87.6300,Morang,Koshi
755,Police Station Belbari,Belbari,"Morang, Nepal",,26.6800,87.4300,Morang,Koshi
756,District Police Office Sunsari,Inaruwa,"Sunsari, Nepal",,26.6100,87.1400,Sunsari,Koshi
757,Police Station Inaruwa,Inaruwa,"Sunsari, Nepal",,26.6100,87.1400,Sunsari,Koshi
758,Police Station Itahari,Itahari,"Sunsari, Nepal",,26.6600,87.2700,Sunsari,Koshi
759,Police Station Dharan,Dharan,"Sunsari, Nepal",,26.8100,87.2800,Sunsari,Koshi
760,Police Station Duhabi,Duhabi,"Sunsari, Nepal",,26.6700,87.1500,Sunsari,Koshi
761,District Police Office Jhapa,Bhadrapur,"Jhapa, Nepal",,26.5400,88.0900,Jhapa,Koshi
762,Police Station Bhadrapur,Bhadrapur,"Jhapa, Nepal",,26.5400,88.0900,Jhapa,Koshi
763,Police Station Birtamode,Birtamode,"Jhapa, Nepal",,26.6400,88.0000,Jhapa,Koshi
764,Police Station Damak,Damak,"Jhapa, Nepal",,26.6600,87.7000,Jhapa,Koshi
765,Police Station Kakarbhitta,Kakarbhitta,"Jhapa, Nepal",,26.6400,88.1500,Jhapa,Koshi
766,District Police Office Ilam,Ilam,"Ilam, Nepal",,26.9100,87.9300,Ilam,Koshi
767,Police Station Ilam Bazaar,Ilam,"Ilam, Nepal",,26.9100,87.9300,Ilam,Koshi
768,Police Station Fikkal,Fikkal,"Ilam, Nepal",,26.8900,88.0800,Ilam,Koshi
769,District Police Office Panchthar,Phidim,"Panchthar, Nepal",,27.1500,87.7500,Panchthar,Koshi
770,Police Station Phidim,Phidim,"Panchthar, Nepal",,27.1500,87.7500,Panchthar,Koshi
771,District Police Office Taplejung,Phungling,"Taplejung, Nepal",,27.3500,87.6700,Taplejung,Koshi
772,Police Station Taplejung,Taplejung,"Taplejung, Nepal",,27.3500,87.6700,Taplejung,Koshi
773,District Police Office Dhankuta,Dhankuta,"Dhankuta, Nepal",,26.9800,87.3400,Dhankuta,Koshi
774,Police Station Dhankuta,Dhankuta,"Dhankuta, Nepal",,26.9800,87.3400,Dhankuta,Koshi
775,Police Station Hile,Hile,"Dhankuta, Nepal",,27.0100,87.3000,Dhankuta,Koshi
776,District Police Office Terhathum,Myanglung,"Terhathum, Nepal",,27.1300,87.5500,Terhathum,Koshi
777,Police Station Myanglung,Myanglung,"Terhathum, Nepal",,27.1300,87.5500,Terhathum,Koshi
778,Police Station Basantapur,Basantapur,"Terhathum, Nepal",,27.1200,87.4500,Terhathum,Koshi
779,District Police Office Sankhuwasabha,Khandbari,"Sankhuwasabha, Nepal",,27.3800,87.2000,Sankhuwasabha,Koshi
780,Police Station Khandbari,Khandbari,"Sankhuwasabha, Nepal",,27.3800,87.2000,Sankhuwasabha,Koshi
781,Police Station Tumlingtar,Tumlingtar,"Sankhuwasabha, Nepal",,27.3000,87.2000,Sankhuwasabha,Koshi
782,District Police Office Bhojpur,Bhojpur,"Bhojpur, Nepal",,27.1700,87.0500,Bhojpur,Koshi
783,Police Station Bhojpur,Bhojpur,"Bhojpur, Nepal",,27.1700,87.0500,Bhojpur,Koshi
784,Police Station Dingla,Dingla,"Bhojpur, Nepal",,27.2000,87.1000,Bhojpur,Koshi
785,District Police Office Khotang,Diktel,"Khotang, Nepal",,27.2100,86.7900,Khotang,Koshi
786,Police Station Diktel,Diktel,"Khotang, Nepal",,27.2100,86.7900,Khotang,Koshi
787,Police Station Halesi,Halesi,"Khotang, Nepal",,27.0500,86.7300,Khotang,Koshi
788,District Police Office Solukhumbu,Salleri,"Solukhumbu, Nepal",,27.7900,86.7200,Solukhumbu,Koshi
789,Police Station Salleri,Salleri,"Solukhumbu, Nepal",,27.7900,86.7200,Solukhumbu,Koshi
790,Police Station Lukla,Lukla,"Solukhumbu, Nepal",,27.6900,86.7300,Solukhumbu,Koshi
791,District Police Office Okhaldhunga,Okhaldhunga,"Okhaldhunga, Nepal",,27.3100,86.5000,Okhaldhunga,Koshi
792,Police Station Okhaldhunga,Okhaldhunga,"Okhaldhunga, Nepal",,27.3100,86.5000,Okhaldhunga,Koshi
793,District Police Office Udayapur,Gaighat,"Udayapur, Nepal",,26.8000,86.7000,Udayapur,Koshi
794,Police Station Gaighat,Gaighat,"Udayapur, Nepal",,26.8000,86.7000,Udayapur,Koshi
795,Police Station Katari,Katari,"Udayapur, Nepal",,26.0300,86.1700,Udayapur,Koshi
796,District Police Office Saptari,Rajbiraj,"Saptari, Nepal",,26.5400,86.7500,Saptari,Madhesh
797,Police Station Rajbiraj,Rajbiraj,"Saptari, Nepal",,26.5400,86.7500,Saptari,Madhesh
798,District Police Office Siraha,Siraha,"Siraha, Nepal",,26.6500,86.2000,Siraha,Madhesh
799,Police Station Lahan,Lahan,"Siraha, Nepal",,26.7200,86.4800,Siraha,Madhesh
800,Police Station Mirchaiya,Mirchaiya,"Siraha, Nepal",,26.7800,86.2500,Siraha,Madhesh
801,District Police Office Dhanusha,Janakpur,"Dhanusha, Nepal",,26.7300,85.9200,Dhanusha,Madhesh
802,Police Station Janakpur,Janakpur,"Dhanusha, Nepal",,26.7300,85.9200,Dhanusha,Madhesh
803,Police Station Dhalkebar,Dhalkebar,"Dhanusha, Nepal",,26.9000,85.9500,Dhanusha,Madhesh
804,Police Station Sabaila,Sabaila,"Dhanusha, Nepal",,26.8000,85.9000,Dhanusha,Madhesh
805,District Police Office Mahottari,Jaleshwar,"Mahottari, Nepal",,26.6500,85.8000,Mahottari,Madhesh
806,Police Station Jaleshwar,Jaleshwar,"Mahottari, Nepal",,26.6500,85.8000,Mahottari,Madhesh
807,Police Station Bardibas,Bardibas,"Mahottari, Nepal",,26.9900,85.9000,Mahottari,Madhesh
808,Police Station Gaushala,Gaushala,"Mahottari, Nepal",,26.9800,85.8500,Mahottari,Madhesh
809,District Police Office Sarlahi,Malangwa,"Sarlahi, Nepal",,26.8600,85.5600,Sarlahi,Madhesh
810,Police Station Malangwa,Malangwa,"Sarlahi, Nepal",,26.8600,85.5600,Sarlahi,Madhesh
811,Police Station Lalbandi,Lalbandi,"Sarlahi, Nepal",,27.0300,85.5500,Sarlahi,Madhesh
812,Police Station Haripur,Haripur,"Sarlahi, Nepal",,26.9500,85.5000,Sarlahi,Madhesh
813,District Police Office Rautahat,Gaur,"Rautahat, Nepal",,26.7700,85.2700,Rautahat,Madhesh
814,Police Station Gaur,Gaur,"Rautahat, Nepal",,26.7700,85.2700,Rautahat,Madhesh
815,Police Station Chandrapur,Chandrapur,"Rautahat, Nepal",,27.0000,85.4200,Rautahat,Madhesh
816,Police Station Garuda,Garuda,"Rautahat, Nepal",,26.9800,85.3300,Rautahat,Madhesh
817,District Police Office Bara,Kalaiya,"Bara, Nepal",,26.9900,84.8700,Bara,Madhesh
818,Police Station Kalaiya,Kalaiya,"Bara, Nepal",,26.9900,84.8700,Bara,Madhesh
819,Police Station Simara,Simara,"Bara, Nepal",,27.1600,84.9800,Bara,Madhesh
820,Police Station Nijgadh,Nijgadh,"Bara, Nepal",,27.2100,85.1500,Bara,Madhesh
821,District Police Office Parsa,Birgunj,"Parsa, Nepal",,27.0100,84.8800,Parsa,Madhesh
822,Police Station Birgunj,Birgunj,"Parsa, Nepal",,27.0100,84.8800,Parsa,Madhesh
823,Police Station Pokhariya,Pokhariya,"Parsa, Nepal",,27.0700,84.6700,Parsa,Madhesh
824,Police Station Parwanipur,Parwanipur,"Parsa, Nepal",,27.0300,84.9000,Parsa,Madhesh
825,District Police Office Chitwan,Bharatpur,"Chitwan, Nepal",,27.6800,84.4300,Chitwan,Bagmati
826,Police Station Bharatpur,Bharatpur,"Chitwan, Nepal",,27.6800,84.4300,Chitwan,Bagmati
827,Police Station Narayangarh,Narayangarh,"Chitwan, Nepal",,27.6800,84.4300,Chitwan,Bagmati
828,Police Station Tandi,Tandi,"Chitwan, Nepal",,27.6200,84.5000,Chitwan,Bagmati
829,District Police Office Makwanpur,Hetauda,"Makwanpur, Nepal",,27.4300,85.0300,Makwanpur,Bagmati
830,Police Station Hetauda,Hetauda,"Makwanpur, Nepal",,27.4300,85.0300,Makwanpur,Bagmati
831,Police Station Bhimphedi,Bhimphedi,"Makwanpur, Nepal",,27.5500,85.1500,Makwanpur,Bagmati
832,Police Station Manahari,Manahari,"Makwanpur, Nepal",,27.5500,84.9500,Makwanpur,Bagmati
833,District Police Office Dhading,Dhadingbesi,"Dhading, Nepal",,27.8700,84.9200,Dhading,Bagmati
834,Police Station Dhadingbesi,Dhadingbesi,"Dhading, Nepal",,27.8700,84.9200,Dhading,Bagmati
835,Police Station Gajuri,Gajuri,"Dhading, Nepal",,27.8200,84.8800,Dhading,Bagmati
836,District Police Office Nuwakot,Bidur,"Nuwakot, Nepal",,27.9200,85.1600,Nuwakot,Bagmati
837,Police Station Bidur,Bidur,"Nuwakot, Nepal",,27.9200,85.1600,Nuwakot,Bagmati
838,Police Station Trishuli,Trishuli,"Nuwakot, Nepal",,27.9800,85.1700,Nuwakot,Bagmati
839,District Police Office Rasuwa,Dhunche,"Rasuwa, Nepal",,28.1100,85.3000,Rasuwa,Bagmati
840,Police Station Dhunche,Dhunche,"Rasuwa, Nepal",,28.1100,85.3000,Rasuwa,Bagmati
841,District Police Office Sindhupalchok,Chautara,"Sindhupalchok, Nepal",,27.7800,85.7100,Sindhupalchok,Bagmati
842,Police Station Chautara,Chautara,"Sindhupalchok, Nepal",,27.7800,85.7100,Sindhupalchok,Bagmati
843,Police Station Melamchi,Melamchi,"Sindhupalchok, Nepal",,27.8200,85.5800,Sindhupalchok,Bagmati
844,District Police Office Dolakha,Charikot,"Dolakha, Nepal",,27.6700,86.0500,Dolakha,Bagmati
845,Police Station Charikot,Charikot,"Dolakha, Nepal",,27.6700,86.0500,Dolakha,Bagmati
846,Police Station Jiri,Jiri,"Dolakha, Nepal",,27.6300,86.2300,Dolakha,Bagmati
847,District Police Office Ramechhap,Manthali,"Ramechhap, Nepal",,27.3900,86.0600,Ramechhap,Bagmati
848,Police Station Manthali,Manthali,"Ramechhap, Nepal",,27.3900,86.0600,Ramechhap,Bagmati
849,District Police Office Sindhuli,Sindhulimadhi,"Sindhuli, Nepal",,27.2500,85.9700,Sindhuli,Bagmati
850,Police Station Sindhulimadhi,Sindhulimadhi,"Sindhuli, Nepal",,27.2500,85.9700,Sindhuli,Bagmati
851,District Police Office Kavrepalanchok,Dhulikhel,"Kavre, Nepal",,27.6200,85.5400,Kavrepalanchok,Bagmati
852,Police Station Dhulikhel,Dhulikhel,"Kavre, Nepal",,27.6200,85.5400,Kavrepalanchok,Bagmati
853,Police Station Banepa,Banepa,"Kavre, Nepal",,27.6300,85.5200,Kavrepalanchok,Bagmati
854,Police Station Panauti,Panauti,"Kavre, Nepal",,27.5800,85.5100,Kavrepalanchok,Bagmati
855,District Police Office Kathmandu,Kathmandu,"Kathmandu, Nepal",,27.7172,85.3240,Kathmandu,Bagmati
856,Police Station Hanumandhoka,Hanumandhoka,"Kathmandu, Nepal",,27.7040,85.3060,Kathmandu,Bagmati
857,Police Station Thamel,Thamel,"Kathmandu, Nepal",,27.7150,85.3120,Kathmandu,Bagmati
858,Police Station Balaju,Balaju,"Kathmandu, Nepal",,27.7350,85.3000,Kathmandu,Bagmati
859,Police Station Kalimati,Kalimati,"Kathmandu, Nepal",,27.7000,85.3000,Kathmandu,Bagmati
860,Police Station Teku,Teku,"Kathmandu, Nepal",,27.6950,85.3060,Kathmandu,Bagmati
861,Police Station Chabahil,Chabahil,"Kathmandu, Nepal",,27.7180,85.3480,Kathmandu,Bagmati
862,Police Station Boudha,Boudha,"Kathmandu, Nepal",,27.7210,85.3620,Kathmandu,Bagmati
863,Police Station Koteshwor,Koteshwor,"Kathmandu, Nepal",,27.6780,85.3480,Kathmandu,Bagmati
864,Police Station Baneshwor,Baneshwor,"Kathmandu, Nepal",,27.6920,85.3420,Kathmandu,Bagmati
865,District Police Office Lalitpur,Lalitpur,"Lalitpur, Nepal",,27.6700,85.3150,Lalitpur,Bagmati
866,Police Station Lalitpur Metropolitan,Lalitpur,"Lalitpur, Nepal",,27.6700,85.3150,Lalitpur,Bagmati
867,Police Station Jawalakhel,Jawalakhel,"Lalitpur, Nepal",,27.6750,85.3150,Lalitpur,Bagmati
868,Police Station Lagankhel,Lagankhel,"Lalitpur, Nepal",,27.6700,85.3200,Lalitpur,Bagmati
869,District Police Office Bhaktapur,Bhaktapur,"Bhaktapur, Nepal",,27.6720,85.4290,Bhaktapur,Bagmati
870,Police Station Bhaktapur Durbar Square,Bhaktapur,"Bhaktapur, Nepal",,27.6710,85.4290,Bhaktapur,Bagmati
871,Police Station Thimi,Thimi,"Bhaktapur, Nepal",,27.6800,85.3870,Bhaktapur,Bagmati
872,District Police Office Kaski,Pokhara,"Kaski, Nepal",,28.2257,83.9893,Kaski,Gandaki
873,Police Station Pokhara Metropolitan,Pokhara,"Kaski, Nepal",,28.2257,83.9893,Kaski,Gandaki
874,Police Station Lakeside,Lakeside,"Kaski, Nepal",,28.2100,83.9600,Kaski,Gandaki
875,District Police Office Rupandehi,Bhairahawa,"Rupandehi, Nepal",,27.5000,83.4500,Rupandehi,Lumbini
876,Police Station Bhairahawa,Bhairahawa,"Rupandehi, Nepal",,27.5000,83.4500,Rupandehi,Lumbini
877,District Police Office Morang,Biratnagar,"Morang, Nepal",,26.4500,87.2700,Morang,Koshi
878,Police Station Biratnagar Metropolitan,Biratnagar,"Morang, Nepal",,26.4500,87.2700,Morang,Koshi
879,District Police Office Sunsari,Inaruwa,"Sunsari, Nepal",,26.6100,87.1400,Sunsari,Koshi
880,Police Station Dharan,Dharan,"Sunsari, Nepal",,26.8100,87.2800,Sunsari,Koshi
881,Police Station Itahari,Itahari,"Sunsari, Nepal",,26.6600,87.2700,Sunsari,Koshi
882,District Police Office Jhapa,Bhadrapur,"Jhapa, Nepal",,26.5400,88.0900,Jhapa,Koshi
883,Police Station Birtamode,Birtamode,"Jhapa, Nepal",,26.6400,88.0000,Jhapa,Koshi
884,Police Station Damak,Damak,"Jhapa, Nepal",,26.6600,87.7000,Jhapa,Koshi
885,District Police Office Ilam,Ilam,"Ilam, Nepal",,26.9100,87.9300,Ilam,Koshi
886,Police Station Fikkal,Fikkal,"Ilam, Nepal",,26.8900,88.0800,Ilam,Koshi
887,District Police Office Dhankuta,Dhankuta,"Dhankuta, Nepal",,26.9800,87.3400,Dhankuta,Koshi
888,Police Station Hile,Hile,"Dhankuta, Nepal",,27.0100,87.3000,Dhankuta,Koshi
889,District Police Office Bhojpur,Bhojpur,"Bhojpur, Nepal",,27.1700,87.0500,Bhojpur,Koshi
890,District Police Office Khotang,Diktel,"Khotang, Nepal",,27.2100,86.7900,Khotang,Koshi
891,District Police Office Solukhumbu,Salleri,"Solukhumbu, Nepal",,27.7900,86.7200,Solukhumbu,Koshi
892,Police Station Lukla,Lukla,"Solukhumbu, Nepal",,27.6900,86.7300,Solukhumbu,Koshi
893,District Police Office Udayapur,Gaighat,"Udayapur, Nepal",,26.8000,86.7000,Udayapur,Koshi
894,Police Station Katari,Katari,"Udayapur, Nepal",,26.0300,86.1700,Udayapur,Koshi
895,District Police Office Parsa,Birgunj,"Parsa, Nepal",,27.0100,84.8800,Parsa,Madhesh
896,Police Station Birgunj,Birgunj,"Parsa, Nepal",,27.0100,84.8800,Parsa,Madhesh
897,District Police Office Bara,Kalaiya,"Bara, Nepal",,26.9900,84.8700,Bara,Madhesh
898,Police Station Simara,Simara,"Bara, Nepal",,27.1600,84.9800,Bara,Madhesh
899,District Police Office Dhanusha,Janakpur,"Dhanusha, Nepal",,26.7300,85.9200,Dhanusha,Madhesh
900,Police Station Janakpur,Janakpur,"Dhanusha, Nepal",,26.7300,85.9200,Dhanusha,Madhesh
901,District Police Office Mahottari,Jaleshwar,"Mahottari, Nepal",,26.6500,85.8000,Mahottari,Madhesh
902,Police Station Jaleshwar,Jaleshwar,"Mahottari, Nepal",,26.6500,85.8000,Mahottari,Madhesh
903,District Police Office Sarlahi,Malangwa,"Sarlahi, Nepal",,26.8600,85.5600,Sarlahi,Madhesh
904,Police Station Malangwa,Malangwa,"Sarlahi, Nepal",,26.8600,85.5600,Sarlahi,Madhesh
905,District Police Office Rautahat,Gaur,"Rautahat, Nepal",,26.7700,85.2700,Rautahat,Madhesh
906,Police Station Gaur,Gaur,"Rautahat, Nepal",,26.7700,85.2700,Rautahat,Madhesh
907,District Police Office Siraha,Siraha,"Siraha, Nepal",,26.6500,86.2000,Siraha,Madhesh
908,Police Station Lahan,Lahan,"Siraha, Nepal",,26.7200,86.4800,Siraha,Madhesh
909,District Police Office Saptari,Rajbiraj,"Saptari, Nepal",,26.5400,86.7500,Saptari,Madhesh
910,Police Station Rajbiraj,Rajbiraj,"Saptari, Nepal",,26.5400,86.7500,Saptari,Madhesh
911,District Police Office Dang,Ghorahi,"Dang, Nepal",,28.0300,82.4800,Dang,Lumbini
912,Police Station Lamahi,Lamahi,"Dang, Nepal",,27.8500,82.5500,Dang,Lumbini
913,District Police Office Banke,Nepalgunj,"Banke, Nepal",,28.0500,81.6200,Banke,Lumbini
914,Police Station Kohalpur,Kohalpur,"Banke, Nepal",,28.2100,81.6800,Banke,Lumbini
915,District Police Office Bardiya,Gulariya,"Bardiya, Nepal",,28.2300,81.3400,Bardiya,Lumbini
916,Police Station Thakurdwara,Thakurdwara,"Bardiya, Nepal",,28.5000,81.2000,Bardiya,Lumbini
917,District Police Office Kailali,Dhangadhi,"Kailali, Nepal",,28.7000,80.5900,Kailali,Sudurpashchim
918,Police Station Dhangadhi,Dhangadhi,"Kailali, Nepal",,28.7000,80.5900,Kailali,Sudurpashchim
919,Police Station Tikapur,Tikapur,"Kailali, Nepal",,28.5200,81.1200,Kailali,Sudurpashchim
920,District Police Office Kanchanpur,Bhimdatta,"Kanchanpur, Nepal",,28.9600,80.1800,Kanchanpur,Sudurpashchim
921,Police Station Mahendranagar,Mahendranagar,"Kanchanpur, Nepal",,28.9600,80.1800,Kanchanpur,Sudurpashchim
922,District Police Office Dadeldhura,Dadeldhura,"Dadeldhura, Nepal",,29.3000,80.5800,Dadeldhura,Sudurpashchim
923,Police Station Dadeldhura,Dadeldhura,"Dadeldhura, Nepal",,29.3000,80.5800,Dadeldhura,Sudurpashchim
924,District Police Office Baitadi,Dasharathchand,"Baitadi, Nepal",,29.5200,80.4300,Baitadi,Sudurpashchim
925,Police Station Patan,Patan,"Baitadi, Nepal",,29.5000,80.6000,Baitadi,Sudurpashchim
926,District Police Office Darchula,Khalanga,"Darchula, Nepal",,29.8500,80.5500,Darchula,Sudurpashchim
927,Police Station Gokuleshwor,Gokuleshwor,"Darchula, Nepal",,29.7000,80.6500,Darchula,Sudurpashchim
928,District Police Office Bajhang,Chainpur,"Bajhang, Nepal",,29.5500,81.1800,Bajhang,Sudurpashchim
929,Police Station Chainpur,Chainpur,"Bajhang, Nepal",,29.5500,81.1800,Bajhang,Sudurpashchim
930,District Police Office Bajura,Martadi,"Bajura, Nepal",,29.4200,81.4200,Bajura,Sudurpashchim
931,Police Station Martadi,Martadi,"Bajura, Nepal",,29.4200,81.4200,Bajura,Sudurpashchim
932,District Police Office Achham,Mangalsen,"Achham, Nepal",,29.1300,81.2500,Achham,Sudurpashchim
933,Police Station Sanfebagar,Sanfebagar,"Achham, Nepal",,29.2300,81.2200,Achham,Sudurpashchim
934,District Police Office Surkhet,Birendranagar,"Surkhet, Nepal",,28.6000,81.6300,Surkhet,Karnali
935,Police Station Birendranagar,Birendranagar,"Surkhet, Nepal",,28.6000,81.6300,Surkhet,Karnali
936,District Police Office Dailekh,Dailekh,"Dailekh, Nepal",,28.8500,81.7100,Dailekh,Karnali
937,Police Station Dullu,Dullu,"Dailekh, Nepal",,28.8300,81.7200,Dailekh,Karnali
938,District Police Office Jumla,Chandannath,"Jumla, Nepal",,29.2700,82.1800,Jumla,Karnali
939,Police Station Jumla,Jumla,"Jumla, Nepal",,29.2700,82.1800,Jumla,Karnali
940,District Police Office Kalikot,Manma,"Kalikot, Nepal",,29.1500,81.6200,Kalikot,Karnali
941,Police Station Manma,Manma,"Kalikot, Nepal",,29.1500,81.6200,Kalikot,Karnali
942,District Police Office Mugu,Gamgadhi,"Mugu, Nepal",,29.5300,82.0900,Mugu,Karnali
943,Police Station Gamgadhi,Gamgadhi,"Mugu, Nepal",,29.5300,82.0900,Mugu,Karnali
944,District Police Office Dolpa,Dunai,"Dolpa, Nepal",,29.0000,82.8200,Dolpa,Karnali
945,Police Station Dunai,Dunai,"Dolpa, Nepal",,29.0000,82.8200,Dolpa,Karnali
946,District Police Office Rukum West,Musikot,"Rukum West, Nepal",,28.6300,82.4800,Rukum West,Karnali
947,Police Station Musikot,Musikot,"Rukum West, Nepal",,28.6300,82.4800,Rukum West,Karnali
948,District Police Office Rolpa,Liwang,"Rolpa, Nepal",,28.3000,82.6300,Rolpa,Lumbini
949,Police Station Liwang,Liwang,"Rolpa, Nepal",,28.3000,82.6300,Rolpa,Lumbini
950,District Police Office Pyuthan,Khalanga,"Pyuthan, Nepal",,28.0900,82.8600,Pyuthan,Lumbini
951,Police Station Pyuthan,Khalanga,"Pyuthan, Nepal",,28.0900,82.8600,Pyuthan,Lumbini
952,District Police Office Salyan,Khalanga,"Salyan, Nepal",,28.3800,82.1700,Salyan,Karnali
953,Police Station Salyan Bazaar,Khalanga,"Salyan, Nepal",,28.3800,82.1700,Salyan,Karnali
954,District Police Office Jajarkot,Khalanga,"Jajarkot, Nepal",,28.7000,82.1800,Jajarkot,Karnali
955,Police Station Jajarkot,Khalanga,"Jajarkot, Nepal",,28.7000,82.1800,Jajarkot,Karnali
956,District Police Office Rukum East,Rukumkot,"Rukum East, Nepal",,28.6300,82.6300,Rukum East,Lumbini
957,Police Station Rukumkot,Rukumkot,"Rukum East, Nepal",,28.6300,82.6300,Rukum East,Lumbini
958,District Police Office Mustang,Jomsom,"Mustang, Nepal",,28.7800,83.7200,Mustang,Gandaki
959,Police Station Jomsom,Jomsom,"Mustang, Nepal",,28.7800,83.7200,Mustang,Gandaki
960,District Police Office Manang,Chame,"Manang, Nepal",,28.5500,84.2300,Manang,Gandaki
961,Police Station Chame,Chame,"Manang, Nepal",,28.5500,84.2300,Manang,Gandaki
962,District Police Office Lamjung,Besisahar,"Lamjung, Nepal",,28.2300,84.0100,Lamjung,Gandaki
963,Police Station Besisahar,Besisahar,"Lamjung, Nepal",,28.2300,84.0100,Lamjung,Gandaki
964,District Police Office Tanahun,Damauli,"Tanahun, Nepal",,27.9730,84.2400,Tanahun,Gandaki
965,Police Station Damauli,Damauli,"Tanahun, Nepal",,27.9730,84.2400,Tanahun,Gandaki
966,District Police Office Gorkha,Gorkha,"Gorkha, Nepal",,28.0000,84.6330,Gorkha,Gandaki
967,Police Station Gorkha,Gorkha,"Gorkha, Nepal",,28.0000,84.6330,Gorkha,Gandaki
968,District Police Office Kaski,Pokhara,"Kaski, Nepal",,28.2257,83.9893,Kaski,Gandaki
969,Police Station Pokhara,Pokhara,"Kaski, Nepal",,28.2257,83.9893,Kaski,Gandaki
970,Police Station Hemja,Hemja,"Kaski, Nepal",,28.2600,83.9100,Kaski,Gandaki
971,Police Station Sarangkot,Sarangkot,"Kaski, Nepal",,28.2500,83.9500,Kaski,Gandaki
972,District Police Office Syangja,Syangja,"Syangja, Nepal",,28.0900,83.8700,Syangja,Gandaki
973,Police Station Waling,Waling,"Syangja, Nepal",,27.9800,83.7600,Syangja,Gandaki
974,District Police Office Parbat,Kushma,"Parbat, Nepal",,28.2200,83.6800,Parbat,Gandaki
975,Police Station Kushma,Kushma,"Parbat, Nepal",,28.2200,83.6800,Parbat,Gandaki
976,District Police Office Baglung,Baglung,"Baglung, Nepal",,28.2700,83.5900,Baglung,Gandaki
977,Police Station Baglung,Baglung,"Baglung, Nepal",,28.2700,83.5900,Baglung,Gandaki
978,District Police Office Myagdi,Beni,"Myagdi, Nepal",,28.3500,83.5700,Myagdi,Gandaki
979,Police Station Beni,Beni,"Myagdi, Nepal",,28.3500,83.5700,Myagdi,Gandaki
980,District Police Office Nawalpur,Kawasoti,"Nawalpur, Nepal",,27.6500,84.1300,Nawalpur,Gandaki
981,Police Station Kawasoti,Kawasoti,"Nawalpur, Nepal",,27.6500,84.1300,Nawalpur,Gandaki
982,District Police Office Chitwan,Bharatpur,"Chitwan, Nepal",,27.6800,84.4300,Chitwan,Bagmati
983,Police Station Bharatpur,Bharatpur,"Chitwan, Nepal",,27.6800,84.4300,Chitwan,Bagmati
984,District Police Office Makwanpur,Hetauda,"Makwanpur, Nepal",,27.4300,85.0300,Makwanpur,Bagmati
985,Police Station Hetauda,Hetauda,"Makwanpur, Nepal",,27.4300,85.0300,Makwanpur,Bagmati
986,District Police Office Dhading,Dhadingbesi,"Dhading, Nepal",,27.8700,84.9200,Dhading,Bagmati
987,Police Station Dhadingbesi,Dhadingbesi,"Dhading, Nepal",,27.8700,84.9200,Dhading,Bagmati
988,District Police Office Nuwakot,Bidur,"Nuwakot, Nepal",,27.9200,85.1600,Nuwakot,Bagmati
989,Police Station Bidur,Bidur,"Nuwakot, Nepal",,27.9200,85.1600,Nuwakot,Bagmati
990,District Police Office Rasuwa,Dhunche,"Rasuwa, Nepal",,28.1100,85.3000,Rasuwa,Bagmati
991,Police Station Dhunche,Dhunche,"Rasuwa, Nepal",,28.1100,85.3000,Rasuwa,Bagmati
992,District Police Office Sindhupalchok,Chautara,"Sindhupalchok, Nepal",,27.7800,85.7100,Sindhupalchok,Bagmati
993,Police Station Chautara,Chautara,"Sindhupalchok, Nepal",,27.7800,85.7100,Sindhupalchok,Bagmati
994,District Police Office Dolakha,Charikot,"Dolakha, Nepal",,27.6700,86.0500,Dolakha,Bagmati
995,Police Station Charikot,Charikot,"Dolakha, Nepal",,27.6700,86.0500,Dolakha,Bagmati
996,District Police Office Ramechhap,Manthali,"Ramechhap, Nepal",,27.3900,86.0600,Ramechhap,Bagmati
997,Police Station Manthali,Manthali,"Ramechhap, Nepal",,27.3900,86.0600,Ramechhap,Bagmati
998,District Police Office Sindhuli,Sindhulimadhi,"Sindhuli, Nepal",,27.2500,85.9700,Sindhuli,Bagmati
999,Police Station Sindhulimadhi,Sindhulimadhi,"Sindhuli, Nepal",,27.2500,85.9700,Sindhuli,Bagmati
1000,District Police Office Kathmandu,Kathmandu,"Kathmandu, Nepal",,27.7172,85.3240,Kathmandu,Bagmati
1001,Police Station Kapan,Kapan,"Kathmandu, Nepal",,27.7550,85.3600,Kathmandu,Bagmati
1002,Police Station Budhanilkantha,Budhanilkantha,"Kathmandu, Nepal",,27.7800,85.3600,Kathmandu,Bagmati
1003,Police Station Tokha,Tokha,"Kathmandu, Nepal",,27.7600,85.3250,Kathmandu,Bagmati
1004,Police Station Samakhusi,Samakhusi,"Kathmandu, Nepal",,27.7300,85.3200,Kathmandu,Bagmati
1005,Police Station Balaju,Balaju,"Kathmandu, Nepal",,27.7350,85.3000,Kathmandu,Bagmati
1006,Police Station Gongabu,Gongabu,"Kathmandu, Nepal",,27.7350,85.3140,Kathmandu,Bagmati
1007,Police Station Kalimati,Kalimati,"Kathmandu, Nepal",,27.7000,85.3000,Kathmandu,Bagmati
1008,Police Station Kalanki,Kalanki,"Kathmandu, Nepal",,27.6930,85.2800,Kathmandu,Bagmati
1009,Police Station Naikap,Naikap,"Kathmandu, Nepal",,27.6900,85.2600,Kathmandu,Bagmati
1010,Police Station Thankot,Thankot,"Kathmandu, Nepal",,27.6900,85.2200,Kathmandu,Bagmati
1011,Police Station Kirtipur,Kirtipur,"Kathmandu, Nepal",,27.6780,85.2770,Kathmandu,Bagmati
1012,Police Station Pashupati,Pashupati,"Kathmandu, Nepal",,27.7100,85.3500,Kathmandu,Bagmati
1013,Police Station Gaushala,Gaushala,"Kathmandu, Nepal",,27.7090,85.3480,Kathmandu,Bagmati
1014,Police Station Sinamangal,Sinamangal,"Kathmandu, Nepal",,27.7000,85.3500,Kathmandu,Bagmati
1015,Police Station Airport,Kathmandu Airport,"Kathmandu, Nepal",,27.6966,85.3591,Kathmandu,Bagmati
1016,Police Station Koteshwor,Koteshwor,"Kathmandu, Nepal",,27.6780,85.3480,Kathmandu,Bagmati
1017,Police Station Pepsicola,Pepsicola,"Kathmandu, Nepal",,27.6900,85.3700,Kathmandu,Bagmati
1018,Police Station Mulpani,Mulpani,"Kathmandu, Nepal",,27.7300,85.3900,Kathmandu,Bagmati
1019,Police Station Sankhu,Sankhu,"Kathmandu, Nepal",,27.7350,85.4500,Kathmandu,Bagmati
1020,Police Station Sundarijal,Sundarijal,"Kathmandu, Nepal",,27.7900,85.4100,Kathmandu,Bagmati
1021,Police Station Lubhu,Lubhu,"Lalitpur, Nepal",,27.6200,85.3900,Lalitpur,Bagmati
1022,Police Station Imadol,Imadol,"Lalitpur, Nepal",,27.6500,85.3700,Lalitpur,Bagmati
1023,Police Station Tikathali,Tikathali,"Lalitpur, Nepal",,27.6500,85.3600,Lalitpur,Bagmati
1024,Police Station Balkumari,Balkumari,"Lalitpur, Nepal",,27.6650,85.3450,Lalitpur,Bagmati
1025,Police Station Gwarko,Gwarko,"Lalitpur, Nepal",,27.6650,85.3300,Lalitpur,Bagmati
1026,Police Station Satdobato,Satdobato,"Lalitpur, Nepal",,27.6570,85.3240,Lalitpur,Bagmati
1027,Police Station Chapagaun,Chapagaun,"Lalitpur, Nepal",,27.5900,85.3300,Lalitpur,Bagmati
1028,Police Station Godawari,Godawari,"Lalitpur, Nepal",,27.5900,85.4200,Lalitpur,Bagmati
1029,Police Station Thecho,Thecho,"Lalitpur, Nepal",,27.6200,85.3300,Lalitpur,Bagmati
1030,Police Station Harisiddhi,Harisiddhi,"Lalitpur, Nepal",,27.6500,85.3300,Lalitpur,Bagmati
1031,Police Station Suryabinayak,Suryabinayak,"Bhaktapur, Nepal",,27.6650,85.4300,Bhaktapur,Bagmati
1032,Police Station Thimi,Madhyapur Thimi,"Bhaktapur, Nepal",,27.6800,85.3870,Bhaktapur,Bagmati
1033,Police Station Jagati,Jagati,"Bhaktapur, Nepal",,27.6500,85.4450,Bhaktapur,Bagmati
1034,Police Station Kamalbinayak,Kamalbinayak,"Bhaktapur, Nepal",,27.6900,85.4400,Bhaktapur,Bagmati
1035,Police Station Nagarkot,Nagarkot,"Bhaktapur, Nepal",,27.7150,85.5200,Bhaktapur,Bagmati
1036,Police Station Dhulikhel,Dhulikhel,"Kavre, Nepal",,27.6200,85.5400,Kavrepalanchok,Bagmati
1037,Police Station Banepa,Banepa,"Kavre, Nepal",,27.6300,85.5200,Kavrepalanchok,Bagmati
1038,Police Station Panauti,Panauti,"Kavre, Nepal",,27.5800,85.5100,Kavrepalanchok,Bagmati
1039,Police Station Panchkhal,Panchkhal,"Kavre, Nepal",,27.6500,85.6200,Kavrepalanchok,Bagmati
1040,Police Station Namobuddha,Namobuddha,"Kavre, Nepal",,27.5600,85.6000,Kavrepalanchok,Bagmati
1041,Police Station Bidur,Bidur,"Nuwakot, Nepal",,27.9200,85.1600,Nuwakot,Bagmati
1042,Police Station Trishuli,Trishuli,"Nuwakot, Nepal",,27.9800,85.1700,Nuwakot,Bagmati
1043,Police Station Kakani,Kakani,"Nuwakot, Nepal",,27.8000,85.2000,Nuwakot,Bagmati
1044,Police Station Dhunche,Dhunche,"Rasuwa, Nepal",,28.1100,85.3000,Rasuwa,Bagmati
1045,Police Station Syabrubesi,Syabrubesi,"Rasuwa, Nepal",,28.1700,85.3700,Rasuwa,Bagmati
1046,Police Station Chautara,Chautara,"Sindhupalchok, Nepal",,27.7800,85.7100,Sindhupalchok,Bagmati
1047,Police Station Melamchi,Melamchi,"Sindhupalchok, Nepal",,27.8200,85.5800,Sindhupalchok,Bagmati
1048,Police Station Bahrabise,Bahrabise,"Sindhupalchok, Nepal",,27.7900,85.8900,Sindhupalchok,Bagmati
1049,Police Station Charikot,Charikot,"Dolakha, Nepal",,27.6700,86.0500,Dolakha,Bagmati
1050,Police Station Jiri,Jiri,"Dolakha, Nepal",,27.6300,86.2300,Dolakha,Bagmati
1051,Police Station Manthali,Manthali,"Ramechhap, Nepal",,27.3900,86.0600,Ramechhap,Bagmati
1052,Police Station Ramechhap,Ramechhap,"Ramechhap, Nepal",,27.3300,86.0800,Ramechhap,Bagmati
1053,Police Station Doramba,Doramba,"Ramechhap, Nepal",,27.4000,86.2500,Ramechhap,Bagmati
1054,Police Station Sindhulimadhi,Sindhulimadhi,"Sindhuli, Nepal",,27.2500,85.9700,Sindhuli,Bagmati
1055,Police Station Kamalamai,Kamalamai,"Sindhuli, Nepal",,27.2500,85.9700,Sindhuli,Bagmati
1056,Police Station Dudhauli,Dudhauli,"Sindhuli, Nepal",,26.9500,86.2000,Sindhuli,Bagmati
1057,Police Station Bhimeshwar,Charikot,"Dolakha, Nepal",,27.6700,86.0500,Dolakha,Bagmati
1058,Police Station Lamabagar,Lamabagar,"Dolakha, Nepal",,27.8500,86.3500,Dolakha,Bagmati
1059,Police Station Jiri,Jiri,"Dolakha, Nepal",,27.6300,86.2300,Dolakha,Bagmati
1060,Police Station Chautara,Chautara,"Sindhupalchok, Nepal",,27.7800,85.7100,Sindhupalchok,Bagmati
1061,Police Station Tatopani,Tatopani,"Sindhupalchok, Nepal",,27.9800,85.9500,Sindhupalchok,Bagmati
1062,Police Station Bahrabise,Bahrabise,"Sindhupalchok, Nepal",,27.7900,85.8900,Sindhupalchok,Bagmati
1063,Police Station Melamchi,Melamchi,"Sindhupalchok, Nepal",,27.8200,85.5800,Sindhupalchok,Bagmati
1064,Police Station Dhunche,Dhunche,"Rasuwa, Nepal",,28.1100,85.3000,Rasuwa,Bagmati
1065,Police Station Syabrubesi,Syabrubesi,"Rasuwa, Nepal",,28.1700,85.3700,Rasuwa,Bagmati
1066,Police Station Bidur,Bidur,"Nuwakot, Nepal",,27.9200,85.1600,Nuwakot,Bagmati
1067,Police Station Trishuli,Trishuli,"Nuwakot, Nepal",,27.9800,85.1700,Nuwakot,Bagmati
1068,Police Station Kakani,Kakani,"Nuwakot, Nepal",,27.8000,85.2000,Nuwakot,Bagmati
1069,Police Station Dhulikhel,Dhulikhel,"Kavre, Nepal",,27.6200,85.5400,Kavrepalanchok,Bagmati
1070,Police Station Banepa,Banepa,"Kavre, Nepal",,27.6300,85.5200,Kavrepalanchok,Bagmati
1071,Police Station Panauti,Panauti,"Kavre, Nepal",,27.5800,85.5100,Kavrepalanchok,Bagmati
1072,Police Station Panchkhal,Panchkhal,"Kavre, Nepal",,27.6500,85.6200,Kavrepalanchok,Bagmati
1073,Police Station Namobuddha,Namobuddha,"Kavre, Nepal",,27.5600,85.6000,Kavrepalanchok,Bagmati
1074,Police Station Kathmandu Metropolitan,Kathmandu,"Kathmandu, Nepal",,27.7172,85.3240,Kathmandu,Bagmati
1075,Police Station Hanumandhoka,Hanumandhoka,"Kathmandu, Nepal",,27.7040,85.3060,Kathmandu,Bagmati
1076,Police Station Thamel,Thamel,"Kathmandu, Nepal",,27.7150,85.3120,Kathmandu,Bagmati
1077,Police Station Teku,Teku,"Kathmandu, Nepal",,27.6950,85.3060,Kathmandu,Bagmati
1078,Police Station Balaju,Balaju,"Kathmandu, Nepal",,27.7350,85.3000,Kathmandu,Bagmati
1079,Police Station Kalanki,Kalanki,"Kathmandu, Nepal",,27.6930,85.2800,Kathmandu,Bagmati
1080,Police Station Koteshwor,Koteshwor,"Kathmandu, Nepal",,27.6780,85.3480,Kathmandu,Bagmati
1081,Police Station Chabahil,Chabahil,"Kathmandu, Nepal",,27.7180,85.3480,Kathmandu,Bagmati
1082,Police Station Boudha,Boudha,"Kathmandu, Nepal",,27.7210,85.3620,Kathmandu,Bagmati
1083,Police Station Baneshwor,Baneshwor,"Kathmandu, Nepal",,27.6920,85.3420,Kathmandu,Bagmati
1084,Police Station Kirtipur,Kirtipur,"Kathmandu, Nepal",,27.6780,85.2770,Kathmandu,Bagmati
1085,Police Station Lalitpur,Lalitpur,"Lalitpur, Nepal",,27.6700,85.3150,Lalitpur,Bagmati
1086,Police Station Jawalakhel,Jawalakhel,"Lalitpur, Nepal",,27.6750,85.3150,Lalitpur,Bagmati
1087,Police Station Lagankhel,Lagankhel,"Lalitpur, Nepal",,27.6700,85.3200,Lalitpur,Bagmati
1088,Police Station Satdobato,Satdobato,"Lalitpur, Nepal",,27.6570,85.3240,Lalitpur,Bagmati
1089,Police Station Godawari,Godawari,"Lalitpur, Nepal",,27.5900,85.4200,Lalitpur,Bagmati
1090,Police Station Bhaktapur,Bhaktapur,"Bhaktapur, Nepal",,27.6720,85.4290,Bhaktapur,Bagmati
1091,Police Station Thimi,Thimi,"Bhaktapur, Nepal",,27.6800,85.3870,Bhaktapur,Bagmati
1092,Police Station Suryabinayak,Suryabinayak,"Bhaktapur, Nepal",,27.6650,85.4300,Bhaktapur,Bagmati
1093,Police Station Nagarkot,Nagarkot,"Bhaktapur, Nepal",,27.7150,85.5200,Bhaktapur,Bagmati
1094,Police Station Hetauda,Hetauda,"Makwanpur, Nepal",,27.4300,85.0300,Makwanpur,Bagmati
1095,Police Station Bhimphedi,Bhimphedi,"Makwanpur, Nepal",,27.5500,85.1500,Makwanpur,Bagmati
1096,Police Station Manahari,Manahari,"Makwanpur, Nepal",,27.5500,84.9500,Makwanpur,Bagmati
1097,Police Station Bharatpur,Bharatpur,"Chitwan, Nepal",,27.6800,84.4300,Chitwan,Bagmati
1098,Police Station Narayangarh,Narayangarh,"Chitwan, Nepal",,27.6800,84.4300,Chitwan,Bagmati
1099,Police Station Ratnanagar,Ratnanagar,"Chitwan, Nepal",,27.6200,84.5000,Chitwan,Bagmati
1100,Police Station Khairahani,Khairahani,"Chitwan, Nepal",,27.5700,84.6500,Chitwan,Bagmati
1101,Police Station Madi,Madi,"Chitwan, Nepal",,27.3500,84.3500,Chitwan,Bagmati
1102,Police Station Gajuri,Gajuri,"Dhading, Nepal",,27.8200,84.8800,Dhading,Bagmati
1103,Police Station Naubise,Naubise,"Dhading, Nepal",,27.7500,85.0800,Dhading,Bagmati
1104,Police Station Dhadingbesi,Dhadingbesi,"Dhading, Nepal",,27.8700,84.9200,Dhading,Bagmati
1105,Police Station Manakamana,Manakamana,"Gorkha, Nepal",,27.9500,84.6000,Gorkha,Gandaki
1106,Police Station Gorkha,Gorkha,"Gorkha, Nepal",,28.0000,84.6330,Gorkha,Gandaki
1107,Police Station Arughat,Arughat,"Gorkha, Nepal",,28.0400,84.8100,Gorkha,Gandaki
1108,Police Station Palungtar,Palungtar,"Gorkha, Nepal",,28.0300,84.6200,Gorkha,Gandaki
1109,Police Station Besisahar,Besisahar,"Lamjung, Nepal",,28.2300,84.0100,Lamjung,Gandaki
1110,Police Station Sundarbazar,Sundarbazar,"Lamjung, Nepal",,28.1250,84.0200,Lamjung,Gandaki
1111,Police Station Bhoteodar,Bhoteodar,"Lamjung, Nepal",,28.2000,84.1000,Lamjung,Gandaki
1112,Police Station Damauli,Damauli,"Tanahun, Nepal",,27.9730,84.2400,Tanahun,Gandaki
1113,Police Station Dumre,Dumre,"Tanahun, Nepal",,28.1150,84.4000,Tanahun,Gandaki
1114,Police Station Bhimad,Bhimad,"Tanahun, Nepal",,27.9500,84.0500,Tanahun,Gandaki
1115,Police Station Pokhara,Pokhara,"Kaski, Nepal",,28.2257,83.9893,Kaski,Gandaki
1116,Police Station Lakeside,Lakeside,"Kaski, Nepal",,28.2100,83.9600,Kaski,Gandaki
1117,Police Station Baidam,Baidam,"Kaski, Nepal",,28.2150,83.9560,Kaski,Gandaki
1118,Police Station Hemja,Hemja,"Kaski, Nepal",,28.2600,83.9100,Kaski,Gandaki
1119,Police Station Lekhnath,Lekhnath,"Kaski, Nepal",,28.1700,84.0550,Kaski,Gandaki
1120,Police Station Sarangkot,Sarangkot,"Kaski, Nepal",,28.2500,83.9500,Kaski,Gandaki
1121,Police Station Syangja,Syangja,"Syangja, Nepal",,28.0900,83.8700,Syangja,Gandaki
1122,Police Station Waling,Waling,"Syangja, Nepal",,27.9800,83.7600,Syangja,Gandaki
1123,Police Station Putalibazar,Putalibazar,"Syangja, Nepal",,28.1000,83.8700,Syangja,Gandaki
1124,Police Station Chapakot,Chapakot,"Syangja, Nepal",,27.9800,83.7700,Syangja,Gandaki
1125,Police Station Kushma,Kushma,"Parbat, Nepal",,28.2200,83.6800,Parbat,Gandaki
1126,Police Station Modi,Modi,"Parbat, Nepal",,28.2500,83.7000,Parbat,Gandaki
1127,Police Station Baglung,Baglung,"Baglung, Nepal",,28.2700,83.5900,Baglung,Gandaki
1128,Police Station Galkot,Galkot,"Baglung, Nepal",,28.3500,83.4200,Baglung,Gandaki
1129,Police Station Burtibang,Burtibang,"Baglung, Nepal",,28.3300,83.1300,Baglung,Gandaki
1130,Police Station Beni,Beni,"Myagdi, Nepal",,28.3500,83.5700,Myagdi,Gandaki
1131,Police Station Darbang,Darbang,"Myagdi, Nepal",,28.4500,83.5000,Myagdi,Gandaki
1132,Police Station Tatopani,Tatopani,"Myagdi, Nepal",,28.5000,83.6500,Myagdi,Gandaki
1133,Police Station Jomsom,Jomsom,"Mustang, Nepal",,28.7800,83.7200,Mustang,Gandaki
1134,Police Station Kagbeni,Kagbeni,"Mustang, Nepal",,28.8400,83.7800,Mustang,Gandaki
1135,Police Station Marpha,Marpha,"Mustang, Nepal",,28.7500,83.6800,Mustang,Gandaki
1136,Police Station Muktinath,Muktinath,"Mustang, Nepal",,28.8200,83.8700,Mustang,Gandaki
1137,Police Station Chame,Chame,"Manang, Nepal",,28.5500,84.2300,Manang,Gandaki
1138,Police Station Manang,Manang,"Manang, Nepal",,28.6700,84.0200,Manang,Gandaki
1139,Police Station Pisang,Pisang,"Manang, Nepal",,28.6700,84.1800,Manang,Gandaki
1140,Police Station Kawasoti,Kawasoti,"Nawalpur, Nepal",,27.6500,84.1300,Nawalpur,Gandaki
1141,Police Station Gaindakot,Gaindakot,"Nawalpur, Nepal",,27.7000,84.4200,Nawalpur,Gandaki
1142,Police Station Devchuli,Devchuli,"Nawalpur, Nepal",,27.7000,84.2500,Nawalpur,Gandaki
1143,Police Station Gulariya,Gulariya,"Bardiya, Nepal",,28.2300,81.3400,Bardiya,Lumbini
1144,Police Station Rajapur,Rajapur,"Bardiya, Nepal",,28.8800,81.1000,Bardiya,Lumbini
1145,Police Station Nepalgunj,Nepalgunj,"Banke, Nepal",,28.0500,81.6200,Banke,Lumbini
1146,Police Station Kohalpur,Kohalpur,"Banke, Nepal",,28.2100,81.6800,Banke,Lumbini
1147,Police Station Ghorahi,Ghorahi,"Dang, Nepal",,28.0300,82.4800,Dang,Lumbini
1148,Police Station Tulsipur,Tulsipur,"Dang, Nepal",,28.1300,82.3000,Dang,Lumbini
1149,Police Station Lamahi,Lamahi,"Dang, Nepal",,27.8500,82.5500,Dang,Lumbini
1150,Police Station Tansen,Tansen,"Palpa, Nepal",,27.8700,83.5500,Palpa,Lumbini
1151,Police Station Rampur,Rampur,"Palpa, Nepal",,27.9200,83.9100,Palpa,Lumbini
1152,Police Station Tamghas,Tamghas,"Gulmi, Nepal",,28.0800,83.2500,Gulmi,Lumbini
1153,Police Station Resunga,Resunga,"Gulmi, Nepal",,28.0800,83.2500,Gulmi,Lumbini
1154,Police Station Sandhikharka,Sandhikharka,"Arghakhanchi, Nepal",,27.9500,83.1200,Arghakhanchi,Lumbini
1155,Police Station Krishnanagar,Krishnanagar,"Kapilvastu, Nepal",,27.4200,82.9200,Kapilvastu,Lumbini
1156,Police Station Taulihawa,Taulihawa,"Kapilvastu, Nepal",,27.5500,83.0500,Kapilvastu,Lumbini
1157,Police Station Siddharthanagar,Siddharthanagar,"Rupandehi, Nepal",,27.5000,83.4500,Rupandehi,Lumbini
1158,Police Station Butwal,Butwal,"Rupandehi, Nepal",,27.7000,83.4500,Rupandehi,Lumbini
1159,Police Station Sainamaina,Sainamaina,"Rupandehi, Nepal",,27.7000,83.3300,Rupandehi,Lumbini
1160,Police Station Kalaiya,Kalaiya,"Bara, Nepal",,26.9900,84.8700,Bara,Madhesh
1161,Police Station Simara,Simara,"Bara, Nepal",,27.1600,84.9800,Bara,Madhesh
1162,Police Station Nijgadh,Nijgadh,"Bara, Nepal",,27.2100,85.1500,Bara,Madhesh
1163,Police Station Birgunj,Birgunj,"Parsa, Nepal",,27.0100,84.8800,Parsa,Madhesh
1164,Police Station Pokhariya,Pokhariya,"Parsa, Nepal",,27.0700,84.6700,Parsa,Madhesh
1165,Police Station Janakpur,Janakpur,"Dhanusha, Nepal",,26.7300,85.9200,Dhanusha,Madhesh
1166,Police Station Dhalkebar,Dhalkebar,"Dhanusha, Nepal",,26.9000,85.9500,Dhanusha,Madhesh
1167,Police Station Sabaila,Sabaila,"Dhanusha, Nepal",,26.8000,85.9000,Dhanusha,Madhesh
1168,Police Station Jaleshwar,Jaleshwar,"Mahottari, Nepal",,26.6500,85.8000,Mahottari,Madhesh
1169,Police Station Bardibas,Bardibas,"Mahottari, Nepal",,26.9900,85.9000,Mahottari,Madhesh
1170,Police Station Malangwa,Malangwa,"Sarlahi, Nepal",,26.8600,85.5600,Sarlahi,Madhesh
1171,Police Station Lalbandi,Lalbandi,"Sarlahi, Nepal",,27.0300,85.5500,Sarlahi,Madhesh
1172,Police Station Gaur,Gaur,"Rautahat, Nepal",,26.7700,85.2700,Rautahat,Madhesh
1173,Police Station Chandrapur,Chandrapur,"Rautahat, Nepal",,27.0000,85.4200,Rautahat,Madhesh
1174,Police Station Garuda,Garuda,"Rautahat, Nepal",,26.9800,85.3300,Rautahat,Madhesh
1175,Police Station Siraha,Siraha,"Siraha, Nepal",,26.6500,86.2000,Siraha,Madhesh
1176,Police Station Lahan,Lahan,"Siraha, Nepal",,26.7200,86.4800,Siraha,Madhesh
1177,Police Station Mirchaiya,Mirchaiya,"Siraha, Nepal",,26.7800,86.2500,Siraha,Madhesh
1178,Police Station Rajbiraj,Rajbiraj,"Saptari, Nepal",,26.5400,86.7500,Saptari,Madhesh
1179,Police Station Hanumannagar,Hanumannagar,"Saptari, Nepal",,26.5800,86.9000,Saptari,Madhesh
1180,Police Station Biratnagar,Biratnagar,"Morang, Nepal",,26.4500,87.2700,Morang,Koshi
1181,Police Station Rangeli,Rangeli,"Morang, Nepal",,26.4500,87.3000,Morang,Koshi
1182,Police Station Urlabari,Urlabari,"Morang, Nepal",,26.5000,87.6300,Morang,Koshi
1183,Police Station Belbari,Belbari,"Morang, Nepal",,26.6800,87.4300,Morang,Koshi
1184,Police Station Inaruwa,Inaruwa,"Sunsari, Nepal",,26.6100,87.1400,Sunsari,Koshi
1185,Police Station Itahari,Itahari,"Sunsari, Nepal",,26.6600,87.2700,Sunsari,Koshi
1186,Police Station Dharan,Dharan,"Sunsari, Nepal",,26.8100,87.2800,Sunsari,Koshi
1187,Police Station Bhadrapur,Bhadrapur,"Jhapa, Nepal",,26.5400,88.0900,Jhapa,Koshi
1188,Police Station Birtamode,Birtamode,"Jhapa, Nepal",,26.6400,88.0000,Jhapa,Koshi
1189,Police Station Damak,Damak,"Jhapa, Nepal",,26.6600,87.7000,Jhapa,Koshi
1190,Police Station Kakarbhitta,Kakarbhitta,"Jhapa, Nepal",,26.6400,88.1500,Jhapa,Koshi
1191,Police Station Ilam,Ilam,"Ilam, Nepal",,26.9100,87.9300,Ilam,Koshi
1192,Police Station Fikkal,Fikkal,"Ilam, Nepal",,26.8900,88.0800,Ilam,Koshi
1193,Police Station Dhankuta,Dhankuta,"Dhankuta, Nepal",,26.9800,87.3400,Dhankuta,Koshi
1194,Police Station Hile,Hile,"Dhankuta, Nepal",,27.0100,87.3000,Dhankuta,Koshi
1195,Police Station Myanglung,Myanglung,"Terhathum, Nepal",,27.1300,87.5500,Terhathum,Koshi
1196,Police Station Khandbari,Khandbari,"Sankhuwasabha, Nepal",,27.3800,87.2000,Sankhuwasabha,Koshi
1197,Police Station Bhojpur,Bhojpur,"Bhojpur, Nepal",,27.1700,87.0500,Bhojpur,Koshi
1198,Police Station Diktel,Diktel,"Khotang, Nepal",,27.2100,86.7900,Khotang,Koshi
1199,Police Station Salleri,Salleri,"Solukhumbu, Nepal",,27.7900,86.7200,Solukhumbu,Koshi
1200,Police Station Lukla,Lukla,"Solukhumbu, Nepal",,27.6900,86.7300,Solukhumbu,Koshi
1201,Police Station Gaighat,Gaighat,"Udayapur, Nepal",,26.8000,86.7000,Udayapur,Koshi
1202,Police Station Katari,Katari,"Udayapur, Nepal",,26.0300,86.1700,Udayapur,Koshi
1203,Police Station Belaka,Belaka,"Udayapur, Nepal",,26.7200,86.9800,Udayapur,Koshi
1204,Police Station Okhaldhunga,Okhaldhunga,"Okhaldhunga, Nepal",,27.3200,86.5000,Okhaldhunga,Koshi
1205,Police Station Rumjatar,Rumjatar,"Okhaldhunga, Nepal",,27.3000,86.5000,Okhaldhunga,Koshi
1206,Police Station Salleri,Salleri,"Solukhumbu, Nepal",,27.7900,86.7200,Solukhumbu,Koshi
1207,Police Station Namche,Namche,"Solukhumbu, Nepal",,27.8050,86.7200,Solukhumbu,Koshi
1208,Police Station Lukla,Lukla,"Solukhumbu, Nepal",,27.6900,86.7300,Solukhumbu,Koshi
1209,Police Station Taplejung,Taplejung,"Taplejung, Nepal",,27.3500,87.6700,Taplejung,Koshi
1210,Police Station Phungling,Phungling,"Taplejung, Nepal",,27.3500,87.6700,Taplejung,Koshi
1211,Police Station Panchthar,Phidim,"Panchthar, Nepal",,27.1500,87.7500,Panchthar,Koshi
1212,Police Station Phidim,Phidim,"Panchthar, Nepal",,27.1500,87.7500,Panchthar,Koshi
1213,Police Station Ilam,Ilam,"Ilam, Nepal",,26.9100,87.9300,Ilam,Koshi
1214,Police Station Maijogmai,Maijogmai,"Ilam, Nepal",,26.9500,87.8500,Ilam,Koshi
1215,Police Station Jhapa,Bhadrapur,"Jhapa, Nepal",,26.5400,88.0900,Jhapa,Koshi
1216,Police Station Mechinagar,Mechinagar,"Jhapa, Nepal",,26.6500,88.1500,Jhapa,Koshi
1217,Police Station Morang,Biratnagar,"Morang, Nepal",,26.4500,87.2700,Morang,Koshi
1218,Police Station Letang,Letang,"Morang, Nepal",,26.6500,87.5500,Morang,Koshi
1219,Police Station Sunsari,Inaruwa,"Sunsari, Nepal",,26.6100,87.1400,Sunsari,Koshi
1220,Police Station Duhabi,Duhabi,"Sunsari, Nepal",,26.6200,87.1700,Sunsari,Koshi
1221,Police Station Dhankuta,Dhankuta,"Dhankuta, Nepal",,26.9800,87.3400,Dhankuta,Koshi
1222,Police Station Pakhribas,Pakhribas,"Dhankuta, Nepal",,27.0500,87.3500,Dhankuta,Koshi
1223,Police Station Terhathum,Myanglung,"Terhathum, Nepal",,27.1300,87.5500,Terhathum,Koshi
1224,Police Station Sankhuwasabha,Khandbari,"Sankhuwasabha, Nepal",,27.3800,87.2000,Sankhuwasabha,Koshi
1225,Police Station Chainpur,Chainpur,"Sankhuwasabha, Nepal",,27.2800,87.3000,Sankhuwasabha,Koshi
1226,Police Station Bhojpur,Bhojpur,"Bhojpur, Nepal",,27.1700,87.0500,Bhojpur,Koshi
1227,Police Station Shadananda,Shadananda,"Bhojpur, Nepal",,27.1600,86.9500,Bhojpur,Koshi
1228,Police Station Khotang,Diktel,"Khotang, Nepal",,27.2100,86.7900,Khotang,Koshi
1229,Police Station Halesi,Halesi,"Khotang, Nepal",,27.3600,86.7000,Khotang,Koshi
1230,Police Station Solukhumbu,Salleri,"Solukhumbu, Nepal",,27.7900,86.7200,Solukhumbu,Koshi
1231,Police Station Namche Bazaar,Namche,"Solukhumbu, Nepal",,27.8050,86.7200,Solukhumbu,Koshi
1232,Police Station Udayapur,Gaighat,"Udayapur, Nepal",,26.8000,86.7000,Udayapur,Koshi
1233,Police Station Triyuga,Gaighat,"Udayapur, Nepal",,26.8000,86.7000,Udayapur,Koshi
1234,Police Station Siraha,Siraha,"Siraha, Nepal",,26.6500,86.2000,Siraha,Madhesh
1235,Police Station Dhangadhimai,Dhangadhimai,"Siraha, Nepal",,26.7000,86.3000,Siraha,Madhesh
1236,Police Station Saptari,Rajbiraj,"Saptari, Nepal",,26.5400,86.7500,Saptari,Madhesh
1237,Police Station Kanchanrup,Kanchanrup,"Saptari, Nepal",,26.5500,86.9800,Saptari,Madhesh
1238,Police Station Dhanusha,Janakpur,"Dhanusha, Nepal",,26.7300,85.9200,Dhanusha,Madhesh
1239,Police Station Mithila,Mithila,"Dhanusha, Nepal",,26.9000,85.9500,Dhanusha,Madhesh
1240,Police Station Mahottari,Jaleshwar,"Mahottari, Nepal",,26.6500,85.8000,Mahottari,Madhesh
1241,Police Station Gaushala,Gaushala,"Mahottari, Nepal",,26.9800,85.8500,Mahottari,Madhesh
1242,Police Station Sarlahi,Malangwa,"Sarlahi, Nepal",,26.8600,85.5600,Sarlahi,Madhesh
1243,Police Station Haripur,Haripur,"Sarlahi, Nepal",,26.9500,85.5000,Sarlahi,Madhesh
1244,Police Station Rautahat,Gaur,"Rautahat, Nepal",,26.7700,85.2700,Rautahat,Madhesh
1245,Police Station Rajpur,Rajpur,"Rautahat, Nepal",,26.8000,85.2500,Rautahat,Madhesh
1246,Police Station Bara,Kalaiya,"Bara, Nepal",,26.9900,84.8700,Bara,Madhesh
1247,Police Station Parsa,Birgunj,"Parsa, Nepal",,27.0100,84.8800,Parsa,Madhesh
1248,Police Station Makwanpur,Hetauda,"Makwanpur, Nepal",,27.4300,85.0300,Makwanpur,Bagmati
1249,Police Station Ramechhap,Manthali,"Ramechhap, Nepal",,27.3900,86.0600,Ramechhap,Bagmati
1250,Police Station Dolakha,Charikot,"Dolakha, Nepal",,27.6700,86.0500,Dolakha,Bagmati
1251,Police Station Sindhuli,Sindhulimadhi,"Sindhuli, Nepal",,27.2500,85.9700,Sindhuli,Bagmati
1252,Police Station Kamalamai,Kamalamai,"Sindhuli, Nepal",,27.2500,85.9700,Sindhuli,Bagmati
1253,Police Station Ramechhap,Manthali,"Ramechhap, Nepal",,27.3900,86.0600,Ramechhap,Bagmati
1254,Police Station Dolakha,Charikot,"Dolakha, Nepal",,27.6700,86.0500,Dolakha,Bagmati
1255,Police Station Jiri,Jiri,"Dolakha, Nepal",,27.6300,86.2300,Dolakha,Bagmati
1256,Police Station Sindhupalchok,Chautara,"Sindhupalchok, Nepal",,27.7800,85.7100,Sindhupalchok,Bagmati
1257,Police Station Melamchi,Melamchi,"Sindhupalchok, Nepal",,27.8200,85.5800,Sindhupalchok,Bagmati
1258,Police Station Rasuwa,Dhunche,"Rasuwa, Nepal",,28.1100,85.3000,Rasuwa,Bagmati
1259,Police Station Nuwakot,Bidur,"Nuwakot, Nepal",,27.9200,85.1600,Nuwakot,Bagmati
1260,Police Station Dhading,Dhadingbesi,"Dhading, Nepal",,27.8700,84.9200,Dhading,Bagmati
1261,Police Station Kathmandu,Kathmandu,"Kathmandu, Nepal",,27.7172,85.3240,Kathmandu,Bagmati
1262,Police Station Lalitpur,Lalitpur,"Lalitpur, Nepal",,27.6700,85.3150,Lalitpur,Bagmati
1263,Police Station Bhaktapur,Bhaktapur,"Bhaktapur, Nepal",,27.6720,85.4290,Bhaktapur,Bagmati
1264,Police Station Kavre,Dhulikhel,"Kavrepalanchok, Nepal",,27.6200,85.5400,Kavrepalanchok,Bagmati
1265,Police Station Hetauda,Hetauda,"Makwanpur, Nepal",,27.4300,85.0300,Makwanpur,Bagmati
1266,Police Station Bharatpur,Bharatpur,"Chitwan, Nepal",,27.6800,84.4300,Chitwan,Bagmati
1267,Police Station Pokhara,Pokhara,"Kaski, Nepal",,28.2257,83.9893,Kaski,Gandaki
1268,Police Station Besisahar,Besisahar,"Lamjung, Nepal",,28.2300,84.0100,Lamjung,Gandaki
1269,Police Station Damauli,Damauli,"Tanahun, Nepal",,27.9730,84.2400,Tanahun,Gandaki
1270,Police Station Gorkha,Gorkha,"Gorkha, Nepal",,28.0000,84.6330,Gorkha,Gandaki
1271,Police Station Baglung,Baglung,"Baglung, Nepal",,28.2700,83.5900,Baglung,Gandaki
1272,Police Station Beni,Beni,"Myagdi, Nepal",,28.3500,83.5700,Myagdi,Gandaki
1273,Police Station Kushma,Kushma,"Parbat, Nepal",,28.2200,83.6800,Parbat,Gandaki
1274,Police Station Syangja,Syangja,"Syangja, Nepal",,28.0900,83.8700,Syangja,Gandaki
1275,Police Station Tansen,Tansen,"Palpa, Nepal",,27.8700,83.5500,Palpa,Lumbini
1276,Police Station Butwal,Butwal,"Rupandehi, Nepal",,27.7000,83.4500,Rupandehi,Lumbini
1277,Police Station Siddharthanagar,Bhairahawa,"Rupandehi, Nepal",,27.5000,83.4500,Rupandehi,Lumbini
1278,Police Station Taulihawa,Taulihawa,"Kapilvastu, Nepal",,27.5500,83.0500,Kapilvastu,Lumbini
1279,Police Station Nepalgunj,Nepalgunj,"Banke, Nepal",,28.0500,81.6200,Banke,Lumbini
1280,Police Station Kohalpur,Kohalpur,"Banke, Nepal",,28.2100,81.6800,Banke,Lumbini
1281,Police Station Ghorahi,Ghorahi,"Dang, Nepal",,28.0300,82.4800,Dang,Lumbini
1282,Police Station Tulsipur,Tulsipur,"Dang, Nepal",,28.1300,82.3000,Dang,Lumbini
1283,Police Station Gulariya,Gulariya,"Bardiya, Nepal",,28.2300,81.3400,Bardiya,Lumbini
1284,Police Station Dhangadhi,Dhangadhi,"Kailali, Nepal",,28.7000,80.5900,Kailali,Sudurpashchim
1285,Police Station Tikapur,Tikapur,"Kailali, Nepal",,28.5200,81.1200,Kailali,Sudurpashchim
1286,Police Station Mahendranagar,Bhimdatta,"Kanchanpur, Nepal",,28.9600,80.1800,Kanchanpur,Sudurpashchim
1287,Police Station Dadeldhura,Dadeldhura,"Dadeldhura, Nepal",,29.3000,80.5800,Dadeldhura,Sudurpashchim
1288,Police Station Baitadi,Dasharathchand,"Baitadi, Nepal",,29.5200,80.4300,Baitadi,Sudurpashchim
1289,Police Station Darchula,Khalanga,"Darchula, Nepal",,29.8500,80.5500,Darchula,Sudurpashchim
1290,Police Station Bajhang,Chainpur,"Bajhang, Nepal",,29.5500,81.1800,Bajhang,Sudurpashchim
1291,Police Station Bajura,Martadi,"Bajura, Nepal",,29.4200,81.4200,Bajura,Sudurpashchim
1292,Police Station Achham,Mangalsen,"Achham, Nepal",,29.1300,81.2500,Achham,Sudurpashchim
1293,Police Station Surkhet,Birendranagar,"Surkhet, Nepal",,28.6000,81.6300,Surkhet,Karnali
1294,Police Station Dailekh,Dailekh,"Dailekh, Nepal",,28.8500,81.7100,Dailekh,Karnali
1295,Police Station Jumla,Chandannath,"Jumla, Nepal",,29.2700,82.1800,Jumla,Karnali
1296,Police Station Kalikot,Manma,"Kalikot, Nepal",,29.1500,81.6200,Kalikot,Karnali
1297,Police Station Mugu,Gamgadhi,"Mugu, Nepal",,29.5300,82.0900,Mugu,Karnali
1298,Police Station Dolpa,Dunai,"Dolpa, Nepal",,29.0000,82.8200,Dolpa,Karnali
1299,Police Station Musikot,Musikot,"Rukum West, Nepal",,28.6300,82.4800,Rukum West,Karnali
1300,Police Station Liwang,Liwang,"Rolpa, Nepal",,28.3000,82.6300,Rolpa,Lumbini
1301,Police Station Pyuthan,Khalanga,"Pyuthan, Nepal",,28.0900,82.8600,Pyuthan,Lumbini
1302,Police Station Salyan,Khalanga,"Salyan, Nepal",,28.3800,82.1700,Salyan,Karnali
1303,Police Station Jajarkot,Khalanga,"Jajarkot, Nepal",,28.7000,82.1800,Jajarkot,Karnali
1304,Police Station Rukumkot,Rukumkot,"Rukum East, Nepal",,28.6300,82.6300,Rukum East,Lumbini
1305,Police Station Birendranagar,Birendranagar,"Surkhet, Nepal",,28.6000,81.6300,Surkhet,Karnali
1306,Police Station Chhinchu,Chhinchu,"Surkhet, Nepal",,28.5200,81.5700,Surkhet,Karnali
1307,Police Station Dailekh Bazaar,Dailekh,"Dailekh, Nepal",,28.8500,81.7100,Dailekh,Karnali
1308,Police Station Dullu,Dullu,"Dailekh, Nepal",,28.8300,81.7200,Dailekh,Karnali
1309,Police Station Manma,Manma,"Kalikot, Nepal",,29.1500,81.6200,Kalikot,Karnali
1310,Police Station Jumla,Jumla,"Jumla, Nepal",,29.2700,82.1800,Jumla,Karnali
1311,Police Station Gamgadhi,Gamgadhi,"Mugu, Nepal",,29.5300,82.0900,Mugu,Karnali
1312,Police Station Dunai,Dunai,"Dolpa, Nepal",,29.0000,82.8200,Dolpa,Karnali
1313,Police Station Musikot,Musikot,"Rukum West, Nepal",,28.6300,82.4800,Rukum West,Karnali
1314,Police Station Khalanga,Salyan,"Salyan, Nepal",,28.3800,82.1700,Salyan,Karnali
1315,Police Station Martadi,Martadi,"Bajura, Nepal",,29.4200,81.4200,Bajura,Sudurpashchim
1316,Police Station Chainpur,Chainpur,"Bajhang, Nepal",,29.5500,81.1800,Bajhang,Sudurpashchim
1317,Police Station Darchula,Khalanga,"Darchula, Nepal",,29.8500,80.5500,Darchula,Sudurpashchim
1318,Police Station Gokuleshwor,Gokuleshwor,"Darchula, Nepal",,29.7000,80.6500,Darchula,Sudurpashchim
1319,Police Station Dasharathchand,Baitadi,"Baitadi, Nepal",,29.5200,80.4300,Baitadi,Sudurpashchim
1320,Police Station Patan,Patan,"Baitadi, Nepal",,29.5000,80.6000,Baitadi,Sudurpashchim
1321,Police Station Dadeldhura,Dadeldhura,"Dadeldhura, Nepal",,29.3000,80.5800,Dadeldhura,Sudurpashchim
1322,Police Station Jogbuda,Jogbuda,"Dadeldhura, Nepal",,29.2500,80.3500,Dadeldhura,Sudurpashchim
1323,Police Station Bhimdatta,Mahendranagar,"Kanchanpur, Nepal",,28.9600,80.1800,Kanchanpur,Sudurpashchim
1324,Police Station Belauri,Belauri,"Kanchanpur, Nepal",,28.9000,80.7500,Kanchanpur,Sudurpashchim
1325,Police Station Dhangadhi,Dhangadhi,"Kailali, Nepal",,28.7000,80.5900,Kailali,Sudurpashchim
1326,Police Station Attariya,Attariya,"Kailali, Nepal",,28.9800,80.6200,Kailali,Sudurpashchim
1327,Police Station Tikapur,Tikapur,"Kailali, Nepal",,28.5200,81.1200,Kailali,Sudurpashchim
1328,Police Station Lamki,Lamki,"Kailali, Nepal",,28.6500,81.1500,Kailali,Sudurpashchim
1329,Police Station Gaur,Gaur,"Rautahat, Nepal",,26.7700,85.2700,Rautahat,Madhesh
1330,Police Station Chandrapur,Chandrapur,"Rautahat, Nepal",,27.0000,85.4200,Rautahat,Madhesh
1331,Police Station Birgunj,Birgunj,"Parsa, Nepal",,27.0100,84.8800,Parsa,Madhesh
1332,Police Station Kalaiya,Kalaiya,"Bara, Nepal",,26.9900,84.8700,Bara,Madhesh
1333,Police Station Janakpur,Janakpur,"Dhanusha, Nepal",,26.7300,85.9200,Dhanusha,Madhesh
1334,Police Station Lahan,Lahan,"Siraha, Nepal",,26.7200,86.4800,Siraha,Madhesh
1335,Police Station Rajbiraj,Rajbiraj,"Saptari, Nepal",,26.5400,86.7500,Saptari,Madhesh
1336,Police Station Malangwa,Malangwa,"Sarlahi, Nepal",,26.8600,85.5600,Sarlahi,Madhesh
1337,Police Station Jaleshwar,Jaleshwar,"Mahottari, Nepal",,26.6500,85.8000,Mahottari,Madhesh
1338,Police Station Hetauda,Hetauda,"Makwanpur, Nepal",,27.4300,85.0300,Makwanpur,Bagmati
1339,Police Station Manahari,Manahari,"Makwanpur, Nepal",,27.5500,84.9500,Makwanpur,Bagmati
1340,Police Station Chitwan,Bharatpur,"Chitwan, Nepal",,27.6800,84.4300,Chitwan,Bagmati
1341,Police Station Ratnanagar,Ratnanagar,"Chitwan, Nepal",,27.6200,84.5000,Chitwan,Bagmati
1342,Police Station Pokhara,Pokhara,"Kaski, Nepal",,28.2257,83.9893,Kaski,Gandaki
1343,Police Station Lekhnath,Lekhnath,"Kaski, Nepal",,28.1700,84.0550,Kaski,Gandaki
1344,Police Station Beni,Beni,"Myagdi, Nepal",,28.3500,83.5700,Myagdi,Gandaki
1345,Police Station Baglung,Baglung,"Baglung, Nepal",,28.2700,83.5900,Baglung,Gandaki
1346,Police Station Kushma,Kushma,"Parbat, Nepal",,28.2200,83.6800,Parbat,Gandaki
1347,Police Station Damauli,Damauli,"Tanahun, Nepal",,27.9730,84.2400,Tanahun,Gandaki
1348,Police Station Gorkha,Gorkha,"Gorkha, Nepal",,28.0000,84.6330,Gorkha,Gandaki
1349,Police Station Dhading,Dhadingbesi,"Dhading, Nepal",,27.8700,84.9200,Dhading,Bagmati
1350,Police Station Kathmandu,Kathmandu,"Kathmandu, Nepal",,27.7172,85.3240,Kathmandu,Bagmati
ID,Police Station,Destination,Address,Phone,Latitude,Longitude,District,Province
1351,Police Station Thamel,Thamel,"Kathmandu, Nepal",,27.7150,85.3120,Kathmandu,Bagmati
1352,Police Station Teku,Teku,"Kathmandu, Nepal",,27.6950,85.3060,Kathmandu,Bagmati
1353,Police Station Balaju,Balaju,"Kathmandu, Nepal",,27.7350,85.3000,Kathmandu,Bagmati
1354,Police Station Gongabu,Gongabu,"Kathmandu, Nepal",,27.7350,85.3140,Kathmandu,Bagmati
1355,Police Station Kalanki,Kalanki,"Kathmandu, Nepal",,27.6930,85.2800,Kathmandu,Bagmati
1356,Police Station Koteshwor,Koteshwor,"Kathmandu, Nepal",,27.6780,85.3480,Kathmandu,Bagmati
1357,Police Station Chabahil,Chabahil,"Kathmandu, Nepal",,27.7180,85.3480,Kathmandu,Bagmati
1358,Police Station Boudha,Boudha,"Kathmandu, Nepal",,27.7210,85.3620,Kathmandu,Bagmati
1359,Police Station Baneshwor,Baneshwor,"Kathmandu, Nepal",,27.6920,85.3420,Kathmandu,Bagmati
1360,Police Station Kirtipur,Kirtipur,"Kathmandu, Nepal",,27.6780,85.2770,Kathmandu,Bagmati
1361,Police Station Tokha,Tokha,"Kathmandu, Nepal",,27.7600,85.3250,Kathmandu,Bagmati
1362,Police Station Budhanilkantha,Budhanilkantha,"Kathmandu, Nepal",,27.7800,85.3600,Kathmandu,Bagmati
1363,Police Station Kapan,Kapan,"Kathmandu, Nepal",,27.7550,85.3600,Kathmandu,Bagmati
1364,Police Station Sankhu,Sankhu,"Kathmandu, Nepal",,27.7350,85.4500,Kathmandu,Bagmati
1365,Police Station Sundarijal,Sundarijal,"Kathmandu, Nepal",,27.7900,85.4100,Kathmandu,Bagmati
1366,Police Station Lalitpur,Lalitpur,"Lalitpur, Nepal",,27.6700,85.3150,Lalitpur,Bagmati
1367,Police Station Jawalakhel,Jawalakhel,"Lalitpur, Nepal",,27.6750,85.3150,Lalitpur,Bagmati
1368,Police Station Lagankhel,Lagankhel,"Lalitpur, Nepal",,27.6700,85.3200,Lalitpur,Bagmati
1369,Police Station Satdobato,Satdobato,"Lalitpur, Nepal",,27.6570,85.3240,Lalitpur,Bagmati
1370,Police Station Godawari,Godawari,"Lalitpur, Nepal",,27.5900,85.4200,Lalitpur,Bagmati
1371,Police Station Bhaktapur,Bhaktapur,"Bhaktapur, Nepal",,27.6720,85.4290,Bhaktapur,Bagmati
1372,Police Station Thimi,Thimi,"Bhaktapur, Nepal",,27.6800,85.3870,Bhaktapur,Bagmati
1373,Police Station Jagati,Jagati,"Bhaktapur, Nepal",,27.6500,85.4450,Bhaktapur,Bagmati
1374,Police Station Suryabinayak,Suryabinayak,"Bhaktapur, Nepal",,27.6650,85.4300,Bhaktapur,Bagmati
1375,Police Station Dhulikhel,Dhulikhel,"Kavrepalanchok, Nepal",,27.6200,85.5400,Kavrepalanchok,Bagmati
1376,Police Station Banepa,Banepa,"Kavrepalanchok, Nepal",,27.6300,85.5200,Kavrepalanchok,Bagmati
1377,Police Station Panauti,Panauti,"Kavrepalanchok, Nepal",,27.5800,85.5100,Kavrepalanchok,Bagmati
1378,Police Station Panchkhal,Panchkhal,"Kavrepalanchok, Nepal",,27.6500,85.6200,Kavrepalanchok,Bagmati
1379,Police Station Bidur,Bidur,"Nuwakot, Nepal",,27.9200,85.1600,Nuwakot,Bagmati
1380,Police Station Trishuli,Trishuli,"Nuwakot, Nepal",,27.9800,85.1700,Nuwakot,Bagmati
1381,Police Station Dhunche,Dhunche,"Rasuwa, Nepal",,28.1100,85.3000,Rasuwa,Bagmati
1382,Police Station Chautara,Chautara,"Sindhupalchok, Nepal",,27.7800,85.7100,Sindhupalchok,Bagmati
1383,Police Station Melamchi,Melamchi,"Sindhupalchok, Nepal",,27.8200,85.5800,Sindhupalchok,Bagmati
1384,Police Station Charikot,Charikot,"Dolakha, Nepal",,27.6700,86.0500,Dolakha,Bagmati
1385,Police Station Jiri,Jiri,"Dolakha, Nepal",,27.6300,86.2300,Dolakha,Bagmati
1386,Police Station Manthali,Manthali,"Ramechhap, Nepal",,27.3900,86.0600,Ramechhap,Bagmati
1387,Police Station Sindhulimadhi,Sindhulimadhi,"Sindhuli, Nepal",,27.2500,85.9700,Sindhuli,Bagmati
1388,Police Station Hetauda,Hetauda,"Makwanpur, Nepal",,27.4300,85.0300,Makwanpur,Bagmati
1389,Police Station Bhimphedi,Bhimphedi,"Makwanpur, Nepal",,27.5500,85.1500,Makwanpur,Bagmati
1390,Police Station Bharatpur,Bharatpur,"Chitwan, Nepal",,27.6800,84.4300,Chitwan,Bagmati
1391,Police Station Narayangarh,Narayangarh,"Chitwan, Nepal",,27.6800,84.4300,Chitwan,Bagmati
1392,Police Station Madi,Madi,"Chitwan, Nepal",,27.3500,84.3500,Chitwan,Bagmati
1393,Police Station Pokhara,Pokhara,"Kaski, Nepal",,28.2257,83.9893,Kaski,Gandaki
1394,Police Station Lakeside,Lakeside,"Kaski, Nepal",,28.2100,83.9600,Kaski,Gandaki
1395,Police Station Hemja,Hemja,"Kaski, Nepal",,28.2600,83.9100,Kaski,Gandaki
1396,Police Station Besisahar,Besisahar,"Lamjung, Nepal",,28.2300,84.0100,Lamjung,Gandaki
1397,Police Station Damauli,Damauli,"Tanahun, Nepal",,27.9730,84.2400,Tanahun,Gandaki
1398,Police Station Gorkha,Gorkha,"Gorkha, Nepal",,28.0000,84.6330,Gorkha,Gandaki
1399,Police Station Baglung,Baglung,"Baglung, Nepal",,28.2700,83.5900,Baglung,Gandaki
1400,Police Station Beni,Beni,"Myagdi, Nepal",,28.3500,83.5700,Myagdi,Gandaki
1401,Police Station Kushma,Kushma,"Parbat, Nepal",,28.2200,83.6800,Parbat,Gandaki
1402,Police Station Syangja,Syangja,"Syangja, Nepal",,28.0900,83.8700,Syangja,Gandaki
1403,Police Station Waling,Waling,"Syangja, Nepal",,27.9800,83.7600,Syangja,Gandaki
1404,Police Station Tansen,Tansen,"Palpa, Nepal",,27.8700,83.5500,Palpa,Lumbini
1405,Police Station Rampur,Rampur,"Palpa, Nepal",,27.9200,83.9100,Palpa,Lumbini
1406,Police Station Butwal,Butwal,"Rupandehi, Nepal",,27.7000,83.4500,Rupandehi,Lumbini
1407,Police Station Bhairahawa,Bhairahawa,"Rupandehi, Nepal",,27.5000,83.4500,Rupandehi,Lumbini
1408,Police Station Taulihawa,Taulihawa,"Kapilvastu, Nepal",,27.5500,83.0500,Kapilvastu,Lumbini
1409,Police Station Sandhikharka,Sandhikharka,"Arghakhanchi, Nepal",,27.9500,83.1200,Arghakhanchi,Lumbini
1410,Police Station Tamghas,Tamghas,"Gulmi, Nepal",,28.0800,83.2500,Gulmi,Lumbini
1411,Police Station Nepalgunj,Nepalgunj,"Banke, Nepal",,28.0500,81.6200,Banke,Lumbini
1412,Police Station Kohalpur,Kohalpur,"Banke, Nepal",,28.2100,81.6800,Banke,Lumbini
1413,Police Station Ghorahi,Ghorahi,"Dang, Nepal",,28.0300,82.4800,Dang,Lumbini
1414,Police Station Tulsipur,Tulsipur,"Dang, Nepal",,28.1300,82.3000,Dang,Lumbini
1415,Police Station Lamahi,Lamahi,"Dang, Nepal",,27.8500,82.5500,Dang,Lumbini
1416,Police Station Gulariya,Gulariya,"Bardiya, Nepal",,28.2300,81.3400,Bardiya,Lumbini
1417,Police Station Rajapur,Rajapur,"Bardiya, Nepal",,28.8800,81.1000,Bardiya,Lumbini
1418,Police Station Dhangadhi,Dhangadhi,"Kailali, Nepal",,28.7000,80.5900,Kailali,Sudurpashchim
1419,Police Station Tikapur,Tikapur,"Kailali, Nepal",,28.5200,81.1200,Kailali,Sudurpashchim
1420,Police Station Attariya,Attariya,"Kailali, Nepal",,28.9800,80.6200,Kailali,Sudurpashchim
1421,Police Station Mahendranagar,Mahendranagar,"Kanchanpur, Nepal",,28.9600,80.1800,Kanchanpur,Sudurpashchim
1422,Police Station Belauri,Belauri,"Kanchanpur, Nepal",,28.9000,80.7500,Kanchanpur,Sudurpashchim
1423,Police Station Dadeldhura,Dadeldhura,"Dadeldhura, Nepal",,29.3000,80.5800,Dadeldhura,Sudurpashchim
1424,Police Station Baitadi,Baitadi,"Baitadi, Nepal",,29.5200,80.4300,Baitadi,Sudurpashchim
1425,Police Station Darchula,Darchula,"Darchula, Nepal",,29.8500,80.5500,Darchula,Sudurpashchim
1426,Police Station Bajhang,Chainpur,"Bajhang, Nepal",,29.5500,81.1800,Bajhang,Sudurpashchim
1427,Police Station Bajura,Martadi,"Bajura, Nepal",,29.4200,81.4200,Bajura,Sudurpashchim
1428,Police Station Achham,Mangalsen,"Achham, Nepal",,29.1300,81.2500,Achham,Sudurpashchim
1429,Police Station Surkhet,Birendranagar,"Surkhet, Nepal",,28.6000,81.6300,Surkhet,Karnali
1430,Police Station Dailekh,Dailekh,"Dailekh, Nepal",,28.8500,81.7100,Dailekh,Karnali
1431,Police Station Jajarkot,Jajarkot,"Jajarkot, Nepal",,28.7000,82.1800,Jajarkot,Karnali
1432,Police Station Jumla,Jumla,"Jumla, Nepal",,29.2700,82.1800,Jumla,Karnali
1433,Police Station Kalikot,Kalikot,"Kalikot, Nepal",,29.1500,81.6200,Kalikot,Karnali
1434,Police Station Mugu,Mugu,"Mugu, Nepal",,29.5300,82.0900,Mugu,Karnali
1435,Police Station Dolpa,Dunai,"Dolpa, Nepal",,29.0000,82.8200,Dolpa,Karnali
1436,Police Station Musikot,Musikot,"Rukum West, Nepal",,28.6300,82.4800,Rukum West,Karnali
1437,Police Station Liwang,Liwang,"Rolpa, Nepal",,28.3000,82.6300,Rolpa,Lumbini
1438,Police Station Pyuthan,Pyuthan,"Pyuthan, Nepal",,28.0900,82.8600,Pyuthan,Lumbini
1439,Police Station Salyan,Salyan,"Salyan, Nepal",,28.3800,82.1700,Salyan,Karnali
1440,Police Station Biratnagar,Biratnagar,"Morang, Nepal",,26.4500,87.2700,Morang,Koshi
1441,Police Station Itahari,Itahari,"Sunsari, Nepal",,26.6600,87.2700,Sunsari,Koshi
1442,Police Station Dharan,Dharan,"Sunsari, Nepal",,26.8100,87.2800,Sunsari,Koshi
1443,Police Station Birtamode,Birtamode,"Jhapa, Nepal",,26.6400,88.0000,Jhapa,Koshi
1444,Police Station Damak,Damak,"Jhapa, Nepal",,26.6600,87.7000,Jhapa,Koshi
1445,Police Station Ilam,Ilam,"Ilam, Nepal",,26.9100,87.9300,Ilam,Koshi
1446,Police Station Dhankuta,Dhankuta,"Dhankuta, Nepal",,26.9800,87.3400,Dhankuta,Koshi
1447,Police Station Khandbari,Khandbari,"Sankhuwasabha, Nepal",,27.3800,87.2000,Sankhuwasabha,Koshi
1448,Police Station Bhojpur,Bhojpur,"Bhojpur, Nepal",,27.1700,87.0500,Bhojpur,Koshi
1449,Police Station Diktel,Diktel,"Khotang, Nepal",,27.2100,86.7900,Khotang,Koshi
1450,Police Station Salleri,Salleri,"Solukhumbu, Nepal",,27.7900,86.7200,Solukhumbu,Koshi
1451,Police Station Namche,Namche,"Solukhumbu, Nepal",,27.8050,86.7200,Solukhumbu,Koshi
1452,Police Station Lukla,Lukla,"Solukhumbu, Nepal",,27.6900,86.7300,Solukhumbu,Koshi
1453,Police Station Taplejung,Taplejung,"Taplejung, Nepal",,27.3500,87.6700,Taplejung,Koshi
1454,Police Station Phungling,Phungling,"Taplejung, Nepal",,27.3500,87.6700,Taplejung,Koshi
1455,Police Station Phidim,Phidim,"Panchthar, Nepal",,27.1500,87.7500,Panchthar,Koshi
1456,Police Station Fikkal,Fikkal,"Ilam, Nepal",,26.8900,88.0800,Ilam,Koshi
1457,Police Station Kakarbhitta,Kakarbhitta,"Jhapa, Nepal",,26.6400,88.1500,Jhapa,Koshi
1458,Police Station Mechinagar,Mechinagar,"Jhapa, Nepal",,26.6500,88.1500,Jhapa,Koshi
1459,Police Station Urlabari,Urlabari,"Morang, Nepal",,26.5000,87.6300,Morang,Koshi
1460,Police Station Rangeli,Rangeli,"Morang, Nepal",,26.4500,87.3000,Morang,Koshi
1461,Police Station Belbari,Belbari,"Morang, Nepal",,26.6800,87.4300,Morang,Koshi
1462,Police Station Duhabi,Duhabi,"Sunsari, Nepal",,26.6200,87.1700,Sunsari,Koshi
1463,Police Station Inaruwa,Inaruwa,"Sunsari, Nepal",,26.6100,87.1400,Sunsari,Koshi
1464,Police Station Pakhribas,Pakhribas,"Dhankuta, Nepal",,27.0500,87.3500,Dhankuta,Koshi
1465,Police Station Hile,Hile,"Dhankuta, Nepal",,27.0100,87.3000,Dhankuta,Koshi
1466,Police Station Myanglung,Myanglung,"Terhathum, Nepal",,27.1300,87.5500,Terhathum,Koshi
1467,Police Station Chainpur,Chainpur,"Sankhuwasabha, Nepal",,27.2800,87.3000,Sankhuwasabha,Koshi
1468,Police Station Halesi,Halesi,"Khotang, Nepal",,27.3600,86.7000,Khotang,Koshi
1469,Police Station Katari,Katari,"Udayapur, Nepal",,26.0300,86.1700,Udayapur,Koshi
1470,Police Station Gaighat,Gaighat,"Udayapur, Nepal",,26.8000,86.7000,Udayapur,Koshi
1471,Police Station Birgunj,Birgunj,"Parsa, Nepal",,27.0100,84.8800,Parsa,Madhesh
1472,Police Station Pokhariya,Pokhariya,"Parsa, Nepal",,27.0700,84.6700,Parsa,Madhesh
1473,Police Station Simara,Simara,"Bara, Nepal",,27.1600,84.9800,Bara,Madhesh
1474,Police Station Nijgadh,Nijgadh,"Bara, Nepal",,27.2100,85.1500,Bara,Madhesh
1475,Police Station Bardibas,Bardibas,"Mahottari, Nepal",,26.9900,85.9000,Mahottari,Madhesh
1476,Police Station Dhalkebar,Dhalkebar,"Dhanusha, Nepal",,26.9000,85.9500,Dhanusha,Madhesh
1477,Police Station Sabaila,Sabaila,"Dhanusha, Nepal",,26.8000,85.9000,Dhanusha,Madhesh
1478,Police Station Mirchaiya,Mirchaiya,"Siraha, Nepal",,26.7800,86.2500,Siraha,Madhesh
1479,Police Station Hanumannagar,Hanumannagar,"Saptari, Nepal",,26.5800,86.9000,Saptari,Madhesh
1480,Police Station Chandrapur,Chandrapur,"Rautahat, Nepal",,27.0000,85.4200,Rautahat,Madhesh
1481,Police Station Garuda,Garuda,"Rautahat, Nepal",,26.9800,85.3300,Rautahat,Madhesh
1482,Police Station Lalbandi,Lalbandi,"Sarlahi, Nepal",,27.0300,85.5500,Sarlahi,Madhesh
1483,Police Station Haripur,Haripur,"Sarlahi, Nepal",,26.9500,85.5000,Sarlahi,Madhesh
1484,Police Station Gaushala,Gaushala,"Mahottari, Nepal",,26.9800,85.8500,Mahottari,Madhesh
1485,Police Station Birtamode,Birtamode,"Jhapa, Nepal",,26.6400,88.0000,Jhapa,Koshi
1486,Police Station Damak,Damak,"Jhapa, Nepal",,26.6600,87.7000,Jhapa,Koshi
1487,Police Station Dharan,Dharan,"Sunsari, Nepal",,26.8100,87.2800,Sunsari,Koshi
1488,Police Station Biratnagar,Biratnagar,"Morang, Nepal",,26.4500,87.2700,Morang,Koshi
1489,Police Station Itahari,Itahari,"Sunsari, Nepal",,26.6600,87.2700,Sunsari,Koshi
1490,Police Station Nepalgunj,Nepalgunj,"Banke, Nepal",,28.0500,81.6200,Banke,Lumbini
1491,Police Station Kohalpur,Kohalpur,"Banke, Nepal",,28.2100,81.6800,Banke,Lumbini
1492,Police Station Tansen,Tansen,"Palpa, Nepal",,27.8700,83.5500,Palpa,Lumbini
1493,Police Station Tamghas,Tamghas,"Gulmi, Nepal",,28.0800,83.2500,Gulmi,Lumbini
1494,Police Station Sandhikharka,Sandhikharka,"Arghakhanchi, Nepal",,27.9500,83.1200,Arghakhanchi,Lumbini
1495,Police Station Ghorahi,Ghorahi,"Dang, Nepal",,28.0300,82.4800,Dang,Lumbini
1496,Police Station Tulsipur,Tulsipur,"Dang, Nepal",,28.1300,82.3000,Dang,Lumbini
1497,Police Station Dhangadhi,Dhangadhi,"Kailali, Nepal",,28.7000,80.5900,Kailali,Sudurpashchim
1498,Police Station Attariya,Attariya,"Kailali, Nepal",,28.9800,80.6200,Kailali,Sudurpashchim
1499,Police Station Birendranagar,Birendranagar,"Surkhet, Nepal",,28.6000,81.6300,Surkhet,Karnali
1500,Police Station Chandannath,Jumla,"Jumla, Nepal",,29.2700,82.1800,Jumla,Karnali
1501,Police Station Rukumkot,Rukumkot,"Rukum East, Nepal",,28.6300,82.6300,Rukum East,Lumbini
1502,Police Station Musikot,Musikot,"Rukum West, Nepal",,28.6300,82.4800,Rukum West,Karnali
1503,Police Station Rolpa,Liwang,"Rolpa, Nepal",,28.3000,82.6300,Rolpa,Lumbini
1504,Police Station Pyuthan,Khalanga,"Pyuthan, Nepal",,28.0900,82.8600,Pyuthan,Lumbini
1505,Police Station Salyan,Khalanga,"Salyan, Nepal",,28.3800,82.1700,Salyan,Karnali
1506,Police Station Jajarkot,Khalanga,"Jajarkot, Nepal",,28.7000,82.1800,Jajarkot,Karnali
1507,Police Station Dailekh,Dullu,"Dailekh, Nepal",,28.8300,81.7200,Dailekh,Karnali
1508,Police Station Surkhet,Chhinchu,"Surkhet, Nepal",,28.5200,81.5700,Surkhet,Karnali
1509,Police Station Kalikot,Manma,"Kalikot, Nepal",,29.1500,81.6200,Kalikot,Karnali
1510,Police Station Jumla,Chandannath,"Jumla, Nepal",,29.2700,82.1800,Jumla,Karnali
1511,Police Station Mugu,Gamgadhi,"Mugu, Nepal",,29.5300,82.0900,Mugu,Karnali
1512,Police Station Dolpa,Dunai,"Dolpa, Nepal",,29.0000,82.8200,Dolpa,Karnali
1513,Police Station Dhangadhi,Dhangadhi,"Kailali, Nepal",,28.7000,80.5900,Kailali,Sudurpashchim
1514,Police Station Tikapur,Tikapur,"Kailali, Nepal",,28.5200,81.1200,Kailali,Sudurpashchim
1515,Police Station Lamki,Lamki,"Kailali, Nepal",,28.6500,81.1500,Kailali,Sudurpashchim
1516,Police Station Mahendranagar,Bhimdatta,"Kanchanpur, Nepal",,28.9600,80.1800,Kanchanpur,Sudurpashchim
1517,Police Station Belauri,Belauri,"Kanchanpur, Nepal",,28.9000,80.7500,Kanchanpur,Sudurpashchim
1518,Police Station Dadeldhura,Dadeldhura,"Dadeldhura, Nepal",,29.3000,80.5800,Dadeldhura,Sudurpashchim
1519,Police Station Baitadi,Dasharathchand,"Baitadi, Nepal",,29.5200,80.4300,Baitadi,Sudurpashchim
1520,Police Station Darchula,Khalanga,"Darchula, Nepal",,29.8500,80.5500,Darchula,Sudurpashchim
1521,Police Station Bajhang,Chainpur,"Bajhang, Nepal",,29.5500,81.1800,Bajhang,Sudurpashchim
1522,Police Station Bajura,Martadi,"Bajura, Nepal",,29.4200,81.4200,Bajura,Sudurpashchim
1523,Police Station Achham,Mangalsen,"Achham, Nepal",,29.1300,81.2500,Achham,Sudurpashchim
1524,Police Station Kailali,Dhangadhi,"Kailali, Nepal",,28.7000,80.5900,Kailali,Sudurpashchim
1525,Police Station Kanchanpur,Bhimdatta,"Kanchanpur, Nepal",,28.9600,80.1800,Kanchanpur,Sudurpashchim
1526,Police Station Taplejung,Phungling,"Taplejung, Nepal",,27.3500,87.6700,Taplejung,Koshi
1527,Police Station Panchthar,Phidim,"Panchthar, Nepal",,27.1500,87.7500,Panchthar,Koshi
1528,Police Station Ilam,Ilam,"Ilam, Nepal",,26.9100,87.9300,Ilam,Koshi
1529,Police Station Jhapa,Bhadrapur,"Jhapa, Nepal",,26.5400,88.0900,Jhapa,Koshi
1530,Police Station Morang,Biratnagar,"Morang, Nepal",,26.4500,87.2700,Morang,Koshi
1531,Police Station Sunsari,Inaruwa,"Sunsari, Nepal",,26.6100,87.1400,Sunsari,Koshi
1532,Police Station Dhankuta,Dhankuta,"Dhankuta, Nepal",,26.9800,87.3400,Dhankuta,Koshi
1533,Police Station Bhojpur,Bhojpur,"Bhojpur, Nepal",,27.1700,87.0500,Bhojpur,Koshi
1534,Police Station Khotang,Diktel,"Khotang, Nepal",,27.2100,86.7900,Khotang,Koshi
1535,Police Station Solukhumbu,Salleri,"Solukhumbu, Nepal",,27.7900,86.7200,Solukhumbu,Koshi
1536,Police Station Udayapur,Gaighat,"Udayapur, Nepal",,26.8000,86.7000,Udayapur,Koshi
1537,Police Station Saptari,Rajbiraj,"Saptari, Nepal",,26.5400,86.7500,Saptari,Madhesh
1538,Police Station Siraha,Lahan,"Siraha, Nepal",,26.7200,86.4800,Siraha,Madhesh
1539,Police Station Dhanusha,Janakpur,"Dhanusha, Nepal",,26.7300,85.9200,Dhanusha,Madhesh
1540,Police Station Mahottari,Jaleshwar,"Mahottari, Nepal",,26.6500,85.8000,Mahottari,Madhesh
1541,Police Station Sarlahi,Malangwa,"Sarlahi, Nepal",,26.8600,85.5600,Sarlahi,Madhesh
1542,Police Station Rautahat,Gaur,"Rautahat, Nepal",,26.7700,85.2700,Rautahat,Madhesh
1543,Police Station Bara,Kalaiya,"Bara, Nepal",,26.9900,84.8700,Bara,Madhesh
1544,Police Station Parsa,Birgunj,"Parsa, Nepal",,27.0100,84.8800,Parsa,Madhesh
1545,Police Station Makwanpur,Hetauda,"Makwanpur, Nepal",,27.4300,85.0300,Makwanpur,Bagmati
1546,Police Station Chitwan,Bharatpur,"Chitwan, Nepal",,27.6800,84.4300,Chitwan,Bagmati
1547,Police Station Kaski,Pokhara,"Kaski, Nepal",,28.2257,83.9893,Kaski,Gandaki
1548,Police Station Tanahun,Damauli,"Tanahun, Nepal",,27.9730,84.2400,Tanahun,Gandaki
1549,Police Station Lamjung,Besisahar,"Lamjung, Nepal",,28.2300,84.0100,Lamjung,Gandaki
1550,Police Station Gorkha,Gorkha,"Gorkha, Nepal",,28.0000,84.6330,Gorkha,Gandaki
1551,Police Station Manang,Chame,"Manang, Nepal",,28.5500,84.2300,Manang,Gandaki
1552,Police Station Mustang,Jomsom,"Mustang, Nepal",,28.7800,83.7200,Mustang,Gandaki
1553,Police Station Myagdi,Beni,"Myagdi, Nepal",,28.3500,83.5700,Myagdi,Gandaki
1554,Police Station Baglung,Baglung,"Baglung, Nepal",,28.2700,83.5900,Baglung,Gandaki
1555,Police Station Parbat,Kushma,"Parbat, Nepal",,28.2200,83.6800,Parbat,Gandaki
1556,Police Station Syangja,Putalibazar,"Syangja, Nepal",,28.1000,83.8700,Syangja,Gandaki
1557,Police Station Nawalpur,Kawasoti,"Nawalpur, Nepal",,27.6500,84.1300,Nawalpur,Gandaki
1558,Police Station Gaindakot,Gaindakot,"Nawalpur, Nepal",,27.7000,84.4200,Nawalpur,Gandaki
1559,Police Station Devchuli,Devchuli,"Nawalpur, Nepal",,27.7000,84.2500,Nawalpur,Gandaki
1560,Police Station Kawasoti,Kawasoti,"Nawalpur, Nepal",,27.6500,84.1300,Nawalpur,Gandaki
1561,Police Station Palpa,Tansen,"Palpa, Nepal",,27.8700,83.5500,Palpa,Lumbini
1562,Police Station Gulmi,Tamghas,"Gulmi, Nepal",,28.0800,83.2500,Gulmi,Lumbini
1563,Police Station Arghakhanchi,Sandhikharka,"Arghakhanchi, Nepal",,27.9500,83.1200,Arghakhanchi,Lumbini
1564,Police Station Kapilvastu,Taulihawa,"Kapilvastu, Nepal",,27.5500,83.0500,Kapilvastu,Lumbini
1565,Police Station Rupandehi,Butwal,"Rupandehi, Nepal",,27.7000,83.4500,Rupandehi,Lumbini
1566,Police Station Banke,Nepalgunj,"Banke, Nepal",,28.0500,81.6200,Banke,Lumbini
1567,Police Station Bardiya,Gulariya,"Bardiya, Nepal",,28.2300,81.3400,Bardiya,Lumbini
1568,Police Station Dang,Ghorahi,"Dang, Nepal",,28.0300,82.4800,Dang,Lumbini
1569,Police Station Pyuthan,Khalanga,"Pyuthan, Nepal",,28.0900,82.8600,Pyuthan,Lumbini
1570,Police Station Rolpa,Liwang,"Rolpa, Nepal",,28.3000,82.6300,Rolpa,Lumbini
1571,Police Station Rukum West,Musikot,"Rukum West, Nepal",,28.6300,82.4800,Rukum West,Karnali
1572,Police Station Rukum East,Rukumkot,"Rukum East, Nepal",,28.6300,82.6300,Rukum East,Lumbini
1573,Police Station Salyan,Khalanga,"Salyan, Nepal",,28.3800,82.1700,Salyan,Karnali
1574,Police Station Jajarkot,Khalanga,"Jajarkot, Nepal",,28.7000,82.1800,Jajarkot,Karnali
1575,Police Station Surkhet,Birendranagar,"Surkhet, Nepal",,28.6000,81.6300,Surkhet,Karnali
1576,Police Station Dailekh,Dailekh,"Dailekh, Nepal",,28.8500,81.7100,Dailekh,Karnali
1577,Police Station Kalikot,Manma,"Kalikot, Nepal",,29.1500,81.6200,Kalikot,Karnali
1578,Police Station Jumla,Jumla,"Jumla, Nepal",,29.2700,82.1800,Jumla,Karnali
1579,Police Station Mugu,Gamgadhi,"Mugu, Nepal",,29.5300,82.0900,Mugu,Karnali
1580,Police Station Dolpa,Dunai,"Dolpa, Nepal",,29.0000,82.8200,Dolpa,Karnali
1581,Police Station Kailali,Dhangadhi,"Kailali, Nepal",,28.7000,80.5900,Kailali,Sudurpashchim
1582,Police Station Kanchanpur,Bhimdatta,"Kanchanpur, Nepal",,28.9600,80.1800,Kanchanpur,Sudurpashchim
1583,Police Station Dadeldhura,Dadeldhura,"Dadeldhura, Nepal",,29.3000,80.5800,Dadeldhura,Sudurpashchim
1584,Police Station Baitadi,Dasharathchand,"Baitadi, Nepal",,29.5200,80.4300,Baitadi,Sudurpashchim
1585,Police Station Darchula,Khalanga,"Darchula, Nepal",,29.8500,80.5500,Darchula,Sudurpashchim
1586,Police Station Bajhang,Chainpur,"Bajhang, Nepal",,29.5500,81.1800,Bajhang,Sudurpashchim
1587,Police Station Bajura,Martadi,"Bajura, Nepal",,29.4200,81.4200,Bajura,Sudurpashchim
1588,Police Station Achham,Mangalsen,"Achham, Nepal",,29.1300,81.2500,Achham,Sudurpashchim
1589,Police Station Jhapa,Bhadrapur,"Jhapa, Nepal",,26.5400,88.0900,Jhapa,Koshi
1590,Police Station Morang,Biratnagar,"Morang, Nepal",,26.4500,87.2700,Morang,Koshi
1591,Police Station Sunsari,Dharan,"Sunsari, Nepal",,26.8100,87.2800,Sunsari,Koshi
1592,Police Station Ilam,Ilam,"Ilam, Nepal",,26.9100,87.9300,Ilam,Koshi
1593,Police Station Dhankuta,Dhankuta,"Dhankuta, Nepal",,26.9800,87.3400,Dhankuta,Koshi
1594,Police Station Bhojpur,Bhojpur,"Bhojpur, Nepal",,27.1700,87.0500,Bhojpur,Koshi
1595,Police Station Khotang,Diktel,"Khotang, Nepal",,27.2100,86.7900,Khotang,Koshi
1596,Police Station Solukhumbu,Salleri,"Solukhumbu, Nepal",,27.7900,86.7200,Solukhumbu,Koshi
1597,Police Station Taplejung,Phungling,"Taplejung, Nepal",,27.3500,87.6700,Taplejung,Koshi
1598,Police Station Panchthar,Phidim,"Panchthar, Nepal",,27.1500,87.7500,Panchthar,Koshi
1599,Police Station Udayapur,Gaighat,"Udayapur, Nepal",,26.8000,86.7000,Udayapur,Koshi
1600,Police Station Siraha,Lahan,"Siraha, Nepal",,26.7200,86.4800,Siraha,Madhesh
1601,Police Station Saptari,Rajbiraj,"Saptari, Nepal",,26.5400,86.7500,Saptari,Madhesh
1602,Police Station Dhanusha,Janakpur,"Dhanusha, Nepal",,26.7300,85.9200,Dhanusha,Madhesh
1603,Police Station Mahottari,Jaleshwar,"Mahottari, Nepal",,26.6500,85.8000,Mahottari,Madhesh
1604,Police Station Sarlahi,Malangwa,"Sarlahi, Nepal",,26.8600,85.5600,Sarlahi,Madhesh
1605,Police Station Rautahat,Gaur,"Rautahat, Nepal",,26.7700,85.2700,Rautahat,Madhesh
1606,Police Station Bara,Kalaiya,"Bara, Nepal",,26.9900,84.8700,Bara,Madhesh
1607,Police Station Parsa,Birgunj,"Parsa, Nepal",,27.0100,84.8800,Parsa,Madhesh
1608,Police Station Kathmandu Metropolitan,Kathmandu,"Kathmandu, Nepal",,27.7172,85.3240,Kathmandu,Bagmati
1609,Police Station Lalitpur Metropolitan,Lalitpur,"Lalitpur, Nepal",,27.6700,85.3150,Lalitpur,Bagmati
1610,Police Station Bhaktapur Metropolitan,Bhaktapur,"Bhaktapur, Nepal",,27.6720,85.4290,Bhaktapur,Bagmati
1611,Police Station Tokha,Tokha,"Kathmandu, Nepal",,27.7600,85.3250,Kathmandu,Bagmati
1612,Police Station Budhanilkantha,Budhanilkantha,"Kathmandu, Nepal",,27.7800,85.3600,Kathmandu,Bagmati
1613,Police Station Kapan,Kapan,"Kathmandu, Nepal",,27.7550,85.3600,Kathmandu,Bagmati
1614,Police Station Balaju,Balaju,"Kathmandu, Nepal",,27.7350,85.3000,Kathmandu,Bagmati
1615,Police Station Gongabu,Gongabu,"Kathmandu, Nepal",,27.7350,85.3140,Kathmandu,Bagmati
1616,Police Station Kalanki,Kalanki,"Kathmandu, Nepal",,27.6930,85.2800,Kathmandu,Bagmati
1617,Police Station Koteshwor,Koteshwor,"Kathmandu, Nepal",,27.6780,85.3480,Kathmandu,Bagmati
1618,Police Station Chabahil,Chabahil,"Kathmandu, Nepal",,27.7180,85.3480,Kathmandu,Bagmati
1619,Police Station Boudha,Boudha,"Kathmandu, Nepal",,27.7210,85.3620,Kathmandu,Bagmati
1620,Police Station Baneshwor,Baneshwor,"Kathmandu, Nepal",,27.6920,85.3420,Kathmandu,Bagmati
1621,Police Station Kirtipur,Kirtipur,"Kathmandu, Nepal",,27.6780,85.2770,Kathmandu,Bagmati
1622,Police Station Thamel,Thamel,"Kathmandu, Nepal",,27.7150,85.3120,Kathmandu,Bagmati
1623,Police Station Teku,Teku,"Kathmandu, Nepal",,27.6950,85.3060,Kathmandu,Bagmati
1624,Police Station Gaushala,Gaushala,"Kathmandu, Nepal",,27.7090,85.3480,Kathmandu,Bagmati
1625,Police Station Airport,Kathmandu Airport,"Kathmandu, Nepal",,27.6966,85.3591,Kathmandu,Bagmati
1626,Police Station Pashupati,Pashupati,"Kathmandu, Nepal",,27.7100,85.3500,Kathmandu,Bagmati
1627,Police Station Satdobato,Satdobato,"Lalitpur, Nepal",,27.6570,85.3240,Lalitpur,Bagmati
1628,Police Station Jawalakhel,Jawalakhel,"Lalitpur, Nepal",,27.6750,85.3150,Lalitpur,Bagmati
1629,Police Station Gwarko,Gwarko,"Lalitpur, Nepal",,27.6650,85.3300,Lalitpur,Bagmati
1630,Police Station Imadol,Imadol,"Lalitpur, Nepal",,27.6500,85.3700,Lalitpur,Bagmati
1631,Police Station Thecho,Thecho,"Lalitpur, Nepal",,27.6200,85.3300,Lalitpur,Bagmati
1632,Police Station Harisiddhi,Harisiddhi,"Lalitpur, Nepal",,27.6500,85.3300,Lalitpur,Bagmati
1633,Police Station Thimi,Thimi,"Bhaktapur, Nepal",,27.6800,85.3870,Bhaktapur,Bagmati
1634,Police Station Jagati,Jagati,"Bhaktapur, Nepal",,27.6500,85.4450,Bhaktapur,Bagmati
1635,Police Station Suryabinayak,Suryabinayak,"Bhaktapur, Nepal",,27.6650,85.4300,Bhaktapur,Bagmati
1636,Police Station Nagarkot,Nagarkot,"Bhaktapur, Nepal",,27.7150,85.5200,Bhaktapur,Bagmati
1637,Police Station Dhulikhel,Dhulikhel,"Kavrepalanchok, Nepal",,27.6200,85.5400,Kavrepalanchok,Bagmati
1638,Police Station Banepa,Banepa,"Kavrepalanchok, Nepal",,27.6300,85.5200,Kavrepalanchok,Bagmati
1639,Police Station Panauti,Panauti,"Kavrepalanchok, Nepal",,27.5800,85.5100,Kavrepalanchok,Bagmati
1640,Police Station Panchkhal,Panchkhal,"Kavrepalanchok, Nepal",,27.6500,85.6200,Kavrepalanchok,Bagmati
1641,Police Station Hetauda,Hetauda,"Makwanpur, Nepal",,27.4300,85.0300,Makwanpur,Bagmati
1642,Police Station Bhimphedi,Bhimphedi,"Makwanpur, Nepal",,27.5500,85.1500,Makwanpur,Bagmati
1643,Police Station Manahari,Manahari,"Makwanpur, Nepal",,27.5500,84.9500,Makwanpur,Bagmati
1644,Police Station Bharatpur,Bharatpur,"Chitwan, Nepal",,27.6800,84.4300,Chitwan,Bagmati
1645,Police Station Ratnanagar,Ratnanagar,"Chitwan, Nepal",,27.6200,84.5000,Chitwan,Bagmati
1646,Police Station Pokhara,Pokhara,"Kaski, Nepal",,28.2257,83.9893,Kaski,Gandaki
1647,Police Station Lakeside,Lakeside,"Kaski, Nepal",,28.2100,83.9600,Kaski,Gandaki
1648,Police Station Hemja,Hemja,"Kaski, Nepal",,28.2600,83.9100,Kaski,Gandaki
1649,Police Station Lekhnath,Lekhnath,"Kaski, Nepal",,28.1700,84.0550,Kaski,Gandaki
1650,Police Station Sarangkot,Sarangkot,"Kaski, Nepal",,28.2500,83.9500,Kaski,Gandaki
1651,Police Station Besisahar,Besisahar,"Lamjung, Nepal",,28.2300,84.0100,Lamjung,Gandaki
1652,Police Station Sundarbazar,Sundarbazar,"Lamjung, Nepal",,28.1200,84.3000,Lamjung,Gandaki
1653,Police Station Damauli,Damauli,"Tanahun, Nepal",,27.9730,84.2400,Tanahun,Gandaki
1654,Police Station Bandipur,Bandipur,"Tanahun, Nepal",,27.9400,84.4100,Tanahun,Gandaki
1655,Police Station Gorkha,Gorkha,"Gorkha, Nepal",,28.0000,84.6330,Gorkha,Gandaki
1656,Police Station Palungtar,Palungtar,"Gorkha, Nepal",,27.9500,84.6000,Gorkha,Gandaki
1657,Police Station Chame,Chame,"Manang, Nepal",,28.5500,84.2300,Manang,Gandaki
1658,Police Station Jomsom,Jomsom,"Mustang, Nepal",,28.7800,83.7200,Mustang,Gandaki
1659,Police Station Marpha,Marpha,"Mustang, Nepal",,28.7500,83.6900,Mustang,Gandaki
1660,Police Station Tatopani,Tatopani,"Myagdi, Nepal",,28.5000,83.6500,Myagdi,Gandaki
1661,Police Station Beni,Beni,"Myagdi, Nepal",,28.3500,83.5700,Myagdi,Gandaki
1662,Police Station Galeshwor,Galeshwor,"Myagdi, Nepal",,28.4200,83.6000,Myagdi,Gandaki
1663,Police Station Baglung,Baglung,"Baglung, Nepal",,28.2700,83.5900,Baglung,Gandaki
1664,Police Station Burtibang,Burtibang,"Baglung, Nepal",,28.3300,83.1300,Baglung,Gandaki
1665,Police Station Kushma,Kushma,"Parbat, Nepal",,28.2200,83.6800,Parbat,Gandaki
1666,Police Station Phalebas,Phalebas,"Parbat, Nepal",,28.1700,83.6700,Parbat,Gandaki
1667,Police Station Putalibazar,Putalibazar,"Syangja, Nepal",,28.1000,83.8700,Syangja,Gandaki
1668,Police Station Waling,Waling,"Syangja, Nepal",,27.9800,83.7600,Syangja,Gandaki
1669,Police Station Galyang,Galyang,"Syangja, Nepal",,27.9500,83.5500,Syangja,Gandaki
1670,Police Station Tansen,Tansen,"Palpa, Nepal",,27.8700,83.5500,Palpa,Lumbini
1671,Police Station Rampur,Rampur,"Palpa, Nepal",,27.9200,83.9100,Palpa,Lumbini
1672,Police Station Ridi,Ridi,"Gulmi, Nepal",,27.9500,83.3000,Gulmi,Lumbini
1673,Police Station Tamghas,Tamghas,"Gulmi, Nepal",,28.0800,83.2500,Gulmi,Lumbini
1674,Police Station Sandhikharka,Sandhikharka,"Arghakhanchi, Nepal",,27.9500,83.1200,Arghakhanchi,Lumbini
1675,Police Station Krishnanagar,Krishnanagar,"Kapilvastu, Nepal",,27.4300,83.1200,Kapilvastu,Lumbini
1676,Police Station Taulihawa,Taulihawa,"Kapilvastu, Nepal",,27.5500,83.0500,Kapilvastu,Lumbini
1677,Police Station Butwal,Butwal,"Rupandehi, Nepal",,27.7000,83.4500,Rupandehi,Lumbini
1678,Police Station Sainamaina,Sainamaina,"Rupandehi, Nepal",,27.6500,83.3500,Rupandehi,Lumbini
1679,Police Station Bhairahawa,Bhairahawa,"Rupandehi, Nepal",,27.5000,83.4500,Rupandehi,Lumbini
1680,Police Station Lumbini,Lumbini,"Rupandehi, Nepal",,27.4700,83.2800,Rupandehi,Lumbini
1681,Police Station Nepalgunj,Nepalgunj,"Banke, Nepal",,28.0500,81.6200,Banke,Lumbini
1682,Police Station Kohalpur,Kohalpur,"Banke, Nepal",,28.2100,81.6800,Banke,Lumbini
1683,Police Station Khajura,Khajura,"Banke, Nepal",,28.1000,81.6500,Banke,Lumbini
1684,Police Station Ghorahi,Ghorahi,"Dang, Nepal",,28.0300,82.4800,Dang,Lumbini
1685,Police Station Tulsipur,Tulsipur,"Dang, Nepal",,28.1300,82.3000,Dang,Lumbini
1686,Police Station Lamahi,Lamahi,"Dang, Nepal",,27.8500,82.5500,Dang,Lumbini
1687,Police Station Gulariya,Gulariya,"Bardiya, Nepal",,28.2300,81.3400,Bardiya,Lumbini
1688,Police Station Rajapur,Rajapur,"Bardiya, Nepal",,28.8800,81.1000,Bardiya,Lumbini
1689,Police Station Dhangadhi,Dhangadhi,"Kailali, Nepal",,28.7000,80.5900,Kailali,Sudurpashchim
1690,Police Station Attariya,Attariya,"Kailali, Nepal",,28.9800,80.6200,Kailali,Sudurpashchim
1691,Police Station Tikapur,Tikapur,"Kailali, Nepal",,28.5200,81.1200,Kailali,Sudurpashchim
1692,Police Station Bhimdatta,Bhimdatta,"Kanchanpur, Nepal",,28.9600,80.1800,Kanchanpur,Sudurpashchim
1693,Police Station Dadeldhura,Dadeldhura,"Dadeldhura, Nepal",,29.3000,80.5800,Dadeldhura,Sudurpashchim
1694,Police Station Baitadi,Dasharathchand,"Baitadi, Nepal",,29.5200,80.4300,Baitadi,Sudurpashchim
1695,Police Station Darchula,Khalanga,"Darchula, Nepal",,29.8500,80.5500,Darchula,Sudurpashchim
1696,Police Station Chainpur,Chainpur,"Bajhang, Nepal",,29.5500,81.1800,Bajhang,Sudurpashchim
1697,Police Station Martadi,Martadi,"Bajura, Nepal",,29.4200,81.4200,Bajura,Sudurpashchim
1698,Police Station Mangalsen,Mangalsen,"Achham, Nepal",,29.1300,81.2500,Achham,Sudurpashchim
1699,Police Station Biratnagar,Biratnagar,"Morang, Nepal",,26.4500,87.2700,Morang,Koshi
1700,Police Station Dharan,Dharan,"Sunsari, Nepal",,26.8100,87.2800,Sunsari,Koshi
1701,Police Station Itahari,Itahari,"Sunsari, Nepal",,26.6600,87.2700,Sunsari,Koshi
1702,Police Station Inaruwa,Inaruwa,"Sunsari, Nepal",,26.6100,87.1400,Sunsari,Koshi
1703,Police Station Biratchowk,Biratchowk,"Morang, Nepal",,26.7000,87.4200,Morang,Koshi
1704,Police Station Urlabari,Urlabari,"Morang, Nepal",,26.5000,87.6300,Morang,Koshi
1705,Police Station Rangeli,Rangeli,"Morang, Nepal",,26.4500,87.3000,Morang,Koshi
1706,Police Station Belbari,Belbari,"Morang, Nepal",,26.6800,87.4300,Morang,Koshi
1707,Police Station Birtamode,Birtamode,"Jhapa, Nepal",,26.6400,88.0000,Jhapa,Koshi
1708,Police Station Bhadrapur,Bhadrapur,"Jhapa, Nepal",,26.5400,88.0900,Jhapa,Koshi
1709,Police Station Damak,Damak,"Jhapa, Nepal",,26.6600,87.7000,Jhapa,Koshi
1710,Police Station Kakarbhitta,Kakarbhitta,"Jhapa, Nepal",,26.6400,88.1500,Jhapa,Koshi
1711,Police Station Mechinagar,Mechinagar,"Jhapa, Nepal",,26.6500,88.1500,Jhapa,Koshi
1712,Police Station Ilam,Ilam,"Ilam, Nepal",,26.9100,87.9300,Ilam,Koshi
1713,Police Station Fikkal,Fikkal,"Ilam, Nepal",,26.8900,88.0800,Ilam,Koshi
1714,Police Station Phidim,Phidim,"Panchthar, Nepal",,27.1500,87.7500,Panchthar,Koshi
1715,Police Station Taplejung,Phungling,"Taplejung, Nepal",,27.3500,87.6700,Taplejung,Koshi
1716,Police Station Myanglung,Myanglung,"Terhathum, Nepal",,27.1300,87.5500,Terhathum,Koshi
1717,Police Station Dhankuta,Dhankuta,"Dhankuta, Nepal",,26.9800,87.3400,Dhankuta,Koshi
1718,Police Station Hile,Hile,"Dhankuta, Nepal",,27.0100,87.3000,Dhankuta,Koshi
1719,Police Station Bhojpur,Bhojpur,"Bhojpur, Nepal",,27.1700,87.0500,Bhojpur,Koshi
1720,Police Station Khandbari,Khandbari,"Sankhuwasabha, Nepal",,27.3800,87.2000,Sankhuwasabha,Koshi
1721,Police Station Chainpur,Chainpur,"Sankhuwasabha, Nepal",,27.2800,87.3000,Sankhuwasabha,Koshi
1722,Police Station Diktel,Diktel,"Khotang, Nepal",,27.2100,86.7900,Khotang,Koshi
1723,Police Station Halesi,Halesi,"Khotang, Nepal",,27.3600,86.7000,Khotang,Koshi
1724,Police Station Salleri,Salleri,"Solukhumbu, Nepal",,27.7900,86.7200,Solukhumbu,Koshi
1725,Police Station Namche,Namche,"Solukhumbu, Nepal",,27.8050,86.7200,Solukhumbu,Koshi
1726,Police Station Lukla,Lukla,"Solukhumbu, Nepal",,27.6900,86.7300,Solukhumbu,Koshi
1727,Police Station Gaighat,Gaighat,"Udayapur, Nepal",,26.8000,86.7000,Udayapur,Koshi
1728,Police Station Katari,Katari,"Udayapur, Nepal",,26.0300,86.1700,Udayapur,Koshi
1729,Police Station Rajbiraj,Rajbiraj,"Saptari, Nepal",,26.5400,86.7500,Saptari,Madhesh
1730,Police Station Kanchanpur,Kanchanpur,"Saptari, Nepal",,26.6000,86.8000,Saptari,Madhesh
1731,Police Station Lahan,Lahan,"Siraha, Nepal",,26.7200,86.4800,Siraha,Madhesh
1732,Police Station Mirchaiya,Mirchaiya,"Siraha, Nepal",,26.7800,86.2500,Siraha,Madhesh
1733,Police Station Janakpur,Janakpur,"Dhanusha, Nepal",,26.7300,85.9200,Dhanusha,Madhesh
1734,Police Station Bardibas,Bardibas,"Mahottari, Nepal",,26.9900,85.9000,Mahottari,Madhesh
1735,Police Station Jaleshwar,Jaleshwar,"Mahottari, Nepal",,26.6500,85.8000,Mahottari,Madhesh
1736,Police Station Malangwa,Malangwa,"Sarlahi, Nepal",,26.8600,85.5600,Sarlahi,Madhesh
1737,Police Station Lalbandi,Lalbandi,"Sarlahi, Nepal",,27.0300,85.5500,Sarlahi,Madhesh
1738,Police Station Gaur,Gaur,"Rautahat, Nepal",,26.7700,85.2700,Rautahat,Madhesh
1739,Police Station Chandrapur,Chandrapur,"Rautahat, Nepal",,27.0000,85.4200,Rautahat,Madhesh
1740,Police Station Kalaiya,Kalaiya,"Bara, Nepal",,26.9900,84.8700,Bara,Madhesh
1741,Police Station Nijgadh,Nijgadh,"Bara, Nepal",,27.2100,85.1500,Bara,Madhesh
1742,Police Station Birgunj,Birgunj,"Parsa, Nepal",,27.0100,84.8800,Parsa,Madhesh
1743,Police Station Pokhariya,Pokhariya,"Parsa, Nepal",,27.0700,84.6700,Parsa,Madhesh
1744,Police Station Hetauda,Hetauda,"Makwanpur, Nepal",,27.4300,85.0300,Makwanpur,Bagmati
1745,Police Station Sindhulimadhi,Sindhuli,"Sindhuli, Nepal",,27.2500,85.9700,Sindhuli,Bagmati
1746,Police Station Manthali,Manthali,"Ramechhap, Nepal",,27.3900,86.0600,Ramechhap,Bagmati
1747,Police Station Charikot,Charikot,"Dolakha, Nepal",,27.6700,86.0500,Dolakha,Bagmati
1748,Police Station Chautara,Chautara,"Sindhupalchok, Nepal",,27.7800,85.7100,Sindhupalchok,Bagmati
1749,Police Station Bidur,Bidur,"Nuwakot, Nepal",,27.9200,85.1600,Nuwakot,Bagmati
1750,Police Station Dhading,Dhadingbesi,"Dhading, Nepal",,27.8700,84.9200,Dhading,Bagmati
1751,Police Station Kathmandu,Kathmandu,"Kathmandu, Nepal",,27.7172,85.3240,Kathmandu,Bagmati
1752,Police Station Pokhara,Pokhara,"Kaski, Nepal",,28.2257,83.9893,Kaski,Gandaki
1753,Police Station Bharatpur,Bharatpur,"Chitwan, Nepal",,27.6800,84.4300,Chitwan,Bagmati
1754,Police Station Butwal,Butwal,"Rupandehi, Nepal",,27.7000,83.4500,Rupandehi,Lumbini
1755,Police Station Nepalgunj,Nepalgunj,"Banke, Nepal",,28.0500,81.6200,Banke,Lumbini
1756,Police Station Biratnagar,Biratnagar,"Morang, Nepal",,26.4500,87.2700,Morang,Koshi
1757,Police Station Dhangadhi,Dhangadhi,"Kailali, Nepal",,28.7000,80.5900,Kailali,Sudurpashchim
1758,Police Station Surkhet,Birendranagar,"Surkhet, Nepal",,28.6000,81.6300,Surkhet,Karnali
1759,Police Station Janakpur,Janakpur,"Dhanusha, Nepal",,26.7300,85.9200,Dhanusha,Madhesh
1760,Police Station Lalitpur,Lalitpur,"Lalitpur, Nepal",,27.6700,85.3150,Lalitpur,Bagmati
1761,Police Station Bhaktapur,Bhaktapur,"Bhaktapur, Nepal",,27.6720,85.4290,Bhaktapur,Bagmati
1762,Police Station Tansen,Tansen,"Palpa, Nepal",,27.8700,83.5500,Palpa,Lumbini
1763,Police Station Beni,Beni,"Myagdi, Nepal",,28.3500,83.5700,Myagdi,Gandaki
1764,Police Station Gorkha,Gorkha,"Gorkha, Nepal",,28.0000,84.6330,Gorkha,Gandaki
1765,Police Station Ilam,Ilam,"Ilam, Nepal",,26.9100,87.9300,Ilam,Koshi
1766,Police Station Dhankuta,Dhankuta,"Dhankuta, Nepal",,26.9800,87.3400,Dhankuta,Koshi
1767,Police Station Dolpa,Dunai,"Dolpa, Nepal",,29.0000,82.8200,Dolpa,Karnali
1768,Police Station Jumla,Jumla,"Jumla, Nepal",,29.2700,82.1800,Jumla,Karnali
1769,Police Station Mustang,Jomsom,"Mustang, Nepal",,28.7800,83.7200,Mustang,Gandaki
1770,Police Station Manang,Chame,"Manang, Nepal",,28.5500,84.2300,Manang,Gandaki
1771,Police Station Solukhumbu,Salleri,"Solukhumbu, Nepal",,27.7900,86.7200,Solukhumbu,Koshi
1772,Police Station Taplejung,Phungling,"Taplejung, Nepal",,27.3500,87.6700,Taplejung,Koshi
1773,Police Station Rasuwa,Dhunche,"Rasuwa, Nepal",,28.1100,85.3000,Rasuwa,Bagmati
1774,Police Station Kavre,Dhulikhel,"Kavrepalanchok, Nepal",,27.6200,85.5400,Kavrepalanchok,Bagmati
1775,Police Station Makwanpur,Hetauda,"Makwanpur, Nepal",,27.4300,85.0300,Makwanpur,Bagmati
1776,Police Station Nawalpur,Kawasoti,"Nawalpur, Nepal",,27.6500,84.1300,Nawalpur,Gandaki
1777,Police Station Dang,Ghorahi,"Dang, Nepal",,28.0300,82.4800,Dang,Lumbini
1778,Police Station Kanchanpur,Bhimdatta,"Kanchanpur, Nepal",,28.9600,80.1800,Kanchanpur,Sudurpashchim
1779,Police Station Baitadi,Dasharathchand,"Baitadi, Nepal",,29.5200,80.4300,Baitadi,Sudurpashchim
1780,Police Station Bajhang,Chainpur,"Bajhang, Nepal",,29.5500,81.1800,Bajhang,Sudurpashchim
1781,Police Station Bajura,Martadi,"Bajura, Nepal",,29.4200,81.4200,Bajura,Sudurpashchim
1782,Police Station Achham,Mangalsen,"Achham, Nepal",,29.1300,81.2500,Achham,Sudurpashchim
1783,Police Station Darchula,Khalanga,"Darchula, Nepal",,29.8500,80.5500,Darchula,Sudurpashchim
1784,Police Station Dadeldhura,Dadeldhura,"Dadeldhura, Nepal",,29.3000,80.5800,Dadeldhura,Sudurpashchim
1785,Police Station Kalikot,Manma,"Kalikot, Nepal",,29.1500,81.6200,Kalikot,Karnali
1786,Police Station Mugu,Gamgadhi,"Mugu, Nepal",,29.5300,82.0900,Mugu,Karnali
1787,Police Station Dailekh,Dailekh,"Dailekh, Nepal",,28.8500,81.7100,Dailekh,Karnali
1788,Police Station Jajarkot,Khalanga,"Jajarkot, Nepal",,28.7000,82.1800,Jajarkot,Karnali
1789,Police Station Salyan,Khalanga,"Salyan, Nepal",,28.3800,82.1700,Salyan,Karnali
1790,Police Station Pyuthan,Khalanga,"Pyuthan, Nepal",,28.0900,82.8600,Pyuthan,Lumbini
1791,Police Station Rolpa,Liwang,"Rolpa, Nepal",,28.3000,82.6300,Rolpa,Lumbini
1792,Police Station Rukumkot,Rukumkot,"Rukum East, Nepal",,28.6300,82.6300,Rukum East,Lumbini
1793,Police Station Musikot,Musikot,"Rukum West, Nepal",,28.6300,82.4800,Rukum West,Karnali
1794,Police Station Parasi,Ramgram,"Nawalparasi West, Nepal",,27.5300,83.6700,Nawalparasi West,Lumbini
1795,Police Station Taulihawa,Taulihawa,"Kapilvastu, Nepal",,27.5500,83.0500,Kapilvastu,Lumbini
1796,Police Station Gulariya,Gulariya,"Bardiya, Nepal",,28.2300,81.3400,Bardiya,Lumbini
1797,Police Station Kohalpur,Kohalpur,"Banke, Nepal",,28.2100,81.6800,Banke,Lumbini
1798,Police Station Attariya,Attariya,"Kailali, Nepal",,28.9800,80.6200,Kailali,Sudurpashchim
1799,Police Station Itahari,Itahari,"Sunsari, Nepal",,26.6600,87.2700,Sunsari,Koshi
1800,Police Station Birtamode,Birtamode,"Jhapa, Nepal",,26.6400,88.0000,Jhapa,Koshi
1801,Police Station Mechinagar,Mechinagar,"Jhapa, Nepal",,26.6500,88.1500,Jhapa,Koshi
1802,Police Station Damak,Damak,"Jhapa, Nepal",,26.6600,87.7000,Jhapa,Koshi
1803,Police Station Urlabari,Urlabari,"Morang, Nepal",,26.5000,87.6300,Morang,Koshi
1804,Police Station Belbari,Belbari,"Morang, Nepal",,26.6800,87.4300,Morang,Koshi
1805,Police Station Duhabi,Duhabi,"Sunsari, Nepal",,26.6200,87.1700,Sunsari,Koshi
1806,Police Station Dharan,Dharan,"Sunsari, Nepal",,26.8100,87.2800,Sunsari,Koshi
1807,Police Station Itahari,Itahari,"Sunsari, Nepal",,26.6600,87.2700,Sunsari,Koshi
1808,Police Station Biratnagar,Biratnagar,"Morang, Nepal",,26.4500,87.2700,Morang,Koshi
1809,Police Station Rangeli,Rangeli,"Morang, Nepal",,26.4500,87.3000,Morang,Koshi
1810,Police Station Pathari,Pathari,"Morang, Nepal",,26.6500,87.5000,Morang,Koshi
1811,Police Station Kakarbhitta,Kakarbhitta,"Jhapa, Nepal",,26.6400,88.1500,Jhapa,Koshi
1812,Police Station Bhadrapur,Bhadrapur,"Jhapa, Nepal",,26.5400,88.0900,Jhapa,Koshi
1813,Police Station Fikkal,Fikkal,"Ilam, Nepal",,26.8900,88.0800,Ilam,Koshi
1814,Police Station Ilam,Ilam,"Ilam, Nepal",,26.9100,87.9300,Ilam,Koshi
1815,Police Station Phidim,Phidim,"Panchthar, Nepal",,27.1500,87.7500,Panchthar,Koshi
1816,Police Station Taplejung,Phungling,"Taplejung, Nepal",,27.3500,87.6700,Taplejung,Koshi
1817,Police Station Dhankuta,Dhankuta,"Dhankuta, Nepal",,26.9800,87.3400,Dhankuta,Koshi
1818,Police Station Hile,Hile,"Dhankuta, Nepal",,27.0100,87.3000,Dhankuta,Koshi
1819,Police Station Bhojpur,Bhojpur,"Bhojpur, Nepal",,27.1700,87.0500,Bhojpur,Koshi
1820,Police Station Khandbari,Khandbari,"Sankhuwasabha, Nepal",,27.3800,87.2000,Sankhuwasabha,Koshi
1821,Police Station Diktel,Diktel,"Khotang, Nepal",,27.2100,86.7900,Khotang,Koshi
1822,Police Station Salleri,Salleri,"Solukhumbu, Nepal",,27.7900,86.7200,Solukhumbu,Koshi
1823,Police Station Lukla,Lukla,"Solukhumbu, Nepal",,27.6900,86.7300,Solukhumbu,Koshi
1824,Police Station Gaighat,Gaighat,"Udayapur, Nepal",,26.8000,86.7000,Udayapur,Koshi
1825,Police Station Katari,Katari,"Udayapur, Nepal",,26.0300,86.1700,Udayapur,Koshi
1826,Police Station Rajbiraj,Rajbiraj,"Saptari, Nepal",,26.5400,86.7500,Saptari,Madhesh
1827,Police Station Lahan,Lahan,"Siraha, Nepal",,26.7200,86.4800,Siraha,Madhesh
1828,Police Station Janakpur,Janakpur,"Dhanusha, Nepal",,26.7300,85.9200,Dhanusha,Madhesh
1829,Police Station Jaleshwar,Jaleshwar,"Mahottari, Nepal",,26.6500,85.8000,Mahottari,Madhesh
1830,Police Station Malangwa,Malangwa,"Sarlahi, Nepal",,26.8600,85.5600,Sarlahi,Madhesh
1831,Police Station Gaur,Gaur,"Rautahat, Nepal",,26.7700,85.2700,Rautahat,Madhesh
1832,Police Station Kalaiya,Kalaiya,"Bara, Nepal",,26.9900,84.8700,Bara,Madhesh
1833,Police Station Birgunj,Birgunj,"Parsa, Nepal",,27.0100,84.8800,Parsa,Madhesh
1834,Police Station Hetauda,Hetauda,"Makwanpur, Nepal",,27.4300,85.0300,Makwanpur,Bagmati
1835,Police Station Bharatpur,Bharatpur,"Chitwan, Nepal",,27.6800,84.4300,Chitwan,Bagmati
1836,Police Station Pokhara,Pokhara,"Kaski, Nepal",,28.2257,83.9893,Kaski,Gandaki
1837,Police Station Gorkha,Gorkha,"Gorkha, Nepal",,28.0000,84.6330,Gorkha,Gandaki
1838,Police Station Besisahar,Besisahar,"Lamjung, Nepal",,28.2300,84.0100,Lamjung,Gandaki
1839,Police Station Damauli,Damauli,"Tanahun, Nepal",,27.9730,84.2400,Tanahun,Gandaki
1840,Police Station Baglung,Baglung,"Baglung, Nepal",,28.2700,83.5900,Baglung,Gandaki
1841,Police Station Beni,Beni,"Myagdi, Nepal",,28.3500,83.5700,Myagdi,Gandaki
1842,Police Station Kushma,Kushma,"Parbat, Nepal",,28.2200,83.6800,Parbat,Gandaki
1843,Police Station Syangja,Putalibazar,"Syangja, Nepal",,28.1000,83.8700,Syangja,Gandaki
1844,Police Station Tansen,Tansen,"Palpa, Nepal",,27.8700,83.5500,Palpa,Lumbini
1845,Police Station Butwal,Butwal,"Rupandehi, Nepal",,27.7000,83.4500,Rupandehi,Lumbini
1846,Police Station Nepalgunj,Nepalgunj,"Banke, Nepal",,28.0500,81.6200,Banke,Lumbini
1847,Police Station Ghorahi,Ghorahi,"Dang, Nepal",,28.0300,82.4800,Dang,Lumbini
1848,Police Station Tulsipur,Tulsipur,"Dang, Nepal",,28.1300,82.3000,Dang,Lumbini
1849,Police Station Gulariya,Gulariya,"Bardiya, Nepal",,28.2300,81.3400,Bardiya,Lumbini
1850,Police Station Dhangadhi,Dhangadhi,"Kailali, Nepal",,28.7000,80.5900,Kailali,Sudurpashchim
1851,Police Station Tikapur,Tikapur,"Kailali, Nepal",,28.5200,81.1200,Kailali,Sudurpashchim
1852,Police Station Bhimdatta,Bhimdatta,"Kanchanpur, Nepal",,28.9600,80.1800,Kanchanpur,Sudurpashchim
1853,Police Station Dadeldhura,Dadeldhura,"Dadeldhura, Nepal",,29.3000,80.5800,Dadeldhura,Sudurpashchim
1854,Police Station Baitadi,Dasharathchand,"Baitadi, Nepal",,29.5200,80.4300,Baitadi,Sudurpashchim
1855,Police Station Darchula,Khalanga,"Darchula, Nepal",,29.8500,80.5500,Darchula,Sudurpashchim
1856,Police Station Chainpur,Chainpur,"Bajhang, Nepal",,29.5500,81.1800,Bajhang,Sudurpashchim
1857,Police Station Martadi,Martadi,"Bajura, Nepal",,29.4200,81.4200,Bajura,Sudurpashchim
1858,Police Station Mangalsen,Mangalsen,"Achham, Nepal",,29.1300,81.2500,Achham,Sudurpashchim
1859,Police Station Birendranagar,Birendranagar,"Surkhet, Nepal",,28.6000,81.6300,Surkhet,Karnali
1860,Police Station Dailekh,Dailekh,"Dailekh, Nepal",,28.8500,81.7100,Dailekh,Karnali
1861,Police Station Jajarkot,Khalanga,"Jajarkot, Nepal",,28.7000,82.1800,Jajarkot,Karnali
1862,Police Station Jumla,Chandannath,"Jumla, Nepal",,29.2700,82.1800,Jumla,Karnali
1863,Police Station Kalikot,Manma,"Kalikot, Nepal",,29.1500,81.6200,Kalikot,Karnali
1864,Police Station Mugu,Gamgadhi,"Mugu, Nepal",,29.5300,82.0900,Mugu,Karnali
1865,Police Station Dolpa,Dunai,"Dolpa, Nepal",,29.0000,82.8200,Dolpa,Karnali
1866,Police Station Kathmandu,Kathmandu,"Kathmandu, Nepal",,27.7172,85.3240,Kathmandu,Bagmati
1867,Police Station Lalitpur,Lalitpur,"Lalitpur, Nepal",,27.6700,85.3150,Lalitpur,Bagmati
1868,Police Station Bhaktapur,Bhaktapur,"Bhaktapur, Nepal",,27.6720,85.4290,Bhaktapur,Bagmati
1869,Police Station Kavre,Dhulikhel,"Kavrepalanchok, Nepal",,27.6200,85.5400,Kavrepalanchok,Bagmati
1870,Police Station Rasuwa,Dhunche,"Rasuwa, Nepal",,28.1100,85.3000,Rasuwa,Bagmati
1871,Police Station Nuwakot,Bidur,"Nuwakot, Nepal",,27.9200,85.1600,Nuwakot,Bagmati
1872,Police Station Dhading,Dhadingbesi,"Dhading, Nepal",,27.8700,84.9200,Dhading,Bagmati
1873,Police Station Sindhuli,Sindhulimadhi,"Sindhuli, Nepal",,27.2500,85.9700,Sindhuli,Bagmati
1874,Police Station Ramechhap,Manthali,"Ramechhap, Nepal",,27.3900,86.0600,Ramechhap,Bagmati
1875,Police Station Dolakha,Charikot,"Dolakha, Nepal",,27.6700,86.0500,Dolakha,Bagmati
1876,Police Station Sindhupalchok,Chautara,"Sindhupalchok, Nepal",,27.7800,85.7100,Sindhupalchok,Bagmati
1877,Police Station Melamchi,Melamchi,"Sindhupalchok, Nepal",,27.8200,85.5800,Sindhupalchok,Bagmati
1878,Police Station Hetauda,Hetauda,"Makwanpur, Nepal",,27.4300,85.0300,Makwanpur,Bagmati
1879,Police Station Manahari,Manahari,"Makwanpur, Nepal",,27.5500,84.9500,Makwanpur,Bagmati
1880,Police Station Ratnanagar,Ratnanagar,"Chitwan, Nepal",,27.6200,84.5000,Chitwan,Bagmati
1881,Police Station Lakeside,Lakeside,"Kaski, Nepal",,28.2100,83.9600,Kaski,Gandaki
1882,Police Station Hemja,Hemja,"Kaski, Nepal",,28.2600,83.9100,Kaski,Gandaki
1883,Police Station Lekhnath,Lekhnath,"Kaski, Nepal",,28.1700,84.0550,Kaski,Gandaki
1884,Police Station Sarangkot,Sarangkot,"Kaski, Nepal",,28.2500,83.9500,Kaski,Gandaki
1885,Police Station Manang,Chame,"Manang, Nepal",,28.5500,84.2300,Manang,Gandaki
1886,Police Station Mustang,Jomsom,"Mustang, Nepal",,28.7800,83.7200,Mustang,Gandaki
1887,Police Station Nawalpur,Kawasoti,"Nawalpur, Nepal",,27.6500,84.1300,Nawalpur,Gandaki
1888,Police Station Gaindakot,Gaindakot,"Nawalpur, Nepal",,27.7000,84.4200,Nawalpur,Gandaki
1889,Police Station Parasi,Ramgram,"Nawalparasi West, Nepal",,27.5300,83.6700,Nawalparasi West,Lumbini
1890,Police Station Lumbini,Lumbini,"Rupandehi, Nepal",,27.4700,83.2800,Rupandehi,Lumbini
1891,Police Station Kohalpur,Kohalpur,"Banke, Nepal",,28.2100,81.6800,Banke,Lumbini
1892,Police Station Lamahi,Lamahi,"Dang, Nepal",,27.8500,82.5500,Dang,Lumbini
1893,Police Station Attariya,Attariya,"Kailali, Nepal",,28.9800,80.6200,Kailali,Sudurpashchim
1894,Police Station Mahendranagar,Bhimdatta,"Kanchanpur, Nepal",,28.9600,80.1800,Kanchanpur,Sudurpashchim
1895,Police Station Itahari,Itahari,"Sunsari, Nepal",,26.6600,87.2700,Sunsari,Koshi
1896,Police Station Birtamode,Birtamode,"Jhapa, Nepal",,26.6400,88.0000,Jhapa,Koshi
1897,Police Station Janakpur,Janakpur,"Dhanusha, Nepal",,26.7300,85.9200,Dhanusha,Madhesh
1898,Police Station Birgunj,Birgunj,"Parsa, Nepal",,27.0100,84.8800,Parsa,Madhesh
1899,Police Station Bharatpur,Bharatpur,"Chitwan, Nepal",,27.6800,84.4300,Chitwan,Bagmati
1900,Police Station Pokhara,Pokhara,"Kaski, Nepal",,28.2257,83.9893,Kaski,Gandaki
1901,Police Station Jorpati,Jorpati,"Kathmandu, Nepal",,27.7300,85.3600,Kathmandu,Bagmati
1902,Police Station Maharajgunj,Maharajgunj,"Kathmandu, Nepal",,27.7350,85.3300,Kathmandu,Bagmati
1903,Police Station Lazimpat,Lazimpat,"Kathmandu, Nepal",,27.7200,85.3200,Kathmandu,Bagmati
1904,Police Station Singha Durbar,Singha Durbar,"Kathmandu, Nepal",,27.7000,85.3200,Kathmandu,Bagmati
1905,Police Station Durbar Marg,Durbar Marg,"Kathmandu, Nepal",,27.7120,85.3180,Kathmandu,Bagmati
1906,Police Station New Baneshwor,Baneshwor,"Kathmandu, Nepal",,27.6900,85.3420,Kathmandu,Bagmati
1907,Police Station Sinamangal,Sinamangal,"Kathmandu, Nepal",,27.7000,85.3500,Kathmandu,Bagmati
1908,Police Station Chhetrapati,Chhetrapati,"Kathmandu, Nepal",,27.7150,85.3050,Kathmandu,Bagmati
1909,Police Station Swayambhu,Swayambhu,"Kathmandu, Nepal",,27.7140,85.2900,Kathmandu,Bagmati
1910,Police Station Thankot,Thankot,"Kathmandu, Nepal",,27.7000,85.2400,Kathmandu,Bagmati
1911,Police Station Sitapaila,Sitapaila,"Kathmandu, Nepal",,27.7000,85.2800,Kathmandu,Bagmati
1912,Police Station Naikap,Naikap,"Kathmandu, Nepal",,27.6900,85.2500,Kathmandu,Bagmati
1913,Police Station Lubhu,Lubhu,"Lalitpur, Nepal",,27.6400,85.3900,Lalitpur,Bagmati
1914,Police Station Lagankhel,Lagankhel,"Lalitpur, Nepal",,27.6700,85.3200,Lalitpur,Bagmati
1915,Police Station Pulchowk,Pulchowk,"Lalitpur, Nepal",,27.6800,85.3150,Lalitpur,Bagmati
1916,Police Station Bungamati,Bungamati,"Lalitpur, Nepal",,27.6300,85.3000,Lalitpur,Bagmati
1917,Police Station Khokana,Khokana,"Lalitpur, Nepal",,27.6300,85.2900,Lalitpur,Bagmati
1918,Police Station Chapagaun,Chapagaun,"Lalitpur, Nepal",,27.6000,85.3200,Lalitpur,Bagmati
1919,Police Station Bhaktapur Durbar,Bhaktapur,"Bhaktapur, Nepal",,27.6720,85.4290,Bhaktapur,Bagmati
1920,Police Station Kamalbinayak,Kamalbinayak,"Bhaktapur, Nepal",,27.6800,85.4400,Bhaktapur,Bagmati
1921,Police Station Madhyapur Thimi,Thimi,"Bhaktapur, Nepal",,27.6800,85.3870,Bhaktapur,Bagmati
1922,Police Station Sallaghari,Sallaghari,"Bhaktapur, Nepal",,27.6700,85.4100,Bhaktapur,Bagmati
1923,Police Station Panauti,Panauti,"Kavrepalanchok, Nepal",,27.5800,85.5100,Kavrepalanchok,Bagmati
1924,Police Station Namobuddha,Namobuddha,"Kavrepalanchok, Nepal",,27.5700,85.5900,Kavrepalanchok,Bagmati
1925,Police Station Banepa,Banepa,"Kavrepalanchok, Nepal",,27.6300,85.5200,Kavrepalanchok,Bagmati
1926,Police Station Dhulikhel,Dhulikhel,"Kavrepalanchok, Nepal",,27.6200,85.5400,Kavrepalanchok,Bagmati
1927,Police Station Jiri,Jiri,"Dolakha, Nepal",,27.6300,86.2300,Dolakha,Bagmati
1928,Police Station Bhimeshwar,Charikot,"Dolakha, Nepal",,27.6700,86.0500,Dolakha,Bagmati
1929,Police Station Barhabise,Barhabise,"Sindhupalchok, Nepal",,27.7900,85.8500,Sindhupalchok,Bagmati
1930,Police Station Tatopani,Tatopani,"Sindhupalchok, Nepal",,27.9700,85.9600,Sindhupalchok,Bagmati
1931,Police Station Chautara,Chautara,"Sindhupalchok, Nepal",,27.7800,85.7100,Sindhupalchok,Bagmati
1932,Police Station Dhunche,Dhunche,"Rasuwa, Nepal",,28.1100,85.3000,Rasuwa,Bagmati
1933,Police Station Syabrubesi,Syabrubesi,"Rasuwa, Nepal",,28.1800,85.3800,Rasuwa,Bagmati
1934,Police Station Bidur,Bidur,"Nuwakot, Nepal",,27.9200,85.1600,Nuwakot,Bagmati
1935,Police Station Kakani,Kakani,"Nuwakot, Nepal",,27.8000,85.2600,Nuwakot,Bagmati
1936,Police Station Dhadingbesi,Dhading,"Dhading, Nepal",,27.8700,84.9200,Dhading,Bagmati
1937,Police Station Malekhu,Malekhu,"Dhading, Nepal",,27.8300,84.8300,Dhading,Bagmati
1938,Police Station Naubise,Naubise,"Dhading, Nepal",,27.7500,85.0000,Dhading,Bagmati
1939,Police Station Bharatpur,Bharatpur,"Chitwan, Nepal",,27.6800,84.4300,Chitwan,Bagmati
1940,Police Station Madi,Madi,"Chitwan, Nepal",,27.4000,84.2500,Chitwan,Bagmati
1941,Police Station Khairahani,Khairahani,"Chitwan, Nepal",,27.5700,84.6200,Chitwan,Bagmati
1942,Police Station Ratnanagar,Ratnanagar,"Chitwan, Nepal",,27.6200,84.5000,Chitwan,Bagmati
1943,Police Station Hetauda,Hetauda,"Makwanpur, Nepal",,27.4300,85.0300,Makwanpur,Bagmati
1944,Police Station Palung,Palung,"Makwanpur, Nepal",,27.5600,85.1500,Makwanpur,Bagmati
1945,Police Station Bhimphedi,Bhimphedi,"Makwanpur, Nepal",,27.5500,85.1500,Makwanpur,Bagmati
1946,Police Station Sindhulimadhi,Sindhuli,"Sindhuli, Nepal",,27.2500,85.9700,Sindhuli,Bagmati
1947,Police Station Kamalamai,Sindhuli,"Sindhuli, Nepal",,27.2700,85.9500,Sindhuli,Bagmati
1948,Police Station Manthali,Manthali,"Ramechhap, Nepal",,27.3900,86.0600,Ramechhap,Bagmati
1949,Police Station Ramechhap,Ramechhap,"Ramechhap, Nepal",,27.3300,86.0900,Ramechhap,Bagmati
1950,Police Station Pokhara,Pokhara,"Kaski, Nepal",,28.2257,83.9893,Kaski,Gandaki
1951,Police Station Baglung,Baglung,"Baglung, Nepal",,28.2700,83.5900,Baglung,Gandaki
1952,Police Station Kushma,Kushma,"Parbat, Nepal",,28.2200,83.6800,Parbat,Gandaki
1953,Police Station Waling,Waling,"Syangja, Nepal",,27.9800,83.7600,Syangja,Gandaki
1954,Police Station Damauli,Damauli,"Tanahun, Nepal",,27.9730,84.2400,Tanahun,Gandaki
1955,Police Station Gorkha,Gorkha,"Gorkha, Nepal",,28.0000,84.6330,Gorkha,Gandaki
1956,Police Station Besisahar,Besisahar,"Lamjung, Nepal",,28.2300,84.0100,Lamjung,Gandaki
1957,Police Station Beni,Beni,"Myagdi, Nepal",,28.3500,83.5700,Myagdi,Gandaki
1958,Police Station Jomsom,Jomsom,"Mustang, Nepal",,28.7800,83.7200,Mustang,Gandaki
1959,Police Station Chame,Chame,"Manang, Nepal",,28.5500,84.2300,Manang,Gandaki
1960,Police Station Tansen,Tansen,"Palpa, Nepal",,27.8700,83.5500,Palpa,Lumbini
1961,Police Station Butwal,Butwal,"Rupandehi, Nepal",,27.7000,83.4500,Rupandehi,Lumbini
1962,Police Station Bhairahawa,Siddharthanagar,"Rupandehi, Nepal",,27.5000,83.4500,Rupandehi,Lumbini
1963,Police Station Nepalgunj,Nepalgunj,"Banke, Nepal",,28.0500,81.6200,Banke,Lumbini
1964,Police Station Ghorahi,Ghorahi,"Dang, Nepal",,28.0300,82.4800,Dang,Lumbini
1965,Police Station Gulariya,Gulariya,"Bardiya, Nepal",,28.2300,81.3400,Bardiya,Lumbini
1966,Police Station Dhangadhi,Dhangadhi,"Kailali, Nepal",,28.7000,80.5900,Kailali,Sudurpashchim
1967,Police Station Mahendranagar,Bhimdatta,"Kanchanpur, Nepal",,28.9600,80.1800,Kanchanpur,Sudurpashchim
1968,Police Station Biratnagar,Biratnagar,"Morang, Nepal",,26.4500,87.2700,Morang,Koshi
1969,Police Station Dharan,Dharan,"Sunsari, Nepal",,26.8100,87.2800,Sunsari,Koshi
1970,Police Station Ilam,Ilam,"Ilam, Nepal",,26.9100,87.9300,Ilam,Koshi
1971,Police Station Janakpur,Janakpur,"Dhanusha, Nepal",,26.7300,85.9200,Dhanusha,Madhesh
1972,Police Station Birgunj,Birgunj,"Parsa, Nepal",,27.0100,84.8800,Parsa,Madhesh
1973,Police Station Kathmandu,Kathmandu,"Kathmandu, Nepal",,27.7172,85.3240,Kathmandu,Bagmati
1974,Police Station Lalitpur,Lalitpur,"Lalitpur, Nepal",,27.6700,85.3150,Lalitpur,Bagmati
1975,Police Station Bhaktapur,Bhaktapur,"Bhaktapur, Nepal",,27.6720,85.4290,Bhaktapur,Bagmati
1976,Police Station Surkhet,Birendranagar,"Surkhet, Nepal",,28.6000,81.6300,Surkhet,Karnali
1977,Police Station Jumla,Jumla,"Jumla, Nepal",,29.2700,82.1800,Jumla,Karnali
1978,Police Station Dolpa,Dunai,"Dolpa, Nepal",,29.0000,82.8200,Dolpa,Karnali
1979,Police Station Mustang,Jomsom,"Mustang, Nepal",,28.7800,83.7200,Mustang,Gandaki
1980,Police Station Solukhumbu,Salleri,"Solukhumbu, Nepal",,27.7900,86.7200,Solukhumbu,Koshi
1981,Police Station Taplejung,Phungling,"Taplejung, Nepal",,27.3500,87.6700,Taplejung,Koshi
1982,Police Station Darchula,Khalanga,"Darchula, Nepal",,29.8500,80.5500,Darchula,Sudurpashchim
1983,Police Station Bajura,Martadi,"Bajura, Nepal",,29.4200,81.4200,Bajura,Sudurpashchim
1984,Police Station Achham,Mangalsen,"Achham, Nepal",,29.1300,81.2500,Achham,Sudurpashchim
1985,Police Station Kalikot,Manma,"Kalikot, Nepal",,29.1500,81.6200,Kalikot,Karnali
1986,Police Station Dailekh,Dailekh,"Dailekh, Nepal",,28.8500,81.7100,Dailekh,Karnali
1987,Police Station Jajarkot,Khalanga,"Jajarkot, Nepal",,28.7000,82.1800,Jajarkot,Karnali
1988,Police Station Rolpa,Liwang,"Rolpa, Nepal",,28.3000,82.6300,Rolpa,Lumbini
1989,Police Station Pyuthan,Khalanga,"Pyuthan, Nepal",,28.0900,82.8600,Pyuthan,Lumbini
1990,Police Station Salyan,Khalanga,"Salyan, Nepal",,28.3800,82.1700,Salyan,Karnali
1991,Police Station Rukum West,Musikot,"Rukum West, Nepal",,28.6300,82.4800,Rukum West,Karnali
1992,Police Station Rukum East,Rukumkot,"Rukum East, Nepal",,28.6300,82.6300,Rukum East,Lumbini
1993,Police Station Kailali,Dhangadhi,"Kailali, Nepal",,28.7000,80.5900,Kailali,Sudurpashchim
1994,Police Station Jhapa,Bhadrapur,"Jhapa, Nepal",,26.5400,88.0900,Jhapa,Koshi
1995,Police Station Morang,Biratnagar,"Morang, Nepal",,26.4500,87.2700,Morang,Koshi
1996,Police Station Sunsari,Inaruwa,"Sunsari, Nepal",,26.6100,87.1400,Sunsari,Koshi
1997,Police Station Saptari,Rajbiraj,"Saptari, Nepal",,26.5400,86.7500,Saptari,Madhesh
1998,Police Station Siraha,Lahan,"Siraha, Nepal",,26.7200,86.4800,Siraha,Madhesh
1999,Police Station Rautahat,Gaur,"Rautahat, Nepal",,26.7700,85.2700,Rautahat,Madhesh
2000,Police Station Bara,Kalaiya,"Bara, Nepal",,26.9900,84.8700,Bara,Madhesh
2001,Police Station Parsa,Birgunj,"Parsa, Nepal",,27.0100,84.8800,Parsa,Madhesh
2002,Police Station Bara,Simara,"Bara, Nepal",,27.1600,84.9800,Bara,Madhesh
2003,Police Station Rautahat,Chandrapur,"Rautahat, Nepal",,27.0000,85.4200,Rautahat,Madhesh
2004,Police Station Sarlahi,Lalbandi,"Sarlahi, Nepal",,27.0300,85.5500,Sarlahi,Madhesh
2005,Police Station Mahottari,Bardibas,"Mahottari, Nepal",,26.9900,85.9000,Mahottari,Madhesh
2006,Police Station Dhanusha,Dhalkebar,"Dhanusha, Nepal",,26.9000,85.9500,Dhanusha,Madhesh
2007,Police Station Siraha,Mirchaiya,"Siraha, Nepal",,26.7800,86.2500,Siraha,Madhesh
2008,Police Station Saptari,Kanchanpur,"Saptari, Nepal",,26.6000,86.8000,Saptari,Madhesh
2009,Police Station Sunsari,Duhabi,"Sunsari, Nepal",,26.6200,87.1700,Sunsari,Koshi
2010,Police Station Morang,Sundarharaicha,"Morang, Nepal",,26.7000,87.3500,Morang,Koshi
2011,Police Station Jhapa,Kakarbhitta,"Jhapa, Nepal",,26.6400,88.1500,Jhapa,Koshi
2012,Police Station Ilam,Maijogmai,"Ilam, Nepal",,27.0000,87.9000,Ilam,Koshi
2013,Police Station Panchthar,Phidim,"Panchthar, Nepal",,27.1500,87.7500,Panchthar,Koshi
2014,Police Station Taplejung,Phungling,"Taplejung, Nepal",,27.3500,87.6700,Taplejung,Koshi
2015,Police Station Terhathum,Myanglung,"Terhathum, Nepal",,27.1300,87.5500,Terhathum,Koshi
2016,Police Station Sankhuwasabha,Khandbari,"Sankhuwasabha, Nepal",,27.3800,87.2000,Sankhuwasabha,Koshi
2017,Police Station Bhojpur,Bhojpur,"Bhojpur, Nepal",,27.1700,87.0500,Bhojpur,Koshi
2018,Police Station Khotang,Diktel,"Khotang, Nepal",,27.2100,86.7900,Khotang,Koshi
2019,Police Station Solukhumbu,Phaplu,"Solukhumbu, Nepal",,27.6800,86.7200,Solukhumbu,Koshi
2020,Police Station Udayapur,Beltar,"Udayapur, Nepal",,26.7000,86.9000,Udayapur,Koshi
2021,Police Station Kathmandu,Kalimati,"Kathmandu, Nepal",,27.7000,85.3000,Kathmandu,Bagmati
2022,Police Station Kathmandu,Gaushala,"Kathmandu, Nepal",,27.7090,85.3480,Kathmandu,Bagmati
2023,Police Station Kathmandu,Balaju,"Kathmandu, Nepal",,27.7350,85.3000,Kathmandu,Bagmati
2024,Police Station Kathmandu,Koteshwor,"Kathmandu, Nepal",,27.6780,85.3480,Kathmandu,Bagmati
2025,Police Station Kathmandu,Chabahil,"Kathmandu, Nepal",,27.7180,85.3480,Kathmandu,Bagmati
2026,Police Station Kathmandu,Boudha,"Kathmandu, Nepal",,27.7210,85.3620,Kathmandu,Bagmati
2027,Police Station Kathmandu,Kirtipur,"Kathmandu, Nepal",,27.6780,85.2770,Kathmandu,Bagmati
2028,Police Station Kathmandu,Thankot,"Kathmandu, Nepal",,27.7000,85.2400,Kathmandu,Bagmati
2029,Police Station Lalitpur,Satdobato,"Lalitpur, Nepal",,27.6570,85.3240,Lalitpur,Bagmati
2030,Police Station Lalitpur,Jawalakhel,"Lalitpur, Nepal",,27.6750,85.3150,Lalitpur,Bagmati
2031,Police Station Lalitpur,Patan,"Lalitpur, Nepal",,27.6700,85.3150,Lalitpur,Bagmati
2032,Police Station Lalitpur,Gwarko,"Lalitpur, Nepal",,27.6650,85.3300,Lalitpur,Bagmati
2033,Police Station Lalitpur,Imadol,"Lalitpur, Nepal",,27.6500,85.3700,Lalitpur,Bagmati
2034,Police Station Bhaktapur,Suryabinayak,"Bhaktapur, Nepal",,27.6650,85.4300,Bhaktapur,Bagmati
2035,Police Station Bhaktapur,Jagati,"Bhaktapur, Nepal",,27.6500,85.4450,Bhaktapur,Bagmati
2036,Police Station Bhaktapur,Nagarkot,"Bhaktapur, Nepal",,27.7150,85.5200,Bhaktapur,Bagmati
2037,Police Station Kavre,Banepa,"Kavrepalanchok, Nepal",,27.6300,85.5200,Kavrepalanchok,Bagmati
2038,Police Station Kavre,Dhulikhel,"Kavrepalanchok, Nepal",,27.6200,85.5400,Kavrepalanchok,Bagmati
2039,Police Station Kavre,Panchkhal,"Kavrepalanchok, Nepal",,27.6500,85.6200,Kavrepalanchok,Bagmati
2040,Police Station Sindhupalchok,Melamchi,"Sindhupalchok, Nepal",,27.8200,85.5800,Sindhupalchok,Bagmati
2041,Police Station Nuwakot,Trishuli,"Nuwakot, Nepal",,27.9000,85.1600,Nuwakot,Bagmati
2042,Police Station Rasuwa,Dhunche,"Rasuwa, Nepal",,28.1100,85.3000,Rasuwa,Bagmati
2043,Police Station Dhading,Galchi,"Dhading, Nepal",,27.7800,85.1000,Dhading,Bagmati
2044,Police Station Makwanpur,Narayangadh,"Makwanpur, Nepal",,27.4300,85.0300,Makwanpur,Bagmati
2045,Police Station Chitwan,Narayanghat,"Chitwan, Nepal",,27.6800,84.4300,Chitwan,Bagmati
2046,Police Station Kaski,Prithvi Chowk,"Pokhara, Nepal",,28.2100,83.9900,Kaski,Gandaki
2047,Police Station Kaski,New Road,"Pokhara, Nepal",,28.2200,83.9800,Kaski,Gandaki
2048,Police Station Kaski,Amarsingh,"Pokhara, Nepal",,28.2300,84.0000,Kaski,Gandaki
2049,Police Station Kaski,Baglung Highway,"Pokhara, Nepal",,28.2400,83.9700,Kaski,Gandaki
2050,Police Station Kaski,Malepatan,"Pokhara, Nepal",,28.2000,83.9700,Kaski,Gandaki
2051,Police Station Tanahun,Damauli,"Tanahun, Nepal",,27.9730,84.2400,Tanahun,Gandaki
2052,Police Station Gorkha,Abukhaireni,"Gorkha, Nepal",,27.9200,84.5500,Gorkha,Gandaki
2053,Police Station Lamjung,Besisahar,"Lamjung, Nepal",,28.2300,84.0100,Lamjung,Gandaki
2054,Police Station Myagdi,Beni,"Myagdi, Nepal",,28.3500,83.5700,Myagdi,Gandaki
2055,Police Station Mustang,Kagbeni,"Mustang, Nepal",,28.8500,83.7800,Mustang,Gandaki
2056,Police Station Manang,Chame,"Manang, Nepal",,28.5500,84.2300,Manang,Gandaki
2057,Police Station Baglung,Burtibang,"Baglung, Nepal",,28.3300,83.1300,Baglung,Gandaki
2058,Police Station Parbat,Kushma,"Parbat, Nepal",,28.2200,83.6800,Parbat,Gandaki
2059,Police Station Syangja,Waling,"Syangja, Nepal",,27.9800,83.7600,Syangja,Gandaki
2060,Police Station Nawalpur,Kawasoti,"Nawalpur, Nepal",,27.6500,84.1300,Nawalpur,Gandaki
2061,Police Station Rupandehi,Butwal,"Rupandehi, Nepal",,27.7000,83.4500,Rupandehi,Lumbini
2062,Police Station Kapilvastu,Taulihawa,"Kapilvastu, Nepal",,27.5500,83.0500,Kapilvastu,Lumbini
2063,Police Station Palpa,Rampur,"Palpa, Nepal",,27.9200,83.9100,Palpa,Lumbini
2064,Police Station Gulmi,Tamghas,"Gulmi, Nepal",,28.0800,83.2500,Gulmi,Lumbini
2065,Police Station Arghakhanchi,Sandhikharka,"Arghakhanchi, Nepal",,27.9500,83.1200,Arghakhanchi,Lumbini
2066,Police Station Dang,Tulsipur,"Dang, Nepal",,28.1300,82.3000,Dang,Lumbini
2067,Police Station Banke,Kohalpur,"Banke, Nepal",,28.2100,81.6800,Banke,Lumbini
2068,Police Station Bardiya,Rajapur,"Bardiya, Nepal",,28.8800,81.1000,Bardiya,Lumbini
2069,Police Station Kailali,Lamki,"Kailali, Nepal",,28.6500,81.1500,Kailali,Sudurpashchim
2070,Police Station Kanchanpur,Belauri,"Kanchanpur, Nepal",,28.9000,80.7500,Kanchanpur,Sudurpashchim
2071,Police Station Dadeldhura,Amargadhi,"Dadeldhura, Nepal",,29.3000,80.5800,Dadeldhura,Sudurpashchim
2072,Police Station Baitadi,Patan,"Baitadi, Nepal",,29.4500,80.6000,Baitadi,Sudurpashchim
2073,Police Station Darchula,Malikarjun,"Darchula, Nepal",,29.8500,80.5500,Darchula,Sudurpashchim
2074,Police Station Bajhang,Chainpur,"Bajhang, Nepal",,29.5500,81.1800,Bajhang,Sudurpashchim
2075,Police Station Bajura,Martadi,"Bajura, Nepal",,29.4200,81.4200,Bajura,Sudurpashchim
2076,Police Station Achham,Sanphebagar,"Achham, Nepal",,29.1000,81.3000,Achham,Sudurpashchim
2077,Police Station Surkhet,Birendranagar,"Surkhet, Nepal",,28.6000,81.6300,Surkhet,Karnali
2078,Police Station Dailekh,Dullu,"Dailekh, Nepal",,28.8300,81.7200,Dailekh,Karnali
2079,Police Station Jajarkot,Khalanga,"Jajarkot, Nepal",,28.7000,82.1800,Jajarkot,Karnali
2080,Police Station Jumla,Chandannath,"Jumla, Nepal",,29.2700,82.1800,Jumla,Karnali
2081,Police Station Kalikot,Manma,"Kalikot, Nepal",,29.1500,81.6200,Kalikot,Karnali
2082,Police Station Mugu,Gamgadhi,"Mugu, Nepal",,29.5300,82.0900,Mugu,Karnali
2083,Police Station Dolpa,Dunai,"Dolpa, Nepal",,29.0000,82.8200,Dolpa,Karnali
2084,Police Station Rukum West,Musikot,"Rukum West, Nepal",,28.6300,82.4800,Rukum West,Karnali
2085,Police Station Rukum East,Rukumkot,"Rukum East, Nepal",,28.6300,82.6300,Rukum East,Lumbini
2086,Police Station Rolpa,Liwang,"Rolpa, Nepal",,28.3000,82.6300,Rolpa,Lumbini
2087,Police Station Pyuthan,Khalanga,"Pyuthan, Nepal",,28.0900,82.8600,Pyuthan,Lumbini
2088,Police Station Salyan,Khalanga,"Salyan, Nepal",,28.3800,82.1700,Salyan,Karnali
2089,Police Station Jhapa,Damak,"Jhapa, Nepal",,26.6600,87.7000,Jhapa,Koshi
2090,Police Station Morang,Urlabari,"Morang, Nepal",,26.5000,87.6300,Morang,Koshi
2091,Police Station Sunsari,Dharan,"Sunsari, Nepal",,26.8100,87.2800,Sunsari,Koshi
2092,Police Station Ilam,Ilam,"Ilam, Nepal",,26.9100,87.9300,Ilam,Koshi
2093,Police Station Bhojpur,Bhojpur,"Bhojpur, Nepal",,27.1700,87.0500,Bhojpur,Koshi
2094,Police Station Khotang,Diktel,"Khotang, Nepal",,27.2100,86.7900,Khotang,Koshi
2095,Police Station Solukhumbu,Salleri,"Solukhumbu, Nepal",,27.7900,86.7200,Solukhumbu,Koshi
2096,Police Station Taplejung,Phungling,"Taplejung, Nepal",,27.3500,87.6700,Taplejung,Koshi
2097,Police Station Udayapur,Gaighat,"Udayapur, Nepal",,26.8000,86.7000,Udayapur,Koshi
2098,Police Station Saptari,Rajbiraj,"Saptari, Nepal",,26.5400,86.7500,Saptari,Madhesh
2099,Police Station Dhanusha,Janakpur,"Dhanusha, Nepal",,26.7300,85.9200,Dhanusha,Madhesh
2100,Police Station Mahottari,Jaleshwar,"Mahottari, Nepal",,26.6500,85.8000,Mahottari,Madhesh
2101,Police Station Sarlahi,Malangwa,"Sarlahi, Nepal",,26.8600,85.5600,Sarlahi,Madhesh
2102,Police Station Rautahat,Gaur,"Rautahat, Nepal",,26.7700,85.2700,Rautahat,Madhesh
2103,Police Station Bara,Kalaiya,"Bara, Nepal",,26.9900,84.8700,Bara,Madhesh
2104,Police Station Parsa,Birgunj,"Parsa, Nepal",,27.0100,84.8800,Parsa,Madhesh
2105,Police Station Kathmandu,Asan,"Kathmandu, Nepal",,27.7080,85.3100,Kathmandu,Bagmati
2106,Police Station Kathmandu,Ratnapark,"Kathmandu, Nepal",,27.7050,85.3150,Kathmandu,Bagmati
2107,Police Station Kathmandu,Kalanki,"Kathmandu, Nepal",,27.6930,85.2800,Kathmandu,Bagmati
2108,Police Station Kathmandu,Gongabu,"Kathmandu, Nepal",,27.7350,85.3140,Kathmandu,Bagmati
2109,Police Station Kathmandu,Chabahil,"Kathmandu, Nepal",,27.7180,85.3480,Kathmandu,Bagmati
2110,Police Station Kathmandu,Boudha,"Kathmandu, Nepal",,27.7210,85.3620,Kathmandu,Bagmati
2111,Police Station Kathmandu,Baluwatar,"Kathmandu, Nepal",,27.7200,85.3300,Kathmandu,Bagmati
2112,Police Station Kathmandu,Maharajgunj,"Kathmandu, Nepal",,27.7350,85.3300,Kathmandu,Bagmati
2113,Police Station Kathmandu,Nepal Police Headquarters,"Kathmandu, Nepal",,27.7000,85.3200,Kathmandu,Bagmati
2114,Police Station Lalitpur,Ekantakuna,"Lalitpur, Nepal",,27.6800,85.3000,Lalitpur,Bagmati
2115,Police Station Lalitpur,Jawalakhel,"Lalitpur, Nepal",,27.6750,85.3150,Lalitpur,Bagmati
2116,Police Station Lalitpur,Lagankhel,"Lalitpur, Nepal",,27.6700,85.3200,Lalitpur,Bagmati
2117,Police Station Lalitpur,Pulchowk,"Lalitpur, Nepal",,27.6800,85.3150,Lalitpur,Bagmati
2118,Police Station Lalitpur,Kumaripati,"Lalitpur, Nepal",,27.6650,85.3150,Lalitpur,Bagmati
2119,Police Station Bhaktapur,Sallaghari,"Bhaktapur, Nepal",,27.6700,85.4100,Bhaktapur,Bagmati
2120,Police Station Bhaktapur,Thimi,"Bhaktapur, Nepal",,27.6800,85.3870,Bhaktapur,Bagmati
2121,Police Station Bhaktapur,Kamalbinayak,"Bhaktapur, Nepal",,27.6800,85.4400,Bhaktapur,Bagmati
2122,Police Station Bhaktapur,Bhaktapur Durbar Square,"Bhaktapur, Nepal",,27.6720,85.4290,Bhaktapur,Bagmati
2123,Police Station Kavre,Dhulikhel,"Kavrepalanchok, Nepal",,27.6200,85.5400,Kavrepalanchok,Bagmati
2124,Police Station Kavre,Banepa,"Kavrepalanchok, Nepal",,27.6300,85.5200,Kavrepalanchok,Bagmati
2125,Police Station Kavre,Panauti,"Kavrepalanchok, Nepal",,27.5800,85.5100,Kavrepalanchok,Bagmati
2126,Police Station Nuwakot,Bidur,"Nuwakot, Nepal",,27.9200,85.1600,Nuwakot,Bagmati
2127,Police Station Nuwakot,Trishuli,"Nuwakot, Nepal",,27.9000,85.1600,Nuwakot,Bagmati
2128,Police Station Rasuwa,Dhunche,"Rasuwa, Nepal",,28.1100,85.3000,Rasuwa,Bagmati
2129,Police Station Dhading,Dhadingbesi,"Dhading, Nepal",,27.8700,84.9200,Dhading,Bagmati
2130,Police Station Dhading,Malekhu,"Dhading, Nepal",,27.8300,84.8300,Dhading,Bagmati
2131,Police Station Sindhupalchok,Chautara,"Sindhupalchok, Nepal",,27.7800,85.7100,Sindhupalchok,Bagmati
2132,Police Station Sindhupalchok,Melamchi,"Sindhupalchok, Nepal",,27.8200,85.5800,Sindhupalchok,Bagmati
2133,Police Station Dolakha,Charikot,"Dolakha, Nepal",,27.6700,86.0500,Dolakha,Bagmati
2134,Police Station Ramechhap,Manthali,"Ramechhap, Nepal",,27.3900,86.0600,Ramechhap,Bagmati
2135,Police Station Sindhuli,Sindhulimadhi,"Sindhuli, Nepal",,27.2500,85.9700,Sindhuli,Bagmati
2136,Police Station Makwanpur,Hetauda,"Makwanpur, Nepal",,27.4300,85.0300,Makwanpur,Bagmati
2137,Police Station Makwanpur,Manahari,"Makwanpur, Nepal",,27.5500,84.9500,Makwanpur,Bagmati
2138,Police Station Chitwan,Bharatpur,"Chitwan, Nepal",,27.6800,84.4300,Chitwan,Bagmati
2139,Police Station Chitwan,Ratnanagar,"Chitwan, Nepal",,27.6200,84.5000,Chitwan,Bagmati
2140,Police Station Kaski,Pokhara Lakeside,"Kaski, Nepal",,28.2100,83.9600,Kaski,Gandaki
2141,Police Station Kaski,Prithvi Chowk,"Kaski, Nepal",,28.2100,83.9900,Kaski,Gandaki
2142,Police Station Kaski,Hemja,"Kaski, Nepal",,28.2600,83.9100,Kaski,Gandaki
2143,Police Station Kaski,Lekhnath,"Kaski, Nepal",,28.1700,84.0550,Kaski,Gandaki
2144,Police Station Tanahun,Damauli,"Tanahun, Nepal",,27.9730,84.2400,Tanahun,Gandaki
2145,Police Station Gorkha,Gorkha,"Gorkha, Nepal",,28.0000,84.6330,Gorkha,Gandaki
2146,Police Station Lamjung,Besisahar,"Lamjung, Nepal",,28.2300,84.0100,Lamjung,Gandaki
2147,Police Station Myagdi,Beni,"Myagdi, Nepal",,28.3500,83.5700,Myagdi,Gandaki
2148,Police Station Mustang,Jomsom,"Mustang, Nepal",,28.7800,83.7200,Mustang,Gandaki
2149,Police Station Manang,Chame,"Manang, Nepal",,28.5500,84.2300,Manang,Gandaki
2150,Police Station Baglung,Baglung,"Baglung, Nepal",,28.2700,83.5900,Baglung,Gandaki
2151,Police Station Parbat,Kushma,"Parbat, Nepal",,28.2200,83.6800,Parbat,Gandaki
2152,Police Station Syangja,Putalibazar,"Syangja, Nepal",,28.1000,83.8700,Syangja,Gandaki
2153,Police Station Nawalpur,Kawasoti,"Nawalpur, Nepal",,27.6500,84.1300,Nawalpur,Gandaki
2154,Police Station Palpa,Tansen,"Palpa, Nepal",,27.8700,83.5500,Palpa,Lumbini
2155,Police Station Gulmi,Tamghas,"Gulmi, Nepal",,28.0800,83.2500,Gulmi,Lumbini
2156,Police Station Arghakhanchi,Sandhikharka,"Arghakhanchi, Nepal",,27.9500,83.1200,Arghakhanchi,Lumbini
2157,Police Station Kapilvastu,Taulihawa,"Kapilvastu, Nepal",,27.5500,83.0500,Kapilvastu,Lumbini
2158,Police Station Rupandehi,Butwal,"Rupandehi, Nepal",,27.7000,83.4500,Rupandehi,Lumbini
2159,Police Station Banke,Nepalgunj,"Banke, Nepal",,28.0500,81.6200,Banke,Lumbini
2160,Police Station Dang,Ghorahi,"Dang, Nepal",,28.0300,82.4800,Dang,Lumbini
2161,Police Station Bardiya,Gulariya,"Bardiya, Nepal",,28.2300,81.3400,Bardiya,Lumbini
2162,Police Station Kailali,Dhangadhi,"Kailali, Nepal",,28.7000,80.5900,Kailali,Sudurpashchim
2163,Police Station Kanchanpur,Bhimdatta,"Kanchanpur, Nepal",,28.9600,80.1800,Kanchanpur,Sudurpashchim
2164,Police Station Dadeldhura,Dadeldhura,"Dadeldhura, Nepal",,29.3000,80.5800,Dadeldhura,Sudurpashchim
2165,Police Station Baitadi,Dasharathchand,"Baitadi, Nepal",,29.5200,80.4300,Baitadi,Sudurpashchim
2166,Police Station Darchula,Khalanga,"Darchula, Nepal",,29.8500,80.5500,Darchula,Sudurpashchim
2167,Police Station Bajhang,Chainpur,"Bajhang, Nepal",,29.5500,81.1800,Bajhang,Sudurpashchim
2168,Police Station Bajura,Martadi,"Bajura, Nepal",,29.4200,81.4200,Bajura,Sudurpashchim
2169,Police Station Achham,Mangalsen,"Achham, Nepal",,29.1300,81.2500,Achham,Sudurpashchim
2170,Police Station Surkhet,Birendranagar,"Surkhet, Nepal",,28.6000,81.6300,Surkhet,Karnali
2171,Police Station Dailekh,Dailekh,"Dailekh, Nepal",,28.8500,81.7100,Dailekh,Karnali
2172,Police Station Jajarkot,Khalanga,"Jajarkot, Nepal",,28.7000,82.1800,Jajarkot,Karnali
2173,Police Station Jumla,Chandannath,"Jumla, Nepal",,29.2700,82.1800,Jumla,Karnali
2174,Police Station Kalikot,Manma,"Kalikot, Nepal",,29.1500,81.6200,Kalikot,Karnali
2175,Police Station Mugu,Gamgadhi,"Mugu, Nepal",,29.5300,82.0900,Mugu,Karnali
2176,Police Station Dolpa,Dunai,"Dolpa, Nepal",,29.0000,82.8200,Dolpa,Karnali
2177,Police Station Jhapa,Bhadrapur,"Jhapa, Nepal",,26.5400,88.0900,Jhapa,Koshi
2178,Police Station Morang,Biratnagar,"Morang, Nepal",,26.4500,87.2700,Morang,Koshi
2179,Police Station Sunsari,Inaruwa,"Sunsari, Nepal",,26.6100,87.1400,Sunsari,Koshi
2180,Police Station Ilam,Ilam,"Ilam, Nepal",,26.9100,87.9300,Ilam,Koshi
2181,Police Station Bhojpur,Bhojpur,"Bhojpur, Nepal",,27.1700,87.0500,Bhojpur,Koshi
2182,Police Station Khotang,Diktel,"Khotang, Nepal",,27.2100,86.7900,Khotang,Koshi
2183,Police Station Solukhumbu,Salleri,"Solukhumbu, Nepal",,27.7900,86.7200,Solukhumbu,Koshi
2184,Police Station Taplejung,Phungling,"Taplejung, Nepal",,27.3500,87.6700,Taplejung,Koshi
2185,Police Station Udayapur,Gaighat,"Udayapur, Nepal",,26.8000,86.7000,Udayapur,Koshi
2186,Police Station Saptari,Rajbiraj,"Saptari, Nepal",,26.5400,86.7500,Saptari,Madhesh
2187,Police Station Siraha,Lahan,"Siraha, Nepal",,26.7200,86.4800,Siraha,Madhesh
2188,Police Station Dhanusha,Janakpur,"Dhanusha, Nepal",,26.7300,85.9200,Dhanusha,Madhesh
2189,Police Station Mahottari,Jaleshwar,"Mahottari, Nepal",,26.6500,85.8000,Mahottari,Madhesh
2190,Police Station Sarlahi,Malangwa,"Sarlahi, Nepal",,26.8600,85.5600,Sarlahi,Madhesh
2191,Police Station Rautahat,Gaur,"Rautahat, Nepal",,26.7700,85.2700,Rautahat,Madhesh
2192,Police Station Bara,Kalaiya,"Bara, Nepal",,26.9900,84.8700,Bara,Madhesh
2193,Police Station Parsa,Birgunj,"Parsa, Nepal",,27.0100,84.8800,Parsa,Madhesh
2194,Police Station Hetauda,Hetauda,"Makwanpur, Nepal",,27.4300,85.0300,Makwanpur,Bagmati
2195,Police Station Bharatpur,Bharatpur,"Chitwan, Nepal",,27.6800,84.4300,Chitwan,Bagmati
2196,Police Station Pokhara,Pokhara,"Kaski, Nepal",,28.2257,83.9893,Kaski,Gandaki
2197,Police Station Biratnagar,Biratnagar,"Morang, Nepal",,26.4500,87.2700,Morang,Koshi
2198,Police Station Janakpur,Janakpur,"Dhanusha, Nepal",,26.7300,85.9200,Dhanusha,Madhesh
2199,Police Station Kathmandu,Kathmandu,"Kathmandu, Nepal",,27.7172,85.3240,Kathmandu,Bagmati
2200,Police Station Nepalgunj,Nepalgunj,"Banke, Nepal",,28.0500,81.6200,Banke,Lumbini
2201,Police Station Kathmandu,Babarmahal,"Kathmandu, Nepal",,27.7000,85.3200,Kathmandu,Bagmati
2202,Police Station Kathmandu,Tripureshwor,"Kathmandu, Nepal",,27.7000,85.3100,Kathmandu,Bagmati
2203,Police Station Kathmandu,Thamel,"Kathmandu, Nepal",,27.7150,85.3100,Kathmandu,Bagmati
2204,Police Station Kathmandu,Bhagwan Bahal,"Kathmandu, Nepal",,27.7120,85.3100,Kathmandu,Bagmati
2205,Police Station Kathmandu,Sohrakhutte,"Kathmandu, Nepal",,27.7200,85.3050,Kathmandu,Bagmati
2206,Police Station Kathmandu,Samakhusi,"Kathmandu, Nepal",,27.7350,85.3100,Kathmandu,Bagmati
2207,Police Station Kathmandu,Balaju,"Kathmandu, Nepal",,27.7350,85.3000,Kathmandu,Bagmati
2208,Police Station Kathmandu,Kirtipur,"Kathmandu, Nepal",,27.6780,85.2770,Kathmandu,Bagmati
2209,Police Station Kathmandu,Thankot,"Kathmandu, Nepal",,27.7000,85.2400,Kathmandu,Bagmati
2210,Police Station Kathmandu,Satungal,"Kathmandu, Nepal",,27.6800,85.2600,Kathmandu,Bagmati
2211,Police Station Lalitpur,Bhaisepati,"Lalitpur, Nepal",,27.6500,85.3000,Lalitpur,Bagmati
2212,Police Station Lalitpur,Thaiba,"Lalitpur, Nepal",,27.6200,85.3500,Lalitpur,Bagmati
2213,Police Station Lalitpur,Harisiddhi,"Lalitpur, Nepal",,27.6300,85.3600,Lalitpur,Bagmati
2214,Police Station Lalitpur,Godawari,"Lalitpur, Nepal",,27.5900,85.3800,Lalitpur,Bagmati
2215,Police Station Lalitpur,Chapagaun,"Lalitpur, Nepal",,27.6000,85.3200,Lalitpur,Bagmati
2216,Police Station Bhaktapur,Suryabinayak,"Bhaktapur, Nepal",,27.6650,85.4300,Bhaktapur,Bagmati
2217,Police Station Bhaktapur,Jagati,"Bhaktapur, Nepal",,27.6500,85.4450,Bhaktapur,Bagmati
2218,Police Station Bhaktapur,Changunarayan,"Bhaktapur, Nepal",,27.7200,85.4400,Bhaktapur,Bagmati
2219,Police Station Bhaktapur,Nagarkot,"Bhaktapur, Nepal",,27.7150,85.5200,Bhaktapur,Bagmati
2220,Police Station Kavre,Panchkhal,"Kavrepalanchok, Nepal",,27.6500,85.6200,Kavrepalanchok,Bagmati
2221,Police Station Kavre,Dapcha,"Kavrepalanchok, Nepal",,27.5500,85.5500,Kavrepalanchok,Bagmati
2222,Police Station Kavre,Temal,"Kavrepalanchok, Nepal",,27.5600,85.6500,Kavrepalanchok,Bagmati
2223,Police Station Sindhupalchok,Barhabise,"Sindhupalchok, Nepal",,27.7900,85.8500,Sindhupalchok,Bagmati
2224,Police Station Sindhupalchok,Tatopani,"Sindhupalchok, Nepal",,27.9700,85.9600,Sindhupalchok,Bagmati
2225,Police Station Nuwakot,Kakani,"Nuwakot, Nepal",,27.8000,85.2600,Nuwakot,Bagmati
2226,Police Station Nuwakot,Deurali,"Nuwakot, Nepal",,27.9000,85.1800,Nuwakot,Bagmati
2227,Police Station Rasuwa,Syabrubesi,"Rasuwa, Nepal",,28.1800,85.3800,Rasuwa,Bagmati
2228,Police Station Dhading,Naubise,"Dhading, Nepal",,27.7500,85.0000,Dhading,Bagmati
2229,Police Station Dhading,Galchi,"Dhading, Nepal",,27.7800,85.1000,Dhading,Bagmati
2230,Police Station Makwanpur,Bhimphedi,"Makwanpur, Nepal",,27.5500,85.1500,Makwanpur,Bagmati
2231,Police Station Makwanpur,Palung,"Makwanpur, Nepal",,27.5600,85.1500,Makwanpur,Bagmati
2232,Police Station Chitwan,Muglin,"Chitwan, Nepal",,27.8200,84.5500,Chitwan,Bagmati
2233,Police Station Chitwan,Khairahani,"Chitwan, Nepal",,27.5700,84.6200,Chitwan,Bagmati
2234,Police Station Kaski,Sarangkot,"Kaski, Nepal",,28.2500,83.9500,Kaski,Gandaki
2235,Police Station Kaski,Bindabasini,"Pokhara, Nepal",,28.2300,83.9800,Kaski,Gandaki
2236,Police Station Kaski,Prithvi Chowk,"Pokhara, Nepal",,28.2100,83.9900,Kaski,Gandaki
2237,Police Station Kaski,Amarsingh Chowk,"Pokhara, Nepal",,28.2300,84.0000,Kaski,Gandaki
2238,Police Station Kaski,Baglung Highway,"Pokhara, Nepal",,28.2400,83.9700,Kaski,Gandaki
2239,Police Station Tanahun,Bandipur,"Tanahun, Nepal",,27.9300,84.4200,Tanahun,Gandaki
2240,Police Station Tanahun,Khurkot,"Tanahun, Nepal",,27.9500,84.2500,Tanahun,Gandaki
2241,Police Station Gorkha,Palungtar,"Gorkha, Nepal",,28.0000,84.5000,Gorkha,Gandaki
2242,Police Station Lamjung,Sundarbazar,"Lamjung, Nepal",,28.1300,84.0300,Lamjung,Gandaki
2243,Police Station Myagdi,Darbang,"Myagdi, Nepal",,28.4000,83.5500,Myagdi,Gandaki
2244,Police Station Mustang,Muktinath,"Mustang, Nepal",,28.8200,83.8700,Mustang,Gandaki
2245,Police Station Manang,Ngawal,"Manang, Nepal",,28.6500,84.0200,Manang,Gandaki
2246,Police Station Baglung,Burtibang,"Baglung, Nepal",,28.3300,83.1300,Baglung,Gandaki
2247,Police Station Parbat,Phalebas,"Parbat, Nepal",,28.2200,83.6500,Parbat,Gandaki
2248,Police Station Syangja,Chapakot,"Syangja, Nepal",,27.9500,83.8000,Syangja,Gandaki
2249,Police Station Nawalpur,Gaindakot,"Nawalpur, Nepal",,27.7000,84.4200,Nawalpur,Gandaki
2250,Police Station Palpa,Rampur,"Palpa, Nepal",,27.9200,83.9100,Palpa,Lumbini
2251,Police Station Gulmi,Resunga,"Gulmi, Nepal",,28.0700,83.2500,Gulmi,Lumbini
2252,Police Station Arghakhanchi,Chhatradev,"Arghakhanchi, Nepal",,28.0000,83.1000,Arghakhanchi,Lumbini
2253,Police Station Kapilvastu,Krishnanagar,"Kapilvastu, Nepal",,27.4300,82.9500,Kapilvastu,Lumbini
2254,Police Station Rupandehi,Siddharthanagar,"Rupandehi, Nepal",,27.5000,83.4500,Rupandehi,Lumbini
2255,Police Station Rupandehi,Lumbini,"Rupandehi, Nepal",,27.4700,83.2800,Rupandehi,Lumbini
2256,Police Station Banke,Kohalpur,"Banke, Nepal",,28.2100,81.6800,Banke,Lumbini
2257,Police Station Dang,Lamahi,"Dang, Nepal",,27.8500,82.5500,Dang,Lumbini
2258,Police Station Bardiya,Bansgadhi,"Bardiya, Nepal",,28.2000,81.4800,Bardiya,Lumbini
2259,Police Station Kailali,Tikapur,"Kailali, Nepal",,28.5200,81.1200,Kailali,Sudurpashchim
2260,Police Station Kailali,Attariya,"Kailali, Nepal",,28.9800,80.6200,Kailali,Sudurpashchim
2261,Police Station Kanchanpur,Belauri,"Kanchanpur, Nepal",,28.9000,80.7500,Kanchanpur,Sudurpashchim
2262,Police Station Dadeldhura,Amargadhi,"Dadeldhura, Nepal",,29.3000,80.5800,Dadeldhura,Sudurpashchim
2263,Police Station Baitadi,Patan,"Baitadi, Nepal",,29.4500,80.6000,Baitadi,Sudurpashchim
2264,Police Station Darchula,Gokuleshwar,"Darchula, Nepal",,29.7500,80.6000,Darchula,Sudurpashchim
2265,Police Station Bajhang,Bungal,"Bajhang, Nepal",,29.6500,81.3000,Bajhang,Sudurpashchim
2266,Police Station Bajura,Kolti,"Bajura, Nepal",,29.5000,81.5500,Bajura,Sudurpashchim
2267,Police Station Achham,Sanphebagar,"Achham, Nepal",,29.1000,81.3000,Achham,Sudurpashchim
2268,Police Station Surkhet,Bheriganga,"Surkhet, Nepal",,28.5000,81.7000,Surkhet,Karnali
2269,Police Station Dailekh,Narayan,"Dailekh, Nepal",,28.8500,81.7100,Dailekh,Karnali
2270,Police Station Jajarkot,Nalgaad,"Jajarkot, Nepal",,28.7000,82.3000,Jajarkot,Karnali
2271,Police Station Jumla,Sinja,"Jumla, Nepal",,29.3000,82.2000,Jumla,Karnali
2272,Police Station Kalikot,Raskot,"Kalikot, Nepal",,29.1000,81.6000,Kalikot,Karnali
2273,Police Station Mugu,Soru,"Mugu, Nepal",,29.6000,82.1000,Mugu,Karnali
2274,Police Station Dolpa,Juphal,"Dolpa, Nepal",,29.0200,82.8200,Dolpa,Karnali
2275,Police Station Jhapa,Birtamode,"Jhapa, Nepal",,26.6400,88.0000,Jhapa,Koshi
2276,Police Station Morang,Urlabari,"Morang, Nepal",,26.5000,87.6300,Morang,Koshi
2277,Police Station Sunsari,Itahari,"Sunsari, Nepal",,26.6600,87.2700,Sunsari,Koshi
2278,Police Station Ilam,Fikkal,"Ilam, Nepal",,26.8900,88.0800,Ilam,Koshi
2279,Police Station Panchthar,Phidim,"Panchthar, Nepal",,27.1500,87.7500,Panchthar,Koshi
2280,Police Station Taplejung,Taplejung,"Taplejung, Nepal",,27.3500,87.6700,Taplejung,Koshi
2281,Police Station Khotang,Halesi,"Khotang, Nepal",,27.3700,86.7000,Khotang,Koshi
2282,Police Station Solukhumbu,Lukla,"Solukhumbu, Nepal",,27.6900,86.7300,Solukhumbu,Koshi
2283,Police Station Udayapur,Katari,"Udayapur, Nepal",,26.0300,86.1700,Udayapur,Koshi
2284,Police Station Saptari,Kalyanpur,"Saptari, Nepal",,26.5500,86.6000,Saptari,Madhesh
2285,Police Station Siraha,Mirchaiya,"Siraha, Nepal",,26.7800,86.2500,Siraha,Madhesh
2286,Police Station Dhanusha,Dhalkebar,"Dhanusha, Nepal",,26.9000,85.9500,Dhanusha,Madhesh
2287,Police Station Mahottari,Bardibas,"Mahottari, Nepal",,26.9900,85.9000,Mahottari,Madhesh
2288,Police Station Sarlahi,Lalbandi,"Sarlahi, Nepal",,27.0300,85.5500,Sarlahi,Madhesh
2289,Police Station Rautahat,Chandrapur,"Rautahat, Nepal",,27.0000,85.4200,Rautahat,Madhesh
2290,Police Station Bara,Simara,"Bara, Nepal",,27.1600,84.9800,Bara,Madhesh
2291,Police Station Parsa,Parwanipur,"Parsa, Nepal",,27.0500,84.9000,Parsa,Madhesh
2292,Police Station Kathmandu,Airport,"Kathmandu, Nepal",,27.7000,85.3600,Kathmandu,Bagmati
2293,Police Station Kathmandu,Gausala,"Kathmandu, Nepal",,27.7100,85.3500,Kathmandu,Bagmati
2294,Police Station Kathmandu,Baneshwor,"Kathmandu, Nepal",,27.6900,85.3420,Kathmandu,Bagmati
2295,Police Station Kathmandu,Koteshwor,"Kathmandu, Nepal",,27.6780,85.3480,Kathmandu,Bagmati
2296,Police Station Pokhara,Lakeside,"Kaski, Nepal",,28.2100,83.9600,Kaski,Gandaki
2297,Police Station Biratnagar,Rangeli,"Morang, Nepal",,26.4500,87.3000,Morang,Koshi
2298,Police Station Janakpur,Janakpur,"Dhanusha, Nepal",,26.7300,85.9200,Dhanusha,Madhesh
2299,Police Station Bharatpur,Narayangadh,"Chitwan, Nepal",,27.6800,84.4300,Chitwan,Bagmati
2300,Police Station Nepalgunj,Nepalgunj,"Banke, Nepal",,28.0500,81.6200,Banke,Lumbini
2301,Police Station Kathmandu,Budhanilkantha,"Kathmandu, Nepal",,27.7800,85.3600,Kathmandu,Bagmati
2302,Police Station Kathmandu,Tokha,"Kathmandu, Nepal",,27.7600,85.3400,Kathmandu,Bagmati
2303,Police Station Kathmandu,Kapan,"Kathmandu, Nepal",,27.7500,85.3600,Kathmandu,Bagmati
2304,Police Station Kathmandu,Chunikhel,"Kathmandu, Nepal",,27.7400,85.3700,Kathmandu,Bagmati
2305,Police Station Kathmandu,Gokarneshwar,"Kathmandu, Nepal",,27.7300,85.3900,Kathmandu,Bagmati
2306,Police Station Kathmandu,Sundarijal,"Kathmandu, Nepal",,27.7800,85.4200,Kathmandu,Bagmati
2307,Police Station Kathmandu,Sankhu,"Kathmandu, Nepal",,27.7300,85.4600,Kathmandu,Bagmati
2308,Police Station Kathmandu,Nagarkot Road,"Kathmandu, Nepal",,27.7400,85.4500,Kathmandu,Bagmati
2309,Police Station Kathmandu,Chandragiri,"Kathmandu, Nepal",,27.6800,85.2300,Kathmandu,Bagmati
2310,Police Station Kathmandu,Dakshinkali,"Kathmandu, Nepal",,27.6200,85.2500,Kathmandu,Bagmati
2311,Police Station Lalitpur,Imadol,"Lalitpur, Nepal",,27.6500,85.3700,Lalitpur,Bagmati
2312,Police Station Lalitpur,Tikathali,"Lalitpur, Nepal",,27.6500,85.3800,Lalitpur,Bagmati
2313,Police Station Lalitpur,Gwarko,"Lalitpur, Nepal",,27.6650,85.3300,Lalitpur,Bagmati
2314,Police Station Lalitpur,Koteshwor Border,"Lalitpur, Nepal",,27.6750,85.3450,Lalitpur,Bagmati
2315,Police Station Lalitpur,Sunakothi,"Lalitpur, Nepal",,27.6200,85.3000,Lalitpur,Bagmati
2316,Police Station Lalitpur,Thecho,"Lalitpur, Nepal",,27.6300,85.3400,Lalitpur,Bagmati
2317,Police Station Bhaktapur,Dadhikot,"Bhaktapur, Nepal",,27.6500,85.4500,Bhaktapur,Bagmati
2318,Police Station Bhaktapur,Sipadol,"Bhaktapur, Nepal",,27.6500,85.4700,Bhaktapur,Bagmati
2319,Police Station Bhaktapur,Changu Narayan,"Bhaktapur, Nepal",,27.7200,85.4400,Bhaktapur,Bagmati
2320,Police Station Bhaktapur,Kamalbinayak,"Bhaktapur, Nepal",,27.6800,85.4400,Bhaktapur,Bagmati
2321,Police Station Kavre,Khawa,"Kavrepalanchok, Nepal",,27.6200,85.5600,Kavrepalanchok,Bagmati
2322,Police Station Kavre,Nala,"Kavrepalanchok, Nepal",,27.6500,85.5000,Kavrepalanchok,Bagmati
2323,Police Station Kavre,Sanga,"Kavrepalanchok, Nepal",,27.6500,85.4700,Kavrepalanchok,Bagmati
2324,Police Station Kavre,Dapcha,"Kavrepalanchok, Nepal",,27.5500,85.5500,Kavrepalanchok,Bagmati
2325,Police Station Nuwakot,Kakani,"Nuwakot, Nepal",,27.8000,85.2600,Nuwakot,Bagmati
2326,Police Station Nuwakot,Ranipauwa,"Nuwakot, Nepal",,27.9500,85.1000,Nuwakot,Bagmati
2327,Police Station Rasuwa,Dhunche,"Rasuwa, Nepal",,28.1100,85.3000,Rasuwa,Bagmati
2328,Police Station Rasuwa,Rasuwagadhi,"Rasuwa, Nepal",,28.3000,85.3500,Rasuwa,Bagmati
2329,Police Station Dhading,Gajuri,"Dhading, Nepal",,27.7800,84.8700,Dhading,Bagmati
2330,Police Station Dhading,Benighat,"Dhading, Nepal",,27.8200,84.8000,Dhading,Bagmati
2331,Police Station Sindhupalchok,Melamchi,"Sindhupalchok, Nepal",,27.8200,85.5800,Sindhupalchok,Bagmati
2332,Police Station Sindhupalchok,Helambu,"Sindhupalchok, Nepal",,28.0000,85.5200,Sindhupalchok,Bagmati
2333,Police Station Dolakha,Jiri,"Dolakha, Nepal",,27.6300,86.2300,Dolakha,Bagmati
2334,Police Station Dolakha,Singati,"Dolakha, Nepal",,27.7800,86.0500,Dolakha,Bagmati
2335,Police Station Ramechhap,Ramechhap Bazaar,"Ramechhap, Nepal",,27.3300,86.0900,Ramechhap,Bagmati
2336,Police Station Sindhuli,Khaniyabas,"Sindhuli, Nepal",,27.2500,85.9700,Sindhuli,Bagmati
2337,Police Station Makwanpur,Chitlang,"Makwanpur, Nepal",,27.6500,85.1500,Makwanpur,Bagmati
2338,Police Station Makwanpur,Kulekhani,"Makwanpur, Nepal",,27.5800,85.1500,Makwanpur,Bagmati
2339,Police Station Chitwan,Sauraha,"Chitwan, Nepal",,27.5800,84.4900,Chitwan,Bagmati
2340,Police Station Chitwan,Madi,"Chitwan, Nepal",,27.4000,84.2500,Chitwan,Bagmati
2341,Police Station Kaski,Begnas,"Pokhara, Nepal",,28.1800,84.0800,Kaski,Gandaki
2342,Police Station Kaski,Pame,"Pokhara, Nepal",,28.2300,83.9200,Kaski,Gandaki
2343,Police Station Kaski,Bagar,"Pokhara, Nepal",,28.2400,83.9700,Kaski,Gandaki
2344,Police Station Kaski,Chipledhunga,"Pokhara, Nepal",,28.2100,83.9900,Kaski,Gandaki
2345,Police Station Tanahun,Bandipur,"Tanahun, Nepal",,27.9300,84.4200,Tanahun,Gandaki
2346,Police Station Tanahun,Aanbukhaireni,"Tanahun, Nepal",,27.9200,84.5500,Tanahun,Gandaki
2347,Police Station Gorkha,Arughat,"Gorkha, Nepal",,28.0300,84.8000,Gorkha,Gandaki
2348,Police Station Lamjung,Bhujung,"Lamjung, Nepal",,28.2500,84.1500,Lamjung,Gandaki
2349,Police Station Myagdi,Galeshwor,"Myagdi, Nepal",,28.3800,83.6000,Myagdi,Gandaki
2350,Police Station Mustang,Korala,"Mustang, Nepal",,29.1000,83.9000,Mustang,Gandaki
2351,Police Station Manang,Manang Bazaar,"Manang, Nepal",,28.6700,84.0200,Manang,Gandaki
2352,Police Station Baglung,Galkot,"Baglung, Nepal",,28.3500,83.4000,Baglung,Gandaki
2353,Police Station Parbat,Modi,"Parbat, Nepal",,28.2500,83.7000,Parbat,Gandaki
2354,Police Station Syangja,Arjunchaupari,"Syangja, Nepal",,28.0500,83.8500,Syangja,Gandaki
2355,Police Station Nawalpur,Madhyabindu,"Nawalpur, Nepal",,27.7000,84.1000,Nawalpur,Gandaki
2356,Police Station Palpa,Rambha,"Palpa, Nepal",,27.9000,83.7000,Palpa,Lumbini
2357,Police Station Gulmi,Musikot,"Gulmi, Nepal",,28.1500,83.0000,Gulmi,Lumbini
2358,Police Station Arghakhanchi,Bhumikasthan,"Arghakhanchi, Nepal",,28.0000,83.1200,Arghakhanchi,Lumbini
2359,Police Station Kapilvastu,Banganga,"Kapilvastu, Nepal",,27.6000,83.1000,Kapilvastu,Lumbini
2360,Police Station Rupandehi,Devdaha,"Rupandehi, Nepal",,27.6500,83.5600,Rupandehi,Lumbini
2361,Police Station Banke,Raptisonari,"Banke, Nepal",,28.0000,81.8000,Banke,Lumbini
2362,Police Station Dang,Ghorahi,"Dang, Nepal",,28.0300,82.4800,Dang,Lumbini
2363,Police Station Bardiya,Thakurbaba,"Bardiya, Nepal",,28.2500,81.3500,Bardiya,Lumbini
2364,Police Station Kailali,Lamkichuha,"Kailali, Nepal",,28.6500,81.1500,Kailali,Sudurpashchim
2365,Police Station Kanchanpur,Punarbas,"Kanchanpur, Nepal",,28.8500,80.6000,Kanchanpur,Sudurpashchim
2366,Police Station Dadeldhura,Jorayal,"Dadeldhura, Nepal",,29.2000,80.6500,Dadeldhura,Sudurpashchim
2367,Police Station Baitadi,Melauli,"Baitadi, Nepal",,29.4500,80.5500,Baitadi,Sudurpashchim
2368,Police Station Darchula,Lipulekh Route,"Darchula, Nepal",,29.9500,80.5500,Darchula,Sudurpashchim
2369,Police Station Bajhang,Mela,"Bajhang, Nepal",,29.6000,81.2000,Bajhang,Sudurpashchim
2370,Police Station Bajura,Budhinanda,"Bajura, Nepal",,29.5500,81.5500,Bajura,Sudurpashchim
2371,Police Station Achham,Kamalbazar,"Achham, Nepal",,29.0500,81.3500,Achham,Sudurpashchim
2372,Police Station Surkhet,Chhinchu,"Surkhet, Nepal",,28.6000,81.6000,Surkhet,Karnali
2373,Police Station Dailekh,Dullu,"Dailekh, Nepal",,28.8300,81.7200,Dailekh,Karnali
2374,Police Station Jajarkot,Nalgaad,"Jajarkot, Nepal",,28.7000,82.3000,Jajarkot,Karnali
2375,Police Station Jumla,Tila,"Jumla, Nepal",,29.3000,82.2000,Jumla,Karnali
2376,Police Station Kalikot,Pachaljharana,"Kalikot, Nepal",,29.1000,81.6000,Kalikot,Karnali
2377,Police Station Mugu,Khatyad,"Mugu, Nepal",,29.7000,82.1000,Mugu,Karnali
2378,Police Station Dolpa,Tripurakot,"Dolpa, Nepal",,29.0000,82.8000,Dolpa,Karnali
2379,Police Station Jhapa,Mechinagar,"Jhapa, Nepal",,26.6500,88.1500,Jhapa,Koshi
2380,Police Station Morang,Damak Road Area,"Morang, Nepal",,26.5000,87.6300,Morang,Koshi
2381,Police Station Sunsari,Dharan,"Sunsari, Nepal",,26.8100,87.2800,Sunsari,Koshi
2382,Police Station Ilam,Phikkal,"Ilam, Nepal",,26.8900,88.0800,Ilam,Koshi
2383,Police Station Panchthar,Yangwarak,"Panchthar, Nepal",,27.1500,87.7500,Panchthar,Koshi
2384,Police Station Taplejung,Thechambu,"Taplejung, Nepal",,27.3500,87.6700,Taplejung,Koshi
2385,Police Station Khotang,Aiselukharka,"Khotang, Nepal",,27.3000,86.8000,Khotang,Koshi
2386,Police Station Solukhumbu,Namche,"Solukhumbu, Nepal",,27.8000,86.7200,Solukhumbu,Koshi
2387,Police Station Udayapur,Triyuga,"Udayapur, Nepal",,26.8000,86.7000,Udayapur,Koshi
2388,Police Station Saptari,Bodebarsain,"Saptari, Nepal",,26.6000,86.7000,Saptari,Madhesh
2389,Police Station Siraha,Dhangadhimai,"Siraha, Nepal",,26.7000,86.3000,Siraha,Madhesh
2390,Police Station Dhanusha,Sabaila,"Dhanusha, Nepal",,26.8000,85.9000,Dhanusha,Madhesh
2391,Police Station Mahottari,Gaushala,"Mahottari, Nepal",,26.9500,85.8000,Mahottari,Madhesh
2392,Police Station Sarlahi,Haripur,"Sarlahi, Nepal",,26.9500,85.5500,Sarlahi,Madhesh
2393,Police Station Rautahat,Garuda,"Rautahat, Nepal",,26.9800,85.2500,Rautahat,Madhesh
2394,Police Station Bara,Nijgadh,"Bara, Nepal",,27.1900,85.1500,Bara,Madhesh
2395,Police Station Parsa,Pokhariya,"Parsa, Nepal",,27.0500,84.7000,Parsa,Madhesh
2396,Police Station Kathmandu,Kathmandu Metropolitan,"Kathmandu, Nepal",,27.7172,85.3240,Kathmandu,Bagmati
2397,Police Station Pokhara,Mahendrapul,"Kaski, Nepal",,28.2200,83.9900,Kaski,Gandaki
2398,Police Station Biratnagar,Main Road,"Morang, Nepal",,26.4500,87.2700,Morang,Koshi
2399,Police Station Janakpur,Shiv Chowk,"Dhanusha, Nepal",,26.7300,85.9200,Dhanusha,Madhesh
2400,Police Station Bharatpur,Hakim Chowk,"Chitwan, Nepal",,27.6800,84.4300,Chitwan,Bagmati
ID,Police Station,Destination,Address,Phone,Latitude,Longitude,District,Province
2401,Police Station Kathmandu,New Baneshwor,"Kathmandu, Nepal",,27.6900,85.3420,Kathmandu,Bagmati
2402,Police Station Kathmandu,Old Baneshwor,"Kathmandu, Nepal",,27.6950,85.3400,Kathmandu,Bagmati
2403,Police Station Kathmandu,Sinamangal,"Kathmandu, Nepal",,27.6950,85.3550,Kathmandu,Bagmati
2404,Police Station Kathmandu,Gaushala,"Kathmandu, Nepal",,27.7100,85.3500,Kathmandu,Bagmati
2405,Police Station Kathmandu,Pashupati Area,"Kathmandu, Nepal",,27.7100,85.3500,Kathmandu,Bagmati
2406,Police Station Kathmandu,Maitidevi,"Kathmandu, Nepal",,27.7050,85.3300,Kathmandu,Bagmati
2407,Police Station Kathmandu,Dillibazar,"Kathmandu, Nepal",,27.7100,85.3250,Kathmandu,Bagmati
2408,Police Station Kathmandu,Putalisadak,"Kathmandu, Nepal",,27.7050,85.3200,Kathmandu,Bagmati
2409,Police Station Kathmandu,Kamaladi,"Kathmandu, Nepal",,27.7050,85.3150,Kathmandu,Bagmati
2410,Police Station Kathmandu,Thapathali,"Kathmandu, Nepal",,27.6950,85.3150,Kathmandu,Bagmati
2411,Police Station Lalitpur,Sanepa,"Lalitpur, Nepal",,27.6850,85.3050,Lalitpur,Bagmati
2412,Police Station Lalitpur,Jhamsikhel,"Lalitpur, Nepal",,27.6900,85.3000,Lalitpur,Bagmati
2413,Police Station Lalitpur,Kupandole,"Lalitpur, Nepal",,27.6900,85.3150,Lalitpur,Bagmati
2414,Police Station Lalitpur,Mangalbazar,"Lalitpur, Nepal",,27.6700,85.3250,Lalitpur,Bagmati
2415,Police Station Lalitpur,Patan Durbar,"Lalitpur, Nepal",,27.6730,85.3250,Lalitpur,Bagmati
2416,Police Station Bhaktapur,Bode,"Bhaktapur, Nepal",,27.6800,85.3900,Bhaktapur,Bagmati
2417,Police Station Bhaktapur,Thimi,"Bhaktapur, Nepal",,27.6800,85.3870,Bhaktapur,Bagmati
2418,Police Station Bhaktapur,Duwakot,"Bhaktapur, Nepal",,27.7000,85.4200,Bhaktapur,Bagmati
2419,Police Station Bhaktapur,Kausaltar,"Bhaktapur, Nepal",,27.6750,85.4000,Bhaktapur,Bagmati
2420,Police Station Kavre,Dhulikhel,"Kavrepalanchok, Nepal",,27.6200,85.5400,Kavrepalanchok,Bagmati
2421,Police Station Kavre,Banepa,"Kavrepalanchok, Nepal",,27.6300,85.5200,Kavrepalanchok,Bagmati
2422,Police Station Kavre,Panauti,"Kavrepalanchok, Nepal",,27.5800,85.5100,Kavrepalanchok,Bagmati
2423,Police Station Kavre,Namobuddha,"Kavrepalanchok, Nepal",,27.5700,85.6000,Kavrepalanchok,Bagmati
2424,Police Station Sindhupalchok,Chautara,"Sindhupalchok, Nepal",,27.7800,85.7100,Sindhupalchok,Bagmati
2425,Police Station Sindhupalchok,Barhabise,"Sindhupalchok, Nepal",,27.7900,85.8500,Sindhupalchok,Bagmati
2426,Police Station Nuwakot,Bidur,"Nuwakot, Nepal",,27.9200,85.1600,Nuwakot,Bagmati
2427,Police Station Nuwakot,Trishuli,"Nuwakot, Nepal",,27.9000,85.1600,Nuwakot,Bagmati
2428,Police Station Rasuwa,Syabrubesi,"Rasuwa, Nepal",,28.1800,85.3800,Rasuwa,Bagmati
2429,Police Station Dhading,Dhadingbesi,"Dhading, Nepal",,27.8700,84.9200,Dhading,Bagmati
2430,Police Station Dhading,Gajuri,"Dhading, Nepal",,27.7800,84.8700,Dhading,Bagmati
2431,Police Station Makwanpur,Hetauda,"Makwanpur, Nepal",,27.4300,85.0300,Makwanpur,Bagmati
2432,Police Station Makwanpur,Palung,"Makwanpur, Nepal",,27.5600,85.1500,Makwanpur,Bagmati
2433,Police Station Chitwan,Bharatpur,"Chitwan, Nepal",,27.6800,84.4300,Chitwan,Bagmati
2434,Police Station Chitwan,Sauraha,"Chitwan, Nepal",,27.5800,84.4900,Chitwan,Bagmati
2435,Police Station Kaski,Lakeside,"Pokhara, Nepal",,28.2100,83.9600,Kaski,Gandaki
2436,Police Station Kaski,Hallanchowk,"Pokhara, Nepal",,28.2200,83.9500,Kaski,Gandaki
2437,Police Station Kaski,Prithvi Chowk,"Pokhara, Nepal",,28.2100,83.9900,Kaski,Gandaki
2438,Police Station Kaski,Mahendrapul,"Pokhara, Nepal",,28.2200,83.9900,Kaski,Gandaki
2439,Police Station Kaski,Bagar,"Pokhara, Nepal",,28.2400,83.9700,Kaski,Gandaki
2440,Police Station Kaski,Begnas,"Pokhara, Nepal",,28.1800,84.0800,Kaski,Gandaki
2441,Police Station Tanahun,Damauli,"Tanahun, Nepal",,27.9730,84.2400,Tanahun,Gandaki
2442,Police Station Tanahun,Bandipur,"Tanahun, Nepal",,27.9300,84.4200,Tanahun,Gandaki
2443,Police Station Gorkha,Gorkha Bazaar,"Gorkha, Nepal",,28.0000,84.6330,Gorkha,Gandaki
2444,Police Station Gorkha,Arughat,"Gorkha, Nepal",,28.0300,84.8000,Gorkha,Gandaki
2445,Police Station Lamjung,Besisahar,"Lamjung, Nepal",,28.2300,84.0100,Lamjung,Gandaki
2446,Police Station Myagdi,Beni,"Myagdi, Nepal",,28.3500,83.5700,Myagdi,Gandaki
2447,Police Station Mustang,Jomsom,"Mustang, Nepal",,28.7800,83.7200,Mustang,Gandaki
2448,Police Station Manang,Chame,"Manang, Nepal",,28.5500,84.2300,Manang,Gandaki
2449,Police Station Baglung,Baglung Bazaar,"Baglung, Nepal",,28.2700,83.5900,Baglung,Gandaki
2450,Police Station Parbat,Kushma,"Parbat, Nepal",,28.2200,83.6800,Parbat,Gandaki
2451,Police Station Syangja,Waling,"Syangja, Nepal",,27.9800,83.7600,Syangja,Gandaki
2452,Police Station Nawalpur,Kawasoti,"Nawalpur, Nepal",,27.6500,84.1300,Nawalpur,Gandaki
2453,Police Station Palpa,Tansen,"Palpa, Nepal",,27.8700,83.5500,Palpa,Lumbini
2454,Police Station Gulmi,Tamghas,"Gulmi, Nepal",,28.0800,83.2500,Gulmi,Lumbini
2455,Police Station Arghakhanchi,Sandhikharka,"Arghakhanchi, Nepal",,27.9500,83.1200,Arghakhanchi,Lumbini
2456,Police Station Kapilvastu,Taulihawa,"Kapilvastu, Nepal",,27.5500,83.0500,Kapilvastu,Lumbini
2457,Police Station Rupandehi,Butwal,"Rupandehi, Nepal",,27.7000,83.4500,Rupandehi,Lumbini
2458,Police Station Rupandehi,Bhairahawa,"Rupandehi, Nepal",,27.5000,83.4500,Rupandehi,Lumbini
2459,Police Station Banke,Nepalgunj,"Banke, Nepal",,28.0500,81.6200,Banke,Lumbini
2460,Police Station Dang,Ghorahi,"Dang, Nepal",,28.0300,82.4800,Dang,Lumbini
2461,Police Station Bardiya,Gulariya,"Bardiya, Nepal",,28.2300,81.3400,Bardiya,Lumbini
2462,Police Station Kailali,Dhangadhi,"Kailali, Nepal",,28.7000,80.5900,Kailali,Sudurpashchim
2463,Police Station Kanchanpur,Bhimdatta,"Kanchanpur, Nepal",,28.9600,80.1800,Kanchanpur,Sudurpashchim
2464,Police Station Dadeldhura,Dadeldhura Bazaar,"Dadeldhura, Nepal",,29.3000,80.5800,Dadeldhura,Sudurpashchim
2465,Police Station Baitadi,Dasharathchand,"Baitadi, Nepal",,29.5200,80.4300,Baitadi,Sudurpashchim
2466,Police Station Darchula,Khalanga,"Darchula, Nepal",,29.8500,80.5500,Darchula,Sudurpashchim
2467,Police Station Bajhang,Chainpur,"Bajhang, Nepal",,29.5500,81.1800,Bajhang,Sudurpashchim
2468,Police Station Bajura,Martadi,"Bajura, Nepal",,29.4200,81.4200,Bajura,Sudurpashchim
2469,Police Station Achham,Mangalsen,"Achham, Nepal",,29.1300,81.2500,Achham,Sudurpashchim
2470,Police Station Surkhet,Birendranagar,"Surkhet, Nepal",,28.6000,81.6300,Surkhet,Karnali
2471,Police Station Dailekh,Narayan,"Dailekh, Nepal",,28.8500,81.7100,Dailekh,Karnali
2472,Police Station Jajarkot,Khalanga,"Jajarkot, Nepal",,28.7000,82.1800,Jajarkot,Karnali
2473,Police Station Jumla,Chandannath,"Jumla, Nepal",,29.2700,82.1800,Jumla,Karnali
2474,Police Station Kalikot,Manma,"Kalikot, Nepal",,29.1500,81.6200,Kalikot,Karnali
2475,Police Station Mugu,Gamgadhi,"Mugu, Nepal",,29.5300,82.0900,Mugu,Karnali
2476,Police Station Dolpa,Dunai,"Dolpa, Nepal",,29.0000,82.8200,Dolpa,Karnali
2477,Police Station Jhapa,Birtamode,"Jhapa, Nepal",,26.6400,88.0000,Jhapa,Koshi
2478,Police Station Morang,Biratnagar,"Morang, Nepal",,26.4500,87.2700,Morang,Koshi
2479,Police Station Sunsari,Itahari,"Sunsari, Nepal",,26.6600,87.2700,Sunsari,Koshi
2480,Police Station Ilam,Ilam Bazaar,"Ilam, Nepal",,26.9100,87.9300,Ilam,Koshi
2481,Police Station Panchthar,Phidim,"Panchthar, Nepal",,27.1500,87.7500,Panchthar,Koshi
2482,Police Station Taplejung,Phungling,"Taplejung, Nepal",,27.3500,87.6700,Taplejung,Koshi
2483,Police Station Khotang,Diktel,"Khotang, Nepal",,27.2100,86.7900,Khotang,Koshi
2484,Police Station Solukhumbu,Salleri,"Solukhumbu, Nepal",,27.7900,86.7200,Solukhumbu,Koshi
2485,Police Station Udayapur,Gaighat,"Udayapur, Nepal",,26.8000,86.7000,Udayapur,Koshi
2486,Police Station Saptari,Rajbiraj,"Saptari, Nepal",,26.5400,86.7500,Saptari,Madhesh
2487,Police Station Siraha,Lahan,"Siraha, Nepal",,26.7200,86.4800,Siraha,Madhesh
2488,Police Station Dhanusha,Janakpur,"Dhanusha, Nepal",,26.7300,85.9200,Dhanusha,Madhesh
2489,Police Station Mahottari,Jaleshwar,"Mahottari, Nepal",,26.6500,85.8000,Mahottari,Madhesh
2490,Police Station Sarlahi,Malangwa,"Sarlahi, Nepal",,26.8600,85.5600,Sarlahi,Madhesh
2491,Police Station Rautahat,Gaur,"Rautahat, Nepal",,26.7700,85.2700,Rautahat,Madhesh
2492,Police Station Bara,Kalaiya,"Bara, Nepal",,26.9900,84.8700,Bara,Madhesh
2493,Police Station Parsa,Birgunj,"Parsa, Nepal",,27.0100,84.8800,Parsa,Madhesh
2494,Police Station Pokhara,Lakeside,"Kaski, Nepal",,28.2100,83.9600,Kaski,Gandaki
2495,Police Station Kathmandu,Ratnapark,"Kathmandu, Nepal",,27.7050,85.3150,Kathmandu,Bagmati
2496,Police Station Biratnagar,Rani,"Morang, Nepal",,26.4500,87.2700,Morang,Koshi
2497,Police Station Janakpur,Ramanand Chowk,"Dhanusha, Nepal",,26.7300,85.9200,Dhanusha,Madhesh
2498,Police Station Bharatpur,Chowk Bazaar,"Chitwan, Nepal",,27.6800,84.4300,Chitwan,Bagmati
2499,Police Station Nepalgunj,Dhamboji,"Banke, Nepal",,28.0500,81.6200,Banke,Lumbini
2500,Police Station Hetauda,Main Road,"Makwanpur, Nepal",,27.4300,85.0300,Makwanpur,Bagmati
2501,Police Station Kathmandu,Kalanki,"Kathmandu, Nepal",,27.6930,85.2800,Kathmandu,Bagmati
2502,Police Station Kathmandu,Naikap,"Kathmandu, Nepal",,27.6900,85.2500,Kathmandu,Bagmati
2503,Police Station Kathmandu,Balkhu,"Kathmandu, Nepal",,27.6850,85.3000,Kathmandu,Bagmati
2504,Police Station Kathmandu,Kuleshwor,"Kathmandu, Nepal",,27.6900,85.3050,Kathmandu,Bagmati
2505,Police Station Kathmandu,Teku,"Kathmandu, Nepal",,27.6950,85.3100,Kathmandu,Bagmati
2506,Police Station Kathmandu,Indrachowk,"Kathmandu, Nepal",,27.7050,85.3100,Kathmandu,Bagmati
2507,Police Station Kathmandu,Ason,"Kathmandu, Nepal",,27.7080,85.3100,Kathmandu,Bagmati
2508,Police Station Kathmandu,Jamal,"Kathmandu, Nepal",,27.7100,85.3150,Kathmandu,Bagmati
2509,Police Station Kathmandu,Lainchaur,"Kathmandu, Nepal",,27.7200,85.3200,Kathmandu,Bagmati
2510,Police Station Kathmandu,Lazimpat,"Kathmandu, Nepal",,27.7200,85.3300,Kathmandu,Bagmati
2511,Police Station Lalitpur,Satdobato,"Lalitpur, Nepal",,27.6570,85.3240,Lalitpur,Bagmati
2512,Police Station Lalitpur,Dhapakhel,"Lalitpur, Nepal",,27.6300,85.3200,Lalitpur,Bagmati
2513,Police Station Lalitpur,Sainbu,"Lalitpur, Nepal",,27.6400,85.3100,Lalitpur,Bagmati
2514,Police Station Lalitpur,Bungamati,"Lalitpur, Nepal",,27.6200,85.2900,Lalitpur,Bagmati
2515,Police Station Lalitpur,Khokana,"Lalitpur, Nepal",,27.6200,85.2800,Lalitpur,Bagmati
2516,Police Station Bhaktapur,Kamala Binayak,"Bhaktapur, Nepal",,27.6800,85.4400,Bhaktapur,Bagmati
2517,Police Station Bhaktapur,Byasi,"Bhaktapur, Nepal",,27.6750,85.4300,Bhaktapur,Bagmati
2518,Police Station Bhaktapur,Bhaktapur Durbar,"Bhaktapur, Nepal",,27.6720,85.4290,Bhaktapur,Bagmati
2519,Police Station Bhaktapur,Nagarkot,"Bhaktapur, Nepal",,27.7150,85.5200,Bhaktapur,Bagmati
2520,Police Station Bhaktapur,Tathali,"Bhaktapur, Nepal",,27.6800,85.4700,Bhaktapur,Bagmati
2521,Police Station Kavre,Banepa,"Kavrepalanchok, Nepal",,27.6300,85.5200,Kavrepalanchok,Bagmati
2522,Police Station Kavre,Dhulikhel,"Kavrepalanchok, Nepal",,27.6200,85.5400,Kavrepalanchok,Bagmati
2523,Police Station Kavre,Panauti,"Kavrepalanchok, Nepal",,27.5800,85.5100,Kavrepalanchok,Bagmati
2524,Police Station Kavre,Khapasi,"Kavrepalanchok, Nepal",,27.6100,85.5400,Kavrepalanchok,Bagmati
2525,Police Station Nuwakot,Bidur,"Nuwakot, Nepal",,27.9200,85.1600,Nuwakot,Bagmati
2526,Police Station Nuwakot,Kakani,"Nuwakot, Nepal",,27.8000,85.2600,Nuwakot,Bagmati
2527,Police Station Rasuwa,Syabrubesi,"Rasuwa, Nepal",,28.1800,85.3800,Rasuwa,Bagmati
2528,Police Station Rasuwa,Dhunche,"Rasuwa, Nepal",,28.1100,85.3000,Rasuwa,Bagmati
2529,Police Station Dhading,Naubise,"Dhading, Nepal",,27.7500,85.0000,Dhading,Bagmati
2530,Police Station Dhading,Gajuri,"Dhading, Nepal",,27.7800,84.8700,Dhading,Bagmati
2531,Police Station Makwanpur,Hetauda,"Makwanpur, Nepal",,27.4300,85.0300,Makwanpur,Bagmati
2532,Police Station Makwanpur,Bhimphedi,"Makwanpur, Nepal",,27.5500,85.1500,Makwanpur,Bagmati
2533,Police Station Chitwan,Bharatpur,"Chitwan, Nepal",,27.6800,84.4300,Chitwan,Bagmati
2534,Police Station Chitwan,Muglin,"Chitwan, Nepal",,27.8200,84.5500,Chitwan,Bagmati
2535,Police Station Kaski,Lakeside,"Pokhara, Nepal",,28.2100,83.9600,Kaski,Gandaki
2536,Police Station Kaski,Zero Kilometer,"Pokhara, Nepal",,28.2300,84.0000,Kaski,Gandaki
2537,Police Station Kaski,Chipledhunga,"Pokhara, Nepal",,28.2100,83.9900,Kaski,Gandaki
2538,Police Station Kaski,Prithvi Chowk,"Pokhara, Nepal",,28.2100,83.9900,Kaski,Gandaki
2539,Police Station Kaski,Srijana Chowk,"Pokhara, Nepal",,28.2200,83.9900,Kaski,Gandaki
2540,Police Station Kaski,Amarsingh Chowk,"Pokhara, Nepal",,28.2300,84.0000,Kaski,Gandaki
2541,Police Station Tanahun,Damauli,"Tanahun, Nepal",,27.9730,84.2400,Tanahun,Gandaki
2542,Police Station Tanahun,Bandipur,"Tanahun, Nepal",,27.9300,84.4200,Tanahun,Gandaki
2543,Police Station Gorkha,Gorkha Bazaar,"Gorkha, Nepal",,28.0000,84.6330,Gorkha,Gandaki
2544,Police Station Lamjung,Besisahar,"Lamjung, Nepal",,28.2300,84.0100,Lamjung,Gandaki
2545,Police Station Myagdi,Beni,"Myagdi, Nepal",,28.3500,83.5700,Myagdi,Gandaki
2546,Police Station Mustang,Jomsom,"Mustang, Nepal",,28.7800,83.7200,Mustang,Gandaki
2547,Police Station Manang,Chame,"Manang, Nepal",,28.5500,84.2300,Manang,Gandaki
2548,Police Station Baglung,Baglung Bazaar,"Baglung, Nepal",,28.2700,83.5900,Baglung,Gandaki
2549,Police Station Parbat,Kushma,"Parbat, Nepal",,28.2200,83.6800,Parbat,Gandaki
2550,Police Station Syangja,Waling,"Syangja, Nepal",,27.9800,83.7600,Syangja,Gandaki
2551,Police Station Nawalpur,Kawasoti,"Nawalpur, Nepal",,27.6500,84.1300,Nawalpur,Gandaki
2552,Police Station Palpa,Tansen,"Palpa, Nepal",,27.8700,83.5500,Palpa,Lumbini
2553,Police Station Gulmi,Tamghas,"Gulmi, Nepal",,28.0800,83.2500,Gulmi,Lumbini
2554,Police Station Arghakhanchi,Sandhikharka,"Arghakhanchi, Nepal",,27.9500,83.1200,Arghakhanchi,Lumbini
2555,Police Station Kapilvastu,Taulihawa,"Kapilvastu, Nepal",,27.5500,83.0500,Kapilvastu,Lumbini
2556,Police Station Rupandehi,Butwal,"Rupandehi, Nepal",,27.7000,83.4500,Rupandehi,Lumbini
2557,Police Station Banke,Nepalgunj,"Banke, Nepal",,28.0500,81.6200,Banke,Lumbini
2558,Police Station Dang,Ghorahi,"Dang, Nepal",,28.0300,82.4800,Dang,Lumbini
2559,Police Station Bardiya,Gulariya,"Bardiya, Nepal",,28.2300,81.3400,Bardiya,Lumbini
2560,Police Station Kailali,Dhangadhi,"Kailali, Nepal",,28.7000,80.5900,Kailali,Sudurpashchim
2561,Police Station Kanchanpur,Bhimdatta,"Kanchanpur, Nepal",,28.9600,80.1800,Kanchanpur,Sudurpashchim
2562,Police Station Dadeldhura,Amargadhi,"Dadeldhura, Nepal",,29.3000,80.5800,Dadeldhura,Sudurpashchim
2563,Police Station Baitadi,Dasharathchand,"Baitadi, Nepal",,29.5200,80.4300,Baitadi,Sudurpashchim
2564,Police Station Darchula,Khalanga,"Darchula, Nepal",,29.8500,80.5500,Darchula,Sudurpashchim
2565,Police Station Bajhang,Chainpur,"Bajhang, Nepal",,29.5500,81.1800,Bajhang,Sudurpashchim
2566,Police Station Bajura,Martadi,"Bajura, Nepal",,29.4200,81.4200,Bajura,Sudurpashchim
2567,Police Station Achham,Mangalsen,"Achham, Nepal",,29.1300,81.2500,Achham,Sudurpashchim
2568,Police Station Surkhet,Birendranagar,"Surkhet, Nepal",,28.6000,81.6300,Surkhet,Karnali
2569,Police Station Dailekh,Narayan,"Dailekh, Nepal",,28.8500,81.7100,Dailekh,Karnali
2570,Police Station Jajarkot,Khalanga,"Jajarkot, Nepal",,28.7000,82.1800,Jajarkot,Karnali
2571,Police Station Jumla,Chandannath,"Jumla, Nepal",,29.2700,82.1800,Jumla,Karnali
2572,Police Station Kalikot,Manma,"Kalikot, Nepal",,29.1500,81.6200,Kalikot,Karnali
2573,Police Station Mugu,Gamgadhi,"Mugu, Nepal",,29.5300,82.0900,Mugu,Karnali
2574,Police Station Dolpa,Dunai,"Dolpa, Nepal",,29.0000,82.8200,Dolpa,Karnali
2575,Police Station Jhapa,Birtamode,"Jhapa, Nepal",,26.6400,88.0000,Jhapa,Koshi
2576,Police Station Morang,Biratnagar,"Morang, Nepal",,26.4500,87.2700,Morang,Koshi
2577,Police Station Sunsari,Itahari,"Sunsari, Nepal",,26.6600,87.2700,Sunsari,Koshi
2578,Police Station Ilam,Ilam Bazaar,"Ilam, Nepal",,26.9100,87.9300,Ilam,Koshi
2579,Police Station Panchthar,Phidim,"Panchthar, Nepal",,27.1500,87.7500,Panchthar,Koshi
2580,Police Station Taplejung,Phungling,"Taplejung, Nepal",,27.3500,87.6700,Taplejung,Koshi
2581,Police Station Khotang,Diktel,"Khotang, Nepal",,27.2100,86.7900,Khotang,Koshi
2582,Police Station Solukhumbu,Salleri,"Solukhumbu, Nepal",,27.7900,86.7200,Solukhumbu,Koshi
2583,Police Station Udayapur,Gaighat,"Udayapur, Nepal",,26.8000,86.7000,Udayapur,Koshi
2584,Police Station Saptari,Rajbiraj,"Saptari, Nepal",,26.5400,86.7500,Saptari,Madhesh
2585,Police Station Siraha,Lahan,"Siraha, Nepal",,26.7200,86.4800,Siraha,Madhesh
2586,Police Station Dhanusha,Janakpur,"Dhanusha, Nepal",,26.7300,85.9200,Dhanusha,Madhesh
2587,Police Station Mahottari,Jaleshwar,"Mahottari, Nepal",,26.6500,85.8000,Mahottari,Madhesh
2588,Police Station Sarlahi,Malangwa,"Sarlahi, Nepal",,26.8600,85.5600,Sarlahi,Madhesh
2589,Police Station Rautahat,Gaur,"Rautahat, Nepal",,26.7700,85.2700,Rautahat,Madhesh
2590,Police Station Bara,Kalaiya,"Bara, Nepal",,26.9900,84.8700,Bara,Madhesh
2591,Police Station Parsa,Birgunj,"Parsa, Nepal",,27.0100,84.8800,Parsa,Madhesh
2592,Police Station Pokhara,Bindabasini,"Pokhara, Nepal",,28.2300,83.9800,Kaski,Gandaki
2593,Police Station Kathmandu,Koteshwor,"Kathmandu, Nepal",,27.6780,85.3480,Kathmandu,Bagmati
2594,Police Station Biratnagar,Rani,"Morang, Nepal",,26.4500,87.2700,Morang,Koshi
2595,Police Station Janakpur,Janaki Mandir Area,"Dhanusha, Nepal",,26.7300,85.9200,Dhanusha,Madhesh
2596,Police Station Bharatpur,Narayangadh,"Chitwan, Nepal",,27.6800,84.4300,Chitwan,Bagmati
2597,Police Station Nepalgunj,Dhamboji,"Banke, Nepal",,28.0500,81.6200,Banke,Lumbini
2598,Police Station Hetauda,Bhimphedi Road,"Makwanpur, Nepal",,27.4300,85.0300,Makwanpur,Bagmati
2599,Police Station Dharan,Dharan,"Sunsari, Nepal",,26.8100,87.2800,Sunsari,Koshi
2600,Police Station Butwal,Butwal,"Rupandehi, Nepal",,27.7000,83.4500,Rupandehi,Lumbini
