place,latitude,longitude,district,accidents,landslide,avalanche,flood,earthquake_damage,hospital,police,fire_station,emergency_risk,natural_disaster_risk,tourism_risk_index,risk_category,data_quality_score
Achham Mangalsen,29.12,81.25,Achham,2.0,6.0,0.0,5.0,6.0,5,4,1,60.0,55.0,58.0,Medium,100.0
Achham Ramaroshan,29.1,81.2,Achham,5.0,8.0,0.0,8.0,5.0,10,10,3,55.0,60.0,65.0,Medium,100.0
Achham Ramaroshan Area,29.35,81.3,Achham,8.0,13.0,4.0,8.0,8.0,5,5,2,70.0,80.0,82.0,High,100.0
Achham Ramaroshan Lake,29.15,81.3,Achham,10.0,15.0,5.0,5.0,8.0,5,5,2,75.0,85.0,88.0,High,100.0
Achham Ramaroshan Trail,29.1,81.2,Achham,9.0,13.0,4.0,6.0,8.0,5,5,2,70.0,80.0,82.0,High,100.0
Achham Turmakhad,29.1,81.4,Achham,4.0,7.0,0.0,5.0,6.0,15,15,5,45.0,55.0,60.0,Medium,100.0
Bajrabarahi Temple,29.12,81.25,Achham,2.0,5.0,0.0,3.0,5.0,2,2,1,65.0,45.0,53.0,Medium,100.0
Bannigadhi Tourism Area,29.05,81.25,Achham,3.0,7.0,1.0,4.0,5.0,3,3,1,65.0,60.0,62.0,Medium,100.0
Khaptad Forest Camp,29.35,81.15,Achham,6.0,10.0,2.0,6.0,7.0,10,8,3,65.0,70.0,72.0,High,100.0
Khaptad Lake Trail,29.33,81.22,Achham,10.0,15.0,5.0,3.0,9.0,0,0,0,100.0,90.0,92.0,High,100.0
Khaptad National Park,29.3,81.15,Achham,8.0,12.0,0.0,5.0,8.0,5,5,2,70.0,75.0,78.0,High,100.0
Khaptad National Park Center,29.3,81.2,Achham,8.0,12.0,2.0,4.0,8.0,5,5,2,70.0,75.0,78.0,High,100.0
Khaptad National Park Village Route,29.35,81.15,Achham,6.0,10.0,2.0,6.0,7.0,10,8,3,65.0,70.0,72.0,High,100.0
Khaptad Plateau Trail,29.35,81.2,Achham,10.0,15.0,2.0,4.0,8.0,0,0,0,100.0,85.0,88.0,High,100.0
Mangalsen Bazaar,29.13,81.25,Achham,2.0,5.0,0.0,5.0,6.0,10,8,2,55.0,60.0,58.0,Medium,100.0
Mangalsen Rural Route,29.12,81.25,Achham,3.0,5.0,0.0,7.0,5.0,50,40,15,20.0,35.0,40.0,Medium,100.0
Mangalsen Rural Viewpoint,29.13,81.25,Achham,4.0,7.0,0.0,8.0,5.0,40,30,10,25.0,45.0,50.0,Medium,100.0
Mangalsen View Point,29.13,81.25,Achham,2.0,5.0,0.0,4.0,5.0,5,4,1,50.0,45.0,47.0,Medium,100.0
Mellekh Village Trail,29.2,81.15,Achham,6.0,10.0,3.0,6.0,7.0,10,8,3,65.0,70.0,72.0,High,100.0
Panchadewal Temple,29.2,81.3,Achham,1.0,3.0,0.0,4.0,4.0,8,6,2,35.0,30.0,32.0,Medium,100.0
Ramaroshan Area,29.25,81.35,Achham,3.0,9.0,2.0,4.0,6.0,0,1,0,90.0,75.0,81.0,High,100.0
Ramaroshan Forest Camp,29.1,81.35,Achham,12.0,16.0,8.0,3.0,9.0,0,0,0,100.0,90.0,92.0,High,100.0
Ramaroshan Lake,29.1,81.2,Achham,5.0,8.0,0.0,8.0,5.0,10,10,3,55.0,60.0,65.0,Medium,100.0
Ramaroshan Lake Trail,29.1,81.2,Achham,5.0,8.0,0.0,8.0,5.0,10,10,3,55.0,60.0,65.0,Medium,100.0
Ramaroshan Rural Area,29.35,81.3,Achham,8.0,13.0,4.0,8.0,8.0,5,5,2,70.0,80.0,82.0,High,100.0
Ramaroshan Rural Lake,29.15,81.3,Achham,8.0,12.0,3.0,5.0,7.0,10,8,3,65.0,75.0,78.0,High,100.0
Ramaroshan Rural Trail,29.35,81.3,Achham,8.0,13.0,4.0,8.0,8.0,5,5,2,70.0,80.0,82.0,High,100.0
Ramaroshan Tourism Area,29.35,81.05,Achham,4.0,10.0,2.0,5.0,6.0,1,1,0,85.0,80.0,84.0,High,100.0
Ramaroshan Trek Route,29.28,81.4,Achham,4.0,10.0,3.0,4.0,7.0,0,0,0,100.0,85.0,92.0,High,100.0
Ramaroshan Valley,29.3,81.05,Achham,5.0,11.0,3.0,5.0,7.0,1,1,0,90.0,85.0,87.0,High,100.0
Ramaroshan View Tower,29.25,81.35,Achham,5.0,12.0,5.0,3.0,8.0,0,0,0,90.0,85.0,87.0,High,100.0
Ramarshan Lake,29.25,81.35,Achham,6.0,14.0,8.0,3.0,9.0,0,0,0,95.0,90.0,93.0,High,100.0
Saileshwari Temple,29.35,81.25,Achham,2.0,3.0,0.0,5.0,4.0,50,40,15,15.0,30.0,35.0,Low,100.0
Sanphebagar,29.25,81.2,Achham,1.0,4.0,0.0,8.0,4.0,10,8,2,40.0,45.0,42.0,Medium,100.0
Sanphebagar Airport Area,29.24,81.22,Achham,1.0,3.0,0.0,5.0,3.0,8,6,2,35.0,35.0,35.0,Medium,100.0
Sanphebagar Area,29.25,81.2,Achham,1.0,4.0,0.0,8.0,4.0,10,8,2,40.0,45.0,42.0,Medium,100.0
Sanphebagar Rural Route,29.25,81.2,Achham,2.0,4.0,0.0,12.0,4.0,60,50,20,15.0,30.0,35.0,Low,100.0
Sanphebagar Rural Trail,29.25,81.2,Achham,3.0,5.0,0.0,12.0,5.0,50,40,15,20.0,35.0,40.0,Medium,100.0
Tribeni Khaptad Route,29.25,81.15,Achham,6.0,10.0,2.0,5.0,7.0,5,5,2,65.0,70.0,72.0,High,100.0
Arghakhanchi Mountain Route,28.05,83.1,Arghakhanchi,4.0,7.0,0.0,6.0,5.0,40,30,10,25.0,40.0,45.0,Medium,100.0
Arghakhanchi Sandhikharka Trail,28.0,83.12,Arghakhanchi,2.0,4.0,0.0,6.0,4.0,70,60,20,5.0,20.0,25.0,Low,100.0
Arghakhanchi Supa Deurali,27.97,83.12,Arghakhanchi,2.0,3.0,0.0,3.0,4.0,30,25,10,15.0,25.0,30.0,Low,100.0
Arghakhanchi Supadeurali,28.05,83.1,Arghakhanchi,4.0,7.0,0.0,6.0,5.0,40,30,10,25.0,45.0,50.0,Medium,100.0
Jaluke Area,28.05,83.0,Arghakhanchi,3.0,7.0,1.0,4.0,6.0,3,3,1,65.0,65.0,65.0,High,100.0
Khadkawada Rural Route,28.0,83.0,Arghakhanchi,3.0,5.0,0.0,5.0,4.0,60,50,20,10.0,25.0,30.0,Low,100.0
Sandhikharka Bazaar,28.1,83.12,Arghakhanchi,1.0,3.0,0.0,4.0,5.0,12,10,3,30.0,35.0,32.0,Low,100.0
Sandhikharka View,28.13,83.12,Arghakhanchi,1.0,3.0,0.0,3.0,4.0,12,10,3,30.0,30.0,30.0,Low,100.0
Supa Deurali Temple,28.1,83.12,Arghakhanchi,2.0,5.0,0.0,4.0,5.0,8,6,2,45.0,40.0,42.0,Medium,100.0
Supadeurali Rural Route,28.05,83.1,Arghakhanchi,4.0,7.0,0.0,5.0,5.0,40,30,10,25.0,40.0,45.0,Medium,100.0
Supadeurali Temple,27.97,83.12,Arghakhanchi,2.0,3.0,0.0,3.0,4.0,30,25,10,15.0,25.0,30.0,Low,100.0
Supadeurali Temple Trail,28.05,83.1,Arghakhanchi,2.0,4.0,0.0,5.0,4.0,70,60,20,5.0,20.0,25.0,Low,100.0
Baglung Kalika,28.27,83.59,Baglung,2.0,4.0,0.0,5.0,5.0,10,8,2,45.0,45.0,45.0,Medium,100.0
Baglung Kalika Temple,28.27,83.59,Baglung,2.0,4.0,0.0,4.0,4.0,40,30,10,15.0,25.0,30.0,Low,100.0
Baglung Panchakot,28.25,83.6,Baglung,2.0,4.0,0.0,5.0,4.0,60,50,20,10.0,25.0,30.0,Low,100.0
Balewa Village View,28.22,83.62,Baglung,2.0,4.0,0.0,5.0,4.0,50,40,15,15.0,30.0,35.0,Low,100.0
Beni Baglung Rural Road,28.28,83.58,Baglung,2.0,4.0,0.0,12.0,4.0,70,60,20,5.0,25.0,30.0,Low,100.0
Bhujikot Rural Viewpoint,28.25,83.45,Baglung,4.0,7.0,0.0,6.0,5.0,40,30,10,25.0,40.0,45.0,Medium,100.0
Bungkot Village,28.25,83.65,Baglung,4.0,7.0,0.0,6.0,5.0,25,20,5,40.0,50.0,55.0,Medium,100.0
Burtibang Rural Route,28.3,83.0,Baglung,5.0,8.0,2.0,7.0,6.0,20,15,5,50.0,65.0,68.0,High,100.0
Dhaulagiri View Baglung,28.4,83.45,Baglung,7.0,15.0,12.0,2.0,9.0,0,0,0,100.0,98.0,99.0,High,100.0
Dhorpatan East Route,28.55,83.0,Baglung,7.0,15.0,8.0,2.0,9.0,0,0,0,100.0,95.0,98.0,High,100.0
Dhorpatan Hunting Area,28.5,83.0,Baglung,15.0,18.0,10.0,1.0,9.0,0,0,0,100.0,95.0,95.0,High,100.0
Dhorpatan Hunting Reserve,28.48,83.02,Baglung,5.0,10.0,5.0,3.0,6.0,0,1,0,90.0,80.0,86.0,High,100.0
Dhorpatan Hunting Reserve Trail,28.3,83.0,Baglung,12.0,16.0,8.0,2.0,9.0,0,0,0,100.0,90.0,92.0,High,100.0
Dhorpatan Reserve,28.52,83.0,Baglung,12.0,15.0,8.0,4.0,8.0,5,5,2,75.0,85.0,82.0,High,100.0
Dhorpatan Reserve Camp,28.3,83.0,Baglung,8.0,16.0,10.0,3.0,9.0,0,0,0,100.0,95.0,98.0,High,100.0
Dhorpatan Rural Camp,28.3,83.0,Baglung,9.0,14.0,5.0,5.0,8.0,5,5,2,70.0,80.0,82.0,High,100.0
Dhorpatan Rural Hunting Area,28.5,83.0,Baglung,12.0,16.0,8.0,2.0,9.0,0,0,0,100.0,90.0,92.0,High,100.0
Dhorpatan Rural Meadow,28.5,83.0,Baglung,12.0,16.0,8.0,2.0,9.0,0,0,0,100.0,90.0,92.0,High,100.0
Dhorpatan Trail Camp,28.52,83.0,Baglung,10.0,15.0,8.0,3.0,8.0,0,0,0,100.0,85.0,88.0,High,100.0
Dhorpatan Valley,28.52,83.0,Baglung,12.0,15.0,8.0,4.0,8.0,5,5,2,75.0,85.0,82.0,High,100.0
Dhorpatan Valley Camp,28.5,83.0,Baglung,12.0,16.0,8.0,3.0,9.0,0,0,0,100.0,90.0,92.0,High,100.0
Dhorpatan Village Route,28.5,83.0,Baglung,12.0,16.0,8.0,4.0,9.0,0,0,0,100.0,90.0,92.0,High,100.0
Galkot Palace,28.22,83.47,Baglung,1.0,3.0,0.0,4.0,5.0,8,6,2,35.0,35.0,35.0,Medium,100.0
Galkot Palace Area,28.22,83.42,Baglung,3.0,5.0,0.0,5.0,5.0,30,25,10,20.0,35.0,40.0,Medium,100.0
Galkot Rural Heritage Area,28.22,83.42,Baglung,3.0,5.0,0.0,7.0,5.0,50,40,15,20.0,35.0,40.0,Medium,100.0
Galkot Rural Trail,28.22,83.42,Baglung,3.0,5.0,0.0,8.0,5.0,50,40,15,20.0,35.0,40.0,Medium,100.0
Galkot Valley,28.22,83.42,Baglung,3.0,6.0,1.0,5.0,6.0,5,4,1,60.0,60.0,60.0,Medium,100.0
Galkot Village Route,28.22,83.42,Baglung,4.0,7.0,0.0,8.0,5.0,30,25,10,35.0,50.0,55.0,Medium,100.0
Nishi Khola Village,28.4,82.9,Baglung,6.0,10.0,3.0,4.0,6.0,5,5,2,65.0,70.0,70.0,High,100.0
Nishi Rural Valley,28.35,82.9,Baglung,8.0,13.0,4.0,5.0,8.0,5,5,2,70.0,80.0,82.0,High,100.0
Nisi Khola Rural Area,28.35,83.0,Baglung,8.0,12.0,4.0,4.0,8.0,5,5,2,70.0,80.0,82.0,High,100.0
Nisi Village Trail,28.35,83.0,Baglung,8.0,13.0,4.0,3.0,8.0,5,5,2,70.0,80.0,82.0,High,100.0
Nisikhola Area,28.4,83.1,Baglung,4.0,10.0,5.0,3.0,7.0,1,1,0,90.0,85.0,87.0,High,100.0
Nisikhola Rural Camp,28.35,83.0,Baglung,9.0,14.0,5.0,4.0,8.0,5,5,2,70.0,80.0,82.0,High,100.0
Nisikhola Trail,28.45,83.3,Baglung,10.0,15.0,6.0,4.0,8.0,0,0,0,100.0,90.0,92.0,High,100.0
Panchakot Baglung,28.26,83.6,Baglung,3.0,8.0,2.0,4.0,6.0,2,2,0,80.0,75.0,78.0,High,100.0
Panchakot Dham,28.23,83.58,Baglung,1.0,4.0,0.0,2.0,3.0,5,5,1,45.0,35.0,39.0,Medium,100.0
Panchakot Village Route,28.27,83.6,Baglung,3.0,5.0,0.0,8.0,5.0,50,40,15,20.0,35.0,40.0,Medium,100.0
Panchase Baglung Route,28.3,83.0,Baglung,5.0,8.0,0.0,5.0,6.0,20,15,5,45.0,55.0,60.0,Medium,100.0
Panchase Baglung Trail,28.25,83.7,Baglung,5.0,10.0,3.0,3.0,7.0,2,1,0,80.0,80.0,80.0,High,100.0
Panchkot Hill,28.27,83.6,Baglung,2.0,5.0,0.0,3.0,5.0,5,4,1,50.0,45.0,47.0,Medium,100.0
Righa Rural Trail,28.3,83.45,Baglung,5.0,10.0,2.0,4.0,7.0,15,10,3,60.0,65.0,68.0,High,100.0
Taman Khola,28.65,83.1,Baglung,8.0,12.0,5.0,3.0,7.0,0,0,0,90.0,75.0,78.0,High,100.0
Taman Khola Area,28.45,83.0,Baglung,6.0,14.0,8.0,2.0,9.0,0,0,0,100.0,95.0,98.0,High,100.0
Taman Khola Valley,28.65,83.1,Baglung,8.0,12.0,5.0,3.0,7.0,0,0,0,90.0,75.0,78.0,High,100.0
Taman Rural Village,28.42,83.05,Baglung,6.0,10.0,3.0,5.0,7.0,10,8,3,65.0,70.0,72.0,High,100.0
Tamankhola Route,28.42,83.05,Baglung,9.0,14.0,5.0,3.0,8.0,5,5,2,75.0,85.0,88.0,High,100.0
Tamankhola Village,28.42,83.05,Baglung,9.0,14.0,5.0,3.0,8.0,5,5,2,75.0,85.0,88.0,High,100.0
Tara Rural Village Trail,28.4,82.95,Baglung,6.0,10.0,3.0,4.0,7.0,10,8,3,65.0,70.0,72.0,High,100.0
Baitadi Pancheshwar Trail,29.5,80.3,Baitadi,4.0,7.0,0.0,12.0,5.0,30,25,10,40.0,50.0,55.0,Medium,100.0
Baitadi Patan,29.52,80.43,Baitadi,3.0,5.0,0.0,5.0,5.0,20,20,5,35.0,45.0,50.0,Medium,100.0
Baitadi Patan Hill,29.52,80.43,Baitadi,2.0,4.0,0.0,5.0,5.0,20,20,5,30.0,40.0,45.0,Medium,100.0
Baitadi Patan Rural Area,29.52,80.43,Baitadi,3.0,5.0,0.0,8.0,5.0,50,40,15,20.0,35.0,40.0,Medium,100.0
Baitadi Patan Rural Trail,29.5,80.5,Baitadi,4.0,7.0,0.0,8.0,5.0,40,30,10,25.0,45.0,50.0,Medium,100.0
Baitadi Patan View,29.52,80.43,Baitadi,4.0,8.0,0.0,5.0,7.0,20,15,5,45.0,55.0,60.0,Medium,100.0
Baitadi Rural Heritage Trail,29.52,80.43,Baitadi,3.0,5.0,0.0,8.0,5.0,50,40,15,20.0,35.0,40.0,Medium,100.0
Baitadi Shivanath Trail,29.6,80.5,Baitadi,7.0,11.0,3.0,5.0,7.0,10,8,3,65.0,70.0,72.0,High,100.0
Baitadi Tripura Sundari,29.52,80.43,Baitadi,3.0,5.0,0.0,4.0,5.0,20,20,5,35.0,45.0,50.0,Medium,100.0
Dasharathchand Trail,29.52,80.43,Baitadi,2.0,4.0,0.0,6.0,4.0,70,60,20,5.0,20.0,25.0,Low,100.0
Dasharathchand Village,29.52,80.43,Baitadi,2.0,4.0,0.0,6.0,4.0,70,60,20,5.0,20.0,25.0,Low,100.0
Dilasaini Rural Route,29.55,80.6,Baitadi,3.0,6.0,0.0,6.0,5.0,50,40,15,20.0,35.0,40.0,Medium,100.0
Dilasaini Village Area,29.55,80.6,Baitadi,4.0,7.0,0.0,8.0,5.0,40,30,10,25.0,45.0,50.0,Medium,100.0
Dillikot Temple,29.5,80.5,Baitadi,3.0,6.0,0.0,5.0,7.0,5,4,1,60.0,65.0,62.0,Medium,100.0
Melaulee Village Route,29.6,80.35,Baitadi,3.0,6.0,0.0,8.0,5.0,50,40,15,20.0,35.0,40.0,Medium,100.0
Pancheshwar Rural Trail,29.5,80.3,Baitadi,4.0,7.0,0.0,12.0,5.0,30,25,10,40.0,50.0,55.0,Medium,100.0
Pancheshwor Rural Camp,29.5,80.45,Baitadi,8.0,12.0,4.0,6.0,8.0,5,5,2,70.0,75.0,78.0,High,100.0
Patan Baitadi Village,29.51,80.5,Baitadi,2.0,4.0,0.0,5.0,5.0,20,20,5,30.0,40.0,45.0,Medium,100.0
Patna Rural Route,29.45,80.55,Baitadi,3.0,6.0,0.0,6.0,5.0,50,40,15,20.0,35.0,40.0,Medium,100.0
Tripura Sundari Temple,29.52,80.45,Baitadi,2.0,5.0,0.0,4.0,5.0,30,25,10,30.0,40.0,45.0,Medium,100.0
Tripurasundari Route,29.6,80.5,Baitadi,6.0,10.0,2.0,8.0,7.0,10,8,3,65.0,70.0,72.0,High,100.0
Tripurasundari Rural Route,29.6,80.5,Baitadi,6.0,10.0,2.0,8.0,7.0,10,8,3,65.0,70.0,72.0,High,100.0
Tripurasundari Temple,29.5,80.5,Baitadi,3.0,6.0,0.0,5.0,7.0,5,4,1,60.0,65.0,62.0,Medium,100.0
Tripurasundari Village,29.45,80.55,Baitadi,5.0,9.0,2.0,7.0,6.0,20,15,5,50.0,65.0,68.0,High,100.0
Bajhang Chainpur,29.55,81.2,Bajhang,3.0,8.0,2.0,4.0,7.0,2,2,0,80.0,75.0,78.0,High,100.0
Bajhang Chainpur Route,29.55,81.2,Bajhang,5.0,10.0,2.0,8.0,7.0,10,8,3,65.0,75.0,78.0,High,100.0
Bajhang Religious Trail,29.55,81.2,Bajhang,3.0,8.0,2.0,4.0,7.0,5,4,1,70.0,70.0,70.0,High,100.0
Bajhang Saipal Trail,29.85,81.2,Bajhang,18.0,20.0,18.0,0.0,10.0,0,0,0,100.0,100.0,99.0,High,100.0
Bajhang Saipal Valley,29.9,81.0,Bajhang,19.0,20.0,18.0,0.0,10.0,0,0,0,100.0,100.0,99.0,High,100.0
Bajhang Surma Route,30.0,81.25,Bajhang,15.0,19.0,12.0,0.0,10.0,0,0,0,100.0,95.0,96.0,High,100.0
Bichpani Lake,29.7,81.3,Bajhang,7.0,15.0,10.0,2.0,9.0,0,0,0,100.0,95.0,98.0,High,100.0
Bungal Mountain Route,29.6,81.25,Bajhang,11.0,16.0,7.0,4.0,9.0,0,0,0,100.0,90.0,92.0,High,100.0
Bungal Rural Valley,29.6,81.25,Bajhang,11.0,16.0,7.0,4.0,9.0,0,0,0,100.0,90.0,92.0,High,100.0
Bungl Valley,29.7,81.4,Bajhang,6.0,14.0,8.0,3.0,8.0,0,1,0,95.0,90.0,93.0,High,100.0
Chainpur Bajhang,29.55,81.2,Bajhang,5.0,9.0,3.0,5.0,7.0,10,10,3,65.0,75.0,78.0,High,100.0
Chainpur Bazaar,29.54,81.2,Bajhang,2.0,5.0,0.0,3.0,5.0,3,3,1,60.0,45.0,51.0,Medium,100.0
Chainpur Saipal Trail,29.55,81.2,Bajhang,6.0,10.0,3.0,5.0,7.0,10,8,3,65.0,70.0,72.0,High,100.0
Chainpur Tourism Area,29.55,81.2,Bajhang,2.0,5.0,0.0,5.0,6.0,10,8,2,55.0,60.0,58.0,Medium,100.0
Chainpur Village Route,29.55,81.2,Bajhang,5.0,9.0,2.0,5.0,7.0,10,8,3,65.0,70.0,72.0,High,100.0
Jaya Prithvi Museum,29.55,81.35,Bajhang,1.0,3.0,0.0,4.0,5.0,8,6,2,40.0,35.0,37.0,Medium,100.0
Kanda Village Route,29.7,81.25,Bajhang,8.0,13.0,4.0,3.0,8.0,5,5,2,70.0,80.0,82.0,High,100.0
Khaptad Baba Ashram,29.36,81.11,Bajhang,3.0,8.0,2.0,3.0,6.0,0,0,0,100.0,70.0,82.0,High,100.0
Khaptad Entry Route,29.3,81.15,Bajhang,6.0,10.0,2.0,5.0,7.0,10,8,3,65.0,70.0,72.0,High,100.0
Khaptad Lake,29.35,81.1,Bajhang,4.0,10.0,4.0,3.0,7.0,0,0,0,100.0,80.0,88.0,High,100.0
Khaptad National Park,29.35,81.1,Bajhang,3.0,8.0,2.0,5.0,7.0,0,0,0,100.0,70.0,82.0,High,100.0
Khaptad National Park Rural Camp,29.3,81.0,Bajhang,10.0,15.0,5.0,3.0,8.0,5,5,2,75.0,85.0,88.0,High,100.0
Khaptad Rural Trail,29.3,80.95,Bajhang,8.0,12.0,4.0,4.0,8.0,5,5,2,70.0,75.0,78.0,High,100.0
Khaptad View Tower,29.25,81.1,Bajhang,4.0,10.0,3.0,4.0,7.0,1,1,0,90.0,80.0,84.0,High,100.0
Saipal Base Camp,29.95,81.3,Bajhang,8.0,16.0,12.0,2.0,10.0,0,0,0,100.0,100.0,100.0,High,100.0
Saipal Base Camp Route,29.95,81.0,Bajhang,19.0,20.0,18.0,0.0,10.0,0,0,0,100.0,100.0,99.0,High,100.0
Saipal Himal,30.0,81.2,Bajhang,10.0,19.0,18.0,1.0,10.0,0,0,0,100.0,100.0,100.0,High,100.0
Saipal Himal Base,30.1,81.4,Bajhang,20.0,20.0,20.0,0.0,10.0,0,0,0,100.0,100.0,99.0,High,100.0
Saipal Himal Base Camp,29.85,81.6,Bajhang,10.0,20.0,20.0,1.0,10.0,0,0,0,100.0,100.0,100.0,High,100.0
Saipal Himal Base Route,29.95,81.0,Bajhang,20.0,20.0,20.0,0.0,10.0,0,0,0,100.0,100.0,99.0,High,100.0
Saipal Himal Route,30.0,81.2,Bajhang,9.0,18.0,15.0,1.0,10.0,0,0,0,100.0,100.0,100.0,High,100.0
Saipal Himal Trail,30.0,81.2,Bajhang,10.0,20.0,20.0,1.0,10.0,0,0,0,100.0,100.0,100.0,High,100.0
Saipal Himal Trek,30.0,81.2,Bajhang,10.0,19.0,18.0,1.0,10.0,0,0,0,100.0,100.0,100.0,High,100.0
Saipal Mountain Trail,29.95,81.0,Bajhang,18.0,20.0,18.0,0.0,10.0,0,0,0,100.0,100.0,99.0,High,100.0
Saipal Rural Camp,30.0,81.25,Bajhang,16.0,20.0,15.0,0.0,10.0,0,0,0,100.0,100.0,98.0,High,100.0
Seti River Rafting,29.7,81.3,Bajhang,7.0,1.0,0.0,20.0,3.0,3,2,1,90.0,85.0,88.0,High,100.0
Seti River Trail,29.4,81.3,Bajhang,5.0,2.0,0.0,15.0,4.0,3,3,1,75.0,75.0,75.0,High,100.0
Surma Rural Valley,29.7,81.3,Bajhang,9.0,14.0,5.0,6.0,8.0,5,5,2,70.0,80.0,82.0,High,100.0
Surma Sarovar,29.6,81.3,Bajhang,7.0,15.0,10.0,3.0,9.0,0,0,0,100.0,95.0,98.0,High,100.0
Surma Sarovar Lake,29.8,81.2,Bajhang,6.0,14.0,8.0,2.0,9.0,0,0,0,100.0,98.0,99.0,High,100.0
Surma Sarovar Trek,29.75,81.25,Bajhang,8.0,17.0,14.0,2.0,10.0,0,0,0,100.0,100.0,100.0,High,100.0
Surma Village Camp,29.7,81.3,Bajhang,9.0,14.0,5.0,6.0,8.0,5,5,2,70.0,80.0,82.0,High,100.0
Thalara Rural Area,29.65,81.1,Bajhang,4.0,8.0,0.0,7.0,6.0,20,15,5,50.0,65.0,68.0,High,100.0
Ailani Forest Area,29.5,81.3,Bajura,4.0,8.0,2.0,5.0,7.0,0,0,0,80.0,75.0,78.0,High,100.0
Badaimalika Trail Camp,29.35,81.35,Bajura,9.0,18.0,15.0,1.0,10.0,0,0,0,100.0,100.0,100.0,High,100.0
Badi Malika Trail,29.5,81.4,Bajura,8.0,16.0,12.0,2.0,10.0,0,0,0,100.0,100.0,100.0,High,100.0
Badimalika Base Route,29.4,81.3,Bajura,15.0,18.0,12.0,1.0,10.0,0,0,0,100.0,95.0,95.0,High,100.0
Badimalika Hiking Route,29.35,81.35,Bajura,8.0,17.0,12.0,2.0,10.0,0,0,0,100.0,100.0,100.0,High,100.0
Badimalika Meadow,29.45,81.35,Bajura,18.0,20.0,15.0,0.0,10.0,0,0,0,100.0,100.0,98.0,High,100.0
Badimalika Meadow Camp,29.45,81.35,Bajura,18.0,20.0,15.0,0.0,10.0,0,0,0,100.0,100.0,98.0,High,100.0
Badimalika Rural Trail,29.3,81.5,Bajura,12.0,16.0,8.0,3.0,9.0,0,0,0,100.0,90.0,92.0,High,100.0
Badimalika Temple,29.15,81.5,Bajura,4.0,9.0,3.0,4.0,6.0,0,0,0,100.0,75.0,86.0,High,100.0
Badimalika Temple Route,29.5,81.6,Bajura,14.0,18.0,10.0,2.0,9.0,0,0,0,100.0,95.0,95.0,High,100.0
Badimalika Temple Trail,29.3,81.5,Bajura,12.0,16.0,8.0,3.0,9.0,0,0,0,100.0,90.0,92.0,High,100.0
Badimalika Trail,29.15,81.5,Bajura,5.0,12.0,5.0,3.0,8.0,0,0,0,100.0,90.0,96.0,High,100.0
Badimalika Trek Route,29.5,81.4,Bajura,8.0,16.0,12.0,2.0,10.0,0,0,0,100.0,100.0,100.0,High,100.0
Bajura Badimalika,29.42,81.42,Bajura,12.0,15.0,8.0,3.0,8.0,0,0,0,100.0,85.0,86.0,High,100.0
Bajura Badimalika Trail,29.4,81.2,Bajura,14.0,18.0,8.0,2.0,9.0,0,0,0,100.0,95.0,95.0,High,100.0
Bajura Budhinanda,29.5,81.43,Bajura,10.0,14.0,7.0,2.0,7.0,0,0,0,100.0,80.0,82.0,High,100.0
Bajura Budhinanda Lake Trail,29.55,81.25,Bajura,11.0,16.0,8.0,1.0,9.0,0,0,0,100.0,90.0,92.0,High,100.0
Bajura Martadi,29.45,81.6,Bajura,4.0,8.0,0.0,5.0,7.0,15,10,3,50.0,60.0,65.0,Medium,100.0
Bajura Martadi Bazaar,29.45,81.42,Bajura,2.0,5.0,0.0,5.0,6.0,10,8,2,55.0,55.0,55.0,Medium,100.0
Bajura Martadi Route,29.42,81.6,Bajura,4.0,10.0,3.0,4.0,7.0,1,1,0,90.0,85.0,87.0,High,100.0
Bajura Remote Mountain Trail,29.5,81.5,Bajura,13.0,17.0,10.0,3.0,9.0,0,0,0,100.0,95.0,95.0,High,100.0
Bajura Swamikartik,29.5,81.5,Bajura,8.0,12.0,3.0,4.0,7.0,0,0,0,90.0,75.0,80.0,High,100.0
Bichhya Rural Trail,29.5,81.15,Bajura,7.0,12.0,3.0,6.0,8.0,5,5,2,70.0,75.0,78.0,High,100.0
Budhinanda Lake,29.5,81.43,Bajura,10.0,14.0,7.0,2.0,7.0,0,0,0,100.0,80.0,82.0,High,100.0
Budhinanda Lake Camp,29.5,81.45,Bajura,12.0,16.0,8.0,2.0,9.0,0,0,0,100.0,90.0,92.0,High,100.0
Budhinanda Lake Route,29.55,81.45,Bajura,14.0,18.0,10.0,2.0,9.0,0,0,0,100.0,95.0,95.0,High,100.0
Budhinanda Temple,29.5,81.5,Bajura,7.0,15.0,10.0,2.0,9.0,0,0,0,100.0,95.0,98.0,High,100.0
Budhinanda Village Route,29.5,81.25,Bajura,9.0,14.0,5.0,4.0,8.0,5,5,2,70.0,80.0,82.0,High,100.0
Jaljala Bajura Trail,29.35,81.5,Bajura,10.0,15.0,6.0,2.0,8.0,0,0,0,100.0,85.0,88.0,High,100.0
Kailashmandau Village,29.3,81.35,Bajura,5.0,9.0,2.0,7.0,7.0,10,8,3,65.0,70.0,72.0,High,100.0
Khaptad Baba Ashram,29.28,81.1,Bajura,5.0,12.0,5.0,3.0,8.0,0,0,0,90.0,85.0,87.0,High,100.0
Khaptad Grassland,29.3,81.1,Bajura,6.0,14.0,8.0,2.0,9.0,0,0,0,95.0,90.0,93.0,High,100.0
Khaptad Lake,29.28,81.1,Bajura,5.0,12.0,5.0,3.0,8.0,0,0,0,90.0,85.0,87.0,High,100.0
Khaptad National Park,29.3,81.1,Bajura,6.0,14.0,8.0,2.0,9.0,0,0,0,95.0,90.0,93.0,High,100.0
Khaptad Trekking Camp,29.3,81.1,Bajura,7.0,15.0,10.0,2.0,9.0,0,0,0,100.0,95.0,98.0,High,100.0
Kolti Airport Area,29.5,81.15,Bajura,5.0,7.0,0.0,4.0,6.0,15,10,3,55.0,55.0,60.0,Medium,100.0
Kolti Mountain Trail,29.5,81.15,Bajura,8.0,12.0,5.0,3.0,7.0,5,5,2,70.0,75.0,78.0,High,100.0
Kolti Rural Camp,29.25,81.6,Bajura,7.0,12.0,3.0,10.0,8.0,5,5,2,70.0,75.0,78.0,High,100.0
Kolti Rural Settlement,29.25,81.65,Bajura,4.0,8.0,0.0,8.0,6.0,20,15,5,50.0,65.0,68.0,High,100.0
Kolti Village,29.55,81.65,Bajura,3.0,8.0,1.0,3.0,7.0,0,1,0,90.0,70.0,78.0,High,100.0
Kolti Village Trail,29.25,81.6,Bajura,7.0,12.0,3.0,10.0,8.0,5,5,2,70.0,75.0,78.0,High,100.0
Martadi Bazaar,29.45,81.48,Bajura,2.0,6.0,0.0,4.0,6.0,1,2,0,85.0,60.0,70.0,High,100.0
Martadi Rural Route,29.45,81.6,Bajura,5.0,9.0,2.0,7.0,7.0,10,8,3,65.0,70.0,72.0,High,100.0
Martadi Rural Viewpoint,29.42,81.25,Bajura,3.0,5.0,0.0,8.0,5.0,40,30,10,25.0,45.0,50.0,Medium,100.0
Martadi View Point,29.4,81.25,Bajura,3.0,5.0,0.0,5.0,5.0,30,25,10,35.0,45.0,50.0,Medium,100.0
Martadi Village Trail,29.45,81.6,Bajura,5.0,9.0,2.0,7.0,7.0,10,8,3,65.0,70.0,72.0,High,100.0
Masta Temple Bajura,29.5,81.4,Bajura,7.0,15.0,10.0,2.0,9.0,0,0,0,100.0,95.0,98.0,High,100.0
Nagdaha Bajura,29.65,81.45,Bajura,5.0,12.0,6.0,3.0,8.0,0,1,0,95.0,90.0,93.0,High,100.0
Swamikartik Rural Area,29.55,81.3,Bajura,6.0,10.0,3.0,6.0,7.0,10,8,3,65.0,75.0,78.0,High,100.0
Banke Forest Route,28.1,81.75,Banke,5.0,2.0,0.0,10.0,3.0,20,20,5,25.0,45.0,50.0,Medium,100.0
Banke Forest Safari Route,28.1,81.75,Banke,5.0,2.0,0.0,10.0,3.0,20,20,5,25.0,45.0,50.0,Medium,100.0
Banke Forest Tourism Trail,28.1,81.6,Banke,3.0,3.0,0.0,18.0,4.0,70,60,25,5.0,25.0,30.0,Low,100.0
Banke National Park,28.1,81.75,Banke,5.0,2.0,0.0,10.0,3.0,20,20,5,25.0,45.0,50.0,Medium,100.0
Banke National Park Trail,28.1,81.75,Banke,4.0,1.0,0.0,10.0,3.0,30,25,10,20.0,45.0,45.0,Medium,100.0
Banke Rural Forest Trail,28.1,81.65,Banke,4.0,1.0,0.0,15.0,4.0,70,60,25,20.0,30.0,35.0,Medium,100.0
Kohalpur Forest,28.15,81.68,Banke,3.0,2.0,0.0,12.0,3.0,50,40,15,15.0,40.0,42.0,Medium,100.0
Kohalpur Forest Area,28.15,81.68,Banke,3.0,2.0,0.0,12.0,3.0,50,40,15,15.0,40.0,42.0,Medium,100.0
Kohalpur Rural Route,28.15,81.65,Banke,2.0,3.0,0.0,20.0,3.0,80,70,30,5.0,20.0,25.0,Low,100.0
Nepalgunj Bageshwori,28.05,81.62,Banke,1.0,1.0,0.0,10.0,4.0,90,70,25,5.0,35.0,32.0,Low,100.0
Nepalgunj Heritage Area,28.05,81.62,Banke,1.0,0.0,0.0,6.0,2.0,35,30,8,10.0,15.0,12.0,Low,100.0
Nepalgunj Tourism Area,28.05,81.62,Banke,1.0,0.0,0.0,8.0,2.0,35,30,8,10.0,20.0,15.0,Low,100.0
Nepalgunj Wetland Area,28.05,81.62,Banke,1.0,0.0,0.0,12.0,2.0,70,60,20,5.0,30.0,32.0,Low,100.0
Rapti River Area,28.1,81.6,Banke,4.0,0.0,0.0,14.0,3.0,8,6,2,60.0,65.0,62.0,Medium,100.0
Rapti Riverside Route,28.05,81.8,Banke,5.0,2.0,0.0,22.0,5.0,40,30,10,40.0,50.0,60.0,High,100.0
Bara Gadhimai Area,27.05,85.0,Bara,1.0,0.0,0.0,10.0,2.0,25,20,5,20.0,30.0,25.0,Low,100.0
Gadhimai Temple,26.95,85.55,Bara,1.0,0.0,0.0,10.0,2.0,25,20,5,25.0,30.0,27.0,Low,100.0
Simara Airport Area,27.16,84.98,Bara,1.0,0.0,0.0,7.0,2.0,30,25,8,10.0,15.0,12.0,Low,100.0
Simara Tourism Area,27.16,84.98,Bara,1.0,0.0,0.0,7.0,2.0,30,25,8,10.0,15.0,12.0,Low,100.0
Simraungadh Historical Area,27.0,85.1,Bara,1.0,0.0,0.0,8.0,3.0,15,12,3,30.0,30.0,30.0,Low,100.0
Bardia Tiger Camp,28.4,81.3,Bardia,5.0,1.0,0.0,10.0,3.0,25,30,10,25.0,45.0,48.0,Medium,100.0
Thakurdwara Safari Route,28.42,81.32,Bardia,3.0,1.0,0.0,10.0,3.0,20,20,5,30.0,40.0,42.0,Medium,100.0
Babai River Area,28.3,81.4,Bardiya,5.0,0.0,0.0,15.0,3.0,5,4,1,70.0,70.0,70.0,High,100.0
Babai River Safari,28.35,81.4,Bardiya,4.0,0.0,0.0,15.0,2.0,8,6,2,60.0,65.0,62.0,Medium,100.0
Babai Riverside Camp,28.3,81.4,Bardiya,6.0,5.0,0.0,20.0,5.0,40,30,10,30.0,45.0,50.0,Medium,100.0
Babai Valley,28.35,81.4,Bardiya,4.0,0.0,0.0,15.0,2.0,8,6,2,60.0,65.0,62.0,Medium,100.0
Babai Valley Rural Area,28.25,81.7,Bardiya,3.0,1.0,0.0,18.0,3.0,60,50,20,25.0,35.0,40.0,Medium,100.0
Babai Valley Rural Route,28.3,81.4,Bardiya,6.0,5.0,0.0,20.0,5.0,40,30,10,30.0,45.0,50.0,Medium,100.0
Bardia Jungle Safari,28.45,81.45,Bardiya,3.0,0.0,0.0,10.0,2.0,10,8,2,45.0,45.0,45.0,Medium,100.0
Bardia Karnali River,28.35,81.3,Bardiya,5.0,0.0,0.0,18.0,3.0,5,4,1,70.0,75.0,73.0,High,100.0
Bardia National Park,28.45,81.3,Bardiya,5.0,1.0,0.0,15.0,2.0,5,5,1,60.0,50.0,55.0,Medium,100.0
Bardia National Park Core,28.45,81.35,Bardiya,3.0,0.0,0.0,10.0,2.0,10,8,2,45.0,50.0,48.0,Medium,100.0
Bardia River Camp,28.4,81.3,Bardiya,4.0,0.0,0.0,15.0,2.0,8,6,2,60.0,60.0,60.0,Medium,100.0
Bardia River Side,28.45,81.25,Bardiya,3.0,0.0,0.0,15.0,3.0,8,6,2,55.0,60.0,58.0,Medium,100.0
Bardia Rural Jungle Route,28.3,81.35,Bardiya,5.0,1.0,0.0,25.0,4.0,40,30,10,40.0,45.0,55.0,Medium,100.0
Bardia Thakurdwara,28.45,81.3,Bardiya,2.0,0.0,0.0,8.0,2.0,15,12,3,35.0,40.0,38.0,Medium,100.0
Bardia Tiger Camp,28.45,81.3,Bardiya,4.0,1.0,0.0,15.0,2.0,4,4,1,70.0,55.0,61.0,Medium,100.0
Bardia Visitor Center,28.45,81.31,Bardiya,2.0,1.0,0.0,12.0,2.0,8,6,2,40.0,40.0,40.0,Medium,100.0
Bardia Wildlife Camp,28.45,81.35,Bardiya,4.0,0.0,0.0,10.0,2.0,10,8,2,50.0,50.0,50.0,Medium,100.0
Bardiya Karnali Camp,28.45,81.3,Bardiya,6.0,2.0,0.0,15.0,3.0,20,20,5,35.0,55.0,60.0,Medium,100.0
Bardiya Karnali Corridor,28.6,81.2,Bardiya,4.0,2.0,0.0,12.0,3.0,4,5,1,55.0,55.0,55.0,Medium,100.0
Bardiya Karnali River,28.45,81.3,Bardiya,5.0,2.0,0.0,15.0,3.0,20,20,5,35.0,55.0,60.0,Medium,100.0
Bardiya National Park,28.4,81.3,Bardiya,4.0,0.0,0.0,12.0,2.0,10,8,2,45.0,45.0,45.0,Medium,100.0
Bardiya National Park East,28.4,81.3,Bardiya,6.0,1.0,0.0,10.0,3.0,25,30,10,25.0,45.0,48.0,Medium,100.0
Bardiya Rural Jungle Trail,28.35,81.35,Bardiya,5.0,4.0,0.0,15.0,4.0,50,40,15,20.0,35.0,40.0,Medium,100.0
Bardiya Tharu Museum,28.4,81.3,Bardiya,1.0,0.0,0.0,6.0,2.0,20,15,5,15.0,20.0,17.0,Low,100.0
Bardiya Tiger Area,28.4,81.3,Bardiya,3.0,0.0,0.0,10.0,2.0,12,10,3,40.0,45.0,42.0,Medium,100.0
Bardiya Tiger Corridor,28.35,81.35,Bardiya,5.0,4.0,0.0,15.0,4.0,50,40,15,20.0,35.0,40.0,Medium,100.0
Blackbuck Conservation Area,28.3,81.3,Bardiya,4.0,1.0,0.0,10.0,3.0,30,25,10,20.0,45.0,45.0,Medium,100.0
Karnali Bridge Area,28.45,81.3,Bardiya,4.0,2.0,0.0,15.0,3.0,25,20,5,35.0,50.0,52.0,Medium,100.0
Karnali Chisapani Bridge,28.65,81.25,Bardiya,4.0,0.0,0.0,15.0,3.0,5,4,1,70.0,70.0,70.0,High,100.0
Karnali Riverside Camp,28.5,81.4,Bardiya,6.0,2.0,0.0,30.0,5.0,30,25,10,50.0,55.0,65.0,High,100.0
Thakurdwara Bardia,28.45,81.3,Bardiya,2.0,0.0,0.0,8.0,2.0,15,12,3,35.0,40.0,38.0,Medium,100.0
Thakurdwara Safari Point,28.45,81.3,Bardiya,2.0,0.0,0.0,8.0,2.0,15,12,3,35.0,40.0,38.0,Medium,100.0
Thakurdwara Village,28.53,81.3,Bardiya,3.0,1.0,0.0,14.0,2.0,5,4,1,65.0,50.0,56.0,Medium,100.0
Thakurdwara Village Route,28.45,81.25,Bardiya,4.0,3.0,0.0,18.0,3.0,60,50,20,10.0,30.0,35.0,Low,100.0
Thakurdwara Village Trail,28.45,81.35,Bardiya,4.0,1.0,0.0,20.0,3.0,50,40,15,30.0,40.0,45.0,Medium,100.0
Tharu Cultural Village,28.4,81.2,Bardiya,2.0,1.0,0.0,10.0,3.0,50,40,15,10.0,35.0,38.0,Medium,100.0
Tharu Village Bardiya,28.35,81.35,Bardiya,1.0,0.0,0.0,8.0,2.0,20,15,5,20.0,30.0,25.0,Low,100.0
Bhaktapur Durbar Square,27.672,85.4298,Bhaktapur,1.0,0.0,0.0,1.0,8.0,20,15,5,10.0,25.0,22.0,Low,100.0
Changu Narayan Rural Trail,27.72,85.43,Bhaktapur,1.0,2.0,0.0,3.0,4.0,70,50,20,5.0,20.0,25.0,Low,100.0
Changu Narayan Temple,27.72,85.43,Bhaktapur,1.0,1.0,0.0,2.0,4.0,20,15,5,15.0,15.0,15.0,Low,100.0
Changunarayan Rural Area,27.72,85.43,Bhaktapur,2.0,3.0,0.0,5.0,3.0,80,70,25,5.0,15.0,20.0,Low,100.0
Changunarayan Rural Path,27.72,85.43,Bhaktapur,2.0,3.0,0.0,5.0,3.0,80,70,25,5.0,15.0,20.0,Low,100.0
Changunarayan Temple,27.72,85.43,Bhaktapur,1.0,2.0,0.0,2.0,6.0,20,15,5,15.0,20.0,17.0,Low,100.0
Doleshwor Mahadev,27.65,85.43,Bhaktapur,1.0,1.0,0.0,3.0,4.0,30,25,8,15.0,20.0,17.0,Low,100.0
Nagarkot,27.715,85.52,Bhaktapur,2.0,2.0,0.0,3.0,5.0,15,10,2,20.0,30.0,28.0,Low,100.0
Nagarkot Rural Edge,27.73,85.52,Bhaktapur,1.0,2.0,0.0,3.0,3.0,80,60,20,5.0,15.0,20.0,Low,100.0
Nagarkot Rural View Trail,27.72,85.52,Bhaktapur,1.0,2.0,0.0,4.0,3.0,90,80,30,0.0,10.0,15.0,Low,100.0
Nagarkot Sunrise Trail,27.72,85.52,Bhaktapur,1.0,2.0,0.0,4.0,3.0,90,80,30,0.0,10.0,15.0,Low,100.0
Nagarkot Sunrise View,27.72,85.52,Bhaktapur,2.0,4.0,0.0,3.0,5.0,15,10,3,30.0,35.0,32.0,Low,100.0
Nagarkot View Tower,27.715,85.52,Bhaktapur,2.0,3.0,0.0,4.0,5.0,70,60,20,10.0,25.0,30.0,Low,100.0
Ranikot Hiking Trail,27.62,85.41,Bhaktapur,2.0,5.0,0.0,2.0,4.0,8,5,1,40.0,40.0,40.0,Medium,100.0
Ranikot View Point,27.62,85.41,Bhaktapur,2.0,5.0,0.0,2.0,4.0,8,5,1,40.0,40.0,40.0,Medium,100.0
Sanga View Point,27.675,85.43,Bhaktapur,2.0,4.0,0.0,3.0,5.0,20,15,5,35.0,35.0,35.0,Medium,100.0
Sanga View Tower,27.67,85.43,Bhaktapur,0.0,1.0,0.0,1.0,3.0,25,20,6,5.0,8.0,6.0,Low,100.0
Suryabinayak Forest,27.66,85.43,Bhaktapur,2.0,3.0,0.0,3.0,4.0,10,8,2,35.0,30.0,32.0,Medium,100.0
Aamchok Village Trail,27.2,87.05,Bhojpur,5.0,8.0,0.0,4.0,6.0,20,15,5,40.0,50.0,55.0,Medium,100.0
Amai Rural Trail,27.4,86.9,Bhojpur,7.0,10.0,4.0,2.0,6.0,5,5,2,65.0,60.0,65.0,Medium,100.0
Bhojpur Bazaar,27.17,87.05,Bhojpur,2.0,5.0,0.0,5.0,5.0,35,30,10,20.0,35.0,40.0,Medium,100.0
Bhojpur Mundum Trail,27.2,87.3,Bhojpur,10.0,15.0,5.0,3.0,8.0,0,0,0,100.0,85.0,88.0,High,100.0
Bhojpur Salpa Route,27.4,87.1,Bhojpur,10.0,15.0,5.0,3.0,8.0,5,5,2,75.0,85.0,88.0,High,100.0
Bhojpur Siddhakali,27.18,87.05,Bhojpur,1.0,3.0,0.0,3.0,4.0,8,6,2,35.0,30.0,32.0,Medium,100.0
Bhojpur Silichung Trail,27.15,87.05,Bhojpur,12.0,16.0,8.0,3.0,8.0,0,0,0,100.0,90.0,90.0,High,100.0
Bhojpur Taksar Village,27.15,87.05,Bhojpur,3.0,6.0,0.0,4.0,6.0,25,20,5,35.0,45.0,50.0,Medium,100.0
Dingla Cultural Trail,27.3,87.1,Bhojpur,3.0,5.0,0.0,5.0,5.0,30,25,10,30.0,40.0,45.0,Medium,100.0
Dingla Village,27.3,87.1,Bhojpur,3.0,6.0,0.0,4.0,5.0,25,20,5,35.0,45.0,50.0,Medium,100.0
Dingla Village Route,27.3,87.2,Bhojpur,5.0,8.0,2.0,4.0,6.0,20,15,5,50.0,60.0,65.0,High,100.0
Dobhane Village,27.25,87.05,Bhojpur,6.0,10.0,3.0,4.0,7.0,10,8,3,65.0,70.0,72.0,High,100.0
Hatuwa Danda,27.25,87.25,Bhojpur,3.0,7.0,2.0,3.0,5.0,1,1,0,85.0,60.0,70.0,High,100.0
Hatuwa Gadhi Trail,27.0,87.15,Bhojpur,3.0,6.0,0.0,3.0,5.0,3,3,1,65.0,55.0,59.0,Medium,100.0
Hatuwa Hill,27.15,87.1,Bhojpur,5.0,8.0,0.0,4.0,6.0,20,15,5,45.0,55.0,60.0,Medium,100.0
Hatuwagadhi,27.0,87.15,Bhojpur,2.0,5.0,0.0,3.0,4.0,5,4,1,50.0,40.0,44.0,Medium,100.0
Hatuwagadhi Area,27.2,87.05,Bhojpur,3.0,7.0,1.0,4.0,6.0,2,2,0,75.0,65.0,69.0,High,100.0
Miklagarh View,27.3,87.1,Bhojpur,2.0,5.0,0.0,3.0,5.0,5,4,1,55.0,50.0,52.0,Medium,100.0
Milmke Danda,27.2,87.3,Bhojpur,4.0,10.0,4.0,2.0,6.0,1,1,0,90.0,75.0,81.0,High,100.0
Mundum Danda View,27.35,86.95,Bhojpur,4.0,10.0,4.0,2.0,6.0,1,1,0,90.0,80.0,84.0,High,100.0
Mundum Heritage Trail,27.2,87.3,Bhojpur,10.0,15.0,5.0,3.0,8.0,0,0,0,100.0,85.0,88.0,High,100.0
Mundum Trail,27.4,87.0,Bhojpur,5.0,12.0,5.0,3.0,8.0,0,1,0,95.0,85.0,89.0,High,100.0
Mundum Trail Bhojpur,27.4,87.0,Bhojpur,5.0,12.0,5.0,3.0,8.0,0,1,0,95.0,85.0,89.0,High,100.0
Mundum Trail Upper,27.3,87.3,Bhojpur,14.0,18.0,10.0,1.0,9.0,0,0,0,100.0,95.0,95.0,High,100.0
Panch Pokhari Bhojpur,27.2,87.2,Bhojpur,8.0,12.0,3.0,3.0,7.0,5,5,2,70.0,75.0,78.0,High,100.0
Salpa Lake Trail,27.4,86.9,Bhojpur,6.0,13.0,7.0,2.0,8.0,0,0,0,100.0,90.0,96.0,High,100.0
Salpa Pass Trail,27.45,86.95,Bhojpur,8.0,16.0,10.0,2.0,9.0,0,0,0,100.0,95.0,98.0,High,100.0
Salpa Pokhari,27.35,86.95,Bhojpur,5.0,10.0,4.0,2.0,7.0,0,0,0,100.0,80.0,88.0,High,100.0
Salpa Pokhari Trail,27.4,87.1,Bhojpur,14.0,18.0,10.0,1.0,9.0,0,0,0,100.0,95.0,95.0,High,100.0
Shadananda Area,27.25,87.15,Bhojpur,3.0,5.0,0.0,5.0,5.0,30,25,10,30.0,45.0,50.0,Medium,100.0
Shyamsila Rural Trail,27.3,87.0,Bhojpur,4.0,7.0,0.0,5.0,5.0,25,20,5,45.0,55.0,60.0,Medium,100.0
Silichung Base Route,27.15,87.1,Bhojpur,14.0,18.0,10.0,1.0,9.0,0,0,0,100.0,95.0,95.0,High,100.0
Silichung Mountain,27.55,87.0,Bhojpur,10.0,19.0,18.0,1.0,10.0,0,0,0,100.0,100.0,100.0,High,100.0
Silichung Mountain Route,27.55,87.0,Bhojpur,9.0,18.0,15.0,1.0,10.0,0,0,0,100.0,100.0,100.0,High,100.0
Silichung Peak Route,27.15,87.1,Bhojpur,15.0,18.0,12.0,1.0,10.0,0,0,0,100.0,95.0,95.0,High,100.0
Taksar Airport Area,27.17,87.05,Bhojpur,1.0,2.0,0.0,3.0,3.0,10,8,2,30.0,25.0,27.0,Low,100.0
Taksar Bazaar,27.17,87.05,Bhojpur,1.0,3.0,0.0,3.0,3.0,8,6,2,35.0,30.0,32.0,Medium,100.0
Temke Danda,27.3,86.95,Bhojpur,4.0,9.0,3.0,2.0,6.0,1,1,0,90.0,70.0,78.0,High,100.0
Temke Danda Route,27.3,86.95,Bhojpur,4.0,10.0,4.0,2.0,6.0,1,1,0,90.0,80.0,84.0,High,100.0
Temke Danda Summit,27.25,87.25,Bhojpur,12.0,16.0,8.0,2.0,9.0,0,0,0,100.0,90.0,92.0,High,100.0
Temke Hill,27.3,86.95,Bhojpur,5.0,12.0,5.0,2.0,8.0,0,1,0,95.0,85.0,89.0,High,100.0
Tiwari Bhanjyang Village,27.45,87.15,Bhojpur,6.0,10.0,3.0,3.0,7.0,10,8,3,65.0,70.0,72.0,High,100.0
20 Thousand Lake,27.62,84.45,Chitwan,2.0,1.0,0.0,10.0,2.0,8,6,2,35.0,40.0,38.0,Medium,100.0
Bharatpur Elephant Breeding Area,27.6,84.45,Chitwan,3.0,1.0,0.0,12.0,3.0,70,50,15,10.0,45.0,40.0,Medium,100.0
Bharatpur Lake Area,27.68,84.43,Chitwan,2.0,1.0,0.0,12.0,3.0,70,60,20,5.0,35.0,38.0,Medium,100.0
Bishazari Lake,27.6,84.45,Chitwan,1.0,0.0,0.0,12.0,2.0,10,8,2,30.0,40.0,34.0,Medium,100.0
Bishazari Wetland,27.6,84.42,Chitwan,2.0,0.0,0.0,12.0,2.0,15,12,3,40.0,45.0,42.0,Medium,100.0
Chepang Hill Trail,27.65,84.9,Chitwan,6.0,10.0,0.0,8.0,5.0,10,10,3,55.0,60.0,65.0,Medium,100.0
Chepang Hills Route,27.7,84.95,Chitwan,8.0,12.0,3.0,10.0,7.0,15,10,3,60.0,70.0,72.0,High,100.0
Chepang Hills Trail,27.7,84.95,Chitwan,8.0,12.0,3.0,10.0,7.0,15,10,3,60.0,70.0,72.0,High,100.0
Chitwan Bishazari Lake,27.6,84.42,Chitwan,2.0,0.0,0.0,10.0,3.0,20,15,5,30.0,40.0,35.0,Medium,100.0
Chitwan Elephant Breeding Center,27.58,84.44,Chitwan,3.0,0.0,0.0,8.0,2.0,40,30,10,30.0,35.0,32.0,Low,100.0
Chitwan Hills Rural Trail,27.53,84.35,Chitwan,3.0,4.0,0.0,15.0,4.0,80,60,20,5.0,30.0,35.0,Low,100.0
Chitwan Jungle Safari,27.5291,84.3542,Chitwan,7.0,1.0,0.0,12.0,3.0,15,10,2,25.0,55.0,42.0,Medium,100.0
Chitwan Jungle Tower,27.6,84.45,Chitwan,3.0,0.0,0.0,12.0,2.0,15,12,3,45.0,50.0,48.0,Medium,100.0
Chitwan Jungle Walk,27.5291,84.3542,Chitwan,4.0,1.0,0.0,10.0,3.0,40,30,10,20.0,45.0,45.0,Medium,100.0
Chitwan National Park,27.5291,84.3542,Chitwan,8.0,2.0,0.0,10.0,4.0,89,28,0,0.0,50.0,30.0,Medium,100.0
Chitwan Sauraha,27.58,84.49,Chitwan,2.0,0.0,0.0,12.0,3.0,30,25,8,35.0,45.0,40.0,Medium,100.0
Elephant Breeding Center,27.58,84.48,Chitwan,2.0,1.0,0.0,8.0,2.0,15,10,3,20.0,35.0,29.0,Low,100.0
Elephant Breeding Centre,27.58,84.44,Chitwan,3.0,0.0,0.0,8.0,2.0,40,30,10,30.0,35.0,32.0,Low,100.0
Gharial Conservation Center,27.58,84.47,Chitwan,1.0,0.0,0.0,7.0,1.0,12,9,2,25.0,25.0,25.0,Low,100.0
Ichchhakamana Village,27.7,84.85,Chitwan,5.0,9.0,2.0,12.0,6.0,30,25,10,40.0,60.0,65.0,High,100.0
Kasara Buffer Zone,27.53,84.35,Chitwan,4.0,0.0,0.0,10.0,2.0,15,10,3,50.0,45.0,48.0,Medium,100.0
Kasara Tiger Camp,27.53,84.35,Chitwan,4.0,0.0,0.0,12.0,2.0,15,10,3,55.0,60.0,58.0,Medium,100.0
Kasara Wildlife Area,27.53,84.35,Chitwan,5.0,1.0,0.0,12.0,3.0,30,25,10,25.0,50.0,52.0,Medium,100.0
Kaule Rural Area,27.65,84.85,Chitwan,3.0,6.0,0.0,10.0,5.0,40,30,10,25.0,45.0,50.0,Medium,100.0
Madi River Camp,27.7,84.6,Chitwan,4.0,0.0,0.0,14.0,3.0,8,6,2,60.0,55.0,58.0,Medium,100.0
Madi Rural Tourism Route,27.35,84.35,Chitwan,4.0,5.0,0.0,20.0,4.0,70,50,15,10.0,35.0,40.0,Medium,100.0
Meghauli Tourism Area,27.58,84.2,Chitwan,3.0,1.0,0.0,15.0,3.0,50,40,15,10.0,45.0,45.0,Medium,100.0
Muglin River Area,27.85,84.6,Chitwan,5.0,8.0,0.0,15.0,5.0,40,30,10,35.0,60.0,60.0,Medium,100.0
Muglin River Route,27.85,84.55,Chitwan,7.0,1.0,0.0,18.0,4.0,5,4,1,90.0,75.0,84.0,High,100.0
Muglin River Side,27.85,84.55,Chitwan,5.0,3.0,0.0,12.0,3.0,10,8,2,35.0,60.0,45.0,Medium,100.0
Patihani Village,27.6,84.45,Chitwan,2.0,1.0,0.0,12.0,3.0,60,50,20,10.0,35.0,38.0,Medium,100.0
Rapti River Chitwan,27.58,84.5,Chitwan,4.0,0.0,0.0,15.0,2.0,10,8,2,55.0,60.0,58.0,Medium,100.0
Rapti River Safari,27.58,84.5,Chitwan,4.0,0.0,0.0,18.0,2.0,20,15,5,60.0,70.0,65.0,High,100.0
Sauraha Elephant Breeding Center,27.58,84.5,Chitwan,2.0,1.0,0.0,8.0,2.0,12,10,3,25.0,35.0,29.0,Low,100.0
Sauraha Elephant Safari,27.58,84.49,Chitwan,3.0,0.0,0.0,8.0,2.0,25,20,5,25.0,30.0,27.0,Low,100.0
Sauraha Jungle Safari,27.58,84.5,Chitwan,5.0,0.0,0.0,12.0,3.0,35,25,8,45.0,50.0,48.0,Medium,100.0
Sauraha Tourism Area,27.58,84.5,Chitwan,2.0,0.0,0.0,8.0,2.0,20,15,5,20.0,25.0,22.0,Low,100.0
Sauraha Village,27.58,84.49,Chitwan,2.0,1.0,0.0,15.0,3.0,80,60,20,5.0,50.0,40.0,Medium,100.0
Siraichuli Peak,27.65,84.85,Chitwan,7.0,12.0,0.0,5.0,6.0,5,5,2,70.0,65.0,70.0,High,100.0
Siraichuli Rural Route,27.75,84.95,Chitwan,7.0,11.0,3.0,8.0,6.0,20,15,5,50.0,65.0,68.0,High,100.0
Siraichuli Rural Trail,27.75,84.95,Chitwan,7.0,11.0,3.0,8.0,6.0,20,15,5,50.0,65.0,68.0,High,100.0
Upardang Gadhi Trail,27.65,84.9,Chitwan,4.0,7.0,0.0,9.0,5.0,40,30,10,25.0,45.0,50.0,Medium,100.0
Ajaymeru Kot,29.35,80.45,Dadeldhura,3.0,6.0,0.0,5.0,6.0,30,25,10,35.0,45.0,50.0,Medium,100.0
Ajaymeru Rural Camp,29.45,80.55,Dadeldhura,5.0,8.0,0.0,6.0,6.0,30,25,10,35.0,50.0,55.0,Medium,100.0
Ajaymeru Rural Route,29.4,80.55,Dadeldhura,5.0,8.0,0.0,6.0,6.0,30,25,10,35.0,50.0,55.0,Medium,100.0
Ajaymeru Rural Trail,29.45,80.55,Dadeldhura,5.0,8.0,0.0,6.0,6.0,30,25,10,35.0,50.0,55.0,Medium,100.0
Amargadhi Fort,29.3,80.58,Dadeldhura,1.0,2.0,0.0,3.0,4.0,40,30,10,10.0,20.0,25.0,Low,100.0
Amargadhi Rural View,29.3,80.6,Dadeldhura,2.0,4.0,0.0,5.0,4.0,70,60,20,5.0,20.0,25.0,Low,100.0
Amargadhi Village Route,29.3,80.58,Dadeldhura,3.0,5.0,0.0,5.0,4.0,60,50,20,10.0,25.0,30.0,Low,100.0
Dadeldhura Ajaymeru,29.3,80.55,Dadeldhura,3.0,5.0,0.0,4.0,5.0,25,20,5,30.0,45.0,50.0,Medium,100.0
Dadeldhura Ajaymeru Trail,29.3,80.55,Dadeldhura,3.0,5.0,0.0,7.0,5.0,50,40,15,20.0,35.0,40.0,Medium,100.0
Dadeldhura Amargadhi,29.3,80.58,Dadeldhura,1.0,3.0,0.0,6.0,4.0,60,50,20,5.0,25.0,30.0,Low,100.0
Dadeldhura Ganyapdhura Trail,29.35,80.5,Dadeldhura,3.0,5.0,0.0,7.0,5.0,50,40,15,20.0,35.0,40.0,Medium,100.0
Dadeldhura Hill Route,29.3,80.58,Dadeldhura,2.0,4.0,0.0,6.0,4.0,70,60,20,5.0,20.0,25.0,Low,100.0
Dadeldhura Hill Village,29.3,80.58,Dadeldhura,2.0,4.0,0.0,6.0,4.0,70,60,20,5.0,20.0,25.0,Low,100.0
Dadeldhura Rural Hill,29.3,80.58,Dadeldhura,2.0,4.0,0.0,6.0,4.0,70,60,20,5.0,20.0,25.0,Low,100.0
Dadeldhura View Point,29.3,80.58,Dadeldhura,2.0,5.0,0.0,4.0,5.0,6,5,1,50.0,45.0,47.0,Medium,100.0
Dadeldhura View Tower,29.3,80.58,Dadeldhura,1.0,3.0,0.0,4.0,5.0,25,20,5,30.0,35.0,32.0,Low,100.0
Gokuleshwar Area,29.5,80.5,Dadeldhura,3.0,7.0,1.0,3.0,6.0,3,3,1,65.0,60.0,62.0,Medium,100.0
Jaljale Rural Forest,29.25,80.6,Dadeldhura,5.0,8.0,0.0,6.0,6.0,30,25,10,35.0,50.0,55.0,Medium,100.0
Mahakali River View,29.8,80.55,Dadeldhura,5.0,1.0,0.0,18.0,3.0,5,4,1,85.0,85.0,85.0,High,100.0
Ugratara Rural Route,29.3,80.55,Dadeldhura,2.0,3.0,0.0,5.0,3.0,80,70,25,5.0,15.0,20.0,Low,100.0
Ugratara Rural Temple Route,29.3,80.6,Dadeldhura,2.0,3.0,0.0,5.0,3.0,80,70,25,5.0,15.0,20.0,Low,100.0
Ugratara Temple,29.31,80.6,Dadeldhura,1.0,1.0,0.0,3.0,4.0,40,35,10,5.0,20.0,22.0,Low,100.0
Dailekh Dullu,28.84,81.71,Dailekh,4.0,7.0,0.0,5.0,6.0,20,20,5,40.0,55.0,60.0,Medium,100.0
Dailekh Dullu Area,28.85,81.7,Dailekh,3.0,8.0,2.0,5.0,7.0,1,1,0,85.0,80.0,82.0,High,100.0
Dailekh Dullu Heritage,28.85,81.7,Dailekh,2.0,5.0,0.0,5.0,6.0,30,25,10,30.0,45.0,50.0,Medium,100.0
Dailekh Jwala Area,28.85,81.7,Dailekh,3.0,6.0,1.0,4.0,6.0,4,3,1,60.0,65.0,62.0,Medium,100.0
Dullu Heritage Area,28.85,81.75,Dailekh,2.0,5.0,0.0,3.0,6.0,8,6,2,50.0,45.0,47.0,Medium,100.0
Dullu Heritage Site,28.84,81.7,Dailekh,2.0,3.0,0.0,4.0,5.0,30,25,10,20.0,30.0,35.0,Low,100.0
Jwala Malika,28.95,81.7,Dailekh,3.0,7.0,1.0,4.0,6.0,2,2,0,75.0,70.0,73.0,High,100.0
Jwala Malika Dailekh,28.95,81.7,Dailekh,3.0,7.0,1.0,4.0,6.0,2,2,0,75.0,70.0,73.0,High,100.0
Jwala Malika Temple,28.95,81.7,Dailekh,3.0,7.0,1.0,4.0,6.0,2,2,0,75.0,65.0,69.0,High,100.0
Kusma Waterfall Dailekh,28.9,81.65,Dailekh,4.0,9.0,2.0,5.0,6.0,1,1,0,90.0,80.0,84.0,High,100.0
Pancha Deval Area,28.85,81.71,Dailekh,1.0,3.0,0.0,5.0,5.0,40,30,10,20.0,35.0,40.0,Medium,100.0
Pancha Deval Dailekh,28.85,81.7,Dailekh,1.0,3.0,0.0,4.0,5.0,10,8,2,35.0,35.0,35.0,Medium,100.0
Panchakoshi Area,28.9,81.7,Dailekh,4.0,8.0,2.0,3.0,7.0,2,1,0,75.0,70.0,73.0,High,100.0
Panchdeval Temple,28.85,81.7,Dailekh,1.0,3.0,0.0,4.0,5.0,10,8,2,35.0,35.0,35.0,Medium,100.0
Balkumari Hill Trail,27.9,82.5,Dang,3.0,4.0,0.0,6.0,5.0,40,30,10,20.0,35.0,40.0,Medium,100.0
Baraha Temple Dang,28.05,82.3,Dang,2.0,2.0,0.0,8.0,4.0,20,15,5,35.0,40.0,38.0,Medium,100.0
Charinge Danda,28.1,82.4,Dang,3.0,5.0,0.0,5.0,5.0,10,8,2,60.0,55.0,58.0,Medium,100.0
Chillikot Hill,28.0,82.7,Dang,5.0,7.0,0.0,5.0,6.0,25,20,5,35.0,50.0,55.0,Medium,100.0
Chisapani Dang View,28.1,82.35,Dang,4.0,4.0,0.0,12.0,5.0,50,40,15,25.0,40.0,45.0,Medium,100.0
Dang Dharapani Rural Trail,28.05,82.3,Dang,3.0,5.0,0.0,10.0,5.0,50,40,15,20.0,35.0,40.0,Medium,100.0
Dang Valley Rural Park,28.05,82.48,Dang,2.0,3.0,0.0,12.0,3.0,90,80,30,0.0,15.0,15.0,Low,100.0
Dang Valley Rural Trail,28.05,82.3,Dang,3.0,2.0,0.0,10.0,3.0,70,60,25,15.0,25.0,30.0,Low,100.0
Deukhuri Valley,27.9,82.6,Dang,2.0,1.0,0.0,15.0,3.0,50,40,15,10.0,40.0,42.0,Medium,100.0
Deukhuri Valley Route,27.95,82.45,Dang,2.0,4.0,0.0,15.0,4.0,70,60,20,5.0,25.0,30.0,Low,100.0
Deukhuri Wetland Trail,27.95,82.45,Dang,3.0,3.0,0.0,18.0,4.0,70,60,25,5.0,25.0,30.0,Low,100.0
Ghorahi Dang,28.04,82.48,Dang,1.0,0.0,0.0,10.0,3.0,30,25,8,20.0,25.0,22.0,Low,100.0
Ghorahi Dang Valley,28.04,82.49,Dang,2.0,1.0,0.0,8.0,3.0,30,25,8,20.0,30.0,25.0,Low,100.0
Ghorahi Tourism Route,28.05,82.48,Dang,2.0,3.0,0.0,10.0,3.0,90,80,30,0.0,15.0,15.0,Low,100.0
Ghorahi Valley,28.04,82.49,Dang,2.0,1.0,0.0,8.0,3.0,30,25,8,20.0,30.0,25.0,Low,100.0
Ghorahi Valley View,28.03,82.48,Dang,2.0,3.0,0.0,8.0,4.0,60,50,20,10.0,25.0,30.0,Low,100.0
Lamahi Area,27.85,82.54,Dang,2.0,0.0,0.0,10.0,2.0,25,20,5,35.0,40.0,38.0,Medium,100.0
Purandhara Waterfall,28.15,82.25,Dang,4.0,7.0,0.0,8.0,6.0,5,4,1,70.0,65.0,68.0,High,100.0
Rapti River Dang,27.95,82.6,Dang,5.0,1.0,0.0,18.0,3.0,8,6,2,75.0,80.0,78.0,High,100.0
Rapti Valley Dang,28.05,82.5,Dang,3.0,1.0,0.0,14.0,4.0,20,15,5,55.0,55.0,55.0,Medium,100.0
Tulsipur Dang,28.13,82.3,Dang,2.0,0.0,0.0,12.0,3.0,30,25,8,30.0,35.0,32.0,Low,100.0
Tulsipur Hill Route,28.13,82.3,Dang,3.0,5.0,0.0,6.0,5.0,40,30,10,25.0,40.0,45.0,Medium,100.0
Tulsipur Park,28.13,82.3,Dang,1.0,0.0,0.0,7.0,2.0,35,30,8,15.0,25.0,20.0,Low,100.0
Tulsipur Rural Area,28.13,82.3,Dang,1.0,3.0,0.0,12.0,3.0,80,70,30,0.0,20.0,20.0,Low,100.0
Api Base Camp,29.95,80.9,Darchula,6.0,12.0,6.0,3.0,8.0,0,0,0,100.0,90.0,94.0,High,100.0
Api Base Camp Trail,29.95,80.95,Darchula,10.0,20.0,20.0,1.0,10.0,0,0,0,100.0,100.0,100.0,High,100.0
Api Base Rural Camp,29.9,80.9,Darchula,19.0,20.0,18.0,0.0,10.0,0,0,0,100.0,100.0,99.0,High,100.0
Api Conservation Lower Trail,29.85,80.85,Darchula,14.0,18.0,12.0,1.0,9.0,0,0,0,100.0,95.0,95.0,High,100.0
Api Himal Base,29.85,80.9,Darchula,9.0,18.0,16.0,1.0,10.0,0,0,0,100.0,100.0,100.0,High,100.0
Api Himal Base Camp,29.9,80.9,Darchula,9.0,18.0,15.0,2.0,10.0,0,0,0,100.0,100.0,100.0,High,100.0
Api Himal Camp,29.85,80.9,Darchula,10.0,20.0,20.0,1.0,10.0,0,0,0,100.0,100.0,100.0,High,100.0
Api Himal Route,29.95,80.9,Darchula,20.0,20.0,20.0,0.0,10.0,0,0,0,100.0,100.0,99.0,High,100.0
Api Himal Rural Camp,29.9,80.95,Darchula,18.0,20.0,18.0,0.0,10.0,0,0,0,100.0,100.0,99.0,High,100.0
Api Himal Trek Route,29.95,80.95,Darchula,18.0,20.0,18.0,1.0,10.0,0,0,0,100.0,100.0,99.0,High,100.0
Api Nampa Base Camp,29.95,80.95,Darchula,10.0,20.0,20.0,1.0,10.0,0,0,0,100.0,100.0,100.0,High,100.0
Api Nampa Conservation Area,29.85,80.6,Darchula,8.0,15.0,10.0,3.0,9.0,0,0,0,100.0,100.0,100.0,High,100.0
Api Nampa Conservation Trail,30.0,80.9,Darchula,20.0,20.0,20.0,0.0,10.0,0,0,0,100.0,100.0,99.0,High,100.0
Api Rural Glacier View,29.95,80.9,Darchula,18.0,20.0,18.0,0.0,10.0,0,0,0,100.0,100.0,99.0,High,100.0
Apsara Himal Trail,29.8,81.0,Darchula,10.0,20.0,20.0,1.0,10.0,0,0,0,100.0,100.0,100.0,High,100.0
Byas Himal Camp,30.0,80.7,Darchula,20.0,20.0,20.0,0.0,10.0,0,0,0,100.0,100.0,99.0,High,100.0
Byas Rural Trekking Camp,30.0,80.3,Darchula,20.0,20.0,20.0,0.0,10.0,0,0,0,100.0,100.0,99.0,High,100.0
Byas Rural Valley,30.0,80.3,Darchula,20.0,20.0,20.0,0.0,10.0,0,0,0,100.0,100.0,99.0,High,100.0
Byas Rural Valley Route,30.0,80.7,Darchula,20.0,20.0,20.0,0.0,10.0,0,0,0,100.0,100.0,99.0,High,100.0
Byas Valley Trek Route,30.0,80.3,Darchula,20.0,20.0,20.0,0.0,10.0,0,0,0,100.0,100.0,99.0,High,100.0
Chameliya Rural Valley,29.65,80.6,Darchula,6.0,10.0,2.0,12.0,7.0,10,8,3,65.0,75.0,78.0,High,100.0
Darchula Api Base Trail,29.95,80.85,Darchula,18.0,20.0,20.0,0.0,10.0,0,0,0,100.0,100.0,99.0,High,100.0
Darchula Api Lower Camp,29.85,80.85,Darchula,14.0,18.0,12.0,1.0,9.0,0,0,0,100.0,95.0,95.0,High,100.0
Darchula Api Trail,29.95,80.95,Darchula,15.0,18.0,15.0,2.0,10.0,0,0,0,100.0,95.0,92.0,High,100.0
Darchula Api Valley,29.9,80.95,Darchula,10.0,20.0,20.0,1.0,10.0,0,0,0,100.0,100.0,100.0,High,100.0
Darchula Border Village,29.85,80.55,Darchula,4.0,8.0,0.0,10.0,6.0,20,15,5,50.0,60.0,65.0,High,100.0
Darchula Himalayan Route,29.85,80.7,Darchula,16.0,20.0,15.0,0.0,10.0,0,0,0,100.0,100.0,98.0,High,100.0
Darchula Khalanga,29.85,80.55,Darchula,4.0,7.0,0.0,5.0,6.0,20,20,5,40.0,55.0,60.0,Medium,100.0
Darchula Mahakali River,29.3,80.6,Darchula,5.0,1.0,0.0,18.0,3.0,5,4,1,80.0,80.0,80.0,High,100.0
Darchula Malikarjun Trail,29.7,80.6,Darchula,8.0,13.0,4.0,7.0,8.0,5,5,2,70.0,80.0,82.0,High,100.0
Darchula Rapla Village,29.85,80.85,Darchula,6.0,10.0,5.0,3.0,7.0,5,5,2,65.0,70.0,72.0,High,100.0
Ghusa Himalayan Trail,29.98,80.85,Darchula,15.0,19.0,14.0,0.0,10.0,0,0,0,100.0,95.0,96.0,High,100.0
Ghusa Village Trail,29.95,80.85,Darchula,16.0,20.0,15.0,0.0,10.0,0,0,0,100.0,100.0,98.0,High,100.0
Ghyang Rural Village,29.7,80.65,Darchula,5.0,9.0,2.0,7.0,7.0,10,8,3,65.0,70.0,72.0,High,100.0
Gokuleshwar Area,29.55,80.55,Darchula,3.0,7.0,2.0,3.0,7.0,2,1,0,75.0,70.0,73.0,High,100.0
Gokuleshwar Rural Area,29.65,80.55,Darchula,3.0,5.0,0.0,10.0,4.0,60,50,20,15.0,30.0,35.0,Low,100.0
Gokuleshwar Rural Route,29.7,80.6,Darchula,4.0,8.0,0.0,6.0,6.0,20,15,5,50.0,60.0,65.0,High,100.0
Gokuleshwar Tourism Route,29.7,80.6,Darchula,5.0,9.0,2.0,6.0,7.0,10,8,3,65.0,70.0,72.0,High,100.0
Gokuleshwor Village,29.85,80.6,Darchula,3.0,6.0,0.0,5.0,5.0,15,15,5,45.0,50.0,55.0,Medium,100.0
Kailash Mansarovar Route Nepal,30.0,80.9,Darchula,18.0,20.0,18.0,1.0,10.0,0,0,0,100.0,100.0,98.0,High,100.0
Kailash Rural Valley,29.85,80.7,Darchula,16.0,20.0,15.0,0.0,10.0,0,0,0,100.0,100.0,98.0,High,100.0
Kailash Rural Viewpoint,29.9,80.7,Darchula,18.0,20.0,18.0,0.0,10.0,0,0,0,100.0,100.0,99.0,High,100.0
Kali River Adventure Area,29.2,80.7,Darchula,5.0,2.0,0.0,14.0,3.0,3,3,1,75.0,70.0,73.0,High,100.0
Kedar Rural Mountain Trail,29.75,80.75,Darchula,12.0,16.0,8.0,2.0,9.0,0,0,0,100.0,90.0,92.0,High,100.0
Khalanga Api View,29.85,80.55,Darchula,4.0,8.0,0.0,5.0,6.0,20,15,5,45.0,55.0,60.0,Medium,100.0
Khalanga Darchula,29.3,80.6,Darchula,2.0,5.0,0.0,8.0,5.0,8,6,2,55.0,60.0,58.0,Medium,100.0
Khalanga Darchula Trail,29.84,80.55,Darchula,4.0,6.0,0.0,10.0,5.0,30,25,10,35.0,50.0,55.0,Medium,100.0
Khalanga Darchula View,29.84,80.55,Darchula,3.0,5.0,0.0,6.0,5.0,40,30,10,25.0,40.0,45.0,Medium,100.0
Khalanga Rural Trail,29.3,80.6,Darchula,5.0,9.0,2.0,7.0,7.0,10,8,3,65.0,70.0,72.0,High,100.0
Khalanga Rural Viewpoint,29.3,80.6,Darchula,3.0,5.0,0.0,8.0,5.0,50,40,15,20.0,35.0,40.0,Medium,100.0
Khalanga View Darchula,29.3,80.6,Darchula,2.0,5.0,0.0,7.0,5.0,8,6,2,55.0,55.0,55.0,Medium,100.0
Khandeshwari Rural Trail,29.8,80.65,Darchula,7.0,12.0,3.0,5.0,8.0,5,5,2,70.0,75.0,78.0,High,100.0
Khandeshwari Village Route,29.8,80.65,Darchula,7.0,12.0,3.0,5.0,8.0,5,5,2,70.0,75.0,78.0,High,100.0
Khar Rural Valley,29.9,80.8,Darchula,14.0,18.0,12.0,0.0,10.0,0,0,0,100.0,95.0,95.0,High,100.0
Lekam Rural Settlement,29.65,80.7,Darchula,5.0,9.0,2.0,7.0,7.0,10,8,3,65.0,70.0,72.0,High,100.0
Lekam Village Route,29.65,80.7,Darchula,5.0,9.0,2.0,7.0,7.0,10,8,3,65.0,70.0,72.0,High,100.0
Mahakali Gorge,29.85,80.45,Darchula,7.0,10.0,2.0,15.0,7.0,5,5,2,75.0,80.0,82.0,High,100.0
Mahakali Mountain Route,29.75,80.55,Darchula,8.0,13.0,4.0,10.0,8.0,5,5,2,70.0,80.0,82.0,High,100.0
Mahakali River Adventure Camp,29.8,80.5,Darchula,7.0,4.0,0.0,20.0,5.0,20,15,5,55.0,75.0,80.0,High,100.0
Mahakali River Area,29.25,80.6,Darchula,4.0,1.0,0.0,16.0,3.0,5,4,1,75.0,70.0,73.0,High,100.0
Mahakali River Camp,29.8,80.5,Darchula,6.0,3.0,0.0,20.0,5.0,20,15,5,55.0,70.0,75.0,High,100.0
Mahakali River Darchula,29.25,80.6,Darchula,4.0,1.0,0.0,16.0,3.0,5,4,1,75.0,70.0,73.0,High,100.0
Mahakali River Rural Trail,29.85,80.6,Darchula,7.0,12.0,2.0,15.0,8.0,5,5,2,70.0,75.0,78.0,High,100.0
Malikarjun Area,29.4,80.6,Darchula,1.0,3.0,0.0,5.0,4.0,8,6,2,40.0,35.0,37.0,Medium,100.0
Malikarjun Heritage Route,29.85,80.6,Darchula,2.0,3.0,0.0,5.0,4.0,50,40,15,15.0,30.0,35.0,Low,100.0
Malikarjun Rural Temple,29.45,80.55,Darchula,3.0,5.0,0.0,8.0,5.0,30,25,10,40.0,50.0,55.0,Medium,100.0
Malikarjun Temple,29.8,80.55,Darchula,3.0,8.0,3.0,2.0,6.0,0,1,0,90.0,65.0,75.0,High,100.0
Malikarjun Village Trail,29.7,80.6,Darchula,6.0,10.0,3.0,8.0,7.0,10,8,3,65.0,75.0,78.0,High,100.0
Shivnath Temple Area,29.7,80.7,Darchula,2.0,3.0,0.0,7.0,4.0,50,40,15,15.0,30.0,35.0,Low,100.0
Tinkar Pass,30.0,80.7,Darchula,10.0,18.0,17.0,1.0,10.0,0,0,0,100.0,100.0,100.0,High,100.0
Tinkar Pass Route,30.0,80.7,Darchula,10.0,18.0,17.0,1.0,10.0,0,0,0,100.0,100.0,100.0,High,100.0
Tinkar Valley,30.0,80.7,Darchula,10.0,19.0,18.0,1.0,10.0,0,0,0,100.0,100.0,100.0,High,100.0
Tinkar Village,30.0,80.7,Darchula,7.0,15.0,12.0,2.0,9.0,0,0,0,100.0,100.0,100.0,High,100.0
Adhikari Village,28.1,84.95,Dhading,2.0,6.0,0.0,5.0,5.0,3,3,1,65.0,55.0,59.0,Medium,100.0
Buddha Himal Rural Area,28.2,85.05,Dhading,11.0,15.0,7.0,2.0,9.0,0,0,0,100.0,90.0,92.0,High,100.0
Dhading Besi,28.01,84.87,Dhading,1.0,3.0,0.0,4.0,6.0,15,12,3,30.0,35.0,32.0,Low,100.0
Dhading Pangsang Pass,28.25,85.1,Dhading,12.0,16.0,8.0,2.0,9.0,0,0,0,100.0,90.0,92.0,High,100.0
Dhading Ruby Valley,28.3,85.15,Dhading,15.0,18.0,12.0,2.0,9.0,0,0,0,100.0,95.0,95.0,High,100.0
Dhading Ruby Valley Entry,28.15,85.05,Dhading,12.0,16.0,8.0,3.0,9.0,0,0,0,100.0,90.0,92.0,High,100.0
Dhadingbesi Bazaar,28.01,84.88,Dhading,1.0,3.0,0.0,5.0,4.0,10,8,2,30.0,35.0,32.0,Low,100.0
Ganesh Himal Base Area,28.2,85.1,Dhading,7.0,14.0,8.0,3.0,9.0,0,0,0,100.0,95.0,98.0,High,100.0
Ganesh Himal Base Route,28.4,85.1,Dhading,18.0,20.0,15.0,0.0,10.0,0,0,0,100.0,100.0,98.0,High,100.0
Ganesh Himal Base Trail,28.2,85.1,Dhading,8.0,16.0,12.0,2.0,10.0,0,0,0,100.0,100.0,100.0,High,100.0
Ganesh Himal Camp,28.3,85.0,Dhading,16.0,20.0,15.0,0.0,10.0,0,0,0,100.0,100.0,98.0,High,100.0
Ganesh Himal Route,28.2,85.0,Dhading,8.0,16.0,13.0,2.0,10.0,0,0,0,100.0,100.0,100.0,High,100.0
Ganesh Himal Rural Camp,28.3,85.0,Dhading,16.0,20.0,15.0,0.0,10.0,0,0,0,100.0,100.0,98.0,High,100.0
Ganesh Himal Rural Route,28.3,85.0,Dhading,16.0,20.0,15.0,0.0,10.0,0,0,0,100.0,100.0,98.0,High,100.0
Ganesh Himal Trail,28.4,85.1,Dhading,18.0,20.0,15.0,1.0,10.0,0,0,0,100.0,100.0,98.0,High,100.0
Ganesh Himal Trek,28.35,85.15,Dhading,16.0,20.0,15.0,0.0,10.0,0,0,0,100.0,100.0,98.0,High,100.0
Ganesh Himal View,28.15,85.0,Dhading,4.0,10.0,5.0,3.0,7.0,1,1,0,85.0,80.0,82.0,High,100.0
Jharlang Rural Route,28.15,85.2,Dhading,7.0,12.0,3.0,4.0,8.0,5,5,2,70.0,75.0,78.0,High,100.0
Jharlang Village,28.18,85.2,Dhading,5.0,12.0,4.0,4.0,8.0,0,1,0,95.0,85.0,89.0,High,100.0
Jharlang Village Trail,28.15,85.2,Dhading,7.0,12.0,3.0,4.0,8.0,5,5,2,70.0,75.0,78.0,High,100.0
Jwalamukhi Rural Route,28.0,84.9,Dhading,3.0,5.0,0.0,12.0,5.0,50,40,15,20.0,35.0,40.0,Medium,100.0
Kalo Tal Lake,28.15,85.3,Dhading,8.0,12.0,4.0,3.0,8.0,5,5,2,70.0,75.0,78.0,High,100.0
Kuri Valley Dhading,28.15,85.05,Dhading,6.0,10.0,3.0,4.0,7.0,5,5,2,65.0,70.0,72.0,High,100.0
Kuri Village Dhading,28.2,85.0,Dhading,5.0,8.0,0.0,5.0,6.0,15,10,3,55.0,60.0,65.0,Medium,100.0
Lapa Rural Trail,28.2,85.12,Dhading,12.0,16.0,8.0,2.0,9.0,0,0,0,100.0,90.0,92.0,High,100.0
Lapa Village Route,28.2,85.12,Dhading,12.0,16.0,8.0,2.0,9.0,0,0,0,100.0,90.0,92.0,High,100.0
Malekhu River,27.95,84.85,Dhading,5.0,2.0,0.0,16.0,4.0,3,3,1,80.0,75.0,78.0,High,100.0
Pangsang Kharka,28.3,85.1,Dhading,14.0,18.0,10.0,1.0,9.0,0,0,0,100.0,95.0,95.0,High,100.0
Pangsang Pass View,28.3,85.05,Dhading,14.0,18.0,12.0,1.0,10.0,0,0,0,100.0,95.0,95.0,High,100.0
Ruby Valley,28.3,85.15,Dhading,5.0,11.0,5.0,3.0,7.0,0,1,0,95.0,85.0,89.0,High,100.0
Ruby Valley Rural Trail,28.15,85.05,Dhading,14.0,18.0,10.0,2.0,9.0,0,0,0,100.0,95.0,95.0,High,100.0
Ruby Valley Trail,28.35,85.2,Dhading,12.0,16.0,8.0,3.0,9.0,0,0,0,100.0,90.0,92.0,High,100.0
Ruby Valley Trek,28.3,85.15,Dhading,6.0,13.0,7.0,3.0,8.0,0,1,0,95.0,90.0,93.0,High,100.0
Ruby Valley Trek Route,28.15,85.05,Dhading,14.0,18.0,10.0,2.0,9.0,0,0,0,100.0,95.0,95.0,High,100.0
Salyantar Area,28.1,84.9,Dhading,3.0,7.0,1.0,5.0,7.0,3,3,1,70.0,65.0,68.0,High,100.0
Salyantar View,28.1,84.95,Dhading,3.0,6.0,0.0,8.0,5.0,25,20,5,40.0,55.0,60.0,Medium,100.0
Salyantar Village,28.15,84.95,Dhading,4.0,8.0,2.0,4.0,7.0,5,4,1,70.0,70.0,70.0,High,100.0
Sertung Homestay,28.25,85.15,Dhading,4.0,9.0,3.0,3.0,6.0,1,1,0,85.0,75.0,79.0,High,100.0
Sertung Rural Settlement,28.25,85.08,Dhading,8.0,13.0,4.0,3.0,8.0,5,5,2,70.0,80.0,82.0,High,100.0
Sertung Rural Trail,28.25,85.08,Dhading,8.0,13.0,4.0,3.0,8.0,5,5,2,70.0,80.0,82.0,High,100.0
Sertung Village,28.25,85.15,Dhading,4.0,9.0,3.0,3.0,6.0,1,1,0,85.0,75.0,79.0,High,100.0
Sertung Village Trail,28.25,85.08,Dhading,8.0,13.0,4.0,3.0,8.0,5,5,2,70.0,80.0,82.0,High,100.0
Tipling Rural Camp,28.18,85.1,Dhading,10.0,15.0,6.0,3.0,8.0,5,5,2,75.0,80.0,82.0,High,100.0
Tipling Rural Route,28.18,85.1,Dhading,10.0,15.0,6.0,3.0,8.0,5,5,2,75.0,80.0,82.0,High,100.0
Tipling Village,28.25,85.18,Dhading,4.0,11.0,5.0,3.0,7.0,0,1,0,95.0,85.0,89.0,High,100.0
Tipling Village Route,28.18,85.1,Dhading,10.0,15.0,6.0,3.0,8.0,5,5,2,75.0,80.0,82.0,High,100.0
Tripurasundari Temple,28.05,85.15,Dhading,2.0,5.0,0.0,5.0,5.0,40,30,10,25.0,40.0,45.0,Medium,100.0
Trishuli Dhading Camp,27.95,85.0,Dhading,5.0,4.0,0.0,15.0,5.0,30,25,10,35.0,55.0,60.0,Medium,100.0
Trishuli River Beach,27.92,85.15,Dhading,4.0,2.0,0.0,12.0,3.0,5,4,1,55.0,55.0,55.0,Medium,100.0
Bhedetar Dhankuta Route,26.81,87.3,Dhankuta,2.0,4.0,0.0,6.0,4.0,60,50,20,10.0,25.0,30.0,Low,100.0
Bhedetar Forest Trail,26.8,87.28,Dhankuta,2.0,5.0,0.0,3.0,4.0,6,5,1,50.0,40.0,44.0,Medium,100.0
Bhedetar Hill,26.8,87.28,Dhankuta,1.0,3.0,0.0,2.0,3.0,20,15,5,15.0,20.0,17.0,Low,100.0
Bhedetar Hill Station,26.8,87.28,Dhankuta,1.0,3.0,0.0,2.0,3.0,20,15,5,15.0,20.0,17.0,Low,100.0
Bhedetar Rural View,26.87,87.3,Dhankuta,3.0,5.0,0.0,6.0,5.0,50,40,15,20.0,35.0,40.0,Medium,100.0
Bhedetar View Point,26.88,87.3,Dhankuta,2.0,4.0,0.0,3.0,4.0,8,5,1,40.0,35.0,37.0,Medium,100.0
Bhedetar View Tower,26.81,87.28,Dhankuta,2.0,4.0,0.0,3.0,5.0,25,20,5,30.0,35.0,32.0,Low,100.0
Chhintang Falls,26.98,87.25,Dhankuta,3.0,7.0,0.0,6.0,4.0,5,4,1,55.0,50.0,52.0,Medium,100.0
Chhintang Trail,26.95,87.25,Dhankuta,4.0,7.0,0.0,5.0,6.0,25,20,5,45.0,55.0,60.0,Medium,100.0
Chhintang Waterfall,26.98,87.25,Dhankuta,3.0,7.0,0.0,6.0,4.0,5,4,1,55.0,55.0,55.0,Medium,100.0
Dhankuta Bazaar,26.98,87.35,Dhankuta,2.0,4.0,0.0,5.0,4.0,40,30,10,15.0,30.0,35.0,Low,100.0
Dhankuta Hile Road View,27.0,87.33,Dhankuta,1.0,3.0,0.0,4.0,3.0,10,8,2,30.0,30.0,30.0,Low,100.0
Dhankuta Hile Route,26.93,87.34,Dhankuta,2.0,5.0,0.0,4.0,5.0,30,25,10,30.0,40.0,45.0,Medium,100.0
Dhankuta Hile Rural Trail,26.98,87.35,Dhankuta,3.0,5.0,0.0,8.0,5.0,50,40,15,20.0,35.0,40.0,Medium,100.0
Dhankuta Hile View,26.93,87.34,Dhankuta,2.0,3.0,0.0,4.0,4.0,60,50,20,10.0,25.0,30.0,Low,100.0
Hile Bazaar,26.99,87.32,Dhankuta,1.0,2.0,0.0,3.0,3.0,10,8,2,30.0,25.0,28.0,Low,100.0
Hile Bazaar View,26.99,87.33,Dhankuta,1.0,2.0,0.0,3.0,3.0,12,10,3,25.0,20.0,22.0,Low,100.0
Hile Tea Garden,26.93,87.34,Dhankuta,1.0,2.0,0.0,4.0,3.0,60,50,20,5.0,15.0,22.0,Low,100.0
Hile Tea View,26.99,87.33,Dhankuta,1.0,2.0,0.0,3.0,3.0,12,10,3,25.0,25.0,25.0,Low,100.0
Hile Tourism Area,26.99,87.33,Dhankuta,1.0,2.0,0.0,3.0,3.0,12,10,3,25.0,20.0,22.0,Low,100.0
Hile View Tower,26.99,87.33,Dhankuta,1.0,2.0,0.0,3.0,3.0,12,10,3,25.0,25.0,25.0,Low,100.0
Hile Village,26.93,87.34,Dhankuta,2.0,5.0,0.0,4.0,5.0,30,25,10,20.0,35.0,40.0,Medium,100.0
Koshi Hill View Trail,27.2,87.35,Dhankuta,4.0,7.0,0.0,4.0,6.0,25,20,5,35.0,50.0,55.0,Medium,100.0
Mude View Point,27.17,87.3,Dhankuta,2.0,5.0,0.0,2.0,4.0,5,4,1,50.0,40.0,44.0,Medium,100.0
Namaste Falls,27.0,87.35,Dhankuta,2.0,5.0,0.0,5.0,3.0,5,4,1,50.0,40.0,44.0,Medium,100.0
Namaste Falls Trail,26.76,87.25,Dhankuta,3.0,5.0,0.0,8.0,4.0,30,25,10,25.0,40.0,45.0,Medium,100.0
Namaste Jharana,27.05,87.35,Dhankuta,3.0,6.0,0.0,7.0,4.0,5,4,1,55.0,55.0,55.0,Medium,100.0
Namaste Jharna,27.05,87.35,Dhankuta,3.0,6.0,0.0,6.0,4.0,5,4,1,55.0,50.0,52.0,Medium,100.0
Namaste Jharna Dhankuta,27.05,87.35,Dhankuta,3.0,6.0,0.0,6.0,4.0,5,4,1,55.0,50.0,52.0,Medium,100.0
Namaste Waterfall,26.76,87.25,Dhankuta,3.0,5.0,0.0,8.0,4.0,30,25,10,25.0,40.0,45.0,Medium,100.0
Namaste Waterfall Area,27.05,87.35,Dhankuta,3.0,6.0,0.0,6.0,4.0,5,4,1,55.0,50.0,52.0,Medium,100.0
Pakhribas Botanical Garden,27.04,87.29,Dhankuta,1.0,2.0,0.0,2.0,2.0,8,6,1,35.0,20.0,26.0,Low,100.0
Pakhribas Garden,26.99,87.28,Dhankuta,1.0,3.0,0.0,4.0,4.0,40,30,10,15.0,25.0,30.0,Low,100.0
Pakhribas Village,27.05,87.35,Dhankuta,2.0,4.0,0.0,5.0,4.0,60,50,20,10.0,25.0,30.0,Low,100.0
Raja Rani Lake,26.95,87.4,Dhankuta,2.0,3.0,0.0,8.0,4.0,30,25,10,20.0,35.0,40.0,Medium,100.0
Rajarani Lake,26.95,87.4,Dhankuta,2.0,3.0,0.0,8.0,4.0,30,25,10,20.0,35.0,40.0,Medium,100.0
Rajarani Wetland,26.95,87.4,Dhankuta,2.0,3.0,0.0,8.0,4.0,30,25,10,20.0,35.0,40.0,Medium,100.0
Sanguri Gadhi,26.9,87.4,Dhankuta,4.0,8.0,2.0,4.0,6.0,5,4,1,65.0,65.0,65.0,High,100.0
Dhanushadham,26.8,85.9,Dhanusha,1.0,0.0,0.0,10.0,2.0,20,15,5,20.0,30.0,25.0,Low,100.0
Janaki Temple,26.7288,85.925,Dhanusha,0.0,0.0,0.0,2.0,2.0,15,10,3,20.0,15.0,20.0,Low,100.0
Janakpur Dham,26.73,85.92,Dhanusha,0.0,0.0,0.0,8.0,3.0,50,40,15,5.0,20.0,12.0,Low,100.0
Ram Mandir Janakpur,26.73,85.93,Dhanusha,0.0,0.0,0.0,7.0,3.0,45,35,12,5.0,15.0,10.0,Low,100.0
Bahun Danda Trail,27.7,86.15,Dolakha,5.0,11.0,4.0,3.0,8.0,0,1,0,90.0,85.0,87.0,High,100.0
Beding Glacier Route,27.85,86.45,Dolakha,18.0,20.0,18.0,0.0,10.0,0,0,0,100.0,100.0,99.0,High,100.0
Beding Village,27.85,86.4,Dolakha,5.0,13.0,8.0,2.0,8.0,0,0,0,100.0,95.0,98.0,High,100.0
Beding Village Route,27.85,86.45,Dolakha,18.0,20.0,18.0,0.0,10.0,0,0,0,100.0,100.0,99.0,High,100.0
Beding Village Trail,27.85,86.45,Dolakha,15.0,18.0,12.0,0.0,10.0,0,0,0,100.0,95.0,95.0,High,100.0
Bhairav Kunda Dolakha,27.85,86.15,Dolakha,10.0,15.0,6.0,2.0,8.0,0,0,0,100.0,85.0,88.0,High,100.0
Bhimeshwar Temple,27.67,86.03,Dolakha,1.0,3.0,0.0,4.0,5.0,20,15,5,30.0,35.0,32.0,Low,100.0
Big Lake Dolakha,27.8,86.1,Dolakha,3.0,7.0,2.0,3.0,5.0,3,3,1,65.0,60.0,62.0,Medium,100.0
Bigu Lake Area,27.85,86.18,Dolakha,8.0,12.0,5.0,3.0,7.0,5,5,2,70.0,75.0,78.0,High,100.0
Bigu Monastery,27.85,86.18,Dolakha,6.0,10.0,4.0,2.0,7.0,5,5,2,65.0,70.0,72.0,High,100.0
Bigu Rural Monastery Area,27.85,86.1,Dolakha,4.0,7.0,0.0,5.0,6.0,20,15,5,50.0,60.0,65.0,High,100.0
Bigu Village,27.85,86.2,Dolakha,8.0,12.0,5.0,3.0,8.0,5,5,2,70.0,75.0,78.0,High,100.0
Bigubesi Village,27.8,86.0,Dolakha,3.0,7.0,2.0,3.0,6.0,1,1,0,85.0,65.0,73.0,High,100.0
Biguna Rural Homestay,27.9,86.1,Dolakha,5.0,9.0,2.0,4.0,7.0,15,10,3,60.0,70.0,72.0,High,100.0
Bigus Village,27.8,86.25,Dolakha,6.0,10.0,4.0,3.0,7.0,5,5,2,65.0,70.0,72.0,High,100.0
Charikot,27.67,86.05,Dolakha,1.0,3.0,0.0,3.0,5.0,12,10,3,30.0,30.0,30.0,Low,100.0
Charikot Bazaar,27.67,86.03,Dolakha,1.0,4.0,0.0,5.0,5.0,15,12,3,35.0,40.0,38.0,Medium,100.0
Charikot Market,27.67,86.05,Dolakha,1.0,3.0,0.0,3.0,5.0,12,10,3,30.0,30.0,30.0,Low,100.0
Charikot View Point,27.67,86.05,Dolakha,2.0,4.0,0.0,3.0,5.0,50,40,10,15.0,30.0,35.0,Low,100.0
Charikot View Tower,27.67,86.05,Dolakha,1.0,3.0,0.0,2.0,5.0,6,5,1,40.0,30.0,34.0,Medium,100.0
Charikot Viewpoint,27.67,86.03,Dolakha,2.0,5.0,0.0,4.0,6.0,10,8,2,55.0,55.0,55.0,Medium,100.0
Charikot Village View,27.67,86.05,Dolakha,2.0,4.0,0.0,5.0,4.0,60,50,20,10.0,25.0,30.0,Low,100.0
Chechet Lake,27.8,86.15,Dolakha,5.0,10.0,5.0,2.0,7.0,0,1,0,95.0,85.0,89.0,High,100.0
Chhorolpa Glacier Lake,27.9,86.47,Dolakha,18.0,20.0,15.0,3.0,10.0,0,0,0,100.0,100.0,98.0,High,100.0
Dolakha Bhimeshwar Temple,27.67,86.02,Dolakha,1.0,2.0,0.0,3.0,5.0,60,50,20,5.0,20.0,25.0,Low,100.0
Dolakha Bhimeshwor,27.78,86.07,Dolakha,1.0,3.0,0.0,3.0,5.0,15,12,3,30.0,30.0,30.0,Low,100.0
Dolakha Gaurishankar,27.85,86.4,Dolakha,9.0,18.0,16.0,1.0,10.0,0,0,0,100.0,100.0,100.0,High,100.0
Dolakha Sailung Ridge,27.55,86.3,Dolakha,10.0,15.0,6.0,2.0,8.0,0,0,0,100.0,85.0,88.0,High,100.0
Everest Trail Jiri Route,27.65,86.3,Dolakha,6.0,14.0,8.0,2.0,9.0,0,0,0,95.0,90.0,93.0,High,100.0
Gaurishankar Base Camp,27.9,86.35,Dolakha,10.0,20.0,20.0,1.0,10.0,0,0,0,100.0,100.0,100.0,High,100.0
Gaurishankar Conservation,27.9,86.35,Dolakha,10.0,20.0,20.0,1.0,10.0,0,0,0,100.0,100.0,100.0,High,100.0
Gaurishankar Conservation Area,27.95,86.4,Dolakha,14.0,18.0,15.0,3.0,10.0,0,0,0,100.0,95.0,93.0,High,100.0
Gaurishankar Rural Trail,27.9,86.3,Dolakha,15.0,18.0,12.0,0.0,10.0,0,0,0,100.0,95.0,95.0,High,100.0
Gaurishankar View,27.9,86.35,Dolakha,8.0,17.0,14.0,1.0,10.0,0,0,0,100.0,100.0,100.0,High,100.0
Jatapokhari Lake,27.8,86.25,Dolakha,12.0,16.0,8.0,2.0,9.0,0,0,0,100.0,90.0,92.0,High,100.0
Jiri Airport Area,27.63,86.23,Dolakha,3.0,6.0,1.0,4.0,6.0,5,4,1,65.0,60.0,62.0,Medium,100.0
Jiri Bazaar,27.63,86.23,Dolakha,2.0,5.0,0.0,4.0,6.0,10,8,2,50.0,45.0,47.0,Medium,100.0
Jiri Deurali,27.63,86.23,Dolakha,5.0,8.0,3.0,3.0,6.0,20,15,5,55.0,65.0,68.0,Medium,100.0
Jiri Everest Gateway,27.63,86.23,Dolakha,3.0,6.0,1.0,2.0,5.0,2,3,0,65.0,55.0,60.0,High,100.0
Jiri Hiking Route,27.63,86.23,Dolakha,3.0,8.0,2.0,4.0,6.0,5,4,1,65.0,70.0,68.0,High,100.0
Jiri Lake,27.63,86.23,Dolakha,2.0,6.0,2.0,3.0,5.0,3,3,1,65.0,50.0,56.0,Medium,100.0
Jiri Old Trail,27.63,86.23,Dolakha,6.0,10.0,3.0,3.0,7.0,10,10,3,65.0,70.0,72.0,High,100.0
Jiri Rural Heritage Trail,27.63,86.23,Dolakha,3.0,5.0,0.0,7.0,5.0,40,30,10,25.0,45.0,50.0,Medium,100.0
Jiri To Everest Trail,27.63,86.23,Dolakha,7.0,15.0,10.0,2.0,9.0,0,0,0,100.0,95.0,98.0,High,100.0
Jiri Town,27.63,86.23,Dolakha,2.0,5.0,0.0,3.0,5.0,8,6,2,40.0,45.0,42.0,Medium,100.0
Jiri Trail,27.63,86.23,Dolakha,2.0,6.0,0.0,3.0,5.0,6,5,1,55.0,45.0,50.0,Medium,100.0
Jiri Trek Route,27.63,86.23,Dolakha,3.0,8.0,2.0,4.0,6.0,5,4,1,65.0,70.0,68.0,High,100.0
Jiri Valley,27.63,86.24,Dolakha,4.0,8.0,2.0,3.0,6.0,25,20,5,40.0,55.0,55.0,Medium,100.0
Jiri Village,27.63,86.23,Dolakha,4.0,7.0,0.0,4.0,6.0,25,20,5,35.0,50.0,55.0,Medium,100.0
Kalinchok Temple Trail,27.8,86.02,Dolakha,6.0,14.0,9.0,2.0,9.0,0,0,0,100.0,95.0,98.0,High,100.0
Kalinchowk,27.95,86.05,Dolakha,5.0,8.0,5.0,2.0,6.0,1,2,0,80.0,75.0,78.0,High,100.0
Kalinchowk Bhagwati,27.95,86.05,Dolakha,5.0,9.0,6.0,2.0,7.0,1,1,0,85.0,80.0,82.0,High,100.0
Kalinchowk Bhagwati Temple,27.96,86.04,Dolakha,4.0,10.0,6.0,2.0,7.0,1,1,0,90.0,80.0,84.0,High,100.0
Kalinchowk Cable Area,27.85,86.02,Dolakha,7.0,15.0,10.0,2.0,9.0,0,0,0,100.0,95.0,98.0,High,100.0
Kalinchowk Dolakha,27.8,86.02,Dolakha,5.0,12.0,8.0,2.0,8.0,1,1,0,95.0,90.0,93.0,High,100.0
Kalinchowk Ridge Camp,27.85,86.02,Dolakha,18.0,20.0,18.0,0.0,10.0,0,0,0,100.0,100.0,99.0,High,100.0
Kalinchowk Snow Area,27.95,86.05,Dolakha,7.0,15.0,12.0,1.0,9.0,0,0,0,100.0,100.0,100.0,High,100.0
Kalinchowk Snow Trail,27.72,86.05,Dolakha,12.0,16.0,10.0,1.0,9.0,0,0,0,100.0,90.0,92.0,High,100.0
Kalinchowk Temple,27.72,86.05,Dolakha,10.0,15.0,7.0,2.0,8.0,0,0,0,100.0,85.0,88.0,High,100.0
Kalinchowk Temple Route,27.95,86.05,Dolakha,5.0,10.0,6.0,2.0,7.0,1,1,0,85.0,85.0,85.0,High,100.0
Kalinchowk Trail,27.85,86.02,Dolakha,8.0,16.0,12.0,2.0,10.0,0,0,0,100.0,100.0,100.0,High,100.0
Kalinchowk Trek Route,27.8,86.02,Dolakha,6.0,14.0,9.0,2.0,9.0,0,0,0,100.0,95.0,98.0,High,100.0
Kalinchowk Village Route,27.95,86.05,Dolakha,12.0,16.0,8.0,2.0,9.0,0,0,0,100.0,90.0,92.0,High,100.0
Kharidhunga Trail,27.75,86.1,Dolakha,10.0,15.0,6.0,2.0,8.0,0,0,0,100.0,85.0,88.0,High,100.0
Khawa Danda,27.62,86.15,Dolakha,6.0,10.0,4.0,2.0,7.0,10,5,2,65.0,70.0,72.0,High,100.0
Kuri Kalinchowk,27.95,86.05,Dolakha,5.0,11.0,7.0,2.0,7.0,1,1,0,90.0,85.0,87.0,High,100.0
Kuri Village Kalinchowk,27.95,86.05,Dolakha,5.0,10.0,7.0,2.0,7.0,1,1,0,85.0,85.0,85.0,High,100.0
Lamabagar Area,27.9,86.05,Dolakha,7.0,15.0,10.0,2.0,9.0,0,0,0,100.0,95.0,98.0,High,100.0
Lamabagar Hydropower Area,27.9,86.3,Dolakha,7.0,15.0,10.0,2.0,9.0,0,0,0,100.0,95.0,98.0,High,100.0
Lamabagar Hydropower Trail,27.9,86.2,Dolakha,10.0,15.0,8.0,3.0,9.0,0,0,0,100.0,90.0,92.0,High,100.0
Lamabagar Village,27.9,86.2,Dolakha,10.0,15.0,8.0,2.0,8.0,0,0,0,100.0,85.0,88.0,High,100.0
Na Village,27.85,86.5,Dolakha,12.0,15.0,12.0,2.0,8.0,0,0,0,100.0,90.0,90.0,High,100.0
Na Village Dolakha,27.88,86.39,Dolakha,7.0,15.0,12.0,2.0,9.0,0,0,0,100.0,95.0,98.0,High,100.0
Na Village Rolwaling,27.93,86.43,Dolakha,15.0,18.0,12.0,0.0,10.0,0,0,0,100.0,95.0,95.0,High,100.0
Na Village Route,27.9,86.5,Dolakha,17.0,20.0,15.0,0.0,10.0,0,0,0,100.0,100.0,98.0,High,100.0
Rolwaling Glacier Lake,27.85,86.45,Dolakha,8.0,16.0,12.0,2.0,10.0,0,0,0,100.0,100.0,100.0,High,100.0
Rolwaling Glacier Trail,27.9,86.35,Dolakha,18.0,20.0,15.0,0.0,10.0,0,0,0,100.0,100.0,98.0,High,100.0
Rolwaling Rural Camp,27.9,86.35,Dolakha,18.0,20.0,18.0,0.0,10.0,0,0,0,100.0,100.0,99.0,High,100.0
Rolwaling Rural Valley,27.9,86.35,Dolakha,16.0,20.0,15.0,0.0,10.0,0,0,0,100.0,100.0,98.0,High,100.0
Rolwaling Trek,27.85,86.45,Dolakha,10.0,20.0,20.0,1.0,10.0,0,0,0,100.0,100.0,100.0,High,100.0
Rolwaling Valley,27.82,86.42,Dolakha,7.0,14.0,10.0,3.0,9.0,0,0,0,100.0,96.0,98.0,High,100.0
Rolwaling Valley Camp,27.95,86.35,Dolakha,18.0,20.0,18.0,0.0,10.0,0,0,0,100.0,100.0,99.0,High,100.0
Rolwaling Village,27.9,86.35,Dolakha,16.0,20.0,15.0,0.0,10.0,0,0,0,100.0,100.0,98.0,High,100.0
Sailung,27.77,86.26,Dolakha,10.0,15.0,8.0,3.0,8.0,0,0,0,100.0,85.0,84.0,High,100.0
Sailung Danda,27.55,86.3,Dolakha,10.0,15.0,5.0,2.0,8.0,0,0,0,100.0,85.0,88.0,High,100.0
Sailung Hill,27.7,86.1,Dolakha,5.0,12.0,6.0,3.0,8.0,1,1,0,95.0,85.0,89.0,High,100.0
Sailung Rural Hill Trail,27.95,86.15,Dolakha,10.0,15.0,5.0,3.0,9.0,0,0,0,100.0,90.0,92.0,High,100.0
Sailung View Point,27.7,86.1,Dolakha,5.0,12.0,7.0,3.0,8.0,0,0,0,95.0,90.0,93.0,High,100.0
Sailung View Tower,27.78,86.1,Dolakha,4.0,10.0,3.0,3.0,7.0,2,1,0,80.0,80.0,80.0,High,100.0
Shailung Hill,27.55,86.25,Dolakha,8.0,12.0,5.0,2.0,7.0,5,5,2,70.0,75.0,78.0,High,100.0
Simigaon Village,27.85,86.35,Dolakha,8.0,12.0,5.0,3.0,8.0,5,5,2,70.0,75.0,78.0,High,100.0
Simigaon Village Trail,27.85,86.3,Dolakha,9.0,14.0,5.0,2.0,8.0,5,5,2,70.0,80.0,82.0,High,100.0
Simigaun Village,27.9,86.42,Dolakha,8.0,12.0,8.0,3.0,7.0,0,0,0,100.0,80.0,82.0,High,100.0
Tsho Rolpa Glacier Lake,27.87,86.48,Dolakha,10.0,20.0,20.0,1.0,10.0,0,0,0,100.0,100.0,100.0,High,100.0
Tsho Rolpa Glacier View,27.95,86.45,Dolakha,20.0,20.0,20.0,0.0,10.0,0,0,0,100.0,100.0,99.0,High,100.0
Tsho Rolpa Lake,27.85,86.47,Dolakha,8.0,15.0,8.0,5.0,10.0,0,0,0,100.0,95.0,97.0,High,100.0
Tsho Rolpa Lake Camp,27.85,86.48,Dolakha,17.0,20.0,15.0,0.0,10.0,0,0,0,100.0,100.0,98.0,High,100.0
Tsho Rolpa Lake Trail,27.95,86.47,Dolakha,18.0,20.0,15.0,1.0,10.0,0,0,0,100.0,100.0,98.0,High,100.0
Tsho Rolpa Trail,27.87,86.48,Dolakha,10.0,20.0,20.0,1.0,10.0,0,0,0,100.0,100.0,100.0,High,100.0
Tsho Rolpa Trek Route,27.85,86.47,Dolakha,9.0,17.0,14.0,2.0,10.0,0,0,0,100.0,100.0,100.0,High,100.0
Bheri River Dolpa,29.0,82.7,Dolpa,6.0,3.0,0.0,16.0,4.0,1,1,0,80.0,80.0,80.0,High,100.0
Chharka Bhot,29.2,83.25,Dolpa,9.0,19.0,18.0,1.0,10.0,0,0,0,100.0,100.0,100.0,High,100.0
Chharka Bot Rural Route,29.3,83.0,Dolpa,14.0,18.0,12.0,0.0,10.0,0,0,0,100.0,95.0,95.0,High,100.0
Chharka Rural Camp,29.3,83.0,Dolpa,14.0,18.0,12.0,0.0,10.0,0,0,0,100.0,95.0,95.0,High,100.0
Chharka Rural Valley,29.3,83.0,Dolpa,14.0,18.0,12.0,0.0,10.0,0,0,0,100.0,95.0,95.0,High,100.0
Chharka Village,29.05,83.0,Dolpa,12.0,18.0,12.0,1.0,9.0,0,0,0,100.0,90.0,90.0,High,100.0
Crystal Mountain Route,29.35,82.95,Dolpa,18.0,20.0,18.0,0.0,10.0,0,0,0,100.0,100.0,99.0,High,100.0
Dho Tarap Dolpa,29.1,83.0,Dolpa,8.0,17.0,14.0,1.0,10.0,0,0,0,100.0,100.0,100.0,High,100.0
Dho Tarap Monastery,29.1,83.0,Dolpa,8.0,17.0,14.0,1.0,10.0,0,0,0,100.0,100.0,100.0,High,100.0
Dho Tarap Rural Route,29.25,83.0,Dolpa,14.0,18.0,12.0,0.0,10.0,0,0,0,100.0,95.0,95.0,High,100.0
Dho Tarap Valley,29.35,83.0,Dolpa,8.0,16.0,10.0,2.0,10.0,0,0,0,100.0,100.0,100.0,High,100.0
Dho Tarap Village,29.25,83.1,Dolpa,16.0,20.0,15.0,0.0,10.0,0,0,0,100.0,100.0,98.0,High,100.0
Dolpa Crystal Mountain Trail,29.3,83.0,Dolpa,18.0,20.0,18.0,0.0,10.0,0,0,0,100.0,100.0,99.0,High,100.0
Dolpa Dunai,29.0,82.83,Dolpa,12.0,15.0,10.0,2.0,8.0,0,0,0,100.0,85.0,85.0,High,100.0
Dolpa Dunai Airport Road,29.05,82.25,Dolpa,4.0,8.0,2.0,5.0,7.0,2,1,0,80.0,80.0,80.0,High,100.0
Dolpa Dunai Valley,29.0,82.82,Dolpa,8.0,12.0,5.0,2.0,8.0,5,5,2,70.0,75.0,78.0,High,100.0
Dolpa Juphal Trail,29.27,82.19,Dolpa,8.0,12.0,5.0,2.0,8.0,0,0,0,100.0,80.0,82.0,High,100.0
Dolpa Phoksundo Lake,29.2,82.95,Dolpa,8.0,17.0,13.0,2.0,10.0,0,0,0,100.0,100.0,100.0,High,100.0
Dolpa Phoksundo Lake Camp,29.2,82.95,Dolpa,17.0,20.0,15.0,0.0,10.0,0,0,0,100.0,100.0,98.0,High,100.0
Dolpa Phoksundo Route,29.22,82.96,Dolpa,18.0,20.0,15.0,1.0,10.0,0,0,0,100.0,100.0,98.0,High,100.0
Dolpa Shey Phoksundo,29.2,82.95,Dolpa,9.0,18.0,16.0,1.0,10.0,0,0,0,100.0,100.0,100.0,High,100.0
Dolpa Shey Phoksundo Route,29.17,82.95,Dolpa,16.0,20.0,15.0,0.0,10.0,0,0,0,100.0,100.0,98.0,High,100.0
Dolpa Shey Route,29.2,82.95,Dolpa,10.0,19.0,18.0,1.0,10.0,0,0,0,100.0,100.0,100.0,High,100.0
Dolpa Trek Route,29.3,83.0,Dolpa,10.0,20.0,20.0,1.0,10.0,0,0,0,100.0,100.0,100.0,High,100.0
Dolpo Crystal Mountain,29.0,82.9,Dolpa,15.0,20.0,15.0,1.0,10.0,0,0,0,100.0,100.0,97.0,High,100.0
Dolpo Mustang Route,29.0,83.0,Dolpa,10.0,20.0,20.0,1.0,10.0,0,0,0,100.0,100.0,100.0,High,100.0
Dolpo Yarsa Trail,29.4,83.1,Dolpa,19.0,20.0,18.0,0.0,10.0,0,0,0,100.0,100.0,99.0,High,100.0
Dunai Bazaar,29.0,82.83,Dolpa,8.0,12.0,5.0,2.0,8.0,0,0,0,100.0,75.0,80.0,High,100.0
Dunai Dolpa,29.0,82.82,Dolpa,2.0,6.0,1.0,4.0,7.0,5,4,1,65.0,60.0,62.0,Medium,100.0
Dunai Market,29.0,82.82,Dolpa,2.0,6.0,1.0,4.0,7.0,5,4,1,65.0,60.0,62.0,Medium,100.0
Dunai Riverside Camp,29.05,82.25,Dolpa,3.0,6.0,0.0,12.0,5.0,30,25,10,40.0,50.0,55.0,Medium,100.0
Dunai Rural Heritage,29.05,82.25,Dolpa,3.0,5.0,0.0,5.0,5.0,30,25,10,35.0,45.0,50.0,Medium,100.0
Dunai Rural Market Area,29.05,82.25,Dolpa,3.0,5.0,0.0,12.0,5.0,30,25,10,40.0,50.0,55.0,Medium,100.0
Dunai Rural Tourism Area,29.05,82.25,Dolpa,3.0,6.0,0.0,12.0,5.0,30,25,10,40.0,50.0,55.0,Medium,100.0
Dunai Village,29.0,82.82,Dolpa,3.0,8.0,2.0,4.0,6.0,1,1,0,85.0,75.0,79.0,High,100.0
Juphal Airport,29.28,82.18,Dolpa,3.0,8.0,2.0,3.0,6.0,2,2,0,80.0,75.0,78.0,High,100.0
Juphal Airport Area,29.27,82.19,Dolpa,4.0,5.0,0.0,3.0,4.0,10,10,5,60.0,50.0,55.0,Medium,100.0
Juphal Airport Trail,29.28,82.2,Dolpa,4.0,7.0,2.0,3.0,7.0,10,10,3,65.0,70.0,72.0,High,100.0
Juphal Mountain Trail,29.28,82.2,Dolpa,4.0,8.0,0.0,5.0,6.0,20,15,5,50.0,60.0,65.0,High,100.0
Juphal Rural Village,29.28,82.2,Dolpa,4.0,7.0,0.0,5.0,6.0,20,15,5,50.0,60.0,65.0,High,100.0
Juphal Trek Entry,29.28,82.18,Dolpa,3.0,8.0,2.0,3.0,6.0,2,2,0,80.0,75.0,78.0,High,100.0
Juphal Village Trail,29.28,82.2,Dolpa,4.0,7.0,2.0,3.0,7.0,15,10,3,55.0,65.0,68.0,High,100.0
Kagbeni Dolpa Route,29.1,82.9,Dolpa,6.0,14.0,9.0,2.0,8.0,0,0,0,100.0,95.0,98.0,High,100.0
Kagkot Village,29.3,82.7,Dolpa,7.0,16.0,12.0,1.0,10.0,0,0,0,100.0,100.0,100.0,High,100.0
Kakot Village,29.0,82.3,Dolpa,7.0,10.0,4.0,3.0,8.0,5,5,2,70.0,75.0,78.0,High,100.0
Kang La Pass,28.95,82.7,Dolpa,18.0,20.0,18.0,0.0,10.0,0,0,0,100.0,100.0,98.0,High,100.0
Kang La Pass Dolpa,29.4,83.15,Dolpa,20.0,20.0,20.0,0.0,10.0,0,0,0,100.0,100.0,99.0,High,100.0
Kang La Rural Pass,29.45,83.1,Dolpa,20.0,20.0,20.0,0.0,10.0,0,0,0,100.0,100.0,99.0,High,100.0
Karnali River Camp,29.0,82.6,Dolpa,8.0,15.0,5.0,8.0,7.0,0,0,0,100.0,80.0,82.0,High,100.0
Karnali River Corridor,29.0,82.3,Dolpa,6.0,3.0,0.0,15.0,4.0,1,1,0,80.0,75.0,78.0,High,100.0
Mukot Himal Camp,29.55,83.2,Dolpa,20.0,20.0,20.0,0.0,10.0,0,0,0,100.0,100.0,99.0,High,100.0
Mukot Mountain Camp,29.55,83.2,Dolpa,20.0,20.0,20.0,0.0,10.0,0,0,0,100.0,100.0,99.0,High,100.0
Mukot Rural Valley,29.55,83.2,Dolpa,20.0,20.0,20.0,0.0,10.0,0,0,0,100.0,100.0,99.0,High,100.0
Mukot Valley Route,29.55,83.2,Dolpa,20.0,20.0,20.0,0.0,10.0,0,0,0,100.0,100.0,99.0,High,100.0
Namgung Monastery,29.4,83.05,Dolpa,9.0,18.0,16.0,1.0,10.0,0,0,0,100.0,100.0,100.0,High,100.0
Phoksundo Lake,29.22,82.95,Dolpa,8.0,17.0,13.0,2.0,10.0,0,0,0,100.0,100.0,100.0,High,100.0
Phoksundo Lake Camp,29.21,82.95,Dolpa,6.0,13.0,8.0,2.0,9.0,0,0,0,100.0,95.0,98.0,High,100.0
Phoksundo Lake Camp Area,29.18,82.95,Dolpa,16.0,20.0,15.0,0.0,10.0,0,0,0,100.0,100.0,98.0,High,100.0
Phoksundo Lake Dolpa,29.2,82.95,Dolpa,10.0,20.0,20.0,1.0,10.0,0,0,0,100.0,100.0,100.0,High,100.0
Phoksundo Trail Camp,29.19,82.95,Dolpa,10.0,20.0,20.0,1.0,10.0,0,0,0,100.0,100.0,100.0,High,100.0
Phoksundo View Camp,29.19,82.95,Dolpa,14.0,18.0,12.0,0.0,10.0,0,0,0,100.0,95.0,95.0,High,100.0
Phoksundo Village,29.22,82.96,Dolpa,10.0,18.0,12.0,3.0,8.0,0,0,0,100.0,90.0,88.0,High,100.0
Phoksundo Waterfall,29.22,82.96,Dolpa,12.0,18.0,12.0,2.0,8.0,0,0,0,100.0,95.0,90.0,High,100.0
Phoksundo Waterfall Route,29.2,82.95,Dolpa,12.0,16.0,8.0,1.0,9.0,0,0,0,100.0,90.0,92.0,High,100.0
Phoksundo Waterfall Trail,29.18,82.95,Dolpa,9.0,14.0,5.0,2.0,8.0,5,5,2,70.0,80.0,82.0,High,100.0
Pugmo Village Trail,29.22,82.9,Dolpa,12.0,16.0,8.0,1.0,9.0,0,0,0,100.0,90.0,92.0,High,100.0
Ringmo Village,29.22,82.96,Dolpa,5.0,12.0,6.0,2.0,8.0,0,0,0,100.0,90.0,96.0,High,100.0
Ringmo Village Dolpa,29.18,82.97,Dolpa,8.0,12.0,4.0,2.0,8.0,5,5,2,70.0,75.0,78.0,High,100.0
Ringmo Village Route,29.21,82.95,Dolpa,8.0,13.0,4.0,1.0,8.0,5,5,2,70.0,75.0,78.0,High,100.0
Saldang Himalayan Village,29.4,83.0,Dolpa,16.0,20.0,15.0,0.0,10.0,0,0,0,100.0,100.0,98.0,High,100.0
Saldang Remote Trail,29.4,83.0,Dolpa,16.0,20.0,15.0,0.0,10.0,0,0,0,100.0,100.0,98.0,High,100.0
Saldang Rural Trail,29.4,83.0,Dolpa,16.0,20.0,15.0,0.0,10.0,0,0,0,100.0,100.0,98.0,High,100.0
Saldang Village,29.4,83.1,Dolpa,15.0,18.0,14.0,1.0,10.0,0,0,0,100.0,95.0,94.0,High,100.0
Shey Gompa,29.25,83.05,Dolpa,15.0,20.0,15.0,1.0,10.0,0,0,0,100.0,100.0,97.0,High,100.0
Shey Gompa Dolpa,29.35,82.95,Dolpa,10.0,19.0,18.0,1.0,10.0,0,0,0,100.0,100.0,100.0,High,100.0
Shey Gompa Route,29.35,82.95,Dolpa,10.0,19.0,18.0,1.0,10.0,0,0,0,100.0,100.0,100.0,High,100.0
Shey Gompa Rural Area,29.35,82.95,Dolpa,19.0,20.0,18.0,0.0,10.0,0,0,0,100.0,100.0,99.0,High,100.0
Shey Phoksundo Lake,29.21,82.96,Dolpa,4.0,12.0,3.0,4.0,8.0,0,0,0,100.0,78.0,85.0,High,100.0
Shey Phoksundo National Park,29.4,83.0,Dolpa,10.0,20.0,20.0,1.0,10.0,0,0,0,100.0,100.0,100.0,High,100.0
Shey Phoksundo Route,29.21,82.96,Dolpa,12.0,18.0,12.0,3.0,8.0,0,0,0,100.0,95.0,90.0,High,100.0
Shey Phoksundo Trail,29.25,83.05,Dolpa,18.0,20.0,18.0,0.0,10.0,0,0,0,100.0,100.0,99.0,High,100.0
Shey Phoksundo Trek Route,29.21,82.95,Dolpa,8.0,17.0,12.0,2.0,10.0,0,0,0,100.0,100.0,100.0,High,100.0
Shey Phoksundo Waterfall,29.2,82.95,Dolpa,7.0,15.0,8.0,3.0,9.0,0,0,0,100.0,98.0,99.0,High,100.0
Suli Gad Waterfall,29.15,82.9,Dolpa,10.0,15.0,6.0,3.0,8.0,0,0,0,100.0,85.0,88.0,High,100.0
Tarakot Rural Route,29.05,82.25,Dolpa,7.0,12.0,4.0,3.0,8.0,5,5,2,70.0,75.0,78.0,High,100.0
Tarakot Village Camp,29.05,82.25,Dolpa,7.0,12.0,3.0,5.0,8.0,5,5,2,70.0,75.0,78.0,High,100.0
Tarap Monastery,29.32,82.95,Dolpa,8.0,17.0,15.0,1.0,10.0,0,0,0,100.0,100.0,100.0,High,100.0
Tarap Valley,29.2,83.0,Dolpa,15.0,18.0,12.0,0.0,10.0,0,0,0,100.0,95.0,95.0,High,100.0
Tarap Valley Trail,29.12,83.02,Dolpa,7.0,15.0,12.0,2.0,9.0,0,0,0,100.0,95.0,98.0,High,100.0
Tichurong Valley Trail,29.15,82.85,Dolpa,12.0,16.0,8.0,1.0,9.0,0,0,0,100.0,90.0,92.0,High,100.0
Tinje Rural Settlement,29.5,83.15,Dolpa,18.0,20.0,18.0,0.0,10.0,0,0,0,100.0,100.0,99.0,High,100.0
Tinje Valley,29.5,83.15,Dolpa,16.0,20.0,15.0,0.0,10.0,0,0,0,100.0,100.0,98.0,High,100.0
Tinje Village Camp,29.5,83.15,Dolpa,18.0,20.0,18.0,0.0,10.0,0,0,0,100.0,100.0,99.0,High,100.0
Tripurakot Temple,29.05,82.95,Dolpa,3.0,5.0,0.0,3.0,5.0,0,0,0,90.0,55.0,65.0,Medium,100.0
Tripurakot Village Route,29.0,82.3,Dolpa,5.0,9.0,2.0,7.0,7.0,10,8,3,65.0,70.0,72.0,High,100.0
Upper Dolpo Camp,29.4,83.1,Dolpa,10.0,20.0,20.0,1.0,10.0,0,0,0,100.0,100.0,100.0,High,100.0
Upper Dolpo Trek,29.2,82.85,Dolpa,10.0,19.0,18.0,1.0,10.0,0,0,0,100.0,100.0,100.0,High,100.0
Upper Dolpo Trek Route,29.3,83.0,Dolpa,18.0,20.0,18.0,0.0,10.0,0,0,0,100.0,100.0,99.0,High,100.0
Yak Kharka Dolpo,29.35,83.05,Dolpa,10.0,20.0,20.0,1.0,10.0,0,0,0,100.0,100.0,100.0,High,100.0
Dipayal Rural Route,29.27,80.95,Doti,3.0,5.0,0.0,10.0,5.0,50,40,15,20.0,35.0,40.0,Medium,100.0
Dipayal Seti River Area,29.27,80.98,Doti,4.0,1.0,0.0,14.0,3.0,5,4,1,70.0,65.0,68.0,High,100.0
Dipayal Seti Riverside,29.25,80.95,Doti,3.0,6.0,0.0,15.0,5.0,50,40,15,20.0,40.0,45.0,Medium,100.0
Dipayal Silgadhi,29.27,80.95,Doti,2.0,3.0,0.0,5.0,4.0,40,30,10,15.0,30.0,35.0,Low,100.0
Dipayal View Point,29.26,80.95,Doti,2.0,3.0,0.0,10.0,4.0,60,50,20,10.0,35.0,38.0,Medium,100.0
Doti Badikedar Trail,29.15,80.85,Doti,5.0,9.0,2.0,8.0,7.0,10,8,3,65.0,75.0,78.0,High,100.0
Doti Dipayal,29.26,80.94,Doti,2.0,5.0,0.0,5.0,5.0,15,10,3,55.0,55.0,55.0,Medium,100.0
Doti Khaptad Gateway,29.3,81.15,Doti,6.0,10.0,2.0,5.0,7.0,10,8,3,65.0,70.0,72.0,High,100.0
Doti Khaptad Route,29.32,81.15,Doti,4.0,6.0,0.0,6.0,4.0,15,20,5,40.0,50.0,55.0,Medium,100.0
Doti Seti River Camp,29.25,80.95,Doti,3.0,6.0,0.0,15.0,5.0,50,40,15,20.0,40.0,45.0,Medium,100.0
Doti Silgadhi,29.26,80.94,Doti,2.0,4.0,0.0,5.0,5.0,20,15,5,35.0,40.0,38.0,Medium,100.0
Gadsera Village,29.1,80.9,Doti,4.0,8.0,2.0,4.0,7.0,5,4,1,70.0,70.0,70.0,High,100.0
Jorayal Rural Route,29.25,80.95,Doti,3.0,6.0,0.0,10.0,5.0,40,30,10,25.0,45.0,50.0,Medium,100.0
Jorayal Valley,29.18,80.9,Doti,3.0,8.0,2.0,5.0,6.0,1,1,0,85.0,80.0,82.0,High,100.0
Jorayal Village Trail,29.3,80.9,Doti,5.0,8.0,0.0,8.0,6.0,30,25,10,35.0,50.0,55.0,Medium,100.0
Khaptad Ashram,29.32,81.15,Doti,3.0,5.0,0.0,6.0,4.0,15,20,5,40.0,50.0,55.0,Medium,100.0
Khaptad Ashram Area,29.27,81.12,Doti,3.0,7.0,1.0,3.0,6.0,2,2,0,75.0,65.0,69.0,High,100.0
Khaptad Ashram Trail,29.25,81.15,Doti,5.0,10.0,3.0,4.0,7.0,5,5,2,70.0,75.0,78.0,High,100.0
Khaptad Entry Trail,29.3,81.0,Doti,7.0,12.0,3.0,5.0,8.0,10,8,3,65.0,70.0,72.0,High,100.0
Khaptad Lake,29.27,81.12,Doti,5.0,12.0,6.0,2.0,8.0,0,0,0,100.0,90.0,95.0,High,100.0
Khaptad National Park,29.3,81.1,Doti,6.0,8.0,2.0,5.0,6.0,5,5,2,65.0,70.0,72.0,High,100.0
Khaptad National Park Trail,29.25,81.1,Doti,6.0,13.0,5.0,3.0,8.0,0,1,0,95.0,85.0,89.0,High,100.0
Khaptad Rural Meadow,29.3,81.0,Doti,8.0,12.0,4.0,4.0,8.0,5,5,2,70.0,75.0,78.0,High,100.0
Khaptad Trek Route,29.25,81.1,Doti,6.0,13.0,5.0,3.0,8.0,0,1,0,95.0,85.0,89.0,High,100.0
Khaptad West Trail,29.28,81.1,Doti,5.0,8.0,2.0,5.0,6.0,10,10,3,60.0,70.0,72.0,High,100.0
Purbichauki Village,29.2,80.85,Doti,4.0,7.0,0.0,8.0,6.0,30,25,10,35.0,50.0,55.0,Medium,100.0
Seti River Canyon,29.2,81.0,Doti,5.0,2.0,0.0,15.0,3.0,5,4,1,80.0,75.0,78.0,High,100.0
Shaileshwari Temple,29.3,80.6,Doti,2.0,5.0,0.0,3.0,5.0,3,3,1,60.0,45.0,51.0,Medium,100.0
Silgadhi Bazaar,29.26,80.98,Doti,1.0,4.0,0.0,5.0,5.0,8,6,2,50.0,45.0,47.0,Medium,100.0
Silgadhi Doti,29.26,80.98,Doti,1.0,4.0,0.0,5.0,5.0,8,6,2,50.0,45.0,47.0,Medium,100.0
Silgadhi Heritage Route,29.27,80.97,Doti,2.0,5.0,0.0,6.0,5.0,40,30,10,25.0,40.0,45.0,Medium,100.0
Silgadhi Rural Heritage,29.26,80.73,Doti,2.0,4.0,0.0,7.0,4.0,70,60,20,5.0,20.0,25.0,Low,100.0
Silgadhi Rural View,29.27,80.95,Doti,2.0,4.0,0.0,8.0,4.0,60,50,20,15.0,30.0,35.0,Low,100.0
Silgadhi Village Trail,29.26,80.73,Doti,2.0,4.0,0.0,7.0,4.0,70,60,20,5.0,20.0,25.0,Low,100.0
Aarughat Bazaar,28.05,84.82,Gorkha,3.0,5.0,0.0,12.0,5.0,8,6,2,65.0,70.0,68.0,High,100.0
Barpak Homestay Area,28.21,84.75,Gorkha,5.0,12.0,5.0,3.0,9.0,2,1,0,85.0,90.0,88.0,High,100.0
Barpak Mountain Village,28.21,84.75,Gorkha,9.0,14.0,5.0,3.0,8.0,5,5,2,70.0,80.0,82.0,High,100.0
Barpak Rural Homestay,28.2,84.75,Gorkha,10.0,15.0,5.0,3.0,9.0,8,5,2,75.0,85.0,88.0,High,100.0
Barpak Rural Village,28.21,84.75,Gorkha,9.0,14.0,5.0,3.0,8.0,5,5,2,70.0,80.0,82.0,High,100.0
Barpak Sulikot Route,28.2,84.75,Gorkha,9.0,14.0,5.0,3.0,8.0,5,5,2,70.0,80.0,82.0,High,100.0
Barpak Trek,28.22,84.75,Gorkha,5.0,12.0,3.0,3.0,8.0,0,1,0,95.0,85.0,89.0,High,100.0
Barpak View Hill,28.21,84.72,Gorkha,6.0,10.0,3.0,4.0,7.0,10,8,3,65.0,70.0,72.0,High,100.0
Barpak Village,28.22,84.75,Gorkha,4.0,10.0,2.0,2.0,8.0,1,1,0,90.0,75.0,84.0,High,100.0
Bihi Village,28.62,84.85,Gorkha,9.0,14.0,7.0,2.0,8.0,0,0,0,100.0,80.0,82.0,High,100.0
Bihi Village Camp,28.62,84.72,Gorkha,17.0,20.0,18.0,0.0,10.0,0,0,0,100.0,100.0,99.0,High,100.0
Bihi Village Route,28.62,84.72,Gorkha,16.0,20.0,15.0,0.0,10.0,0,0,0,100.0,100.0,98.0,High,100.0
Bimthang Rural Trail,28.67,84.45,Gorkha,13.0,17.0,10.0,0.0,9.0,0,0,0,100.0,95.0,95.0,High,100.0
Bimthang Village,28.72,84.65,Gorkha,8.0,17.0,15.0,1.0,10.0,0,0,0,100.0,100.0,100.0,High,100.0
Bimthang Village Trail,28.67,84.45,Gorkha,13.0,17.0,10.0,0.0,9.0,0,0,0,100.0,95.0,95.0,High,100.0
Birendra Lake,28.65,84.62,Gorkha,4.0,10.0,7.0,2.0,7.0,0,0,0,100.0,85.0,91.0,High,100.0
Birendra Lake Manaslu,28.65,84.62,Gorkha,7.0,15.0,10.0,2.0,9.0,0,0,0,100.0,100.0,100.0,High,100.0
Birendra Tal,28.62,84.7,Gorkha,8.0,17.0,15.0,1.0,10.0,0,0,0,100.0,100.0,100.0,High,100.0
Boudha Himal Area,28.7,84.9,Gorkha,7.0,16.0,12.0,1.0,10.0,0,0,0,100.0,100.0,100.0,High,100.0
Boudha Himal Glacier,28.75,84.85,Gorkha,9.0,18.0,15.0,1.0,10.0,0,0,0,100.0,100.0,100.0,High,100.0
Boudha Himal Route,28.5,84.7,Gorkha,12.0,16.0,8.0,2.0,9.0,0,0,0,100.0,90.0,92.0,High,100.0
Chekampar Village,28.62,84.85,Gorkha,6.0,13.0,7.0,2.0,9.0,0,0,0,100.0,95.0,97.0,High,100.0
Chepe River Area,28.35,84.75,Gorkha,2.0,5.0,0.0,7.0,4.0,2,2,0,75.0,55.0,63.0,Medium,100.0
Chepe River Trail,28.0,84.5,Gorkha,5.0,8.0,0.0,5.0,6.0,15,10,3,45.0,55.0,60.0,Medium,100.0
Chhekampar,28.65,85.0,Gorkha,12.0,18.0,10.0,1.0,9.0,0,0,0,100.0,90.0,90.0,High,100.0
Chhekampar Rural Camp,28.57,84.62,Gorkha,15.0,19.0,12.0,0.0,10.0,0,0,0,100.0,95.0,96.0,High,100.0
Chhekampar Settlement,28.56,84.62,Gorkha,15.0,19.0,12.0,0.0,10.0,0,0,0,100.0,95.0,96.0,High,100.0
Chhekampar Valley,28.65,84.9,Gorkha,9.0,18.0,16.0,1.0,10.0,0,0,0,100.0,100.0,100.0,High,100.0
Chhekampar Village,28.62,84.85,Gorkha,6.0,14.0,8.0,2.0,9.0,0,0,0,100.0,95.0,98.0,High,100.0
Chhokangparo,28.57,85.0,Gorkha,8.0,16.0,13.0,1.0,10.0,0,0,0,100.0,100.0,100.0,High,100.0
Chhorten Dhara Route,28.6,84.85,Gorkha,12.0,16.0,8.0,1.0,9.0,0,0,0,100.0,90.0,92.0,High,100.0
Chum Valley,28.6,84.9,Gorkha,5.0,12.0,5.0,3.0,8.0,0,0,0,100.0,88.0,94.0,High,100.0
Chum Valley Route,28.58,85.05,Gorkha,7.0,15.0,11.0,2.0,9.0,0,0,0,100.0,95.0,98.0,High,100.0
Chumchet Village,28.57,84.62,Gorkha,13.0,17.0,10.0,0.0,9.0,0,0,0,100.0,95.0,95.0,High,100.0
Chumling Village,28.6,85.0,Gorkha,8.0,17.0,14.0,1.0,10.0,0,0,0,100.0,100.0,100.0,High,100.0
Chumling Village Trail,28.55,84.62,Gorkha,9.0,14.0,5.0,2.0,8.0,5,5,2,70.0,80.0,82.0,High,100.0
Chumnubri Valley,28.65,84.8,Gorkha,8.0,16.0,12.0,2.0,10.0,0,0,0,100.0,100.0,100.0,High,100.0
Deng Rural Camp,28.6,84.6,Gorkha,10.0,15.0,6.0,1.0,9.0,0,0,0,100.0,90.0,92.0,High,100.0
Deng Village,28.6,84.75,Gorkha,6.0,14.0,10.0,2.0,9.0,0,0,0,100.0,95.0,98.0,High,100.0
Dharapani Manaslu Route,28.65,84.75,Gorkha,10.0,15.0,8.0,2.0,9.0,0,0,0,100.0,90.0,92.0,High,100.0
Dharmasala Manaslu,28.75,84.55,Gorkha,10.0,20.0,20.0,1.0,10.0,0,0,0,100.0,100.0,100.0,High,100.0
Dharmasala Manaslu Camp,28.72,84.65,Gorkha,14.0,18.0,12.0,0.0,10.0,0,0,0,100.0,95.0,95.0,High,100.0
Dharmasala Rural Area,28.72,84.65,Gorkha,14.0,18.0,12.0,0.0,10.0,0,0,0,100.0,95.0,95.0,High,100.0
Ghyachok Village,28.3,84.65,Gorkha,5.0,9.0,2.0,5.0,6.0,15,10,3,60.0,65.0,68.0,High,100.0
Gorkha Bazaar,28.0,84.63,Gorkha,1.0,3.0,0.0,5.0,6.0,25,20,5,25.0,30.0,28.0,Low,100.0
Gorkha Durbar,28.0,84.63,Gorkha,1.0,2.0,0.0,2.0,6.0,5,5,1,35.0,30.0,32.0,Medium,100.0
Gorkha Durbar Hill,28.0,84.63,Gorkha,1.0,3.0,0.0,5.0,6.0,70,60,20,5.0,25.0,30.0,Low,100.0
Gorkha Durbar Rural Path,28.0,84.63,Gorkha,2.0,3.0,0.0,5.0,3.0,90,80,30,0.0,10.0,15.0,Low,100.0
Gorkha Laprak Ridge,28.25,84.7,Gorkha,12.0,16.0,8.0,2.0,9.0,5,5,2,85.0,90.0,92.0,High,100.0
Gorkha Manakamana Cable Area,27.95,84.58,Gorkha,2.0,5.0,0.0,5.0,6.0,10,8,2,50.0,45.0,47.0,Medium,100.0
Gorkha Palace,28.0,84.63,Gorkha,2.0,2.0,0.0,4.0,8.0,50,40,10,15.0,40.0,42.0,Medium,100.0
Jagat Manaslu,28.55,84.7,Gorkha,10.0,15.0,8.0,2.0,8.0,0,0,0,100.0,85.0,88.0,High,100.0
Jagat Rural Route,28.52,84.7,Gorkha,6.0,10.0,3.0,4.0,7.0,10,8,3,65.0,70.0,72.0,High,100.0
Jagat Village,28.52,84.65,Gorkha,7.0,10.0,5.0,3.0,7.0,5,5,2,70.0,70.0,72.0,High,100.0
Jagat Village Manaslu,28.52,84.6,Gorkha,5.0,12.0,5.0,3.0,8.0,0,0,0,90.0,85.0,87.0,High,100.0
Jagat Village Route,28.52,84.7,Gorkha,6.0,10.0,3.0,4.0,7.0,10,8,3,65.0,70.0,72.0,High,100.0
Kahule Village,28.18,84.62,Gorkha,3.0,8.0,2.0,3.0,6.0,1,1,0,90.0,65.0,75.0,High,100.0
Kerauja Village,28.3,84.75,Gorkha,8.0,13.0,5.0,3.0,8.0,5,5,2,70.0,80.0,82.0,High,100.0
Khorla Rural Viewpoint,28.48,84.78,Gorkha,6.0,10.0,3.0,6.0,7.0,10,8,3,65.0,75.0,78.0,High,100.0
Khorlabesi Rural Route,28.5,84.75,Gorkha,5.0,9.0,2.0,5.0,7.0,10,8,3,65.0,70.0,72.0,High,100.0
Khorlabesi Trail,28.5,84.75,Gorkha,5.0,9.0,2.0,5.0,7.0,10,8,3,65.0,70.0,72.0,High,100.0
Kro Village Trail,28.58,84.68,Gorkha,14.0,18.0,12.0,0.0,10.0,0,0,0,100.0,95.0,95.0,High,100.0
Laprak Homestay Area,28.28,84.77,Gorkha,4.0,10.0,3.0,2.0,7.0,0,1,0,95.0,75.0,83.0,High,100.0
Laprak Rural Trail,28.23,84.7,Gorkha,11.0,15.0,7.0,2.0,9.0,0,0,0,100.0,90.0,92.0,High,100.0
Laprak View Point,28.28,84.77,Gorkha,4.0,10.0,3.0,3.0,7.0,0,1,0,90.0,80.0,84.0,High,100.0
Laprak Village,28.28,84.77,Gorkha,3.0,8.0,3.0,2.0,6.0,0,1,0,95.0,70.0,82.0,High,100.0
Laprak Village Trail,28.25,84.7,Gorkha,12.0,16.0,8.0,2.0,9.0,5,5,2,85.0,90.0,92.0,High,100.0
Lapulek Rural Camp,28.25,84.8,Gorkha,10.0,15.0,6.0,2.0,9.0,0,0,0,100.0,85.0,88.0,High,100.0
Larke Pass,28.75,84.6,Gorkha,10.0,18.0,15.0,2.0,10.0,0,0,0,100.0,100.0,100.0,High,100.0
Larke Pass Route,28.75,84.6,Gorkha,10.0,18.0,15.0,2.0,10.0,0,0,0,100.0,100.0,100.0,High,100.0
Larke Village,28.65,84.6,Gorkha,10.0,20.0,20.0,1.0,10.0,0,0,0,100.0,100.0,100.0,High,100.0
Larkya Pass,28.7,84.55,Gorkha,10.0,19.0,18.0,1.0,10.0,0,0,0,100.0,100.0,100.0,High,100.0
Larpak Community Route,28.26,84.72,Gorkha,8.0,13.0,5.0,3.0,8.0,10,8,3,70.0,80.0,82.0,High,100.0
Larpak Trek Route,28.25,84.72,Gorkha,10.0,15.0,8.0,2.0,10.0,0,0,0,100.0,85.0,88.0,High,100.0
Larpak Viewpoint,28.25,84.65,Gorkha,5.0,12.0,5.0,3.0,8.0,0,0,0,90.0,85.0,87.0,High,100.0
Lho Community Village,28.65,84.6,Gorkha,8.0,12.0,4.0,1.0,8.0,5,5,2,70.0,75.0,78.0,High,100.0
Lho Village,28.65,84.6,Gorkha,12.0,16.0,10.0,2.0,9.0,0,0,0,100.0,90.0,92.0,High,100.0
Lho Village Trail,28.65,84.6,Gorkha,8.0,12.0,5.0,2.0,8.0,5,5,2,70.0,75.0,78.0,High,100.0
Ligligkot,28.05,84.57,Gorkha,3.0,5.0,0.0,4.0,6.0,20,20,5,30.0,45.0,50.0,Medium,100.0
Ligligkot Heritage Trail,27.97,84.7,Gorkha,4.0,7.0,0.0,5.0,5.0,40,30,10,25.0,40.0,45.0,Medium,100.0
Ligligkot Hill,27.98,84.65,Gorkha,2.0,5.0,0.0,2.0,5.0,4,4,1,55.0,40.0,46.0,Medium,100.0
Ligligkot Rural Trail,27.97,84.7,Gorkha,4.0,7.0,0.0,5.0,5.0,40,30,10,25.0,40.0,45.0,Medium,100.0
Ligligkot Trail,27.95,84.6,Gorkha,3.0,6.0,0.0,5.0,5.0,30,25,10,35.0,45.0,50.0,Medium,100.0
Lokpa Rural Settlement,28.53,84.6,Gorkha,8.0,13.0,4.0,2.0,8.0,5,5,2,70.0,75.0,78.0,High,100.0
Lokpa Village,28.7,84.9,Gorkha,8.0,17.0,14.0,1.0,10.0,0,0,0,100.0,100.0,100.0,High,100.0
Lokpa Village Route,28.53,84.6,Gorkha,12.0,16.0,8.0,1.0,9.0,0,0,0,100.0,90.0,92.0,High,100.0
Machha Khola,28.6,84.75,Gorkha,7.0,15.0,12.0,2.0,9.0,0,0,0,100.0,95.0,98.0,High,100.0
Machha Khola Village,28.53,84.7,Gorkha,7.0,12.0,3.0,8.0,8.0,5,5,2,70.0,80.0,82.0,High,100.0
Manakamana Cable Car,27.95,84.58,Gorkha,1.0,2.0,0.0,3.0,5.0,20,15,5,15.0,20.0,17.0,Low,100.0
Manakamana Cable Station,27.95,84.62,Gorkha,3.0,2.0,0.0,5.0,7.0,30,25,8,35.0,40.0,38.0,Medium,100.0
Manakamana Rural Cable Route,27.95,84.85,Gorkha,3.0,5.0,0.0,6.0,4.0,70,60,20,5.0,20.0,25.0,Low,100.0
Manakamana Rural Route,27.95,84.85,Gorkha,3.0,5.0,0.0,6.0,4.0,70,60,20,5.0,20.0,25.0,Low,100.0
Manakamana Temple,27.95,84.58,Gorkha,2.0,4.0,0.0,4.0,5.0,8,6,2,35.0,40.0,38.0,Medium,100.0
Manaslu Base Camp,28.65,84.56,Gorkha,9.0,17.0,13.0,1.0,10.0,0,0,0,100.0,100.0,100.0,High,100.0
Manaslu Border Trail,28.25,84.9,Gorkha,16.0,20.0,15.0,0.0,10.0,0,0,0,100.0,100.0,98.0,High,100.0
Manaslu Circuit,28.65,84.56,Gorkha,10.0,12.0,10.0,2.0,9.0,0,1,0,90.0,95.0,88.0,High,100.0
Manaslu Circuit Lower Trail,28.5,84.7,Gorkha,12.0,16.0,8.0,3.0,9.0,0,0,0,100.0,90.0,92.0,High,100.0
Manaslu Circuit North,28.65,84.7,Gorkha,10.0,18.0,17.0,1.0,10.0,0,0,0,100.0,100.0,100.0,High,100.0
Manaslu Circuit Rural Camp,28.6,84.6,Gorkha,16.0,20.0,15.0,0.0,10.0,0,0,0,100.0,100.0,98.0,High,100.0
Manaslu Conservation Area,28.65,84.7,Gorkha,8.0,16.0,12.0,2.0,10.0,0,0,0,100.0,100.0,100.0,High,100.0
Manaslu Glacier,28.65,84.5,Gorkha,10.0,20.0,20.0,1.0,10.0,0,0,0,100.0,100.0,100.0,High,100.0
Manaslu Rural Route,28.65,84.65,Gorkha,15.0,18.0,12.0,0.0,10.0,0,0,0,100.0,95.0,95.0,High,100.0
Mu Gompa,28.65,85.05,Gorkha,12.0,18.0,10.0,1.0,9.0,0,0,0,100.0,90.0,90.0,High,100.0
Mu Gompa Trail,28.68,84.95,Gorkha,8.0,16.0,12.0,1.0,10.0,0,0,0,100.0,100.0,100.0,High,100.0
Mu Gompa Tsum,28.7,85.0,Gorkha,10.0,20.0,20.0,1.0,10.0,0,0,0,100.0,100.0,100.0,High,100.0
Namrung Village,28.62,84.62,Gorkha,9.0,14.0,5.0,2.0,8.0,5,5,2,75.0,80.0,85.0,High,100.0
Namrung Village Trail,28.62,84.62,Gorkha,9.0,14.0,5.0,2.0,8.0,5,5,2,70.0,80.0,82.0,High,100.0
Nile Village Camp,28.62,84.72,Gorkha,15.0,18.0,12.0,0.0,10.0,0,0,0,100.0,95.0,95.0,High,100.0
Nubri Valley,28.65,84.75,Gorkha,15.0,20.0,12.0,2.0,10.0,0,0,0,100.0,95.0,92.0,High,100.0
Nubri Valley Settlement,28.6,84.65,Gorkha,15.0,18.0,12.0,0.0,10.0,0,0,0,100.0,95.0,95.0,High,100.0
Philim Village,28.58,84.82,Gorkha,5.0,12.0,7.0,2.0,8.0,1,1,0,95.0,90.0,93.0,High,100.0
Prok Rural Route,28.63,84.7,Gorkha,8.0,13.0,4.0,2.0,8.0,5,5,2,70.0,80.0,82.0,High,100.0
Prok Rural Settlement,28.58,84.7,Gorkha,11.0,15.0,7.0,1.0,9.0,0,0,0,100.0,90.0,92.0,High,100.0
Prok Village,28.58,84.9,Gorkha,10.0,15.0,8.0,2.0,9.0,0,0,0,100.0,85.0,86.0,High,100.0
Prok Village Camp,28.58,84.7,Gorkha,11.0,15.0,8.0,1.0,9.0,0,0,0,100.0,90.0,92.0,High,100.0
Pungyen Gompa,28.65,84.6,Gorkha,6.0,13.0,9.0,1.0,8.0,0,0,0,100.0,95.0,98.0,High,100.0
Rubina La Pass,28.65,84.8,Gorkha,8.0,15.0,12.0,1.0,10.0,0,0,0,100.0,100.0,100.0,High,100.0
Rubina La Rural Camp,28.65,84.5,Gorkha,18.0,20.0,18.0,0.0,10.0,0,0,0,100.0,100.0,99.0,High,100.0
Sama Gaun Rural Route,28.61,84.63,Gorkha,16.0,20.0,15.0,0.0,10.0,0,0,0,100.0,100.0,98.0,High,100.0
Sama Gaun Trek Route,28.6,84.65,Gorkha,6.0,14.0,8.0,2.0,9.0,0,0,0,100.0,95.0,98.0,High,100.0
Samagaun,28.6,84.65,Gorkha,5.0,12.0,8.0,2.0,8.0,0,0,0,100.0,90.0,96.0,High,100.0
Samagaun Manaslu,28.65,84.63,Gorkha,18.0,20.0,15.0,0.0,10.0,0,0,0,100.0,100.0,98.0,High,100.0
Samagaun Rural Camp,28.61,84.63,Gorkha,16.0,20.0,15.0,0.0,10.0,0,0,0,100.0,100.0,98.0,High,100.0
Samagaun Village,28.65,84.57,Gorkha,15.0,18.0,12.0,1.0,10.0,0,0,0,100.0,95.0,95.0,High,100.0
Samdo Village,28.7,84.6,Gorkha,9.0,18.0,16.0,1.0,10.0,0,0,0,100.0,100.0,100.0,High,100.0
Samdo Village Route,28.7,84.62,Gorkha,17.0,20.0,18.0,0.0,10.0,0,0,0,100.0,100.0,99.0,High,100.0
Saurpani Rural Route,28.2,84.65,Gorkha,3.0,7.0,0.0,6.0,5.0,25,20,5,45.0,55.0,60.0,Medium,100.0
Shyala Village,28.68,84.57,Gorkha,10.0,15.0,8.0,1.0,9.0,0,0,0,100.0,90.0,92.0,High,100.0
Siranchok Rural View,28.05,84.65,Gorkha,5.0,8.0,0.0,8.0,6.0,30,25,10,35.0,50.0,55.0,Medium,100.0
Sirandanda Gorkha,28.15,84.6,Gorkha,4.0,7.0,2.0,3.0,7.0,10,10,3,55.0,60.0,65.0,Medium,100.0
Sirandanda Viewpoint,28.15,84.55,Gorkha,4.0,9.0,2.0,3.0,7.0,3,2,1,70.0,70.0,70.0,High,100.0
Sirdibas Village Trail,28.52,84.65,Gorkha,9.0,14.0,6.0,2.0,8.0,5,5,2,75.0,80.0,85.0,High,100.0
Soti Khola,28.55,84.8,Gorkha,7.0,14.0,10.0,3.0,8.0,0,0,0,100.0,95.0,98.0,High,100.0
Soti Khola Trail,28.55,84.75,Gorkha,8.0,12.0,5.0,5.0,7.0,5,5,2,70.0,75.0,78.0,High,100.0
Tatopani Manaslu Area,28.48,84.78,Gorkha,3.0,6.0,0.0,12.0,5.0,40,30,10,25.0,45.0,50.0,Medium,100.0
Trishuli River Gorkha,28.0,84.8,Gorkha,6.0,2.0,0.0,15.0,4.0,3,3,1,80.0,75.0,78.0,High,100.0
Tsum Nubri Border,28.7,84.8,Gorkha,7.0,15.0,10.0,2.0,9.0,0,0,0,100.0,98.0,99.0,High,100.0
Tsum Valley,28.53,84.85,Gorkha,6.0,14.0,6.0,2.0,9.0,0,0,0,100.0,95.0,98.0,High,100.0
Tsum Valley Chumling,28.65,84.85,Gorkha,16.0,20.0,15.0,0.0,10.0,0,0,0,100.0,100.0,98.0,High,100.0
Tsum Valley East Entry,28.6,84.85,Gorkha,8.0,16.0,12.0,2.0,10.0,0,0,0,100.0,100.0,100.0,High,100.0
Tsum Valley Monastery,28.6,84.85,Gorkha,7.0,15.0,10.0,2.0,9.0,0,0,0,100.0,98.0,99.0,High,100.0
Tsum Valley Remote Route,28.65,84.9,Gorkha,17.0,20.0,15.0,0.0,10.0,0,0,0,100.0,100.0,98.0,High,100.0
Tsum Valley Rural Camp,28.52,84.65,Gorkha,15.0,18.0,12.0,0.0,10.0,0,0,0,100.0,95.0,95.0,High,100.0
Tsum Valley Trail,28.6,84.9,Gorkha,15.0,18.0,12.0,1.0,10.0,0,0,0,100.0,95.0,95.0,High,100.0
Tsum Valley Trek,28.53,84.85,Gorkha,7.0,15.0,8.0,2.0,9.0,0,0,0,100.0,95.0,98.0,High,100.0
Tsum Valley Village,28.52,84.65,Gorkha,16.0,20.0,15.0,0.0,10.0,0,0,0,100.0,100.0,98.0,High,100.0
Chandrakot Hill,28.0,83.3,Gulmi,3.0,6.0,0.0,3.0,5.0,5,4,1,60.0,50.0,55.0,Medium,100.0
Dhurbang Rural Route,28.0,83.35,Gulmi,5.0,8.0,0.0,5.0,6.0,30,25,10,35.0,50.0,55.0,Medium,100.0
Gulmi Resunga,28.05,83.25,Gulmi,3.0,7.0,0.0,3.0,5.0,5,4,1,60.0,55.0,58.0,Medium,100.0
Gulmi Resunga Hill,28.07,83.25,Gulmi,2.0,4.0,0.0,3.0,5.0,30,25,10,15.0,30.0,35.0,Low,100.0
Gulmi Resunga Rural Trail,28.08,83.25,Gulmi,4.0,7.0,0.0,5.0,5.0,40,30,10,25.0,40.0,45.0,Medium,100.0
Gulmi Ruru Rural Trail,28.15,83.35,Gulmi,3.0,5.0,0.0,7.0,5.0,50,40,15,20.0,35.0,40.0,Medium,100.0
Gulmi Tamghas,28.08,83.25,Gulmi,2.0,5.0,0.0,4.0,5.0,8,6,2,50.0,45.0,47.0,Medium,100.0
Resunga Forest,28.05,83.25,Gulmi,3.0,7.0,1.0,3.0,5.0,5,4,1,60.0,55.0,58.0,Medium,100.0
Resunga Forest Route,28.08,83.25,Gulmi,5.0,8.0,0.0,6.0,6.0,30,25,10,35.0,50.0,55.0,Medium,100.0
Resunga Forest Trail,28.08,83.25,Gulmi,4.0,7.0,0.0,5.0,5.0,40,30,10,25.0,40.0,45.0,Medium,100.0
Resunga Hill,28.07,83.25,Gulmi,2.0,4.0,0.0,3.0,5.0,30,25,10,15.0,30.0,35.0,Low,100.0
Resunga Hill Forest,28.07,83.25,Gulmi,2.0,4.0,0.0,3.0,5.0,30,25,10,15.0,30.0,35.0,Low,100.0
Resunga Rural Forest,28.08,83.25,Gulmi,4.0,7.0,0.0,5.0,5.0,40,30,10,25.0,40.0,45.0,Medium,100.0
Resunga Temple,28.07,83.25,Gulmi,2.0,4.0,0.0,5.0,5.0,40,30,10,20.0,35.0,40.0,Medium,100.0
Ridi Bazaar,27.87,83.45,Gulmi,1.0,2.0,0.0,8.0,4.0,30,25,10,15.0,35.0,38.0,Medium,100.0
Ridi Bazaar Rural Route,27.9,83.45,Gulmi,3.0,5.0,0.0,10.0,5.0,50,40,15,20.0,35.0,40.0,Medium,100.0
Ridi Khola Area,27.85,83.85,Gulmi,4.0,2.0,0.0,13.0,3.0,5,4,1,70.0,65.0,68.0,High,100.0
Ruru Kshetra,27.9,83.4,Gulmi,1.0,3.0,0.0,6.0,4.0,25,20,5,20.0,35.0,40.0,Medium,100.0
Ruru Kshetra Trail,27.95,83.45,Gulmi,3.0,6.0,0.0,7.0,5.0,50,40,15,20.0,35.0,40.0,Medium,100.0
Satyawati Lake,27.9,83.3,Gulmi,3.0,6.0,0.0,4.0,5.0,20,20,5,30.0,45.0,50.0,Medium,100.0
Satyawati Lake Gulmi,28.0,83.25,Gulmi,3.0,6.0,0.0,4.0,5.0,5,4,1,60.0,55.0,58.0,Medium,100.0
Satyawati Lake Trail,27.9,83.3,Gulmi,3.0,6.0,0.0,4.0,5.0,20,20,5,30.0,45.0,50.0,Medium,100.0
Satyawati Tal,28.0,83.25,Gulmi,3.0,6.0,0.0,4.0,5.0,5,4,1,60.0,55.0,58.0,Medium,100.0
Tamghas Area,28.08,83.25,Gulmi,1.0,4.0,0.0,5.0,5.0,10,8,2,45.0,40.0,42.0,Medium,100.0
Tamghas Bazaar,28.07,83.25,Gulmi,1.0,3.0,0.0,3.0,3.0,8,6,2,35.0,30.0,32.0,Medium,100.0
Tamghas Hill,28.08,83.25,Gulmi,2.0,5.0,0.0,4.0,5.0,8,6,2,50.0,45.0,47.0,Medium,100.0
Tamghas Rural Area,28.05,83.25,Gulmi,3.0,5.0,0.0,5.0,5.0,25,20,5,25.0,40.0,45.0,Medium,100.0
Tamghas View,28.08,83.25,Gulmi,2.0,5.0,0.0,4.0,5.0,8,6,2,50.0,45.0,47.0,Medium,100.0
Tamghas Village,28.08,83.25,Gulmi,2.0,5.0,0.0,5.0,5.0,30,25,10,30.0,40.0,45.0,Medium,100.0
Tamghas Village Route,28.07,83.25,Gulmi,2.0,4.0,0.0,6.0,4.0,70,60,20,5.0,20.0,25.0,Low,100.0
Tamghas Village Trail,28.07,83.25,Gulmi,2.0,4.0,0.0,6.0,4.0,70,60,20,5.0,20.0,25.0,Low,100.0
Chuli Himal Route,29.8,81.5,Humla,18.0,20.0,18.0,0.0,10.0,0,0,0,100.0,100.0,99.0,High,100.0
Hilsa Border,30.1,81.6,Humla,5.0,12.0,8.0,1.0,9.0,0,0,0,95.0,90.0,93.0,High,100.0
Hilsa Border Area,30.0,81.3,Humla,7.0,16.0,12.0,1.0,9.0,0,0,0,100.0,100.0,100.0,High,100.0
Hilsa Border Route,30.15,81.22,Humla,12.0,16.0,8.0,0.0,9.0,0,0,0,100.0,90.0,92.0,High,100.0
Humla Limi Rural Trail,30.0,81.7,Humla,20.0,20.0,20.0,0.0,10.0,0,0,0,100.0,100.0,99.0,High,100.0
Humla Limi Valley,30.0,81.8,Humla,18.0,20.0,18.0,0.0,10.0,0,0,0,100.0,100.0,99.0,High,100.0
Humla Namkha Trail,30.1,81.4,Humla,10.0,19.0,18.0,1.0,10.0,0,0,0,100.0,100.0,100.0,High,100.0
Humla Simikot,29.97,81.82,Humla,3.0,8.0,4.0,2.0,7.0,1,1,0,90.0,80.0,84.0,High,100.0
Humla Simkot Rural Area,29.97,81.82,Humla,18.0,20.0,18.0,0.0,10.0,0,0,0,100.0,100.0,99.0,High,100.0
Humla Simkot Rural Route,29.97,81.82,Humla,5.0,10.0,3.0,2.0,8.0,10,8,3,65.0,75.0,78.0,High,100.0
Kailash Mansarovar Route,30.2,81.6,Humla,10.0,20.0,20.0,1.0,10.0,0,0,0,100.0,100.0,100.0,High,100.0
Kailash Mansarovar Route Nepal,30.0,81.5,Humla,9.0,17.0,14.0,1.0,10.0,0,0,0,100.0,100.0,100.0,High,100.0
Kermi Hot Spring,29.9,81.7,Humla,5.0,8.0,0.0,6.0,6.0,10,10,3,65.0,70.0,72.0,High,100.0
Kermi Hot Spring Trail,29.9,81.7,Humla,5.0,9.0,2.0,3.0,7.0,10,8,3,65.0,70.0,72.0,High,100.0
Kermi Rural Hot Spring,29.9,81.7,Humla,7.0,12.0,3.0,5.0,8.0,5,5,2,70.0,75.0,78.0,High,100.0
Limi Lapcha Trek,30.1,81.3,Humla,10.0,18.0,16.0,1.0,10.0,0,0,0,100.0,100.0,100.0,High,100.0
Limi Pass Trail,30.1,81.7,Humla,20.0,20.0,20.0,0.0,10.0,0,0,0,100.0,100.0,99.0,High,100.0
Limi Valley,30.15,81.25,Humla,9.0,18.0,15.0,1.0,10.0,0,0,0,100.0,100.0,100.0,High,100.0
Limi Valley Camp,30.0,81.7,Humla,18.0,20.0,18.0,0.0,10.0,0,0,0,100.0,100.0,99.0,High,100.0
Limi Valley Humla,30.15,81.25,Humla,10.0,19.0,18.0,1.0,10.0,0,0,0,100.0,100.0,100.0,High,100.0
Limi Valley Remote Trail,30.0,81.7,Humla,20.0,20.0,20.0,0.0,10.0,0,0,0,100.0,100.0,99.0,High,100.0
Limi Valley Trail,30.15,81.25,Humla,10.0,19.0,18.0,1.0,10.0,0,0,0,100.0,100.0,100.0,High,100.0
Limi Valley Trek,30.0,81.7,Humla,10.0,20.0,20.0,1.0,10.0,0,0,0,100.0,100.0,100.0,High,100.0
Muchu Area,30.0,81.6,Humla,7.0,15.0,12.0,1.0,9.0,0,0,0,100.0,100.0,100.0,High,100.0
Muchu Rural Route,30.05,81.85,Humla,10.0,15.0,6.0,1.0,8.0,0,0,0,100.0,85.0,88.0,High,100.0
Namkha Khyung Valley,30.1,81.5,Humla,20.0,20.0,20.0,0.0,10.0,0,0,0,100.0,100.0,99.0,High,100.0
Simikot Airport,29.97,81.82,Humla,3.0,8.0,2.0,4.0,7.0,2,1,0,75.0,75.0,75.0,High,100.0
Simikot Airport Route,29.97,81.82,Humla,4.0,7.0,3.0,2.0,7.0,10,10,3,65.0,70.0,72.0,High,100.0
Simikot Town,29.97,81.82,Humla,3.0,8.0,4.0,2.0,7.0,1,1,0,90.0,80.0,84.0,High,100.0
Simikot View Point,29.97,81.82,Humla,3.0,8.0,4.0,2.0,7.0,1,1,0,90.0,80.0,84.0,High,100.0
Simikot Village,29.97,81.82,Humla,5.0,8.0,3.0,2.0,8.0,10,10,3,65.0,70.0,72.0,High,100.0
Simkot Mountain Camp,29.97,81.82,Humla,17.0,20.0,15.0,0.0,10.0,0,0,0,100.0,100.0,98.0,High,100.0
Simkot Valley,29.97,81.82,Humla,8.0,15.0,10.0,1.0,9.0,0,0,0,100.0,90.0,92.0,High,100.0
Simkot View Trail,29.97,81.82,Humla,4.0,8.0,2.0,2.0,7.0,15,10,3,55.0,65.0,68.0,High,100.0
Yari Pass Trail,30.05,81.6,Humla,16.0,20.0,15.0,0.0,10.0,0,0,0,100.0,100.0,98.0,High,100.0
Yari Remote Route,30.05,81.6,Humla,12.0,16.0,8.0,0.0,9.0,0,0,0,100.0,90.0,92.0,High,100.0
Yari Village,30.0,81.65,Humla,12.0,16.0,10.0,0.0,9.0,0,0,0,100.0,90.0,92.0,High,100.0
Yari Village Camp,30.05,81.6,Humla,12.0,16.0,8.0,1.0,9.0,0,0,0,100.0,90.0,92.0,High,100.0
Yari Village Humla,30.0,81.45,Humla,8.0,17.0,14.0,1.0,10.0,0,0,0,100.0,100.0,100.0,High,100.0
Yari Village Route,30.05,81.5,Humla,15.0,18.0,12.0,0.0,9.0,0,0,0,100.0,95.0,95.0,High,100.0
Antu Danda,26.89,88.0,Ilam,1.0,3.0,0.0,2.0,2.0,5,4,1,40.0,30.0,35.0,Medium,100.0
Antu Danda Route,26.88,87.9,Ilam,2.0,4.0,0.0,3.0,4.0,8,6,2,40.0,35.0,37.0,Medium,100.0
Antu Danda Sunrise,26.88,88.0,Ilam,1.0,2.0,0.0,4.0,3.0,60,50,20,5.0,15.0,22.0,Low,100.0
Antu Danda Village,26.88,88.0,Ilam,2.0,4.0,0.0,5.0,4.0,60,50,20,10.0,25.0,30.0,Low,100.0
Antu Sunrise Tower,26.87,88.0,Ilam,1.0,1.0,0.0,4.0,3.0,80,70,25,5.0,15.0,20.0,Low,100.0
Antu Sunrise View,26.88,87.9,Ilam,2.0,3.0,0.0,3.0,3.0,10,8,2,35.0,30.0,32.0,Medium,100.0
Basanta Tea Area,27.1,87.9,Ilam,1.0,2.0,0.0,4.0,4.0,30,25,5,20.0,20.0,20.0,Low,100.0
Chhintapu Forest Route,27.0,87.85,Ilam,5.0,8.0,0.0,3.0,6.0,20,15,5,45.0,55.0,60.0,Medium,100.0
Fakfok Rural Trail,26.9,87.85,Ilam,4.0,6.0,0.0,6.0,5.0,30,25,10,35.0,45.0,50.0,Medium,100.0
Fakfokthum Village,27.0,87.7,Ilam,4.0,7.0,0.0,5.0,5.0,25,20,5,40.0,50.0,55.0,Medium,100.0
Fikkal Bazaar,26.9,88.0,Ilam,1.0,2.0,0.0,3.0,3.0,15,10,3,20.0,20.0,20.0,Low,100.0
Fikkal Tea Garden,26.9,87.93,Ilam,1.0,2.0,0.0,3.0,3.0,15,12,3,20.0,20.0,20.0,Low,100.0
Fikkal Tea Village,26.89,87.94,Ilam,1.0,2.0,0.0,4.0,3.0,60,50,20,5.0,15.0,22.0,Low,100.0
Fikkal Village,26.89,87.94,Ilam,1.0,2.0,0.0,4.0,3.0,60,50,20,5.0,15.0,22.0,Low,100.0
Ilam Chhintapu Trail,27.0,87.85,Ilam,4.0,8.0,0.0,3.0,5.0,15,10,3,50.0,55.0,60.0,Medium,100.0
Ilam Mai Pokhari,26.97,87.95,Ilam,1.0,1.0,0.0,5.0,2.0,12,10,3,30.0,25.0,27.0,Low,100.0
Ilam Mai Pokhari Trail,26.95,87.85,Ilam,2.0,3.0,0.0,8.0,4.0,50,40,15,10.0,35.0,38.0,Medium,100.0
Ilam Mai River,27.0,87.85,Ilam,3.0,1.0,0.0,12.0,3.0,15,12,3,55.0,60.0,58.0,Medium,100.0
Ilam Mai Valley,26.9,87.85,Ilam,2.0,3.0,0.0,6.0,4.0,40,30,10,15.0,30.0,35.0,Low,100.0
Ilam Sandakpur Village,27.0,87.93,Ilam,8.0,12.0,3.0,5.0,7.0,10,8,3,65.0,70.0,72.0,High,100.0
Ilam Tea Estate,26.91,87.93,Ilam,1.0,2.0,0.0,3.0,3.0,15,10,3,20.0,20.0,20.0,Low,100.0
Ilam Tea Garden,26.91,87.93,Ilam,2.0,5.0,0.0,4.0,3.0,8,5,1,35.0,40.0,38.0,Medium,100.0
Ilam View Tower,26.91,87.93,Ilam,1.0,2.0,0.0,3.0,3.0,20,15,5,10.0,15.0,12.0,Low,100.0
Illam Tea Garden,26.91,87.93,Ilam,1.0,2.0,0.0,5.0,4.0,30,25,8,20.0,25.0,22.0,Low,100.0
Illam Tea Route,26.93,87.95,Ilam,1.0,2.0,0.0,5.0,4.0,30,25,8,20.0,25.0,22.0,Low,100.0
Kanyam,26.95,88.02,Ilam,1.0,1.0,0.0,4.0,3.0,35,30,8,15.0,15.0,12.0,Low,100.0
Kanyam Hill Route,26.9,87.92,Ilam,1.0,2.0,0.0,3.0,3.0,15,12,3,20.0,20.0,20.0,Low,100.0
Kanyam Picnic Area,26.9,87.92,Ilam,1.0,1.0,0.0,4.0,2.0,15,12,3,20.0,15.0,18.0,Low,100.0
Kanyam Sunrise Point,26.87,87.92,Ilam,1.0,1.0,0.0,4.0,3.0,70,60,20,5.0,15.0,22.0,Low,100.0
Kanyam Tea Estate,26.87,87.92,Ilam,1.0,1.0,0.0,4.0,3.0,60,50,20,5.0,15.0,22.0,Low,100.0
Kanyam Tea Garden,26.86,88.0,Ilam,1.0,2.0,0.0,3.0,2.0,10,7,2,30.0,25.0,28.0,Low,100.0
Kanyam Tea Garden Route,26.9,87.93,Ilam,1.0,2.0,0.0,3.0,3.0,15,10,3,20.0,20.0,20.0,Low,100.0
Kanyam Tea Route,26.87,87.92,Ilam,1.0,1.0,0.0,4.0,3.0,70,60,20,5.0,15.0,22.0,Low,100.0
Mai Khola Trail,26.9,87.8,Ilam,2.0,3.0,0.0,8.0,4.0,60,50,20,10.0,35.0,38.0,Medium,100.0
Mai Pokhari,27.01,87.92,Ilam,1.0,2.0,0.0,5.0,2.0,40,30,10,5.0,20.0,25.0,Low,100.0
Mai Pokhari Area,26.97,87.95,Ilam,1.0,1.0,0.0,5.0,2.0,12,10,3,30.0,25.0,27.0,Low,100.0
Mai Pokhari Ilam,27.02,87.93,Ilam,2.0,3.0,0.0,5.0,5.0,20,15,5,30.0,35.0,32.0,Low,100.0
Mai Pokhari Rural Area,26.95,87.9,Ilam,3.0,5.0,0.0,7.0,5.0,50,40,15,20.0,35.0,40.0,Medium,100.0
Mai Pokhari Trail,26.97,87.95,Ilam,2.0,3.0,0.0,5.0,3.0,10,8,2,35.0,35.0,35.0,Medium,100.0
Mai Pokhari Wetland,26.98,87.9,Ilam,3.0,4.0,0.0,10.0,4.0,50,40,15,15.0,35.0,40.0,Medium,100.0
Mai River,27.0,87.85,Ilam,3.0,1.0,0.0,12.0,3.0,15,12,3,55.0,60.0,58.0,Medium,100.0
Mai River Corridor,26.9,87.9,Ilam,3.0,1.0,0.0,10.0,3.0,8,6,2,45.0,50.0,48.0,Medium,100.0
Mai Valley,27.0,87.85,Ilam,2.0,4.0,0.0,5.0,3.0,30,20,5,15.0,30.0,32.0,Low,100.0
Mai Valley Resort Area,26.92,87.93,Ilam,1.0,2.0,0.0,4.0,3.0,60,50,20,5.0,15.0,22.0,Low,100.0
Mai Valley Trail,26.9,87.85,Ilam,2.0,5.0,0.0,5.0,3.0,10,8,2,40.0,40.0,40.0,Medium,100.0
Maipokhari Wetland,26.97,87.93,Ilam,1.0,1.0,0.0,5.0,2.0,12,10,3,30.0,25.0,27.0,Low,100.0
Pashupatinagar,26.9,88.0,Ilam,1.0,3.0,0.0,4.0,4.0,20,15,5,25.0,30.0,28.0,Low,100.0
Pashupatinagar Border,26.9,88.0,Ilam,1.0,3.0,0.0,4.0,4.0,20,15,5,25.0,30.0,28.0,Low,100.0
Sakhejung Village,27.0,87.85,Ilam,2.0,4.0,0.0,4.0,4.0,40,30,10,20.0,30.0,35.0,Low,100.0
Sandakpur,27.05,87.88,Ilam,5.0,8.0,5.0,2.0,5.0,10,10,2,60.0,60.0,65.0,Medium,100.0
Sandakpur Border View,26.95,87.92,Ilam,4.0,9.0,2.0,3.0,5.0,3,3,1,70.0,65.0,68.0,High,100.0
Sandakpur Hill,26.95,87.92,Ilam,4.0,9.0,2.0,3.0,5.0,3,3,1,70.0,65.0,68.0,High,100.0
Sandakpur Himalayan View,27.0,87.9,Ilam,8.0,12.0,5.0,2.0,8.0,5,5,2,70.0,75.0,78.0,High,100.0
Sandakpur Nepal,27.05,87.95,Ilam,5.0,12.0,5.0,3.0,8.0,0,0,0,90.0,85.0,87.0,High,100.0
Sandakpur Ridge,27.0,87.9,Ilam,5.0,8.0,0.0,3.0,5.0,10,10,3,55.0,60.0,65.0,Medium,100.0
Sandakpur Ridge Route,27.0,87.93,Ilam,7.0,10.0,2.0,4.0,7.0,15,10,3,60.0,70.0,72.0,High,100.0
Sandakpur Ridge Trail,27.0,87.9,Ilam,6.0,10.0,2.0,3.0,7.0,10,10,3,65.0,70.0,72.0,High,100.0
Sandakpur Trek Route,26.95,87.92,Ilam,5.0,10.0,3.0,2.0,7.0,1,1,0,90.0,85.0,87.0,High,100.0
Sandakpur View Point,27.0,87.9,Ilam,4.0,8.0,0.0,3.0,5.0,10,10,3,50.0,55.0,60.0,Medium,100.0
Sandakpur Viewpoint,27.05,87.95,Ilam,5.0,12.0,5.0,3.0,8.0,0,0,0,90.0,85.0,87.0,High,100.0
Shree Antu Ridge,26.88,88.0,Ilam,2.0,3.0,0.0,4.0,4.0,70,60,20,5.0,20.0,25.0,Low,100.0
Siddhithumka Hill,26.9,87.9,Ilam,2.0,5.0,0.0,3.0,4.0,5,5,1,50.0,40.0,44.0,Medium,100.0
Tea Garden View Ilam,26.9,87.93,Ilam,1.0,2.0,0.0,3.0,3.0,15,12,3,20.0,20.0,20.0,Low,100.0
Todke Hill,26.98,87.9,Ilam,3.0,5.0,0.0,4.0,5.0,40,30,10,25.0,40.0,45.0,Medium,100.0
Barekot Rural Camp,28.9,82.2,Jajarkot,12.0,16.0,8.0,3.0,9.0,0,0,0,100.0,90.0,92.0,High,100.0
Bheri River Camp,28.6,82.2,Jajarkot,8.0,12.0,3.0,10.0,7.0,5,5,2,80.0,85.0,85.0,High,100.0
Bheri Rural Camp,28.65,82.0,Jajarkot,5.0,9.0,2.0,15.0,7.0,10,8,3,65.0,75.0,78.0,High,100.0
Dolpa Jajarkot Trail,28.9,82.4,Jajarkot,7.0,15.0,9.0,2.0,9.0,0,0,0,100.0,95.0,98.0,High,100.0
Jajarkot Barekot Area,28.9,82.2,Jajarkot,12.0,16.0,8.0,3.0,9.0,0,0,0,100.0,90.0,92.0,High,100.0
Jajarkot Barekot Trail,28.9,82.2,Jajarkot,10.0,15.0,6.0,8.0,9.0,0,0,0,100.0,90.0,92.0,High,100.0
Jajarkot Bheri Trail,28.7,82.2,Jajarkot,8.0,12.0,3.0,10.0,8.0,5,5,2,70.0,80.0,82.0,High,100.0
Jajarkot Darbar,28.65,82.18,Jajarkot,2.0,6.0,0.0,5.0,7.0,5,4,1,60.0,60.0,60.0,Medium,100.0
Jajarkot Darbar Area,28.7,82.18,Jajarkot,4.0,6.0,0.0,5.0,8.0,20,20,5,45.0,60.0,62.0,Medium,100.0
Jajarkot Khalanga,28.7,82.18,Jajarkot,3.0,5.0,0.0,5.0,8.0,25,20,5,40.0,60.0,60.0,Medium,100.0
Jajarkot Khalanga View,28.7,82.18,Jajarkot,5.0,10.0,0.0,5.0,7.0,10,10,3,65.0,70.0,72.0,High,100.0
Jajarkot Mountain Pass,28.9,82.2,Jajarkot,12.0,16.0,8.0,3.0,9.0,0,0,0,100.0,90.0,92.0,High,100.0
Jajarkot Nalgad Area,28.7,82.2,Jajarkot,3.0,8.0,2.0,6.0,7.0,1,1,0,85.0,80.0,82.0,High,100.0
Jajarkot Nalgad River,28.65,82.25,Jajarkot,5.0,3.0,0.0,14.0,4.0,3,3,1,75.0,70.0,73.0,High,100.0
Jajarkot Nalgad Trail,28.7,82.1,Jajarkot,6.0,10.0,2.0,12.0,7.0,10,8,3,65.0,75.0,78.0,High,100.0
Jajarkot River Trail,28.65,82.15,Jajarkot,6.0,12.0,0.0,8.0,7.0,5,5,2,75.0,80.0,82.0,High,100.0
Jajarkot River Valley,28.7,82.2,Jajarkot,5.0,2.0,0.0,18.0,4.0,3,2,1,85.0,85.0,85.0,High,100.0
Karnali River Gorge,28.7,82.2,Jajarkot,6.0,2.0,0.0,20.0,3.0,2,1,0,90.0,85.0,88.0,High,100.0
Khalanga Jajarkot,28.7,82.18,Jajarkot,3.0,5.0,0.0,5.0,8.0,25,20,5,40.0,60.0,60.0,Medium,100.0
Kudari Waterfall,28.7,82.25,Jajarkot,4.0,9.0,2.0,5.0,6.0,1,1,0,90.0,80.0,84.0,High,100.0
Kuse Patan,28.9,82.1,Jajarkot,4.0,10.0,4.0,3.0,8.0,0,0,0,85.0,85.0,85.0,High,100.0
Kuse Patan Trail,28.9,82.1,Jajarkot,4.0,10.0,4.0,3.0,8.0,0,0,0,85.0,85.0,85.0,High,100.0
Kushe Himal Route,28.8,82.25,Jajarkot,8.0,13.0,4.0,3.0,8.0,5,5,2,70.0,80.0,82.0,High,100.0
Kushe Patan,28.8,82.15,Jajarkot,5.0,12.0,4.0,3.0,8.0,0,1,0,95.0,85.0,89.0,High,100.0
Kushe Rural Mountain,28.8,82.25,Jajarkot,8.0,13.0,4.0,3.0,8.0,5,5,2,70.0,80.0,82.0,High,100.0
Kushe Rural Route,28.8,82.25,Jajarkot,8.0,13.0,4.0,3.0,8.0,5,5,2,70.0,80.0,82.0,High,100.0
Kushe Rural Village,28.8,82.25,Jajarkot,7.0,12.0,3.0,6.0,8.0,5,5,2,70.0,75.0,78.0,High,100.0
Nalgad River,28.7,82.2,Jajarkot,5.0,3.0,0.0,15.0,4.0,3,3,1,80.0,75.0,78.0,High,100.0
Nalgad River Route,28.65,82.25,Jajarkot,5.0,3.0,0.0,14.0,4.0,3,3,1,75.0,70.0,73.0,High,100.0
Nalgad River Trail,28.7,82.1,Jajarkot,6.0,10.0,2.0,12.0,7.0,10,8,3,65.0,75.0,78.0,High,100.0
Nalgad Rural Camp,28.7,82.1,Jajarkot,6.0,10.0,2.0,12.0,7.0,10,8,3,65.0,75.0,78.0,High,100.0
Nalgad Rural Route,28.7,82.1,Jajarkot,6.0,10.0,2.0,12.0,7.0,10,8,3,65.0,75.0,78.0,High,100.0
Nalgad Valley,28.65,82.1,Jajarkot,6.0,10.0,2.0,6.0,7.0,10,10,3,60.0,70.0,72.0,High,100.0
Arjundhara Temple,26.65,88.0,Jhapa,1.0,0.0,0.0,6.0,2.0,25,20,5,10.0,15.0,12.0,Low,100.0
Birtamod Tea Route,26.65,87.98,Jhapa,1.0,0.0,0.0,15.0,2.0,60,50,20,5.0,30.0,32.0,Low,100.0
Damak Forest Area,26.67,87.7,Jhapa,2.0,1.0,0.0,12.0,3.0,60,50,20,10.0,35.0,38.0,Medium,100.0
Damak Forest Trail,26.67,87.7,Jhapa,2.0,1.0,0.0,12.0,3.0,60,50,20,10.0,35.0,38.0,Medium,100.0
Damak Wetland Area,26.65,87.7,Jhapa,1.0,0.0,0.0,12.0,2.0,20,15,5,30.0,40.0,35.0,Medium,100.0
Kachankawal Area,26.47,88.05,Jhapa,1.0,0.0,0.0,15.0,2.0,50,40,15,10.0,35.0,35.0,Low,100.0
Kakarbhitta Border Tourism,26.65,88.15,Jhapa,1.0,0.0,0.0,8.0,2.0,30,25,8,10.0,20.0,15.0,Low,100.0
Kakarbhitta River Side,26.65,88.15,Jhapa,2.0,0.0,0.0,15.0,2.0,50,40,15,10.0,40.0,42.0,Medium,100.0
Mechi Hill Area,26.55,88.1,Jhapa,3.0,1.0,0.0,20.0,3.0,30,25,10,25.0,55.0,55.0,Medium,100.0
Mechi River Side,26.55,88.1,Jhapa,3.0,1.0,0.0,20.0,3.0,30,25,10,25.0,55.0,55.0,Medium,100.0
Chandannath Hill,29.28,82.16,Jumla,2.0,6.0,1.0,2.0,5.0,2,2,0,75.0,55.0,63.0,Medium,100.0
Chandannath Rural Trail,29.27,82.18,Jumla,4.0,8.0,0.0,10.0,6.0,20,15,5,50.0,60.0,65.0,High,100.0
Chandannath Temple,29.28,82.18,Jumla,1.0,3.0,0.0,2.0,4.0,8,5,2,35.0,30.0,32.0,Medium,100.0
Chandannath Temple Route,29.27,82.18,Jumla,1.0,3.0,0.0,3.0,5.0,10,8,2,35.0,30.0,32.0,Medium,100.0
Chere Chaur View,29.3,82.15,Jumla,5.0,8.0,2.0,4.0,6.0,10,10,3,65.0,70.0,72.0,High,100.0
Guthichaur Valley,29.35,82.25,Jumla,7.0,10.0,3.0,3.0,7.0,5,5,2,65.0,70.0,72.0,High,100.0
Jumla Bazaar,29.27,82.18,Jumla,2.0,5.0,1.0,3.0,5.0,4,4,1,55.0,45.0,49.0,Medium,100.0
Jumla Chandannath,29.27,82.18,Jumla,3.0,6.0,0.0,5.0,6.0,20,20,5,45.0,55.0,60.0,Medium,100.0
Jumla Chandannath Temple,29.28,82.18,Jumla,2.0,4.0,0.0,5.0,5.0,40,30,10,25.0,40.0,45.0,Medium,100.0
Jumla Dolpa Trail,29.3,82.5,Jumla,8.0,17.0,14.0,2.0,10.0,0,0,0,100.0,100.0,100.0,High,100.0
Jumla Rara Route,29.4,82.2,Jumla,10.0,15.0,8.0,3.0,8.0,0,0,0,100.0,85.0,88.0,High,100.0
Jumla Rara Trek Camp,29.35,82.1,Jumla,12.0,16.0,8.0,2.0,9.0,0,0,0,100.0,90.0,92.0,High,100.0
Jumla Sinja Heritage,29.4,82.2,Jumla,8.0,12.0,3.0,4.0,7.0,5,5,2,70.0,75.0,78.0,High,100.0
Jumla Sinja Valley,29.4,82.2,Jumla,8.0,12.0,3.0,4.0,7.0,5,5,2,70.0,75.0,75.0,High,100.0
Kanakasundari Area,29.3,82.05,Jumla,3.0,7.0,2.0,4.0,6.0,1,1,0,85.0,70.0,76.0,High,100.0
Kankasundari Temple,29.4,82.3,Jumla,2.0,4.0,0.0,5.0,5.0,40,30,10,25.0,40.0,45.0,Medium,100.0
Kankasundari Trail,29.4,82.25,Jumla,8.0,13.0,4.0,5.0,8.0,5,5,2,70.0,80.0,82.0,High,100.0
Khalanga Jumla,29.28,82.18,Jumla,2.0,5.0,0.0,4.0,6.0,10,8,2,50.0,50.0,50.0,Medium,100.0
Khalanga Jumla Bazaar,29.28,82.18,Jumla,2.0,4.0,0.0,5.0,5.0,15,10,3,45.0,50.0,48.0,Medium,100.0
Khalanga View Point,29.28,82.18,Jumla,3.0,5.0,0.0,4.0,5.0,30,25,10,35.0,45.0,50.0,Medium,100.0
Patarasi Lake,29.2,82.3,Jumla,7.0,15.0,10.0,2.0,9.0,0,0,0,100.0,95.0,98.0,High,100.0
Patmara Lake,29.25,82.3,Jumla,6.0,13.0,7.0,2.0,9.0,0,0,0,100.0,95.0,98.0,High,100.0
Patmara Lake Jumla,29.25,82.3,Jumla,6.0,13.0,7.0,2.0,9.0,0,0,0,100.0,95.0,98.0,High,100.0
Patmara Village,29.4,82.1,Jumla,3.0,8.0,2.0,3.0,6.0,0,1,0,90.0,70.0,78.0,High,100.0
Patrasi Himal Route,29.3,82.8,Jumla,8.0,16.0,12.0,2.0,10.0,0,0,0,100.0,100.0,100.0,High,100.0
Patrasi Himalayan Trail,29.45,82.35,Jumla,15.0,18.0,10.0,1.0,9.0,0,0,0,100.0,95.0,95.0,High,100.0
Patrasi Rural Route,29.5,82.2,Jumla,12.0,16.0,8.0,2.0,9.0,0,0,0,100.0,90.0,92.0,High,100.0
Rara Jumla Trek,29.4,82.3,Jumla,7.0,15.0,8.0,3.0,9.0,0,0,0,100.0,95.0,98.0,High,100.0
Rara-Jumla Trek Route,29.4,82.1,Jumla,12.0,16.0,8.0,3.0,9.0,0,0,0,100.0,90.0,92.0,High,100.0
Sinja Civilization Area,29.3,82.2,Jumla,2.0,5.0,0.0,4.0,6.0,3,3,1,65.0,55.0,60.0,Medium,100.0
Sinja Civilization Site,29.32,82.0,Jumla,2.0,3.0,0.0,4.0,5.0,40,30,10,25.0,40.0,45.0,Medium,100.0
Sinja Heritage Valley,29.45,82.2,Jumla,5.0,12.0,5.0,4.0,8.0,0,0,0,90.0,85.0,88.0,High,100.0
Sinja Valley,29.25,82.0,Jumla,5.0,10.0,4.0,3.0,7.0,0,1,0,90.0,80.0,86.0,High,100.0
Sinja Valley Trail,29.32,82.0,Jumla,8.0,12.0,4.0,5.0,8.0,5,5,2,70.0,75.0,78.0,High,100.0
Tatopani Jumla,29.3,82.2,Jumla,3.0,8.0,2.0,4.0,6.0,1,1,0,85.0,75.0,79.0,High,100.0
Tila River Camp,29.25,82.2,Jumla,6.0,4.0,0.0,18.0,5.0,20,15,5,55.0,70.0,75.0,High,100.0
Dhangadhi Botanical Area,28.7,80.6,Kailali,1.0,0.0,0.0,7.0,2.0,30,25,8,10.0,15.0,12.0,Low,100.0
Dhangadhi Lake Area,28.7,80.6,Kailali,1.0,0.0,0.0,6.0,2.0,30,25,8,10.0,20.0,15.0,Low,100.0
Ghodaghodi Bird Area,28.7,80.95,Kailali,2.0,1.0,0.0,15.0,3.0,40,30,10,20.0,45.0,45.0,Medium,100.0
Ghodaghodi Lake,28.72,80.93,Kailali,2.0,0.0,0.0,12.0,2.0,8,5,2,40.0,40.0,40.0,Medium,100.0
Ghodaghodi Lake Rural Trail,28.7,80.85,Kailali,3.0,3.0,0.0,20.0,3.0,80,70,30,5.0,25.0,30.0,Low,100.0
Ghodaghodi Wetland,28.7,80.95,Kailali,2.0,2.0,0.0,15.0,3.0,30,25,10,20.0,50.0,50.0,Medium,100.0
Godawari Kailali,28.7,80.6,Kailali,2.0,1.0,0.0,15.0,3.0,40,30,10,20.0,45.0,45.0,Medium,100.0
Kailali Ghodaghodi Lake,28.7,80.85,Kailali,3.0,3.0,0.0,20.0,3.0,80,70,30,5.0,25.0,30.0,Low,100.0
Kailali Karnali Island,28.55,81.1,Kailali,5.0,1.0,0.0,18.0,3.0,20,20,5,40.0,60.0,65.0,High,100.0
Kailali Karnali Wetland,28.7,80.85,Kailali,2.0,3.0,0.0,25.0,3.0,80,70,30,5.0,20.0,25.0,Low,100.0
Kailali River Safari Area,28.6,80.9,Kailali,4.0,4.0,0.0,18.0,4.0,60,50,20,10.0,30.0,35.0,Low,100.0
Kailali Tikapur Garden,28.52,81.12,Kailali,1.0,0.0,0.0,5.0,2.0,30,25,8,15.0,20.0,17.0,Low,100.0
Kailali Tikapur River,28.52,81.13,Kailali,2.0,1.0,0.0,15.0,3.0,50,40,15,10.0,40.0,42.0,Medium,100.0
Karnali Bridge,28.6,81.0,Kailali,5.0,0.0,0.0,18.0,3.0,8,6,2,70.0,70.0,70.0,High,100.0
Karnali Bridge Area,28.9,81.25,Kailali,4.0,0.0,0.0,15.0,2.0,10,8,2,35.0,50.0,41.0,Medium,100.0
Karnali Chisapani,28.65,81.3,Kailali,5.0,0.0,0.0,18.0,3.0,8,6,2,70.0,70.0,70.0,High,100.0
Karnali Dolphin Area,28.6,81.0,Kailali,4.0,0.0,0.0,18.0,3.0,8,6,2,65.0,70.0,68.0,High,100.0
Karnali River Area,28.65,81.0,Kailali,4.0,0.0,0.0,15.0,3.0,8,6,2,60.0,65.0,62.0,Medium,100.0
Karnali River Dolphin Area,28.6,81.0,Kailali,4.0,0.0,0.0,18.0,3.0,8,6,2,65.0,70.0,68.0,High,100.0
Seti River Area,28.65,81.2,Kailali,4.0,0.0,0.0,15.0,3.0,10,8,2,60.0,65.0,62.0,Medium,100.0
Tikapur Garden,28.52,81.12,Kailali,1.0,0.0,0.0,8.0,2.0,20,15,5,20.0,30.0,25.0,Low,100.0
Tikapur Park,28.52,81.13,Kailali,1.0,0.0,0.0,10.0,1.0,15,10,3,25.0,25.0,25.0,Low,100.0
Tikapur Park Area,28.52,81.12,Kailali,1.0,0.0,0.0,8.0,2.0,20,15,5,20.0,30.0,25.0,Low,100.0
Tikapur Riverside Park,28.52,81.13,Kailali,2.0,1.0,0.0,12.0,3.0,50,40,15,10.0,40.0,38.0,Medium,100.0
Tikapur Rural Park Area,28.52,81.12,Kailali,2.0,4.0,0.0,22.0,4.0,80,70,30,5.0,30.0,35.0,Low,100.0
Kalikot Manma Bazaar,29.13,81.63,Kalikot,2.0,5.0,0.0,5.0,6.0,10,8,2,55.0,60.0,58.0,Medium,100.0
Kalikot Raskot View,29.13,81.6,Kalikot,6.0,10.0,0.0,5.0,7.0,5,5,2,65.0,70.0,72.0,High,100.0
Karnali Chisapani,29.2,81.7,Kalikot,4.0,8.0,2.0,5.0,7.0,0,0,0,80.0,75.0,78.0,High,100.0
Karnali River Kalikot,29.0,81.7,Kalikot,6.0,3.0,0.0,16.0,4.0,2,2,0,80.0,75.0,78.0,High,100.0
Karnali River Rafting,29.0,81.9,Kalikot,6.0,5.0,0.0,12.0,5.0,1,2,0,85.0,75.0,81.0,High,100.0
Khadga Devi Temple,29.13,81.63,Kalikot,2.0,5.0,0.0,5.0,6.0,10,8,2,55.0,60.0,58.0,Medium,100.0
Khandachakra Area,29.1,81.6,Kalikot,3.0,8.0,2.0,5.0,7.0,1,1,0,85.0,80.0,82.0,High,100.0
Manma Bazaar,29.15,81.65,Kalikot,3.0,5.0,0.0,5.0,6.0,20,20,5,40.0,55.0,60.0,Medium,100.0
Manma Rural Village,29.13,81.7,Kalikot,2.0,5.0,0.0,5.0,5.0,30,25,10,35.0,45.0,50.0,Medium,100.0
Manma Village,29.13,81.62,Kalikot,3.0,6.0,0.0,5.0,6.0,20,15,5,45.0,55.0,60.0,Medium,100.0
Pachal Jharana,29.25,81.7,Kalikot,4.0,10.0,1.0,5.0,6.0,0,0,0,100.0,80.0,88.0,High,100.0
Pachal Jharana Route,29.25,81.5,Kalikot,6.0,10.0,3.0,6.0,7.0,10,8,3,65.0,75.0,78.0,High,100.0
Panchal Jharna,29.3,81.7,Kalikot,5.0,10.0,3.0,5.0,8.0,0,0,0,85.0,85.0,85.0,High,100.0
Panchal Waterfall,29.15,81.6,Kalikot,5.0,12.0,5.0,4.0,8.0,0,1,0,95.0,85.0,89.0,High,100.0
Rara Karnali Route,29.0,82.3,Kalikot,8.0,16.0,10.0,3.0,10.0,0,0,0,100.0,98.0,99.0,High,100.0
Raskot Rural Area,29.15,81.65,Kalikot,5.0,9.0,2.0,5.0,7.0,10,8,3,65.0,70.0,72.0,High,100.0
Raskot Valley,29.3,81.9,Kalikot,8.0,12.0,3.0,5.0,8.0,5,5,2,70.0,75.0,78.0,High,100.0
Raskot View Point,29.2,81.65,Kalikot,3.0,9.0,2.0,3.0,7.0,0,1,0,90.0,75.0,81.0,High,100.0
Raskot Viewpoint,29.1,81.6,Kalikot,5.0,12.0,5.0,3.0,8.0,0,0,0,90.0,85.0,87.0,High,100.0
Sanni Triveni Trail,29.25,81.55,Kalikot,4.0,8.0,0.0,8.0,6.0,20,15,5,50.0,65.0,68.0,High,100.0
Belauri Area,28.8,80.65,Kanchanpur,2.0,1.0,0.0,12.0,3.0,30,25,10,20.0,40.0,42.0,Medium,100.0
Brahmadev Forest Route,29.0,80.2,Kanchanpur,2.0,1.0,0.0,8.0,3.0,10,8,2,40.0,40.0,40.0,Medium,100.0
Brahmadev Temple,29.0,80.2,Kanchanpur,1.0,1.0,0.0,6.0,3.0,10,8,2,30.0,30.0,30.0,Low,100.0
Dodhara Chandani Area,28.85,80.13,Kanchanpur,2.0,0.0,0.0,15.0,2.0,15,12,3,45.0,60.0,52.0,Medium,100.0
Dodhara Chandani Bridge,28.85,80.1,Kanchanpur,1.0,0.0,0.0,10.0,1.0,10,8,2,35.0,30.0,32.0,Medium,100.0
Dodhara Rural Wetland,28.85,80.1,Kanchanpur,3.0,4.0,0.0,18.0,4.0,70,60,25,5.0,30.0,35.0,Low,100.0
Dodhara Tourism Area,28.87,80.18,Kanchanpur,2.0,0.0,0.0,12.0,2.0,15,12,3,40.0,45.0,42.0,Medium,100.0
Kanchanpur Wetland Route,28.9,80.15,Kanchanpur,2.0,3.0,0.0,22.0,3.0,80,70,30,5.0,25.0,30.0,Low,100.0
Mahakali River Camp,28.95,80.15,Kanchanpur,5.0,2.0,0.0,18.0,3.0,20,20,5,40.0,60.0,65.0,High,100.0
Mahakali River Side,28.95,80.15,Kanchanpur,3.0,2.0,0.0,18.0,3.0,40,30,10,20.0,55.0,55.0,Medium,100.0
Mahakali River View,28.95,80.18,Kanchanpur,3.0,0.0,0.0,18.0,3.0,10,8,2,60.0,70.0,65.0,High,100.0
Mahendranagar Area,28.96,80.18,Kanchanpur,1.0,1.0,0.0,12.0,3.0,70,50,20,5.0,35.0,35.0,Low,100.0
Mahendranagar Lake,28.97,80.18,Kanchanpur,1.0,0.0,0.0,10.0,2.0,20,15,5,30.0,35.0,32.0,Low,100.0
Mahendranagar Park,28.96,80.18,Kanchanpur,1.0,0.0,0.0,8.0,2.0,35,30,8,15.0,20.0,17.0,Low,100.0
Mahendranagar Rural Route,28.96,80.18,Kanchanpur,1.0,3.0,0.0,25.0,3.0,90,80,40,0.0,20.0,20.0,Low,100.0
Shuklaphanta Grassland,28.85,80.25,Kanchanpur,3.0,1.0,0.0,12.0,3.0,40,30,10,20.0,45.0,45.0,Medium,100.0
Shuklaphanta Grassland Trail,28.95,80.2,Kanchanpur,2.0,2.0,0.0,20.0,3.0,80,70,30,5.0,25.0,30.0,Low,100.0
Shuklaphanta National Park,28.85,80.18,Kanchanpur,3.0,0.0,0.0,14.0,2.0,5,5,1,60.0,50.0,54.0,Medium,100.0
Shuklaphanta Rural Safari Area,28.95,80.2,Kanchanpur,2.0,2.0,0.0,20.0,3.0,80,70,30,5.0,25.0,30.0,Low,100.0
Shuklaphanta Safari Zone,28.9,80.25,Kanchanpur,3.0,0.0,0.0,12.0,2.0,10,8,2,45.0,45.0,45.0,Medium,100.0
Shuklaphanta Wildlife Area,28.9,80.25,Kanchanpur,3.0,0.0,0.0,12.0,2.0,10,8,2,45.0,50.0,48.0,Medium,100.0
Suklaphanta Grassland,28.85,80.25,Kanchanpur,4.0,1.0,0.0,15.0,3.0,30,30,10,20.0,50.0,50.0,Medium,100.0
Suklaphanta National Park,28.85,80.25,Kanchanpur,4.0,1.0,0.0,15.0,3.0,30,30,10,20.0,50.0,50.0,Medium,100.0
Suklaphanta Wetland Trail,28.85,80.25,Kanchanpur,3.0,1.0,0.0,15.0,3.0,30,30,10,20.0,50.0,50.0,Medium,100.0
Jagadishpur Lake,27.6,83.1,Kapilvastu,1.0,1.0,0.0,15.0,3.0,30,25,10,20.0,40.0,45.0,Medium,100.0
Jagadishpur Reservoir,27.55,83.0,Kapilvastu,1.0,0.0,0.0,8.0,2.0,5,5,1,45.0,35.0,42.0,Medium,100.0
Jagadishpur Wetland,27.55,83.05,Kapilvastu,1.0,0.0,0.0,8.0,2.0,5,5,1,45.0,35.0,41.0,Medium,100.0
Jagadishpur Wetland Trail,27.55,83.05,Kapilvastu,2.0,2.0,0.0,15.0,3.0,60,50,20,15.0,30.0,35.0,Low,100.0
Kapilvastu Heritage Trail,27.55,83.05,Kapilvastu,1.0,1.0,0.0,12.0,2.0,90,80,30,0.0,10.0,15.0,Low,100.0
Kapilvastu Museum,27.57,83.05,Kapilvastu,1.0,0.0,0.0,7.0,3.0,25,20,5,20.0,25.0,22.0,Low,100.0
Kapilvastu Rural Heritage Area,27.55,83.05,Kapilvastu,1.0,2.0,0.0,10.0,2.0,90,80,30,0.0,10.0,15.0,Low,100.0
Kapilvastu Tilaurakot,27.55,83.05,Kapilvastu,0.0,0.0,0.0,8.0,2.0,20,15,5,20.0,25.0,22.0,Low,100.0
Taulihawa Historical Area,27.55,83.05,Kapilvastu,1.0,0.0,0.0,7.0,3.0,25,20,5,20.0,25.0,22.0,Low,100.0
Taulihawa Museum,27.55,83.05,Kapilvastu,0.0,0.0,0.0,5.0,2.0,30,25,8,10.0,15.0,12.0,Low,100.0
Tilaurakot,27.57,83.05,Kapilvastu,0.0,1.0,0.0,2.0,2.0,10,8,2,25.0,15.0,23.0,Low,100.0
Tilaurakot Palace,27.57,83.05,Kapilvastu,1.0,1.0,0.0,3.0,2.0,10,8,2,25.0,15.0,19.0,Low,100.0
Tilaurakot Rural Heritage,27.58,83.05,Kapilvastu,1.0,1.0,0.0,5.0,2.0,80,70,30,5.0,10.0,20.0,Low,100.0
Tilaurakot Rural Site,27.57,83.05,Kapilvastu,1.0,2.0,0.0,10.0,2.0,90,80,30,0.0,10.0,15.0,Low,100.0
Karnali Hidden Valley Trail,29.05,82.15,Karnali Region,15.0,18.0,12.0,5.0,9.0,0,0,0,100.0,95.0,95.0,High,100.0
Karnali Remote Tourism Route,29.0,82.0,Karnali Region,17.0,20.0,15.0,2.0,10.0,0,0,0,100.0,100.0,98.0,High,100.0
Abc Glacier Area,28.53,84.56,Kaski,10.0,20.0,20.0,1.0,10.0,0,0,0,100.0,100.0,100.0,High,100.0
Anadu Hill,28.17,83.9,Kaski,3.0,5.0,0.0,3.0,5.0,20,15,5,40.0,45.0,42.0,Medium,100.0
Annapurna Base Camp,28.53,84.56,Kaski,15.0,10.0,8.0,3.0,7.0,0,4,0,80.0,100.0,92.0,High,100.0
Annapurna Cable Route,28.24,83.95,Kaski,1.0,1.0,0.0,3.0,4.0,40,30,8,20.0,25.0,22.0,Low,100.0
Annapurna Cable Route Area,28.21,83.96,Kaski,2.0,2.0,0.0,5.0,3.0,90,80,30,0.0,15.0,18.0,Low,100.0
Annapurna Conservation Area,28.6,84.0,Kaski,8.0,16.0,12.0,2.0,10.0,0,0,0,100.0,100.0,100.0,High,100.0
Annapurna North Base Route,28.53,84.0,Kaski,18.0,20.0,18.0,0.0,10.0,0,0,0,100.0,100.0,99.0,High,100.0
Annapurna Panorama Trail,28.45,83.85,Kaski,6.0,14.0,8.0,2.0,9.0,0,0,0,95.0,95.0,95.0,High,100.0
Annapurna Rural Approach,28.4,83.7,Kaski,8.0,12.0,4.0,3.0,8.0,5,5,2,70.0,75.0,78.0,High,100.0
Annapurna Rural Route,28.5,83.8,Kaski,10.0,15.0,8.0,2.0,9.0,0,0,0,100.0,90.0,92.0,High,100.0
Annapurna Sanctuary,28.53,84.56,Kaski,15.0,10.0,8.0,3.0,7.0,0,4,0,80.0,100.0,92.0,High,100.0
Annapurna Sanctuary Camp,28.53,84.56,Kaski,15.0,18.0,12.0,0.0,10.0,0,0,0,100.0,95.0,95.0,High,100.0
Annapurna Sanctuary Gate,28.52,84.45,Kaski,8.0,17.0,14.0,2.0,10.0,0,0,0,100.0,100.0,100.0,High,100.0
Annapurna Sanctuary Route,28.53,84.56,Kaski,8.0,14.0,10.0,2.0,8.0,0,0,0,100.0,98.0,99.0,High,100.0
Annapurna Sanctuary Trail,28.53,83.88,Kaski,16.0,20.0,15.0,0.0,10.0,0,0,0,100.0,100.0,98.0,High,100.0
Annapurna South Base Camp,28.52,83.8,Kaski,9.0,18.0,16.0,1.0,10.0,0,0,0,100.0,100.0,100.0,High,100.0
Annapurna View Hotel Area,28.3,83.82,Kaski,1.0,3.0,0.0,2.0,3.0,8,6,2,35.0,25.0,29.0,Low,100.0
Annapurna Village Trail,28.35,84.2,Kaski,4.0,8.0,3.0,3.0,5.0,10,5,2,60.0,60.0,65.0,Medium,100.0
Astam Village,28.33,83.9,Kaski,1.0,2.0,0.0,3.0,3.0,50,40,10,10.0,20.0,25.0,Low,100.0
Australian Base Camp,28.32,83.85,Kaski,2.0,4.0,0.0,3.0,5.0,12,10,3,40.0,40.0,40.0,Medium,100.0
Australian Camp,28.32,83.8,Kaski,2.0,4.0,1.0,1.0,3.0,4,3,1,45.0,35.0,40.0,Medium,100.0
Australian Camp Route,28.33,83.83,Kaski,3.0,5.0,0.0,5.0,4.0,60,50,20,10.0,25.0,30.0,Low,100.0
Australian Camp Rural Trail,28.35,83.85,Kaski,3.0,6.0,0.0,4.0,5.0,40,30,10,25.0,40.0,45.0,Medium,100.0
Australian Camp Trail,28.34,83.82,Kaski,2.0,4.0,0.0,3.0,3.0,40,30,10,15.0,25.0,30.0,Low,100.0
Australian Camp View,28.3,83.8,Kaski,2.0,4.0,1.0,1.0,3.0,5,3,1,45.0,40.0,43.0,Medium,100.0
Bamboo Annapurna Camp,28.56,83.82,Kaski,12.0,16.0,8.0,2.0,9.0,0,0,0,100.0,90.0,92.0,High,100.0
Bamboo Forest Route,28.5,83.8,Kaski,5.0,10.0,5.0,2.0,7.0,0,1,0,95.0,80.0,86.0,High,100.0
Bamboo Forest Trail,28.54,83.98,Kaski,10.0,15.0,6.0,2.0,8.0,0,0,0,100.0,90.0,92.0,High,100.0
Bamboo Village,28.49,83.9,Kaski,5.0,13.0,8.0,2.0,8.0,0,0,0,95.0,90.0,93.0,High,100.0
Bat Cave Pokhara,28.25,84.0,Kaski,1.0,0.0,0.0,2.0,3.0,45,35,10,10.0,10.0,10.0,Low,100.0
Begnas Cycling Route,28.14,84.1,Kaski,2.0,1.0,0.0,10.0,3.0,25,20,5,40.0,45.0,42.0,Medium,100.0
Begnas Kot Trail,28.18,84.08,Kaski,2.0,3.0,0.0,10.0,3.0,60,50,20,10.0,35.0,38.0,Medium,100.0
Begnas Lake,28.155,84.12,Kaski,2.0,1.0,0.0,7.0,3.0,20,15,2,10.0,25.0,22.0,Low,100.0
Begnas Lake Area,28.17,84.08,Kaski,2.0,1.0,0.0,10.0,3.0,60,50,20,10.0,35.0,38.0,Medium,100.0
Begnas Lake Boating,28.16,84.11,Kaski,2.0,1.0,0.0,9.0,2.0,15,10,3,30.0,30.0,30.0,Low,100.0
Begnas Lake Resort Area,28.14,84.1,Kaski,1.0,0.0,0.0,10.0,2.0,30,25,8,20.0,30.0,25.0,Low,100.0
Begnas Lake Viewpoint,28.16,84.11,Kaski,1.0,2.0,0.0,9.0,2.0,15,12,3,25.0,35.0,30.0,Low,100.0
Begnas Rupakot Area,28.17,84.08,Kaski,2.0,3.0,0.0,8.0,3.0,60,40,15,10.0,30.0,32.0,Low,100.0
Begnas Rural Area,28.15,84.1,Kaski,2.0,4.0,0.0,12.0,4.0,70,60,20,5.0,25.0,30.0,Low,100.0
Begnas Rural Trail,28.15,84.1,Kaski,2.0,2.0,0.0,8.0,3.0,60,40,15,10.0,30.0,32.0,Low,100.0
Begnas Tal,28.16,84.11,Kaski,1.0,2.0,0.0,8.0,3.0,12,10,3,30.0,35.0,32.0,Low,100.0
Begnas View Point,28.17,84.08,Kaski,2.0,2.0,0.0,10.0,3.0,60,50,20,10.0,35.0,38.0,Medium,100.0
Begnas View Tower,28.16,84.12,Kaski,1.0,3.0,0.0,4.0,3.0,10,8,2,30.0,30.0,30.0,Low,100.0
Begnas Wetland Trail,28.17,84.08,Kaski,2.0,1.0,0.0,12.0,3.0,60,50,20,10.0,35.0,38.0,Medium,100.0
Bindabasini Temple,28.24,83.99,Kaski,1.0,0.0,0.0,2.0,4.0,40,35,10,5.0,10.0,8.0,Low,100.0
Chhomrong Rural Trail,28.52,84.0,Kaski,9.0,14.0,5.0,2.0,8.0,5,5,2,70.0,80.0,82.0,High,100.0
Chhomrong Village,28.52,83.82,Kaski,8.0,10.0,5.0,2.0,6.0,0,0,0,90.0,75.0,80.0,High,100.0
Davis Fall Pokhara,28.19,83.96,Kaski,3.0,1.0,0.0,5.0,4.0,30,25,8,15.0,20.0,17.0,Low,100.0
Davis Falls,28.195,83.96,Kaski,3.0,1.0,0.0,5.0,2.0,30,20,4,5.0,20.0,20.0,Low,100.0
Deurali Annapurna,28.52,84.47,Kaski,8.0,16.0,11.0,2.0,9.0,0,0,0,100.0,100.0,100.0,High,100.0
Deurali Annapurna Route,28.54,83.9,Kaski,12.0,14.0,10.0,1.0,8.0,0,0,0,100.0,85.0,87.0,High,100.0
Deurali Annapurna Trail,28.56,83.95,Kaski,14.0,18.0,12.0,0.0,10.0,0,0,0,100.0,95.0,95.0,High,100.0
Deurali Pass,28.42,83.75,Kaski,5.0,10.0,6.0,2.0,7.0,0,0,0,100.0,85.0,91.0,High,100.0
Deurali Viewpoint,28.38,83.82,Kaski,5.0,12.0,7.0,2.0,8.0,0,0,0,100.0,95.0,98.0,High,100.0
Devi'S Fall,28.19,83.96,Kaski,4.0,0.0,0.0,8.0,3.0,50,40,10,30.0,35.0,32.0,Low,100.0
Devi'S Fall Area,28.19,83.96,Kaski,2.0,1.0,0.0,8.0,3.0,90,80,30,0.0,20.0,25.0,Low,100.0
Dhampus Rural Trail,28.32,83.82,Kaski,2.0,4.0,0.0,6.0,4.0,70,60,20,5.0,20.0,25.0,Low,100.0
Dhampus Rural Viewpoint,28.32,83.8,Kaski,2.0,4.0,0.0,5.0,4.0,60,50,20,10.0,25.0,30.0,Low,100.0
Dhampus Trail,28.32,83.86,Kaski,1.0,3.0,0.0,3.0,4.0,15,12,3,30.0,30.0,30.0,Low,100.0
Dhampus Trek Route,28.32,83.82,Kaski,2.0,3.0,0.0,3.0,3.0,50,40,10,10.0,20.0,25.0,Low,100.0
Dhampus Village,28.3,83.82,Kaski,1.0,3.0,0.0,2.0,3.0,5,5,1,40.0,30.0,34.0,Medium,100.0
Dhampus Village Route,28.32,83.82,Kaski,2.0,4.0,0.0,6.0,4.0,70,60,20,5.0,20.0,25.0,Low,100.0
Fewa Lake Boating Area,28.21,83.95,Kaski,2.0,1.0,0.0,15.0,3.0,90,80,30,0.0,25.0,30.0,Low,100.0
Fewa Tal Boating Area,28.21,83.95,Kaski,3.0,0.0,0.0,10.0,2.0,80,70,20,10.0,20.0,15.0,Low,100.0
Forest Camp Mardi,28.43,84.02,Kaski,6.0,13.0,9.0,2.0,9.0,0,0,0,100.0,95.0,98.0,High,100.0
Ghandruk Route,28.37,83.81,Kaski,3.0,6.0,2.0,3.0,4.0,20,15,5,30.0,45.0,45.0,Medium,100.0
Ghandruk Rural Homestay,28.37,83.8,Kaski,3.0,5.0,0.0,6.0,5.0,40,30,10,25.0,45.0,50.0,Medium,100.0
Ghandruk Rural Trail,28.37,83.8,Kaski,5.0,8.0,2.0,5.0,6.0,30,25,10,35.0,50.0,55.0,Medium,100.0
Ghandruk Trail,28.38,83.8,Kaski,3.0,7.0,1.0,3.0,6.0,5,4,1,55.0,60.0,58.0,Medium,100.0
Ghandruk Village,28.37,83.81,Kaski,2.0,5.0,1.0,2.0,4.0,3,4,1,55.0,45.0,49.0,Medium,100.0
Ghandruk Village Route,28.37,83.8,Kaski,5.0,8.0,2.0,5.0,6.0,30,25,10,35.0,50.0,55.0,Medium,100.0
Gupteshwor Cave,28.19,83.96,Kaski,2.0,1.0,0.0,2.0,3.0,20,15,5,15.0,20.0,18.0,Low,100.0
Gupteshwor Cave Pokhara,28.21,83.96,Kaski,1.0,1.0,0.0,3.0,4.0,30,25,8,10.0,15.0,12.0,Low,100.0
Gupteshwor Mahadev Cave,28.2,83.96,Kaski,1.0,1.0,0.0,1.0,2.0,20,15,5,15.0,10.0,13.0,Low,100.0
Hemja Peace Trail,28.27,83.93,Kaski,1.0,1.0,0.0,5.0,3.0,90,80,30,0.0,15.0,18.0,Low,100.0
Hemja Village,28.26,83.95,Kaski,1.0,2.0,0.0,4.0,2.0,15,10,3,20.0,20.0,20.0,Low,100.0
High Camp Mardi,28.45,84.01,Kaski,8.0,16.0,14.0,1.0,10.0,0,0,0,100.0,100.0,100.0,High,100.0
Hiunchuli Base Camp,28.55,84.55,Kaski,9.0,18.0,16.0,1.0,10.0,0,0,0,100.0,100.0,100.0,High,100.0
International Mountain Museum,28.19,83.96,Kaski,0.0,0.0,0.0,3.0,3.0,40,35,10,5.0,10.0,8.0,Low,100.0
International Mountain Museum Area,28.19,83.98,Kaski,1.0,1.0,0.0,3.0,3.0,90,80,30,0.0,10.0,15.0,Low,100.0
Jhinu Danda,28.42,83.82,Kaski,3.0,7.0,2.0,3.0,5.0,2,2,0,75.0,65.0,69.0,High,100.0
Jhinu Danda Hot Spring,28.47,83.82,Kaski,3.0,6.0,0.0,4.0,5.0,5,4,1,60.0,55.0,58.0,Medium,100.0
Kahphuche Glacier Lake,28.5,84.05,Kaski,9.0,18.0,16.0,1.0,10.0,0,0,0,100.0,100.0,100.0,High,100.0
Kahu Danda,28.24,84.0,Kaski,1.0,3.0,0.0,3.0,3.0,70,50,20,5.0,20.0,25.0,Low,100.0
Kahule Hill Trail,28.3,83.75,Kaski,3.0,5.0,0.0,4.0,5.0,50,40,15,20.0,35.0,40.0,Medium,100.0
Kahule Rural Viewpoint,28.35,83.9,Kaski,4.0,7.0,0.0,6.0,5.0,40,30,10,25.0,40.0,45.0,Medium,100.0
Kahule Village,28.3,83.9,Kaski,2.0,4.0,0.0,3.0,4.0,40,30,10,15.0,30.0,35.0,Low,100.0
Kahun Danda,28.24,84.0,Kaski,1.0,3.0,0.0,3.0,3.0,70,50,20,5.0,20.0,25.0,Low,100.0
Kahun Danda Camp,28.27,84.0,Kaski,3.0,5.0,0.0,4.0,5.0,50,40,15,20.0,35.0,40.0,Medium,100.0
Kahun Danda Trail,28.26,84.0,Kaski,2.0,4.0,0.0,4.0,4.0,60,50,20,10.0,25.0,30.0,Low,100.0
Kahun Rural Ridge,28.27,84.0,Kaski,2.0,4.0,0.0,5.0,4.0,50,40,15,15.0,30.0,35.0,Low,100.0
Kahun View Tower,28.24,84.0,Kaski,1.0,3.0,0.0,3.0,3.0,70,50,20,5.0,20.0,25.0,Low,100.0
Kahundanda,28.24,83.97,Kaski,1.0,3.0,0.0,3.0,3.0,8,5,2,35.0,30.0,32.0,Medium,100.0
Kande Hiking Route,28.28,83.82,Kaski,2.0,5.0,0.0,2.0,4.0,5,4,1,50.0,40.0,44.0,Medium,100.0
Kande Village,28.3,83.81,Kaski,1.0,2.0,0.0,3.0,4.0,20,15,5,25.0,25.0,25.0,Low,100.0
Kapuche Glacier Lake,28.48,84.15,Kaski,10.0,15.0,8.0,4.0,8.0,0,0,0,100.0,85.0,85.0,High,100.0
Kapuche Lake,28.5,84.1,Kaski,5.0,12.0,6.0,2.0,6.0,0,0,0,100.0,85.0,92.0,High,100.0
Kapuche Lake Trail,28.55,84.15,Kaski,15.0,18.0,12.0,0.0,10.0,0,0,0,100.0,95.0,95.0,High,100.0
Kaski Mardi Rural Route,28.7,83.9,Kaski,10.0,15.0,6.0,2.0,9.0,0,0,0,100.0,90.0,92.0,High,100.0
Kaskikot Palace,28.27,83.87,Kaski,2.0,4.0,0.0,2.0,4.0,5,5,1,45.0,35.0,39.0,Medium,100.0
Kaskikot Ridge,28.26,83.95,Kaski,3.0,4.0,0.0,5.0,4.0,50,40,15,15.0,30.0,35.0,Low,100.0
Kaskikot View Point,28.26,83.95,Kaski,2.0,4.0,0.0,3.0,5.0,15,12,3,35.0,40.0,38.0,Medium,100.0
Kaskikot Viewpoint,28.24,83.9,Kaski,2.0,5.0,0.0,3.0,5.0,20,15,5,35.0,40.0,38.0,Medium,100.0
Kaskikot Village,28.26,83.9,Kaski,2.0,3.0,0.0,4.0,4.0,50,40,10,15.0,25.0,30.0,Low,100.0
Khaste Lake,28.16,84.08,Kaski,1.0,2.0,0.0,7.0,2.0,8,5,1,40.0,30.0,34.0,Medium,100.0
Khoramukh Rural Area,28.42,84.1,Kaski,6.0,10.0,3.0,4.0,7.0,10,8,3,65.0,70.0,72.0,High,100.0
Khumai Danda,28.35,83.9,Kaski,8.0,12.0,4.0,3.0,7.0,5,5,2,70.0,75.0,78.0,High,100.0
Khumai Danda Trail,28.4,84.0,Kaski,12.0,16.0,8.0,2.0,9.0,0,0,0,100.0,90.0,92.0,High,100.0
Komrong Danda,28.39,83.75,Kaski,5.0,12.0,5.0,2.0,8.0,0,0,0,90.0,85.0,87.0,High,100.0
Korchon Hill Trail,28.3,83.85,Kaski,6.0,10.0,2.0,4.0,6.0,10,10,3,60.0,70.0,72.0,High,100.0
Kori Danda,28.48,84.25,Kaski,4.0,9.0,5.0,2.0,5.0,0,0,0,100.0,75.0,86.0,High,100.0
Kori Danda Rural Route,28.4,84.05,Kaski,10.0,15.0,6.0,2.0,8.0,5,5,2,75.0,80.0,82.0,High,100.0
Kori Danda Trail,28.4,84.15,Kaski,8.0,12.0,5.0,3.0,7.0,0,0,0,100.0,75.0,80.0,High,100.0
Kori Rural Viewpoint,28.45,84.1,Kaski,10.0,15.0,6.0,2.0,8.0,5,5,2,75.0,80.0,82.0,High,100.0
Kori Trek Camp,28.43,84.0,Kaski,7.0,15.0,10.0,2.0,9.0,0,0,0,100.0,95.0,98.0,High,100.0
Lamachaur,28.26,83.97,Kaski,1.0,2.0,0.0,3.0,3.0,12,8,2,25.0,25.0,25.0,Low,100.0
Lamachaur Area,28.25,83.97,Kaski,1.0,2.0,0.0,3.0,3.0,15,10,3,20.0,20.0,20.0,Low,100.0
Lamachaur Trail,28.25,83.95,Kaski,1.0,3.0,0.0,5.0,4.0,70,60,20,5.0,20.0,25.0,Low,100.0
Lamachaur View Area,28.27,84.0,Kaski,1.0,2.0,0.0,3.0,3.0,80,60,20,5.0,15.0,20.0,Low,100.0
Lamachaur View Point,28.27,84.0,Kaski,1.0,2.0,0.0,3.0,3.0,80,60,20,5.0,15.0,20.0,Low,100.0
Landruk Village,28.38,83.82,Kaski,3.0,8.0,2.0,3.0,6.0,3,3,1,70.0,65.0,68.0,High,100.0
Landruk Village Route,28.35,83.82,Kaski,4.0,7.0,0.0,6.0,5.0,40,30,10,25.0,40.0,45.0,Medium,100.0
Landruk Village Trail,28.38,83.82,Kaski,5.0,8.0,2.0,5.0,6.0,20,15,5,50.0,65.0,68.0,High,100.0
Low Camp Mardi,28.45,84.02,Kaski,5.0,11.0,7.0,2.0,8.0,0,0,0,100.0,90.0,95.0,High,100.0
Lumle Village,28.33,83.82,Kaski,3.0,6.0,0.0,5.0,5.0,30,25,10,30.0,45.0,50.0,Medium,100.0
Lumle Village Trail,28.35,83.85,Kaski,4.0,7.0,0.0,7.0,5.0,40,30,10,25.0,45.0,50.0,Medium,100.0
Lwang Village,28.35,83.95,Kaski,2.0,4.0,0.0,3.0,4.0,5,4,1,50.0,40.0,44.0,Medium,100.0
Lwang Village Homestay,28.4,83.9,Kaski,3.0,5.0,0.0,8.0,5.0,40,30,10,25.0,45.0,50.0,Medium,100.0
Lwang Village Tea Trail,28.4,83.85,Kaski,3.0,6.0,0.0,5.0,5.0,30,25,10,35.0,45.0,50.0,Medium,100.0
Machhapuchhre Base Area,28.5,84.45,Kaski,9.0,17.0,15.0,1.0,10.0,0,0,0,100.0,100.0,100.0,High,100.0
Machhapuchhre Base Camp,28.5,83.95,Kaski,15.0,15.0,12.0,1.0,8.0,0,0,0,100.0,90.0,90.0,High,100.0
Machhapuchhre Model Trek,28.47,84.35,Kaski,6.0,13.0,8.0,2.0,8.0,0,1,0,95.0,90.0,93.0,High,100.0
Machhapuchhre Rural Camp,28.55,84.0,Kaski,14.0,18.0,12.0,0.0,10.0,0,0,0,100.0,95.0,95.0,High,100.0
Machhapuchhre Rural Route,28.45,83.95,Kaski,8.0,12.0,5.0,2.0,8.0,5,5,2,70.0,75.0,78.0,High,100.0
Machhapuchhre View Point,28.35,84.02,Kaski,2.0,4.0,1.0,2.0,4.0,8,6,2,45.0,40.0,42.0,Medium,100.0
Madi Himal Trail,28.45,83.95,Kaski,10.0,15.0,8.0,2.0,8.0,0,0,0,100.0,85.0,88.0,High,100.0
Madi Valley,28.35,84.05,Kaski,3.0,8.0,1.0,4.0,5.0,3,3,1,70.0,65.0,68.0,High,100.0
Madi Valley Trail,28.35,84.0,Kaski,4.0,9.0,3.0,5.0,7.0,2,2,0,85.0,80.0,82.0,High,100.0
Mahendra Cave,28.27,83.98,Kaski,1.0,1.0,0.0,2.0,2.0,20,15,5,15.0,15.0,15.0,Low,100.0
Mahendra Cave Pokhara,28.26,84.0,Kaski,2.0,2.0,0.0,3.0,4.0,20,15,5,25.0,20.0,22.0,Low,100.0
Majhgaun Homestay,28.3,83.85,Kaski,3.0,5.0,0.0,4.0,5.0,40,30,10,25.0,40.0,45.0,Medium,100.0
Mardi High Camp,28.56,83.95,Kaski,8.0,17.0,15.0,1.0,10.0,0,0,0,100.0,100.0,100.0,High,100.0
Mardi Himal,28.62,84.0,Kaski,5.0,8.0,6.0,1.0,4.0,2,2,0,75.0,70.0,68.0,High,100.0
Mardi Himal Base Camp,28.47,83.95,Kaski,10.0,15.0,8.0,2.0,8.0,0,0,0,100.0,85.0,88.0,High,100.0
Mardi Himal Base Route,28.65,83.9,Kaski,12.0,16.0,8.0,1.0,9.0,0,0,0,100.0,90.0,92.0,High,100.0
Mardi Himal High Camp,28.46,83.92,Kaski,15.0,18.0,12.0,0.0,10.0,0,0,0,100.0,95.0,95.0,High,100.0
Mardi Himal Rural Trail,28.6,83.95,Kaski,12.0,16.0,8.0,1.0,9.0,0,0,0,100.0,90.0,92.0,High,100.0
Mardi Himal Trek,28.44,83.95,Kaski,7.0,15.0,10.0,2.0,9.0,0,0,0,100.0,98.0,99.0,High,100.0
Mardi Himal Village Camp,28.65,83.9,Kaski,12.0,16.0,8.0,1.0,9.0,0,0,0,100.0,90.0,92.0,High,100.0
Mardi Low Camp,28.57,83.96,Kaski,5.0,12.0,7.0,2.0,8.0,0,0,0,95.0,90.0,93.0,High,100.0
Mardi Rural Village Route,28.45,83.95,Kaski,9.0,14.0,5.0,2.0,8.0,5,5,2,70.0,75.0,78.0,High,100.0
Mardi View Point,28.43,83.95,Kaski,7.0,12.0,8.0,2.0,6.0,0,0,0,100.0,80.0,82.0,High,100.0
Mardi View Ridge,28.43,83.9,Kaski,10.0,15.0,5.0,2.0,8.0,0,0,0,100.0,85.0,88.0,High,100.0
Mardi Viewpoint,28.58,83.95,Kaski,6.0,14.0,10.0,2.0,9.0,0,0,0,95.0,90.0,93.0,High,100.0
Matepani Gumba,28.23,84.0,Kaski,1.0,2.0,0.0,2.0,3.0,20,15,5,15.0,15.0,15.0,Low,100.0
Mati Khan Village,28.18,83.85,Kaski,3.0,7.0,1.0,3.0,6.0,5,4,1,60.0,65.0,62.0,Medium,100.0
Mbc Trail,28.47,83.9,Kaski,12.0,16.0,10.0,1.0,9.0,0,0,0,100.0,90.0,92.0,High,100.0
Muldai Viewpoint,28.43,83.7,Kaski,6.0,14.0,8.0,2.0,9.0,0,0,0,95.0,90.0,93.0,High,100.0
Namarjung Village,28.5,84.12,Kaski,6.0,10.0,3.0,5.0,7.0,10,8,3,65.0,70.0,72.0,High,100.0
Naudanda Hill,28.3,83.85,Kaski,3.0,6.0,1.0,3.0,6.0,8,5,1,55.0,60.0,58.0,Medium,100.0
Naudanda View Point,28.27,83.8,Kaski,2.0,5.0,0.0,2.0,4.0,5,4,1,50.0,40.0,44.0,Medium,100.0
Naudanda Viewpoint,28.3,83.85,Kaski,2.0,5.0,0.0,3.0,5.0,20,15,5,40.0,45.0,42.0,Medium,100.0
Panchase Bhanjyang,28.25,83.8,Kaski,3.0,6.0,0.0,3.0,5.0,20,15,5,30.0,40.0,45.0,Medium,100.0
Panchase Forest Route,28.23,83.9,Kaski,5.0,9.0,2.0,5.0,7.0,20,15,5,50.0,65.0,68.0,High,100.0
Panchase Forest Trail,28.22,83.82,Kaski,3.0,7.0,1.0,2.0,5.0,3,3,1,65.0,60.0,62.0,Medium,100.0
Panchase Hill,28.25,83.85,Kaski,2.0,5.0,0.0,3.0,4.0,50,30,10,15.0,30.0,35.0,Low,100.0
Panchase Lake,28.23,83.75,Kaski,5.0,10.0,4.0,4.0,7.0,0,0,0,85.0,80.0,83.0,High,100.0
Panchase Lake Route,28.25,83.85,Kaski,5.0,8.0,0.0,3.0,5.0,30,25,10,35.0,45.0,50.0,Medium,100.0
Panchase Rural Lake Route,28.23,83.9,Kaski,5.0,9.0,2.0,5.0,7.0,20,15,5,50.0,65.0,68.0,High,100.0
Panchase Rural Trail,28.25,83.85,Kaski,2.0,5.0,0.0,3.0,4.0,50,30,10,15.0,30.0,35.0,Low,100.0
Panchase Trail,28.25,83.9,Kaski,5.0,8.0,0.0,4.0,5.0,20,15,5,45.0,55.0,60.0,Medium,100.0
Panchase Trek,28.23,83.83,Kaski,3.0,8.0,2.0,2.0,5.0,2,2,0,75.0,65.0,69.0,High,100.0
Parche Rural Homestay,28.43,84.1,Kaski,5.0,8.0,2.0,4.0,6.0,15,10,3,55.0,65.0,68.0,High,100.0
Peace Pagoda Pokhara,28.21,83.94,Kaski,1.0,3.0,0.0,3.0,5.0,30,25,8,20.0,25.0,22.0,Low,100.0
Peace Temple Pokhara,28.2,83.94,Kaski,1.0,1.0,0.0,2.0,4.0,50,40,10,10.0,15.0,12.0,Low,100.0
Phewa Boating Area,28.21,83.95,Kaski,3.0,0.0,0.0,12.0,3.0,80,70,20,20.0,30.0,25.0,Low,100.0
Phewa Dam Area,28.21,83.95,Kaski,1.0,0.0,0.0,8.0,3.0,70,60,15,10.0,20.0,15.0,Low,100.0
Phewa Lake,28.2096,83.9856,Kaski,3.0,2.0,0.0,8.0,3.0,40,30,5,5.0,30.0,25.0,Low,100.0
Phewa Lake Boating Area,28.21,83.95,Kaski,3.0,0.0,0.0,8.0,2.0,25,20,5,15.0,25.0,21.0,Low,100.0
Phewa Lake Peace Temple Route,28.19,83.93,Kaski,2.0,2.0,0.0,3.0,3.0,20,15,5,20.0,25.0,22.0,Low,100.0
Phewa Lake Trail,28.21,83.95,Kaski,1.0,1.0,0.0,8.0,3.0,90,80,30,0.0,15.0,18.0,Low,100.0
Pokhara Lakeside,28.2096,83.9856,Kaski,5.0,3.0,0.0,8.0,5.0,113,78,3,0.0,45.0,27.0,Low,100.0
Pokhara Peace Pagoda,28.19,83.95,Kaski,1.0,2.0,0.0,5.0,3.0,90,80,30,0.0,15.0,18.0,Low,100.0
Pothana Village,28.35,83.85,Kaski,3.0,6.0,0.0,3.0,5.0,8,6,2,55.0,50.0,52.0,Medium,100.0
Pumdi Bhumdi Village,28.15,83.9,Kaski,2.0,3.0,0.0,4.0,5.0,25,20,5,30.0,35.0,32.0,Low,100.0
Pumdikot Hill,28.17,83.92,Kaski,1.0,3.0,0.0,2.0,3.0,12,8,2,30.0,25.0,27.0,Low,100.0
Pumdikot Rural Area,28.15,83.92,Kaski,2.0,3.0,0.0,5.0,3.0,70,60,20,10.0,25.0,30.0,Low,100.0
Pumdikot Shiva Statue,28.17,83.92,Kaski,1.0,3.0,0.0,2.0,3.0,10,7,2,30.0,25.0,27.0,Low,100.0
Pumdikot Temple,28.16,83.9,Kaski,2.0,3.0,0.0,3.0,3.0,60,50,15,10.0,20.0,25.0,Low,100.0
Pumdikot View Point,28.15,83.92,Kaski,2.0,3.0,0.0,5.0,4.0,70,60,20,5.0,20.0,25.0,Low,100.0
Pumdikot View Tower,28.16,83.9,Kaski,2.0,3.0,0.0,3.0,3.0,60,50,15,10.0,20.0,25.0,Low,100.0
Rupa Kot View,28.15,84.13,Kaski,1.0,3.0,0.0,5.0,4.0,10,8,2,45.0,40.0,42.0,Medium,100.0
Rupa Lake,28.15,84.1,Kaski,2.0,2.0,0.0,8.0,3.0,10,8,2,35.0,35.0,35.0,Medium,100.0
Rupa Lake Area,28.15,84.1,Kaski,1.0,1.0,0.0,10.0,3.0,60,50,20,10.0,35.0,38.0,Medium,100.0
Rupa Lake Bird Area,28.15,84.1,Kaski,2.0,1.0,0.0,10.0,3.0,60,50,20,10.0,30.0,35.0,Medium,100.0
Rupa Lake Forest Trail,28.13,84.11,Kaski,3.0,5.0,0.0,10.0,4.0,50,40,15,20.0,40.0,45.0,Medium,100.0
Rupa Lake Hiking Route,28.15,84.1,Kaski,2.0,2.0,0.0,10.0,3.0,60,50,20,10.0,35.0,38.0,Medium,100.0
Rupa Lake Rural Area,28.15,84.1,Kaski,2.0,3.0,0.0,15.0,3.0,80,70,30,5.0,20.0,25.0,Low,100.0
Rupa Lake View,28.14,84.13,Kaski,1.0,0.0,0.0,10.0,3.0,15,12,3,35.0,40.0,38.0,Medium,100.0
Rupa Lake Viewpoint,28.15,84.1,Kaski,1.0,2.0,0.0,8.0,3.0,15,10,3,25.0,35.0,30.0,Low,100.0
Rupa Lake Wetland,28.15,84.1,Kaski,2.0,2.0,0.0,8.0,3.0,10,8,2,35.0,40.0,38.0,Medium,100.0
Rupa Rural Lake Trail,28.15,84.1,Kaski,2.0,3.0,0.0,10.0,3.0,80,70,25,5.0,20.0,25.0,Low,100.0
Rupa Wetland,28.15,84.15,Kaski,2.0,0.0,0.0,10.0,2.0,20,15,5,40.0,45.0,42.0,Medium,100.0
Rupakot View Tower,28.17,84.08,Kaski,1.0,2.0,0.0,5.0,3.0,50,35,10,10.0,25.0,30.0,Low,100.0
Sarangkot,28.244,83.945,Kaski,2.0,3.0,0.0,3.0,4.0,10,8,1,25.0,35.0,30.0,Low,100.0
Sarangkot Hill,28.21,83.95,Kaski,1.0,2.0,0.0,3.0,3.0,80,70,25,5.0,15.0,20.0,Low,100.0
Sarangkot Paragliding Area,28.21,83.95,Kaski,5.0,2.0,0.0,2.0,3.0,20,15,5,40.0,20.0,32.0,Medium,100.0
Sarangkot Paragliding Zone,28.21,83.95,Kaski,4.0,2.0,0.0,5.0,3.0,90,80,30,15.0,20.0,25.0,Low,100.0
Sarangkot Sunrise Point,28.21,83.95,Kaski,2.0,3.0,0.0,4.0,4.0,70,60,20,10.0,25.0,30.0,Low,100.0
Sarangkot Sunrise Route,28.21,83.95,Kaski,1.0,2.0,0.0,3.0,3.0,90,80,30,0.0,15.0,18.0,Low,100.0
Sarangkot Sunrise View,28.24,83.95,Kaski,2.0,2.0,0.0,4.0,5.0,40,35,10,20.0,25.0,22.0,Low,100.0
Sarangkot View Point,28.25,83.95,Kaski,1.0,3.0,0.0,2.0,4.0,20,15,5,15.0,20.0,17.0,Low,100.0
Sarangkot View Tower,28.25,83.95,Kaski,2.0,3.0,0.0,3.0,5.0,25,20,5,25.0,30.0,28.0,Low,100.0
Sarangkot Viewpoint,28.25,83.95,Kaski,2.0,1.0,0.0,3.0,4.0,50,40,10,15.0,20.0,17.0,Low,100.0
Seti Gorge,28.22,83.98,Kaski,5.0,1.0,0.0,5.0,3.0,20,15,5,55.0,45.0,50.0,Medium,100.0
Seti Gorge Pokhara,28.23,83.98,Kaski,3.0,0.0,0.0,5.0,4.0,40,35,10,20.0,25.0,22.0,Low,100.0
Seti River Gorge,28.23,83.98,Kaski,4.0,2.0,0.0,6.0,3.0,10,8,2,40.0,45.0,42.0,Medium,100.0
Seti River Gorge Adventure,28.23,83.98,Kaski,5.0,2.0,0.0,7.0,3.0,10,8,2,45.0,50.0,48.0,Medium,100.0
Sikles Annapurna Trail,28.45,84.05,Kaski,7.0,10.0,3.0,4.0,7.0,10,10,3,65.0,70.0,72.0,High,100.0
Sikles Community Village,28.45,84.05,Kaski,7.0,12.0,4.0,3.0,8.0,5,5,2,70.0,75.0,78.0,High,100.0
Sikles Eco Village,28.37,84.12,Kaski,3.0,7.0,2.0,2.0,5.0,1,2,0,80.0,65.0,71.0,High,100.0
Sikles Gurung Village,28.45,84.05,Kaski,8.0,12.0,4.0,3.0,8.0,5,5,2,70.0,75.0,78.0,High,100.0
Sikles Rural Trail,28.45,84.05,Kaski,7.0,12.0,3.0,4.0,8.0,5,5,2,70.0,75.0,78.0,High,100.0
Sikles Trek,28.46,84.07,Kaski,5.0,12.0,6.0,2.0,8.0,1,1,0,85.0,85.0,85.0,High,100.0
Sikles Trek Route,28.38,84.15,Kaski,5.0,8.0,3.0,3.0,5.0,10,5,2,55.0,60.0,62.0,Medium,100.0
Sikles View Point,28.37,84.12,Kaski,4.0,9.0,3.0,3.0,6.0,1,1,0,90.0,75.0,81.0,High,100.0
Sikles Village,28.37,84.12,Kaski,3.0,8.0,2.0,2.0,5.0,1,1,0,85.0,60.0,75.0,High,100.0
Sikles Village Route,28.38,84.15,Kaski,5.0,8.0,3.0,3.0,5.0,10,5,2,55.0,60.0,62.0,Medium,100.0
Sikles Village Trail,28.45,84.05,Kaski,7.0,12.0,3.0,4.0,8.0,5,5,2,70.0,75.0,78.0,High,100.0
Sinuwa Trail,28.52,83.85,Kaski,6.0,14.0,9.0,2.0,9.0,0,0,0,100.0,95.0,98.0,High,100.0
Sinuwa Village,28.52,83.85,Kaski,7.0,10.0,5.0,3.0,6.0,0,0,0,90.0,75.0,78.0,High,100.0
Sinuwa Village Route,28.53,84.0,Kaski,8.0,12.0,4.0,3.0,8.0,5,5,2,70.0,75.0,78.0,High,100.0
Tadapani Forest Trail,28.4,83.75,Kaski,6.0,10.0,3.0,4.0,7.0,15,10,3,60.0,70.0,72.0,High,100.0
Tadapani Trail,28.35,83.8,Kaski,5.0,8.0,0.0,4.0,6.0,20,15,5,45.0,55.0,60.0,Medium,100.0
Tadapani Village,28.43,83.75,Kaski,4.0,9.0,4.0,2.0,6.0,1,1,0,90.0,75.0,81.0,High,100.0
Tal Barahi Temple,28.21,83.96,Kaski,1.0,0.0,0.0,5.0,2.0,30,20,5,10.0,15.0,12.0,Low,100.0
Tangting Rural Area,28.45,84.0,Kaski,5.0,8.0,2.0,4.0,6.0,15,10,3,55.0,65.0,68.0,High,100.0
Tangting Village,28.35,84.15,Kaski,2.0,5.0,1.0,2.0,4.0,3,3,1,55.0,45.0,49.0,Medium,100.0
Tara Top View,28.47,83.9,Kaski,8.0,12.0,4.0,3.0,8.0,5,5,2,70.0,75.0,78.0,High,100.0
Thumsikot Trail,28.2,83.85,Kaski,3.0,5.0,0.0,8.0,5.0,40,30,10,25.0,45.0,50.0,Medium,100.0
Tolga Rural Route,28.45,83.85,Kaski,4.0,7.0,0.0,4.0,6.0,25,20,5,45.0,55.0,60.0,Medium,100.0
Tolka View Area,28.33,83.82,Kaski,2.0,5.0,0.0,3.0,5.0,8,6,2,45.0,40.0,42.0,Medium,100.0
Tolka Village,28.35,83.85,Kaski,2.0,4.0,0.0,3.0,5.0,12,10,3,40.0,40.0,40.0,Medium,100.0
Trekking Route Sikles,28.35,84.15,Kaski,5.0,12.0,6.0,3.0,8.0,1,1,0,95.0,85.0,89.0,High,100.0
Trekking Trail Sikles,28.35,84.15,Kaski,5.0,12.0,6.0,3.0,8.0,1,1,0,95.0,85.0,89.0,High,100.0
Upper Seti River Trail,28.2,84.0,Kaski,3.0,3.0,0.0,12.0,4.0,60,50,20,15.0,35.0,40.0,Medium,100.0
World Peace Pagoda,28.19,83.95,Kaski,1.0,2.0,0.0,2.0,3.0,10,8,1,30.0,25.0,28.0,Low,100.0
World Peace Stupa Trail,28.19,83.94,Kaski,2.0,2.0,0.0,6.0,3.0,80,70,25,5.0,20.0,25.0,Low,100.0
Bagdwar Shivapuri,27.82,85.39,Kathmandu,2.0,4.0,0.0,3.0,4.0,50,40,10,15.0,25.0,30.0,Low,100.0
Boudhanath,27.7215,85.362,Kathmandu,1.0,0.0,0.0,1.0,5.0,30,25,4,5.0,15.0,18.0,Low,100.0
Boudhanath Stupa,27.72,85.36,Kathmandu,0.0,0.0,0.0,1.0,5.0,40,30,10,5.0,10.0,7.0,Low,100.0
Budhanilkantha Temple,27.78,85.36,Kathmandu,1.0,1.0,0.0,2.0,3.0,30,20,5,10.0,15.0,12.0,Low,100.0
Champadevi Hiking Trail,27.65,85.25,Kathmandu,3.0,5.0,0.0,6.0,4.0,70,60,25,5.0,20.0,25.0,Low,100.0
Champadevi Hill,27.62,85.26,Kathmandu,3.0,5.0,0.0,4.0,5.0,60,50,20,10.0,30.0,35.0,Low,100.0
Champadevi Trail,27.62,85.26,Kathmandu,3.0,5.0,0.0,3.0,5.0,40,30,10,20.0,35.0,40.0,Medium,100.0
Chandragiri Cable Car,27.68,85.245,Kathmandu,1.0,3.0,0.0,3.0,5.0,40,30,8,20.0,25.0,22.0,Low,100.0
Chandragiri Hill,27.68,85.24,Kathmandu,2.0,4.0,0.0,5.0,5.0,80,70,25,5.0,20.0,25.0,Low,100.0
Chandragiri Hills,27.68,85.24,Kathmandu,2.0,3.0,0.0,3.0,4.0,100,80,30,5.0,20.0,25.0,Low,100.0
Chandragiri Rural Trail,27.68,85.24,Kathmandu,3.0,6.0,0.0,5.0,5.0,70,60,25,5.0,25.0,30.0,Low,100.0
Chisapani Rural Trail,27.82,85.43,Kathmandu,3.0,5.0,0.0,5.0,4.0,80,70,25,5.0,15.0,20.0,Low,100.0
Chisapani Shivapuri Trail,28.0,85.35,Kathmandu,3.0,5.0,0.0,5.0,4.0,80,70,25,5.0,25.0,30.0,Low,100.0
Chisapani Village,27.82,85.35,Kathmandu,3.0,6.0,0.0,3.0,5.0,40,30,10,20.0,35.0,38.0,Low,100.0
Chobhar Gorge Trail,27.62,85.27,Kathmandu,2.0,2.0,0.0,8.0,4.0,80,70,25,5.0,25.0,30.0,Low,100.0
Dakshinkali Rural Area,27.58,85.26,Kathmandu,2.0,4.0,0.0,7.0,4.0,80,70,30,5.0,15.0,20.0,Low,100.0
Dakshinkali Temple,27.59,85.26,Kathmandu,1.0,1.0,0.0,3.0,4.0,40,35,10,10.0,15.0,12.0,Low,100.0
Dakshinkali Temple Area,27.61,85.26,Kathmandu,2.0,3.0,0.0,4.0,4.0,60,50,20,10.0,25.0,30.0,Low,100.0
Garden Of Dreams,27.71,85.32,Kathmandu,0.0,0.0,0.0,1.0,2.0,40,30,10,5.0,5.0,5.0,Low,100.0
Gokarna Forest Resort Area,27.74,85.41,Kathmandu,2.0,2.0,0.0,4.0,5.0,25,20,5,30.0,30.0,30.0,Low,100.0
Jamacho Gumba Trail,27.79,85.28,Kathmandu,3.0,5.0,0.0,2.0,4.0,50,40,10,20.0,30.0,35.0,Low,100.0
Jamacho Monastery,27.78,85.23,Kathmandu,2.0,5.0,0.0,2.0,4.0,5,4,1,50.0,40.0,44.0,Medium,100.0
Kapan Monastery,27.74,85.36,Kathmandu,0.0,0.0,0.0,2.0,4.0,50,40,10,5.0,10.0,8.0,Low,100.0
Kapan Monastery Trail,27.75,85.36,Kathmandu,1.0,2.0,0.0,3.0,4.0,90,80,30,0.0,15.0,18.0,Low,100.0
Kathmandu Durbar Square,27.7048,85.3076,Kathmandu,2.0,0.0,0.0,2.0,9.0,30,25,8,5.0,30.0,25.0,Low,100.0
Kirtipur Heritage Area,27.67,85.28,Kathmandu,1.0,0.0,0.0,2.0,5.0,100,90,30,5.0,15.0,22.0,Low,100.0
Kirtipur Heritage Hill,27.68,85.28,Kathmandu,1.0,1.0,0.0,2.0,4.0,90,80,30,0.0,10.0,15.0,Low,100.0
Kirtipur Heritage Town,27.678,85.277,Kathmandu,1.0,2.0,0.0,3.0,6.0,40,35,10,20.0,30.0,25.0,Low,100.0
Kirtipur Historical Area,27.67,85.28,Kathmandu,1.0,1.0,0.0,2.0,5.0,30,25,8,5.0,10.0,8.0,Low,100.0
Kirtipur Old City,27.67,85.28,Kathmandu,1.0,2.0,0.0,2.0,5.0,30,25,8,15.0,20.0,17.0,Low,100.0
Kirtipur Old Town,27.68,85.28,Kathmandu,1.0,2.0,0.0,2.0,5.0,20,15,5,20.0,20.0,20.0,Low,100.0
Kirtipur Rural Heritage,27.67,85.28,Kathmandu,1.0,2.0,0.0,4.0,3.0,95,85,35,0.0,10.0,15.0,Low,100.0
Nagarjun Forest,27.73,85.28,Kathmandu,2.0,4.0,0.0,3.0,5.0,30,25,8,30.0,35.0,32.0,Low,100.0
Nagarjun Forest Area,27.74,85.27,Kathmandu,2.0,4.0,0.0,3.0,4.0,60,50,15,10.0,25.0,30.0,Low,100.0
Nagarjun Forest Route,27.75,85.25,Kathmandu,2.0,4.0,0.0,5.0,4.0,70,60,20,5.0,20.0,25.0,Low,100.0
Narayanhiti Museum,27.715,85.318,Kathmandu,0.0,0.0,0.0,1.0,3.0,70,60,20,5.0,5.0,6.0,Low,100.0
Pashupatinath Temple,27.71,85.35,Kathmandu,0.0,0.0,0.0,1.0,5.0,50,35,12,5.0,10.0,7.0,Low,100.0
Pharping Monastery,27.6,85.26,Kathmandu,1.0,2.0,0.0,3.0,5.0,25,20,5,25.0,25.0,25.0,Low,100.0
Pharping Reservoir,27.61,85.26,Kathmandu,2.0,2.0,0.0,5.0,5.0,25,20,5,30.0,35.0,32.0,Low,100.0
Sankhu Heritage Area,27.74,85.46,Kathmandu,1.0,1.0,0.0,3.0,5.0,40,35,10,15.0,20.0,17.0,Low,100.0
Sankhu Rural Heritage Route,27.74,85.45,Kathmandu,2.0,3.0,0.0,5.0,3.0,90,80,30,0.0,10.0,15.0,Low,100.0
Sankhu Village Trail,27.74,85.45,Kathmandu,1.0,2.0,0.0,3.0,3.0,70,60,20,5.0,15.0,22.0,Low,100.0
Shivapuri National Park,27.82,85.4,Kathmandu,3.0,5.0,0.0,2.0,5.0,80,70,20,10.0,30.0,35.0,Low,100.0
Shivapuri National Park Trail,27.85,85.4,Kathmandu,4.0,6.0,0.0,6.0,5.0,60,50,20,15.0,35.0,40.0,Medium,100.0
Shivapuri Ridge Trail,27.82,85.39,Kathmandu,3.0,6.0,0.0,3.0,5.0,50,40,10,20.0,35.0,40.0,Medium,100.0
Shivapuri Rural Trail,27.82,85.38,Kathmandu,3.0,5.0,0.0,4.0,4.0,80,70,30,5.0,15.0,20.0,Low,100.0
Sundarijal Forest Trail,27.79,85.42,Kathmandu,4.0,7.0,0.0,8.0,5.0,50,40,15,20.0,35.0,40.0,Medium,100.0
Sundarijal Waterfall,27.79,85.43,Kathmandu,2.0,5.0,0.0,4.0,4.0,90,80,25,5.0,30.0,32.0,Low,100.0
Sundarijal Waterfall Trail,27.8,85.43,Kathmandu,3.0,4.0,0.0,10.0,4.0,70,60,20,10.0,35.0,38.0,Medium,100.0
Swayambhunath,27.7149,85.29,Kathmandu,1.0,0.0,0.0,2.0,6.0,25,20,3,10.0,20.0,22.0,Low,100.0
Swayambhunath Stupa,27.715,85.29,Kathmandu,1.0,1.0,0.0,1.0,5.0,35,25,8,10.0,12.0,11.0,Low,100.0
Swayambhunath Temple,27.715,85.29,Kathmandu,1.0,0.0,0.0,2.0,5.0,40,30,10,5.0,10.0,8.0,Low,100.0
Tarebhir Trail,27.8,85.4,Kathmandu,4.0,10.0,3.0,3.0,7.0,3,2,1,75.0,75.0,75.0,High,100.0
Taudaha Lake,27.62,85.26,Kathmandu,1.0,0.0,0.0,6.0,2.0,30,25,8,15.0,20.0,17.0,Low,100.0
Taudaha Lake Area,27.62,85.25,Kathmandu,1.0,1.0,0.0,12.0,3.0,80,70,25,5.0,30.0,32.0,Low,100.0
Thamel Tourism Area,27.715,85.312,Kathmandu,2.0,0.0,0.0,2.0,4.0,60,70,15,10.0,10.0,10.0,Low,100.0
Thankot View Point,27.69,85.2,Kathmandu,1.0,2.0,0.0,2.0,4.0,15,10,3,30.0,25.0,27.0,Low,100.0
Thankot View Route,27.69,85.2,Kathmandu,2.0,3.0,0.0,4.0,4.0,80,70,25,5.0,20.0,25.0,Low,100.0
Tokha Hiking Route,27.8,85.36,Kathmandu,1.0,2.0,0.0,3.0,3.0,80,70,25,5.0,15.0,20.0,Low,100.0
White Gumba,27.75,85.26,Kathmandu,1.0,2.0,0.0,2.0,4.0,15,10,3,30.0,25.0,27.0,Low,100.0
White Gumba Area,27.72,85.27,Kathmandu,1.0,2.0,0.0,3.0,3.0,70,60,20,5.0,15.0,22.0,Low,100.0
White Gumba Kathmandu,27.75,85.23,Kathmandu,2.0,3.0,0.0,3.0,5.0,30,25,8,30.0,35.0,32.0,Low,100.0
Balthali Village,27.6,85.53,Kavre,2.0,4.0,0.0,5.0,4.0,50,40,15,15.0,35.0,38.0,Low,100.0
Banepa Hills,27.63,85.52,Kavre,1.0,2.0,0.0,3.0,5.0,70,50,20,5.0,20.0,25.0,Low,100.0
Bethanchok Hill,27.53,85.45,Kavre,4.0,8.0,0.0,4.0,6.0,20,15,5,35.0,45.0,50.0,Medium,100.0
Bethanchok Narayan Hill,27.6,85.55,Kavre,5.0,8.0,0.0,4.0,6.0,20,15,5,45.0,55.0,60.0,Medium,100.0
Bethanchowk Narayanthan,27.52,85.6,Kavre,4.0,8.0,2.0,4.0,6.0,5,4,1,65.0,65.0,65.0,High,100.0
Dapcha Village,27.52,85.6,Kavre,3.0,5.0,0.0,5.0,4.0,30,20,5,20.0,35.0,40.0,Medium,100.0
Dhulikhel,27.62,85.55,Kavre,1.0,2.0,0.0,3.0,5.0,60,50,15,10.0,25.0,28.0,Low,100.0
Dhulikhel View Point,27.62,85.55,Kavre,1.0,2.0,0.0,3.0,3.0,80,70,25,5.0,15.0,20.0,Low,100.0
Dolalghat River Area,27.62,85.6,Kavre,2.0,2.0,0.0,12.0,4.0,40,30,10,20.0,45.0,45.0,Medium,100.0
Namo Buddha Trail,27.56,85.6,Kavre,2.0,4.0,0.0,4.0,4.0,50,40,15,15.0,30.0,35.0,Low,100.0
Namobuddha Monastery,27.58,85.56,Kavre,1.0,2.0,0.0,3.0,4.0,60,50,20,5.0,20.0,25.0,Low,100.0
Panauti Heritage Area,27.585,85.51,Kavre,1.0,2.0,0.0,5.0,6.0,20,15,5,30.0,35.0,32.0,Low,100.0
Panauti Old Town,27.58,85.52,Kavre,1.0,1.0,0.0,3.0,3.0,70,50,20,5.0,15.0,22.0,Low,100.0
Panchkhal Area,27.65,85.62,Kavre,1.0,2.0,0.0,8.0,4.0,20,15,5,25.0,35.0,30.0,Low,100.0
Sanga View Tower,27.67,85.43,Kavre,1.0,0.0,0.0,3.0,4.0,35,30,8,10.0,15.0,12.0,Low,100.0
Tindhara Waterfall,27.65,85.75,Kavre,3.0,4.0,0.0,10.0,4.0,50,40,15,15.0,35.0,40.0,Medium,100.0
Balthali Village,27.55,85.57,Kavrepalanchok,2.0,4.0,0.0,3.0,5.0,20,15,5,30.0,30.0,30.0,Low,100.0
Balthali Village Route,27.58,85.55,Kavrepalanchok,3.0,5.0,0.0,5.0,4.0,60,50,20,10.0,25.0,30.0,Low,100.0
Balthali Village Trail,27.58,85.55,Kavrepalanchok,3.0,5.0,0.0,5.0,4.0,60,50,20,10.0,25.0,30.0,Low,100.0
Bethanchok Narayanthan,27.57,85.68,Kavrepalanchok,2.0,5.0,0.0,3.0,4.0,5,5,1,50.0,40.0,44.0,Medium,100.0
Bethanchok Rural Hill,27.6,85.5,Kavrepalanchok,4.0,7.0,0.0,5.0,5.0,40,30,10,25.0,40.0,45.0,Medium,100.0
Dhulikhel Hiking Trail,27.62,85.54,Kavrepalanchok,2.0,5.0,0.0,4.0,5.0,25,20,5,35.0,40.0,38.0,Medium,100.0
Dhulikhel Old Town,27.62,85.54,Kavrepalanchok,1.0,3.0,0.0,3.0,5.0,20,15,5,30.0,35.0,32.0,Low,100.0
Dhulikhel View Point,27.62,85.55,Kavrepalanchok,1.0,3.0,0.0,2.0,4.0,15,12,3,25.0,25.0,25.0,Low,100.0
Dhulikhel View Tower,27.62,85.54,Kavrepalanchok,1.0,2.0,0.0,2.0,4.0,20,15,5,15.0,20.0,17.0,Low,100.0
Dolalghat River Area,27.6,85.72,Kavrepalanchok,3.0,2.0,0.0,10.0,3.0,8,6,2,40.0,55.0,46.0,Medium,100.0
Dolalghat Riverside,27.6,85.72,Kavrepalanchok,2.0,1.0,0.0,15.0,3.0,70,60,20,5.0,40.0,42.0,Medium,100.0
Kavre Bhanjyang Trail,27.65,85.55,Kavrepalanchok,3.0,5.0,0.0,4.0,5.0,40,30,10,25.0,40.0,45.0,Medium,100.0
Kushadevi Village,27.58,85.65,Kavrepalanchok,3.0,6.0,1.0,4.0,6.0,10,8,2,60.0,60.0,60.0,Medium,100.0
Namo Buddha Monastery,27.56,85.58,Kavrepalanchok,1.0,1.0,0.0,2.0,4.0,20,15,5,15.0,15.0,15.0,Low,100.0
Namo Buddha Trail,27.57,85.58,Kavrepalanchok,3.0,5.0,0.0,4.0,6.0,15,12,3,45.0,50.0,48.0,Medium,100.0
Namobuddha Monastery,27.56,85.59,Kavrepalanchok,2.0,5.0,0.0,3.0,5.0,8,6,2,45.0,40.0,42.0,Medium,100.0
Namobuddha Rural Route,27.57,85.56,Kavrepalanchok,2.0,3.0,0.0,5.0,3.0,80,70,25,5.0,15.0,20.0,Low,100.0
Namobuddha Rural Trail,27.57,85.56,Kavrepalanchok,2.0,3.0,0.0,5.0,3.0,80,70,25,5.0,15.0,20.0,Low,100.0
Namobuddha Stupa,27.57,85.58,Kavrepalanchok,1.0,1.0,0.0,3.0,5.0,30,25,8,20.0,20.0,20.0,Low,100.0
Namobuddha Trail,27.56,85.57,Kavrepalanchok,2.0,4.0,0.0,2.0,5.0,8,6,2,35.0,35.0,35.0,Medium,100.0
Panauti Heritage Town,27.58,85.52,Kavrepalanchok,1.0,1.0,0.0,4.0,5.0,15,12,4,20.0,20.0,20.0,Low,100.0
Panauti Heritage Trail,27.58,85.52,Kavrepalanchok,2.0,4.0,0.0,6.0,4.0,70,60,20,5.0,20.0,25.0,Low,100.0
Panauti Museum Area,27.58,85.52,Kavrepalanchok,1.0,0.0,0.0,5.0,5.0,30,25,8,20.0,25.0,22.0,Low,100.0
Panauti Rural Heritage,27.58,85.52,Kavrepalanchok,2.0,4.0,0.0,6.0,4.0,70,60,20,5.0,20.0,25.0,Low,100.0
Panchkhal Rural Trail,27.65,85.62,Kavrepalanchok,2.0,4.0,0.0,7.0,4.0,60,50,20,15.0,30.0,35.0,Low,100.0
Timal Village,27.7,85.65,Kavrepalanchok,3.0,7.0,1.0,3.0,5.0,3,3,1,65.0,60.0,62.0,Medium,100.0
Timal Village Trail,27.55,85.6,Kavrepalanchok,3.0,5.0,0.0,5.0,5.0,40,30,10,25.0,40.0,45.0,Medium,100.0
Tindhara Waterfall,27.6,85.4,Kavrepalanchok,3.0,6.0,0.0,7.0,4.0,5,4,1,55.0,50.0,52.0,Medium,100.0
Tindhare Waterfall,27.55,85.7,Kavrepalanchok,4.0,8.0,1.0,8.0,5.0,8,5,1,70.0,75.0,73.0,High,100.0
Aiselukharka,27.35,86.85,Khotang,2.0,6.0,1.0,3.0,5.0,2,2,0,70.0,55.0,61.0,Medium,100.0
Aiselukharka Area,27.35,86.8,Khotang,3.0,7.0,1.0,5.0,6.0,2,2,0,75.0,70.0,73.0,High,100.0
Aiselukharka Ridge,27.42,86.78,Khotang,6.0,10.0,3.0,3.0,7.0,10,5,2,65.0,70.0,72.0,High,100.0
Aiselukharka Village,27.25,86.8,Khotang,3.0,7.0,1.0,3.0,5.0,3,3,1,65.0,60.0,62.0,Medium,100.0
Barah Pokhari Area,27.3,86.9,Khotang,4.0,10.0,3.0,4.0,6.0,1,1,0,90.0,80.0,84.0,High,100.0
Barah Pokhari Khotang,27.3,86.9,Khotang,4.0,10.0,3.0,4.0,6.0,1,1,0,90.0,80.0,84.0,High,100.0
Diktel Bazaar,27.21,86.79,Khotang,1.0,3.0,0.0,3.0,4.0,8,6,2,35.0,30.0,33.0,Medium,100.0
Diktel Rupakot,27.21,86.79,Khotang,3.0,5.0,0.0,5.0,5.0,35,30,10,25.0,40.0,45.0,Medium,100.0
Diktel Rupakot Area,27.21,86.79,Khotang,2.0,5.0,0.0,3.0,5.0,8,6,2,50.0,45.0,47.0,Medium,100.0
Diktel Rupakot Hill,27.21,86.79,Khotang,2.0,5.0,0.0,3.0,5.0,5,5,1,50.0,45.0,47.0,Medium,100.0
Diktel Rupakot Trail,27.21,86.79,Khotang,4.0,7.0,0.0,5.0,6.0,20,15,5,40.0,50.0,55.0,Medium,100.0
Diktel Rupakot View,27.21,86.79,Khotang,2.0,5.0,0.0,3.0,4.0,6,5,1,50.0,40.0,44.0,Medium,100.0
Diktel Rural Area,27.21,86.79,Khotang,3.0,6.0,0.0,5.0,6.0,25,20,5,35.0,50.0,55.0,Medium,100.0
Diktel View Point,27.21,86.79,Khotang,2.0,5.0,0.0,3.0,5.0,8,6,2,50.0,45.0,47.0,Medium,100.0
Diktel View Route,27.21,86.79,Khotang,3.0,5.0,0.0,6.0,5.0,40,30,10,25.0,40.0,45.0,Medium,100.0
Diktel View Tower,27.21,86.79,Khotang,1.0,4.0,0.0,2.0,4.0,5,5,1,45.0,35.0,39.0,Medium,100.0
Halesi Cave,27.32,86.72,Khotang,3.0,4.0,0.0,2.0,5.0,4,5,1,50.0,40.0,44.0,Medium,100.0
Halesi Cave Area,27.32,86.72,Khotang,1.0,2.0,0.0,2.0,5.0,15,10,3,25.0,20.0,22.0,Low,100.0
Halesi Cave Route,27.32,86.72,Khotang,1.0,2.0,0.0,3.0,4.0,20,15,5,15.0,15.0,15.0,Low,100.0
Halesi Mahadev,27.32,86.72,Khotang,3.0,4.0,0.0,2.0,5.0,3,4,1,60.0,45.0,55.0,Medium,100.0
Halesi Mahadev Area,27.32,86.72,Khotang,1.0,2.0,0.0,3.0,4.0,20,15,5,15.0,15.0,15.0,Low,100.0
Halesi Mahadev Cave,27.32,86.72,Khotang,1.0,2.0,0.0,2.0,5.0,15,10,3,25.0,20.0,22.0,Low,100.0
Halesi Mahadev Temple,27.37,86.67,Khotang,2.0,3.0,0.0,5.0,5.0,20,15,5,30.0,35.0,32.0,Low,100.0
Halesi Rural Route,27.38,86.67,Khotang,3.0,5.0,0.0,4.0,5.0,40,30,10,20.0,35.0,40.0,Medium,100.0
Halesi Trail Route,27.32,86.72,Khotang,2.0,5.0,0.0,2.0,5.0,8,6,2,40.0,40.0,40.0,Medium,100.0
Jantedhunga Rural Trail,27.55,86.9,Khotang,7.0,12.0,3.0,4.0,8.0,10,8,3,65.0,75.0,78.0,High,100.0
Khotang Diktel Hill,27.21,86.79,Khotang,2.0,6.0,1.0,4.0,6.0,5,4,1,60.0,60.0,60.0,Medium,100.0
Khotang Diktel Trail,27.2,86.79,Khotang,3.0,8.0,2.0,4.0,6.0,2,2,0,80.0,75.0,78.0,High,100.0
Khotang Diktel View,27.21,86.79,Khotang,2.0,4.0,0.0,4.0,5.0,40,30,10,20.0,35.0,40.0,Medium,100.0
Khotang Halesi Area,27.38,86.67,Khotang,2.0,4.0,0.0,5.0,5.0,50,40,10,15.0,30.0,35.0,Low,100.0
Khotang Halesi Rural Area,27.32,86.78,Khotang,2.0,4.0,0.0,7.0,4.0,60,50,20,15.0,30.0,35.0,Low,100.0
Khotang Halesi Rural Trail,27.32,86.78,Khotang,2.0,4.0,0.0,8.0,4.0,60,50,20,15.0,30.0,35.0,Low,100.0
Khotang Halesi Trail,27.38,86.67,Khotang,2.0,4.0,0.0,5.0,5.0,50,40,10,15.0,30.0,35.0,Low,100.0
Lamidanda Airport,27.25,86.9,Khotang,2.0,4.0,0.0,3.0,5.0,8,6,2,50.0,45.0,47.0,Medium,100.0
Lamidanda Village Route,27.4,86.8,Khotang,5.0,9.0,2.0,5.0,6.0,20,15,5,50.0,65.0,68.0,High,100.0
Manebhanjyang Village,27.5,86.9,Khotang,4.0,8.0,0.0,5.0,6.0,20,20,5,45.0,55.0,60.0,Medium,100.0
Mundum Adventure Trail,27.4,86.9,Khotang,5.0,12.0,6.0,2.0,8.0,0,1,0,95.0,85.0,89.0,High,100.0
Mundum Trail,27.4,87.0,Khotang,4.0,9.0,3.0,3.0,6.0,1,1,0,85.0,75.0,79.0,High,100.0
Sotang Rural Camp,27.55,86.75,Khotang,8.0,13.0,4.0,3.0,8.0,5,5,2,70.0,80.0,82.0,High,100.0
Sotang Rural Homestay,27.55,86.75,Khotang,5.0,9.0,2.0,4.0,7.0,10,8,3,65.0,70.0,72.0,High,100.0
Bungamati Heritage Area,27.62,85.29,Lalitpur,1.0,1.0,0.0,3.0,5.0,45,35,10,10.0,15.0,12.0,Low,100.0
Bungamati Heritage Village,27.62,85.3,Lalitpur,1.0,1.0,0.0,5.0,5.0,80,70,25,5.0,20.0,25.0,Low,100.0
Bungamati Village,27.62,85.3,Lalitpur,1.0,1.0,0.0,2.0,5.0,20,15,5,20.0,15.0,18.0,Low,100.0
Champadevi Hill,27.62,85.25,Lalitpur,4.0,8.0,1.0,3.0,6.0,8,5,2,60.0,60.0,60.0,Medium,100.0
Godavari Botanical Area,27.59,85.39,Lalitpur,1.0,1.0,0.0,4.0,3.0,70,60,20,5.0,15.0,22.0,Low,100.0
Godavari Botanical Garden,27.59,85.39,Lalitpur,1.0,1.0,0.0,4.0,3.0,80,60,25,5.0,15.0,20.0,Low,100.0
Godavari Forest Route,27.59,85.36,Lalitpur,2.0,3.0,0.0,5.0,3.0,90,80,30,0.0,10.0,15.0,Low,100.0
Godavari Rural Route,27.59,85.36,Lalitpur,2.0,3.0,0.0,5.0,3.0,90,80,30,0.0,10.0,15.0,Low,100.0
Khokana Heritage Village,27.63,85.29,Lalitpur,1.0,2.0,0.0,3.0,5.0,25,20,5,20.0,25.0,22.0,Low,100.0
Khokana Village,27.62,85.28,Lalitpur,1.0,2.0,0.0,2.0,5.0,18,15,4,25.0,20.0,22.0,Low,100.0
Lakuri Bhanjyang,27.63,85.43,Lalitpur,2.0,4.0,0.0,3.0,4.0,50,40,10,15.0,25.0,30.0,Low,100.0
Patan Durbar Area,27.67,85.32,Lalitpur,1.0,1.0,0.0,3.0,5.0,90,80,30,0.0,15.0,18.0,Low,100.0
Patan Durbar Square,27.673,85.325,Lalitpur,1.0,0.0,0.0,1.0,8.0,25,20,5,10.0,25.0,23.0,Low,100.0
Phulchoki Eco Trail,27.58,85.39,Lalitpur,4.0,6.0,0.0,5.0,5.0,60,50,20,10.0,25.0,30.0,Low,100.0
Phulchoki Forest Trail,27.58,85.39,Lalitpur,4.0,6.0,0.0,5.0,5.0,60,50,20,10.0,25.0,30.0,Low,100.0
Phulchoki Hill,27.58,85.41,Lalitpur,3.0,5.0,0.0,4.0,5.0,70,60,20,15.0,35.0,38.0,Low,100.0
Phulchowki Hill,27.58,85.38,Lalitpur,4.0,8.0,0.0,3.0,5.0,30,25,10,35.0,45.0,50.0,Medium,100.0
Phulchowki Mountain Trail,27.58,85.42,Lalitpur,5.0,8.0,0.0,4.0,5.0,50,40,15,25.0,45.0,50.0,Medium,100.0
Bahun Danda Trek Route,28.38,84.4,Lamjung,6.0,10.0,3.0,4.0,7.0,10,10,3,65.0,70.0,72.0,High,100.0
Bahundanda,28.3,84.45,Lamjung,4.0,8.0,2.0,5.0,7.0,2,2,0,80.0,75.0,78.0,High,100.0
Besisahar,28.23,84.38,Lamjung,2.0,3.0,0.0,4.0,3.0,8,7,2,35.0,35.0,35.0,Medium,100.0
Besisahar Gateway,28.23,84.37,Lamjung,1.0,3.0,0.0,5.0,4.0,10,8,2,35.0,35.0,35.0,Medium,100.0
Besisahar Market,28.23,84.38,Lamjung,2.0,3.0,0.0,5.0,4.0,50,40,10,10.0,25.0,30.0,Low,100.0
Besisahar Rural Trail,28.23,84.38,Lamjung,3.0,6.0,0.0,8.0,5.0,30,25,10,35.0,55.0,60.0,Medium,100.0
Besisahar Rural View,28.23,84.37,Lamjung,2.0,3.0,0.0,8.0,4.0,70,60,20,10.0,30.0,35.0,Medium,100.0
Besisahar View Hill,28.23,84.38,Lamjung,2.0,4.0,0.0,5.0,5.0,50,40,15,15.0,30.0,35.0,Low,100.0
Besishahar Annapurna Gate,28.23,84.37,Lamjung,2.0,4.0,0.0,6.0,5.0,20,15,5,35.0,40.0,37.0,Medium,100.0
Bhoje Village Trail,28.42,84.5,Lamjung,5.0,9.0,2.0,4.0,7.0,15,10,3,60.0,65.0,68.0,High,100.0
Bhujung Homestay Area,28.3,84.35,Lamjung,4.0,6.0,0.0,5.0,5.0,30,25,10,30.0,45.0,50.0,Medium,100.0
Bhujung Lamjung Village,28.3,84.35,Lamjung,4.0,7.0,0.0,5.0,6.0,25,20,5,45.0,55.0,60.0,Medium,100.0
Bhujung Rural Route,28.25,84.35,Lamjung,5.0,8.0,2.0,5.0,6.0,30,25,10,35.0,50.0,55.0,Medium,100.0
Bhujung Village,28.22,84.35,Lamjung,3.0,5.0,0.0,4.0,5.0,20,15,5,30.0,40.0,45.0,Medium,100.0
Bhujung Village Route,28.25,84.35,Lamjung,5.0,8.0,2.0,5.0,6.0,30,25,10,35.0,50.0,55.0,Medium,100.0
Bhujung Village Trail,28.25,84.35,Lamjung,5.0,8.0,0.0,6.0,6.0,30,25,10,35.0,50.0,55.0,Medium,100.0
Dordi River Valley,28.35,84.45,Lamjung,6.0,10.0,4.0,5.0,7.0,5,5,2,65.0,70.0,72.0,High,100.0
Dordi Rural Valley,28.3,84.45,Lamjung,6.0,10.0,3.0,8.0,7.0,10,8,3,65.0,75.0,78.0,High,100.0
Dordi Valley,28.3,84.45,Lamjung,6.0,10.0,4.0,3.0,7.0,5,5,2,65.0,70.0,72.0,High,100.0
Ghale Gaun,28.25,84.37,Lamjung,2.0,4.0,0.0,4.0,5.0,25,15,5,20.0,35.0,38.0,Low,100.0
Ghalegaun,28.25,84.4,Lamjung,2.0,5.0,1.0,2.0,4.0,2,3,0,65.0,45.0,53.0,Medium,100.0
Ghalegaun Heritage Trail,28.28,84.42,Lamjung,3.0,5.0,0.0,4.0,5.0,40,30,10,25.0,40.0,45.0,Medium,100.0
Ghalegaun Homestay,28.25,84.37,Lamjung,2.0,4.0,0.0,4.0,5.0,25,15,5,20.0,35.0,38.0,Low,100.0
Ghalegaun Rural Route,28.28,84.42,Lamjung,3.0,5.0,0.0,4.0,5.0,40,30,10,25.0,40.0,45.0,Medium,100.0
Ghalegaun Rural Tourism,28.28,84.42,Lamjung,3.0,5.0,0.0,4.0,5.0,40,30,10,25.0,40.0,45.0,Medium,100.0
Ghalegaun Rural Trail,28.3,84.35,Lamjung,4.0,7.0,0.0,6.0,5.0,40,30,10,25.0,40.0,45.0,Medium,100.0
Ghalegaun Trek,28.3,84.42,Lamjung,5.0,8.0,2.0,3.0,6.0,20,15,5,45.0,55.0,60.0,Medium,100.0
Ghalegaun View Point,28.28,84.42,Lamjung,3.0,5.0,0.0,3.0,5.0,40,30,10,25.0,40.0,45.0,Medium,100.0
Ghalegaun View Route,28.3,84.35,Lamjung,4.0,7.0,0.0,6.0,5.0,40,30,10,25.0,40.0,45.0,Medium,100.0
Ghalegaun View Tower,28.23,84.35,Lamjung,2.0,4.0,0.0,3.0,5.0,20,15,5,35.0,40.0,38.0,Medium,100.0
Ghalegaun Viewpoint,28.3,84.4,Lamjung,2.0,5.0,0.0,3.0,5.0,10,8,2,50.0,45.0,47.0,Medium,100.0
Ghalegaun Village,28.3,84.42,Lamjung,4.0,7.0,0.0,4.0,5.0,30,25,10,35.0,45.0,50.0,Medium,100.0
Ghalegaun Village Trail,28.3,84.35,Lamjung,4.0,7.0,0.0,6.0,5.0,40,30,10,25.0,40.0,45.0,Medium,100.0
Ghanpokhara,28.3,84.42,Lamjung,4.0,7.0,2.0,3.0,6.0,15,10,3,40.0,50.0,55.0,Medium,100.0
Ghermu Village Route,28.45,84.52,Lamjung,4.0,8.0,0.0,6.0,6.0,20,15,5,50.0,60.0,65.0,High,100.0
Ilampokhari Lake,28.55,84.3,Lamjung,8.0,12.0,5.0,2.0,8.0,5,5,2,70.0,75.0,78.0,High,100.0
Kakani Lamjung Hill,28.25,84.35,Lamjung,3.0,5.0,0.0,5.0,5.0,40,30,10,25.0,40.0,45.0,Medium,100.0
Kamalpur Rural Trail,28.25,84.4,Lamjung,5.0,9.0,2.0,6.0,7.0,15,10,3,60.0,70.0,72.0,High,100.0
Kapuche Glacier Lake,28.4,84.25,Lamjung,7.0,15.0,12.0,2.0,10.0,0,0,0,100.0,100.0,100.0,High,100.0
Kapurkot Trail,28.25,84.4,Lamjung,3.0,6.0,0.0,4.0,5.0,30,25,10,35.0,45.0,50.0,Medium,100.0
Khudi River Camp,28.3,84.4,Lamjung,4.0,3.0,0.0,15.0,4.0,30,25,10,35.0,55.0,60.0,Medium,100.0
Khudi Village,28.28,84.35,Lamjung,3.0,6.0,0.0,4.0,5.0,20,15,5,30.0,45.0,45.0,Medium,100.0
Kunchha Village,28.2,84.4,Lamjung,2.0,5.0,0.0,5.0,6.0,10,8,2,55.0,60.0,58.0,Medium,100.0
Lamjung Annapurna Gateway,28.25,84.4,Lamjung,5.0,8.0,2.0,5.0,7.0,20,15,5,50.0,65.0,68.0,High,100.0
Lamjung Besishahar,28.23,84.38,Lamjung,1.0,4.0,0.0,5.0,5.0,15,12,3,35.0,40.0,37.0,Medium,100.0
Lamjung Himal Base Camp,28.55,84.4,Lamjung,10.0,20.0,20.0,1.0,10.0,0,0,0,100.0,100.0,100.0,High,100.0
Lamjung Himal Route,28.45,84.3,Lamjung,12.0,16.0,8.0,2.0,9.0,0,0,0,100.0,90.0,92.0,High,100.0
Lamjung Himal View,28.35,84.35,Lamjung,6.0,10.0,4.0,3.0,6.0,5,5,2,65.0,65.0,68.0,Medium,100.0
Marsyangdi River,28.25,84.4,Lamjung,6.0,2.0,0.0,18.0,4.0,5,4,1,80.0,75.0,78.0,High,100.0
Marsyangdi River Area,28.25,84.45,Lamjung,6.0,2.0,0.0,16.0,4.0,3,3,1,80.0,75.0,78.0,High,100.0
Nangidhar Trail,28.4,84.4,Lamjung,5.0,8.0,0.0,4.0,6.0,20,15,5,45.0,55.0,60.0,Medium,100.0
Nauthar Rural Trail,28.35,84.4,Lamjung,3.0,6.0,0.0,5.0,5.0,30,25,10,35.0,45.0,50.0,Medium,100.0
Nayagaun Rural Area,28.2,84.3,Lamjung,3.0,5.0,0.0,7.0,5.0,50,40,15,20.0,35.0,40.0,Medium,100.0
Ngadi Village,28.31,84.37,Lamjung,4.0,7.0,2.0,4.0,6.0,15,10,3,40.0,50.0,55.0,Medium,100.0
Ngadi Waterfall Trail,28.35,84.42,Lamjung,4.0,6.0,0.0,8.0,5.0,30,25,10,30.0,45.0,50.0,Medium,100.0
Rainas Rural Heritage,28.1,84.5,Lamjung,2.0,4.0,0.0,8.0,4.0,70,60,20,5.0,25.0,30.0,Low,100.0
Sange Khola Route,28.35,84.45,Lamjung,5.0,10.0,2.0,5.0,7.0,15,10,3,60.0,70.0,72.0,High,100.0
Siurung Village,28.3,84.35,Lamjung,3.0,6.0,0.0,4.0,5.0,15,10,3,35.0,45.0,50.0,Medium,100.0
Sundar Bazaar Rural Area,28.15,84.4,Lamjung,2.0,4.0,0.0,12.0,4.0,70,60,20,5.0,25.0,30.0,Low,100.0
Taal Village,28.43,84.47,Lamjung,5.0,12.0,5.0,8.0,7.0,0,1,0,90.0,90.0,90.0,High,100.0
Tanjung Village,28.25,84.4,Lamjung,4.0,7.0,0.0,5.0,6.0,20,15,5,40.0,50.0,55.0,Medium,100.0
Timu Village,28.3,84.35,Lamjung,3.0,7.0,1.0,3.0,6.0,5,4,1,65.0,65.0,65.0,High,100.0
Trekking Route Besisahar,28.23,84.37,Lamjung,5.0,10.0,4.0,4.0,7.0,2,1,0,80.0,80.0,80.0,High,100.0
Trekking Route Khudi,28.25,84.4,Lamjung,4.0,7.0,0.0,9.0,5.0,30,25,10,40.0,55.0,60.0,Medium,100.0
Trekking Route Lamjung,28.4,84.5,Lamjung,6.0,14.0,8.0,2.0,9.0,0,0,0,100.0,95.0,98.0,High,100.0
Trekking Rural Camp Lamjung,28.3,84.4,Lamjung,8.0,12.0,3.0,4.0,8.0,5,5,2,70.0,75.0,78.0,High,100.0
Trekking Village Besisahar,28.23,84.38,Lamjung,3.0,5.0,0.0,5.0,4.0,40,30,10,20.0,35.0,40.0,Low,100.0
Turture Village Camp,28.2,84.4,Lamjung,6.0,10.0,3.0,5.0,7.0,10,8,3,65.0,70.0,72.0,High,100.0
Muktinath Temple,28.82,83.87,M Mustang,4.0,10.0,5.0,1.0,8.0,0,0,0,85.0,85.0,85.0,High,100.0
Bardibas Area,26.98,85.92,Mahottari,1.0,0.0,0.0,10.0,3.0,25,20,5,25.0,35.0,30.0,Low,100.0
Bardibas Forest Area,26.98,85.92,Mahottari,2.0,0.0,0.0,10.0,3.0,15,12,3,35.0,40.0,38.0,Medium,100.0
Jaleshwar Mahadev,26.65,85.8,Mahottari,1.0,0.0,0.0,12.0,2.0,20,15,5,30.0,40.0,35.0,Low,100.0
Jaleshwar Temple,26.65,85.8,Mahottari,1.0,0.0,0.0,12.0,2.0,15,12,3,40.0,45.0,42.0,Medium,100.0
Bhimphedi Route,27.55,85.13,Makwanpur,4.0,8.0,2.0,5.0,7.0,2,2,0,80.0,75.0,78.0,High,100.0
Chisapani Makwanpur,27.52,85.2,Makwanpur,5.0,8.0,2.0,5.0,6.0,20,15,5,40.0,55.0,60.0,Medium,100.0
Chitlang Organic Village,27.62,85.2,Makwanpur,2.0,4.0,0.0,3.0,6.0,15,12,3,40.0,45.0,42.0,Medium,100.0
Chitlang Rural Route,27.65,85.2,Makwanpur,3.0,5.0,0.0,5.0,4.0,60,50,20,10.0,25.0,30.0,Low,100.0
Chitlang Village,27.65,85.25,Makwanpur,2.0,4.0,0.0,3.0,4.0,10,8,2,30.0,35.0,32.0,Low,100.0
Chitlang Village Trail,27.65,85.2,Makwanpur,3.0,5.0,0.0,5.0,4.0,60,50,20,10.0,25.0,30.0,Low,100.0
Daman Hill,27.6,85.13,Makwanpur,4.0,10.0,3.0,3.0,7.0,8,5,1,70.0,75.0,73.0,High,100.0
Daman Himalayan View Trail,27.6,85.05,Makwanpur,6.0,10.0,2.0,5.0,7.0,20,15,5,50.0,65.0,68.0,High,100.0
Daman Rural Viewpoint,27.6,85.08,Makwanpur,4.0,7.0,0.0,6.0,5.0,40,30,10,25.0,45.0,50.0,Medium,100.0
Daman View Tower,27.6,85.08,Makwanpur,2.0,4.0,0.0,3.0,5.0,5,4,1,45.0,40.0,42.0,Medium,100.0
Hetauda Botanical Garden,27.43,85.03,Makwanpur,1.0,0.0,0.0,8.0,2.0,50,40,10,10.0,25.0,18.0,Low,100.0
Hetauda Martyr Memorial,27.43,85.03,Makwanpur,1.0,3.0,0.0,8.0,4.0,70,50,20,10.0,30.0,32.0,Low,100.0
Hetauda Martyrs Park,27.43,85.03,Makwanpur,1.0,0.0,0.0,5.0,2.0,45,35,10,10.0,20.0,15.0,Low,100.0
Indrasarovar,27.57,85.16,Makwanpur,3.0,4.0,0.0,10.0,4.0,5,4,1,50.0,55.0,53.0,Medium,100.0
Indrasarovar Lake,27.65,85.2,Makwanpur,3.0,4.0,0.0,12.0,5.0,30,25,10,30.0,50.0,55.0,Medium,100.0
Indrasarovar Rural Lake,27.62,85.2,Makwanpur,3.0,5.0,0.0,12.0,4.0,60,50,20,10.0,30.0,35.0,Low,100.0
Indrasarowar Lake,27.57,85.15,Makwanpur,3.0,5.0,0.0,10.0,5.0,30,20,10,30.0,45.0,50.0,Medium,100.0
Kulekhani Dam,27.59,85.15,Makwanpur,3.0,5.0,0.0,15.0,4.0,8,6,2,45.0,60.0,51.0,Medium,100.0
Kulekhani Dam View,27.58,85.15,Makwanpur,3.0,1.0,0.0,14.0,3.0,8,6,2,65.0,65.0,65.0,High,100.0
Kulekhani Lake,27.58,85.13,Makwanpur,2.0,3.0,0.0,8.0,4.0,50,40,10,15.0,35.0,38.0,Low,100.0
Kulekhani Reservoir,27.59,85.15,Makwanpur,3.0,2.0,0.0,15.0,4.0,40,30,10,25.0,50.0,52.0,Medium,100.0
Kulekhani Rural Camp,27.58,85.15,Makwanpur,5.0,8.0,0.0,15.0,6.0,30,25,10,40.0,60.0,65.0,High,100.0
Kulekhani Rural Lake Route,27.58,85.15,Makwanpur,4.0,6.0,0.0,12.0,5.0,40,30,10,25.0,40.0,45.0,Medium,100.0
Kulekhani Village Trail,27.58,85.15,Makwanpur,5.0,8.0,0.0,15.0,6.0,30,25,10,40.0,60.0,65.0,High,100.0
Makwanpur Daman Rural Trail,27.6,85.05,Makwanpur,5.0,8.0,0.0,8.0,6.0,30,25,10,35.0,50.0,55.0,Medium,100.0
Makwanpur Daman Trail,27.6,85.08,Makwanpur,4.0,7.0,0.0,6.0,5.0,40,30,10,25.0,45.0,50.0,Medium,100.0
Markhu Dam Area,27.59,85.16,Makwanpur,3.0,0.0,0.0,12.0,3.0,15,10,3,55.0,60.0,58.0,Medium,100.0
Markhu Village,27.58,85.13,Makwanpur,3.0,4.0,0.0,8.0,4.0,40,30,10,20.0,40.0,45.0,Medium,100.0
Martyr Memorial Park,27.43,85.03,Makwanpur,1.0,0.0,0.0,5.0,2.0,45,35,10,10.0,20.0,15.0,Low,100.0
Palung Rural Area,27.63,85.1,Makwanpur,4.0,7.0,0.0,8.0,5.0,50,40,15,20.0,35.0,40.0,Medium,100.0
Palung Valley,27.6,85.15,Makwanpur,4.0,7.0,0.0,5.0,6.0,30,25,10,35.0,45.0,50.0,Medium,100.0
Palung Village,27.62,85.1,Makwanpur,2.0,5.0,1.0,3.0,5.0,5,4,1,55.0,50.0,52.0,Medium,100.0
Sim Bhanjyang,27.58,85.1,Makwanpur,4.0,8.0,2.0,2.0,6.0,2,2,0,75.0,70.0,72.0,High,100.0
Thaha Municipality,27.6,85.12,Makwanpur,3.0,6.0,0.0,5.0,5.0,40,30,10,20.0,40.0,45.0,Medium,100.0
Tistung Rural Trail,27.62,85.12,Makwanpur,5.0,9.0,2.0,7.0,7.0,20,15,5,50.0,65.0,68.0,High,100.0
Tistung Trail,27.7,85.1,Makwanpur,5.0,8.0,0.0,4.0,6.0,20,15,5,45.0,55.0,60.0,Medium,100.0
Tistung Village,27.62,85.08,Makwanpur,3.0,7.0,1.0,3.0,5.0,3,3,0,70.0,60.0,64.0,Medium,100.0
Annapurna Circuit High Camp,28.75,84.05,Manang,10.0,20.0,20.0,1.0,10.0,0,0,0,100.0,100.0,100.0,High,100.0
Annapurna Circuit Pisang,28.67,84.18,Manang,7.0,15.0,12.0,1.0,9.0,0,0,0,100.0,98.0,99.0,High,100.0
Annapurna Circuit Route,28.7,84.3,Manang,10.0,20.0,20.0,1.0,10.0,0,0,0,100.0,100.0,100.0,High,100.0
Annapurna Circuit Thorong La,28.79,84.25,Manang,12.0,19.0,18.0,1.0,10.0,0,0,0,100.0,100.0,100.0,High,100.0
Bagarchhap Village,28.56,84.22,Manang,9.0,13.0,7.0,2.0,8.0,0,0,0,100.0,85.0,85.0,High,100.0
Braga Monastery,28.65,84.02,Manang,5.0,8.0,2.0,2.0,7.0,10,10,3,65.0,70.0,72.0,High,100.0
Braga Village,28.65,84.05,Manang,4.0,10.0,6.0,2.0,8.0,1,1,0,90.0,85.0,87.0,High,100.0
Chame Bazaar,28.55,84.25,Manang,2.0,6.0,2.0,3.0,5.0,3,3,1,60.0,55.0,57.0,Medium,100.0
Chame Village,28.55,84.21,Manang,6.0,10.0,5.0,2.0,7.0,10,5,2,70.0,70.0,72.0,High,100.0
Chame Village Area,28.55,84.23,Manang,4.0,8.0,2.0,3.0,6.0,15,10,3,55.0,65.0,68.0,High,100.0
Chulu East Base Camp,28.76,84.25,Manang,10.0,20.0,20.0,1.0,10.0,0,0,0,100.0,100.0,100.0,High,100.0
Chulu West Base Camp,28.77,84.22,Manang,10.0,20.0,20.0,1.0,10.0,0,0,0,100.0,100.0,100.0,High,100.0
Dharapani Annapurna,28.55,84.38,Manang,6.0,10.0,3.0,3.0,7.0,5,5,2,65.0,70.0,72.0,High,100.0
Dharapani Rural Route,28.55,84.3,Manang,5.0,8.0,2.0,3.0,6.0,10,8,3,65.0,70.0,72.0,High,100.0
Dharapani Trail,28.55,84.38,Manang,6.0,10.0,3.0,3.0,7.0,5,5,2,65.0,70.0,72.0,High,100.0
Dharapani Trek Point,28.55,84.26,Manang,8.0,12.0,6.0,3.0,7.0,5,5,2,75.0,75.0,75.0,High,100.0
Dharapani Village,28.55,84.26,Manang,8.0,12.0,6.0,3.0,7.0,5,5,2,75.0,75.0,75.0,High,100.0
Gangapurna Lake,28.66,84.0,Manang,7.0,15.0,12.0,1.0,9.0,0,0,0,100.0,100.0,100.0,High,100.0
Ghale Village Trail,28.6,84.2,Manang,8.0,12.0,4.0,2.0,8.0,5,5,2,70.0,75.0,78.0,High,100.0
Gyaru Village Trail,28.72,84.05,Manang,7.0,12.0,5.0,1.0,8.0,5,5,2,75.0,80.0,85.0,High,100.0
High Camp Thorong,28.76,84.4,Manang,10.0,18.0,17.0,1.0,10.0,0,0,0,100.0,100.0,100.0,High,100.0
Humde Airport,28.67,84.0,Manang,3.0,8.0,4.0,2.0,7.0,2,2,0,80.0,75.0,78.0,High,100.0
Humde Airport Area,28.65,84.08,Manang,4.0,7.0,3.0,2.0,7.0,10,5,2,60.0,65.0,70.0,High,100.0
Humde Village,28.65,84.12,Manang,8.0,14.0,10.0,2.0,8.0,0,0,0,100.0,85.0,85.0,High,100.0
Ice Lake Manang,28.68,84.05,Manang,7.0,14.0,10.0,1.0,8.0,0,0,0,100.0,95.0,98.0,High,100.0
Jagat Manang,28.52,84.48,Manang,5.0,12.0,6.0,3.0,8.0,0,1,0,95.0,90.0,93.0,High,100.0
Kang La Pass,28.75,84.2,Manang,9.0,16.0,13.0,1.0,10.0,0,0,0,100.0,100.0,100.0,High,100.0
Khang La Pass,28.95,84.3,Manang,20.0,20.0,20.0,0.0,10.0,0,0,0,100.0,100.0,99.0,High,100.0
Khangsar Rural Homestay,28.65,84.0,Manang,9.0,14.0,6.0,1.0,8.0,0,0,0,100.0,85.0,88.0,High,100.0
Khangsar Village,28.65,84.03,Manang,10.0,14.0,10.0,2.0,8.0,0,0,0,100.0,85.0,85.0,High,100.0
Khangsar Village Trail,28.65,84.0,Manang,13.0,17.0,10.0,0.0,9.0,0,0,0,100.0,95.0,95.0,High,100.0
Kicho Tal,28.6,84.1,Manang,4.0,10.0,5.0,2.0,6.0,0,0,0,100.0,80.0,92.0,High,100.0
Kicho Tal Area,28.7,84.15,Manang,7.0,15.0,10.0,2.0,9.0,0,0,0,100.0,95.0,98.0,High,100.0
Koto Nar Phu Gateway,28.85,84.35,Manang,12.0,16.0,10.0,0.0,9.0,0,0,0,100.0,90.0,92.0,High,100.0
Koto Rural Settlement,28.8,84.25,Manang,7.0,12.0,5.0,2.0,8.0,5,5,2,70.0,75.0,78.0,High,100.0
Koto Village,28.76,84.15,Manang,4.0,10.0,5.0,2.0,7.0,0,1,0,90.0,80.0,84.0,High,100.0
Koto Village Route,28.8,84.25,Manang,7.0,12.0,4.0,2.0,8.0,5,5,2,70.0,75.0,78.0,High,100.0
Manang Airport Area,28.65,84.02,Manang,4.0,10.0,5.0,1.0,8.0,1,1,0,90.0,80.0,84.0,High,100.0
Manang Icefall Area,28.68,84.02,Manang,9.0,18.0,17.0,1.0,10.0,0,0,0,100.0,100.0,100.0,High,100.0
Manang Ngawal Rural Area,28.7,84.02,Manang,8.0,12.0,5.0,1.0,8.0,5,5,2,70.0,75.0,78.0,High,100.0
Manang Tilicho Junction,28.65,84.1,Manang,14.0,18.0,12.0,1.0,10.0,0,0,0,100.0,95.0,95.0,High,100.0
Manang Tilicho Route,28.67,84.05,Manang,17.0,20.0,15.0,0.0,10.0,0,0,0,100.0,100.0,98.0,High,100.0
Manang Village,28.67,84.01,Manang,5.0,12.0,7.0,2.0,8.0,0,1,0,95.0,88.0,91.0,High,100.0
Manang Village Route,28.67,84.02,Manang,7.0,12.0,5.0,0.0,8.0,5,5,2,70.0,75.0,78.0,High,100.0
Meta Village Route,28.85,84.25,Manang,12.0,16.0,8.0,0.0,9.0,0,0,0,100.0,90.0,92.0,High,100.0
Mungji Village,28.65,84.1,Manang,5.0,12.0,7.0,2.0,8.0,0,0,0,95.0,90.0,93.0,High,100.0
Naar Village,28.8,84.13,Manang,8.0,17.0,14.0,1.0,10.0,0,0,0,100.0,100.0,100.0,High,100.0
Nar Phu Hidden Valley,28.95,84.35,Manang,18.0,20.0,18.0,0.0,10.0,0,0,0,100.0,100.0,99.0,High,100.0
Nar Phu Rural Camp,28.95,84.35,Manang,18.0,20.0,18.0,0.0,10.0,0,0,0,100.0,100.0,99.0,High,100.0
Nar Phu Valley,28.8,84.15,Manang,15.0,20.0,15.0,2.0,10.0,0,0,0,100.0,100.0,95.0,High,100.0
Nar Phu Valley Camp,28.85,84.2,Manang,18.0,20.0,18.0,0.0,10.0,0,0,0,100.0,100.0,99.0,High,100.0
Nar Phu Valley Route,28.85,84.2,Manang,18.0,20.0,18.0,0.0,10.0,0,0,0,100.0,100.0,99.0,High,100.0
Nar Rural Homestay,28.95,84.35,Manang,16.0,20.0,15.0,0.0,10.0,0,0,0,100.0,100.0,98.0,High,100.0
Ngawal Rural Route,28.65,84.1,Manang,9.0,14.0,5.0,0.0,8.0,5,5,2,70.0,80.0,82.0,High,100.0
Ngawal Village,28.67,84.05,Manang,6.0,10.0,5.0,2.0,7.0,5,5,2,70.0,70.0,72.0,High,100.0
Ngawal Village View,28.7,84.02,Manang,5.0,8.0,2.0,2.0,7.0,10,8,3,65.0,70.0,72.0,High,100.0
Nile Rural Camp,28.95,84.35,Manang,14.0,18.0,12.0,0.0,10.0,0,0,0,100.0,95.0,95.0,High,100.0
Nile Village Manang,28.95,84.35,Manang,12.0,16.0,8.0,0.0,9.0,0,0,0,100.0,90.0,92.0,High,100.0
Phu Village,28.95,84.35,Manang,18.0,20.0,15.0,0.0,10.0,0,0,0,100.0,100.0,98.0,High,100.0
Phu Village Camp,28.96,84.35,Manang,18.0,20.0,18.0,0.0,10.0,0,0,0,100.0,100.0,99.0,High,100.0
Phu Village Settlement,28.96,84.35,Manang,18.0,20.0,18.0,0.0,10.0,0,0,0,100.0,100.0,99.0,High,100.0
Pisag Village,28.67,84.18,Manang,7.0,15.0,12.0,1.0,9.0,0,0,0,100.0,98.0,99.0,High,100.0
Pisak Village Trail,28.6,84.0,Manang,11.0,15.0,7.0,0.0,9.0,0,0,0,100.0,90.0,92.0,High,100.0
Pisand Valley,28.72,84.03,Manang,4.0,8.0,4.0,2.0,5.0,1,1,0,90.0,70.0,82.0,High,100.0
Pisand Valley Route,28.6,84.15,Manang,12.0,16.0,8.0,2.0,9.0,0,0,0,100.0,90.0,92.0,High,100.0
Pisang Village,28.61,84.08,Manang,8.0,12.0,7.0,3.0,8.0,0,0,0,100.0,80.0,82.0,High,100.0
Pisang Village Route,28.65,84.08,Manang,6.0,10.0,3.0,2.0,7.0,10,8,3,65.0,70.0,72.0,High,100.0
Pisangkang Village,28.61,84.08,Manang,8.0,12.0,7.0,3.0,8.0,0,0,0,100.0,80.0,82.0,High,100.0
Pislang Village Route,28.65,84.0,Manang,7.0,11.0,4.0,1.0,8.0,5,5,2,70.0,75.0,78.0,High,100.0
Taal Village,28.52,84.4,Manang,10.0,15.0,8.0,3.0,8.0,0,0,0,100.0,85.0,85.0,High,100.0
Tal Village,28.55,84.3,Manang,10.0,15.0,8.0,2.0,9.0,0,0,0,100.0,90.0,92.0,High,100.0
Tal Village Manang,28.48,84.55,Manang,5.0,10.0,5.0,8.0,7.0,1,1,0,90.0,90.0,90.0,High,100.0
Tanchowk Rural Trail,28.62,84.15,Manang,5.0,9.0,2.0,3.0,7.0,10,8,3,65.0,70.0,72.0,High,100.0
Tanki Manang Trail,28.7,84.05,Manang,13.0,17.0,10.0,0.0,9.0,0,0,0,100.0,95.0,95.0,High,100.0
Thorong High Camp,28.79,84.0,Manang,20.0,20.0,20.0,0.0,10.0,0,0,0,100.0,100.0,99.0,High,100.0
Thorong La Pass,28.79,84.0,Manang,20.0,20.0,20.0,0.0,10.0,0,0,0,100.0,100.0,98.0,High,100.0
Thorong La Rural Pass,28.79,84.0,Manang,20.0,20.0,20.0,0.0,10.0,0,0,0,100.0,100.0,99.0,High,100.0
Thorong Pass Route,28.78,84.39,Manang,10.0,20.0,20.0,1.0,10.0,0,0,0,100.0,100.0,100.0,High,100.0
Thorong Phedi,28.75,84.0,Manang,18.0,20.0,18.0,0.0,10.0,0,0,0,100.0,100.0,98.0,High,100.0
Tilicho Base Camp,28.65,84.05,Manang,15.0,18.0,12.0,1.0,10.0,0,0,0,100.0,95.0,95.0,High,100.0
Tilicho Lake,28.68,84.0,Manang,8.0,14.0,12.0,3.0,7.0,0,0,0,100.0,98.0,95.0,High,100.0
Tilicho Lake Route,28.67,84.03,Manang,10.0,18.0,16.0,1.0,10.0,0,0,0,100.0,100.0,100.0,High,100.0
Tilicho Lake Rural Trail,28.68,84.05,Manang,18.0,20.0,18.0,0.0,10.0,0,0,0,100.0,100.0,99.0,High,100.0
Tilicho Rural Trail,28.65,84.15,Manang,15.0,18.0,12.0,0.0,10.0,0,0,0,100.0,95.0,95.0,High,100.0
Timang Village,28.75,84.25,Manang,6.0,10.0,3.0,2.0,7.0,5,5,2,65.0,70.0,72.0,High,100.0
Torong La Alternative Trail,28.8,84.6,Manang,20.0,20.0,20.0,0.0,10.0,0,0,0,100.0,100.0,99.0,High,100.0
Trekker Camp Tal,28.52,84.4,Manang,10.0,15.0,8.0,3.0,8.0,0,0,0,100.0,85.0,85.0,High,100.0
Trekking Route Chamje,28.52,84.3,Manang,10.0,15.0,8.0,3.0,8.0,0,0,0,100.0,85.0,85.0,High,100.0
Upper Pisang,28.65,84.16,Manang,8.0,16.0,14.0,1.0,10.0,0,0,0,100.0,100.0,100.0,High,100.0
Upper Pisang View,28.62,84.15,Manang,8.0,17.0,15.0,1.0,10.0,0,0,0,100.0,100.0,100.0,High,100.0
Yak Kharka,28.7,84.0,Manang,15.0,18.0,15.0,1.0,9.0,0,0,0,100.0,95.0,92.0,High,100.0
Yak Kharka Manang,28.72,84.25,Manang,9.0,18.0,16.0,1.0,10.0,0,0,0,100.0,100.0,100.0,High,100.0
Yak Kharka Route,28.72,84.25,Manang,9.0,18.0,16.0,1.0,10.0,0,0,0,100.0,100.0,100.0,High,100.0
Yak Kharka Trail,28.7,84.0,Manang,15.0,18.0,15.0,1.0,10.0,0,0,0,100.0,100.0,97.0,High,100.0
Yak Khola Route,28.73,84.25,Manang,8.0,17.0,14.0,1.0,10.0,0,0,0,100.0,100.0,100.0,High,100.0
Dhawa Village Trail,28.7,84.65,Manaslu,12.0,16.0,8.0,0.0,9.0,0,0,0,100.0,90.0,92.0,High,100.0
Betana Wetland,26.55,87.5,Morang,2.0,0.0,0.0,15.0,2.0,40,30,10,20.0,45.0,45.0,Medium,100.0
Birat Chowk Area,26.65,87.28,Morang,1.0,0.0,0.0,10.0,2.0,80,70,25,5.0,25.0,28.0,Low,100.0
Biratnagar Tourism Area,26.45,87.27,Morang,1.0,0.0,0.0,10.0,2.0,40,35,10,5.0,30.0,20.0,Low,100.0
Biratnagar Tourism Zone,26.45,87.27,Morang,1.0,0.0,0.0,10.0,2.0,60,50,15,5.0,25.0,15.0,Low,100.0
Dhanpalthan Area,26.5,87.45,Morang,1.0,0.0,0.0,15.0,2.0,10,8,2,45.0,50.0,48.0,Medium,100.0
Kanepokhari Lake,26.65,87.5,Morang,2.0,0.0,0.0,12.0,2.0,15,12,3,40.0,45.0,42.0,Medium,100.0
Koshi River Bank,26.6,87.1,Morang,3.0,0.0,0.0,15.0,3.0,10,8,2,55.0,60.0,58.0,Medium,100.0
Morang Hill View,26.65,87.45,Morang,1.0,0.0,0.0,8.0,2.0,30,25,8,10.0,25.0,18.0,Low,100.0
Pathari Forest Area,26.6,87.5,Morang,2.0,0.0,0.0,12.0,3.0,10,8,2,45.0,50.0,48.0,Medium,100.0
Rangeli Rural Area,26.45,87.63,Morang,2.0,0.0,0.0,12.0,2.0,50,40,15,10.0,35.0,38.0,Medium,100.0
Sundar Haraicha Forest,26.7,87.18,Morang,2.0,1.0,0.0,12.0,3.0,60,50,20,10.0,35.0,38.0,Medium,100.0
Sundar Haraicha Lake,26.7,87.35,Morang,1.0,0.0,0.0,10.0,2.0,15,12,3,30.0,35.0,32.0,Low,100.0
Urlabari Wetland,26.68,87.35,Morang,2.0,0.0,0.0,10.0,2.0,25,20,5,35.0,40.0,38.0,Medium,100.0
Chankheli Himal Area,29.65,82.8,Mugu,14.0,18.0,12.0,2.0,9.0,0,0,0,100.0,95.0,92.0,High,100.0
Chankheli Mountain Camp,29.8,82.3,Mugu,18.0,20.0,18.0,0.0,10.0,0,0,0,100.0,100.0,99.0,High,100.0
Chhayanath Rural Area,29.52,82.1,Mugu,3.0,6.0,0.0,8.0,5.0,30,25,10,40.0,50.0,55.0,Medium,100.0
Chhayanath Rural Temple,29.52,82.1,Mugu,3.0,6.0,0.0,8.0,5.0,30,25,10,40.0,50.0,55.0,Medium,100.0
Chhayanath Rural Trail,29.52,82.1,Mugu,5.0,9.0,2.0,6.0,7.0,10,8,3,65.0,70.0,72.0,High,100.0
Chhayanath Temple,29.35,82.2,Mugu,3.0,6.0,0.0,4.0,5.0,20,15,5,40.0,50.0,55.0,Medium,100.0
Chhayanath Temple Area,29.52,82.1,Mugu,3.0,6.0,0.0,8.0,5.0,30,25,10,40.0,50.0,55.0,Medium,100.0
Chhayanath Temple Trail,29.55,82.1,Mugu,3.0,6.0,0.0,5.0,6.0,20,15,5,45.0,55.0,60.0,Medium,100.0
Gamgadhi Bazaar,29.52,82.08,Mugu,2.0,6.0,1.0,5.0,6.0,5,4,1,60.0,60.0,60.0,Medium,100.0
Gamgadhi Rural Trail,29.53,82.08,Mugu,3.0,6.0,0.0,10.0,5.0,30,25,10,40.0,50.0,55.0,Medium,100.0
Gamgadhi Village Trail,29.53,82.08,Mugu,4.0,8.0,0.0,10.0,6.0,20,15,5,50.0,60.0,65.0,High,100.0
Karnali Mugu Riverside,29.65,82.3,Mugu,9.0,14.0,5.0,18.0,8.0,5,5,2,75.0,85.0,88.0,High,100.0
Karnali River Mugu,29.5,82.0,Mugu,6.0,2.0,0.0,16.0,4.0,2,2,0,80.0,75.0,78.0,High,100.0
Karnali River Rural Camp,29.7,82.45,Mugu,8.0,12.0,3.0,18.0,8.0,5,5,2,70.0,85.0,88.0,High,100.0
Karnali Riverside Camp,29.6,82.2,Mugu,7.0,12.0,3.0,15.0,7.0,5,5,2,70.0,75.0,78.0,High,100.0
Khatyad Rural Camp,29.55,82.45,Mugu,6.0,10.0,3.0,5.0,7.0,10,8,3,65.0,70.0,72.0,High,100.0
Khatyad Village Trail,29.7,82.0,Mugu,7.0,12.0,3.0,10.0,8.0,5,5,2,70.0,75.0,78.0,High,100.0
Kotila Rural Route,29.6,82.2,Mugu,5.0,9.0,2.0,7.0,7.0,10,8,3,65.0,70.0,72.0,High,100.0
Mugu Chankheli Himal,29.8,82.4,Mugu,10.0,20.0,20.0,1.0,10.0,0,0,0,100.0,100.0,100.0,High,100.0
Mugu Chankheli Route,29.8,82.3,Mugu,15.0,18.0,12.0,2.0,9.0,0,0,0,100.0,95.0,95.0,High,100.0
Mugu Dolpo Border Trail,29.7,82.8,Mugu,16.0,20.0,15.0,0.0,10.0,0,0,0,100.0,100.0,98.0,High,100.0
Mugu Gamgadhi,29.55,82.1,Mugu,5.0,8.0,0.0,5.0,7.0,15,10,3,65.0,65.0,68.0,Medium,100.0
Mugu Gamghadi View,29.32,82.18,Mugu,4.0,8.0,2.0,5.0,6.0,15,10,3,55.0,65.0,70.0,High,100.0
Mugu Karnali Camp,29.45,82.1,Mugu,10.0,15.0,5.0,5.0,8.0,0,0,0,100.0,85.0,88.0,High,100.0
Mugu Karnali River,29.6,82.0,Mugu,6.0,2.0,0.0,18.0,4.0,0,0,0,100.0,85.0,92.0,High,100.0
Mugu Karnali River Camp,29.6,82.2,Mugu,10.0,15.0,5.0,18.0,8.0,0,0,0,100.0,90.0,92.0,High,100.0
Mugu Karnali Route,29.65,82.35,Mugu,10.0,15.0,6.0,12.0,8.0,0,0,0,100.0,90.0,92.0,High,100.0
Mugu Karnali Trail,29.4,82.1,Mugu,10.0,15.0,5.0,5.0,8.0,0,0,0,100.0,85.0,88.0,High,100.0
Mugu Karnali Trek,29.45,82.1,Mugu,8.0,16.0,12.0,2.0,10.0,0,0,0,100.0,100.0,100.0,High,100.0
Mugu Karnali Valley,29.6,82.2,Mugu,5.0,12.0,6.0,6.0,8.0,0,1,0,95.0,90.0,93.0,High,100.0
Mugu Rara Lake,29.5269,82.0835,Mugu,5.0,8.0,1.0,5.0,6.0,0,0,0,100.0,95.0,98.0,High,100.0
Mugu Rara North Trail,29.6,82.1,Mugu,12.0,16.0,8.0,3.0,9.0,0,0,0,100.0,90.0,92.0,High,100.0
Mugu Rara Route,29.5,82.1,Mugu,7.0,15.0,10.0,3.0,9.0,0,0,0,100.0,98.0,99.0,High,100.0
Murma Top Rural Route,29.54,82.1,Mugu,12.0,16.0,8.0,2.0,9.0,0,0,0,100.0,90.0,92.0,High,100.0
Murma Village,29.53,82.05,Mugu,4.0,10.0,3.0,4.0,7.0,0,0,0,100.0,80.0,88.0,High,100.0
Murmure Village,29.52,82.1,Mugu,3.0,8.0,2.0,4.0,7.0,1,1,0,80.0,75.0,78.0,High,100.0
Pulu Rural Settlement,29.45,82.2,Mugu,4.0,8.0,0.0,5.0,6.0,20,15,5,50.0,65.0,68.0,High,100.0
Rara Boat Station,29.52,82.09,Mugu,4.0,5.0,0.0,10.0,5.0,0,0,0,80.0,70.0,75.0,High,100.0
Rara Chuchure Village,29.5,82.15,Mugu,10.0,15.0,5.0,4.0,9.0,0,0,0,100.0,90.0,92.0,High,100.0
Rara Karnali Remote Trail,29.55,82.1,Mugu,12.0,16.0,8.0,5.0,9.0,0,0,0,100.0,90.0,92.0,High,100.0
Rara Karnali Route,29.1,82.1,Mugu,7.0,14.0,8.0,3.0,8.0,0,0,0,100.0,90.0,95.0,High,100.0
Rara Lake,29.5269,82.0835,Mugu,5.0,8.0,1.0,5.0,6.0,0,0,0,100.0,59.0,75.4,High,100.0
Rara Lake Remote Village,29.5269,82.0835,Mugu,5.0,8.0,1.0,5.0,6.0,0,0,0,100.0,59.0,75.4,High,100.0
Rara Lake Route,29.5269,82.0835,Mugu,8.0,12.0,5.0,3.0,8.0,0,0,0,90.0,85.0,88.0,High,100.0
Rara Lake Rural Trail,29.5269,82.0835,Mugu,5.0,8.0,1.0,5.0,6.0,0,0,0,100.0,59.0,75.4,High,100.0
Rara Lake View,29.5269,82.0835,Mugu,5.0,8.0,1.0,5.0,6.0,0,0,0,100.0,95.0,98.0,High,100.0
Rara Lakeside Camp,29.52,82.1,Mugu,6.0,10.0,3.0,5.0,8.0,5,5,2,70.0,75.0,78.0,High,100.0
Rara National Park,29.5,82.1,Mugu,7.0,15.0,7.0,3.0,9.0,0,0,0,100.0,98.0,99.0,High,100.0
Rara National Park Area,29.52,82.08,Mugu,6.0,12.0,5.0,5.0,8.0,0,0,0,100.0,90.0,96.0,High,100.0
Rara National Park East Trail,29.55,82.15,Mugu,12.0,16.0,8.0,2.0,9.0,0,0,0,100.0,90.0,92.0,High,100.0
Rara National Park Trail,29.53,82.08,Mugu,8.0,12.0,5.0,3.0,8.0,0,0,0,100.0,85.0,88.0,High,100.0
Rara Rural Forest Trail,29.53,82.09,Mugu,8.0,12.0,4.0,5.0,8.0,5,5,2,70.0,80.0,82.0,High,100.0
Rara Trek Route,29.53,82.08,Mugu,8.0,12.0,5.0,3.0,7.0,0,0,0,100.0,80.0,82.0,High,100.0
Rara View Point,29.53,82.08,Mugu,6.0,8.0,3.0,3.0,6.0,0,0,0,90.0,75.0,78.0,High,100.0
Rara View Tower,29.53,82.08,Mugu,3.0,6.0,0.0,4.0,5.0,5,5,1,60.0,55.0,57.0,Medium,100.0
Rara West Village Route,29.5,82.0,Mugu,8.0,12.0,4.0,6.0,8.0,5,5,2,70.0,75.0,78.0,High,100.0
Ruga Village Route,29.58,82.25,Mugu,6.0,10.0,3.0,7.0,7.0,10,8,3,65.0,75.0,78.0,High,100.0
Soru Rural Route,29.65,81.95,Mugu,8.0,13.0,4.0,8.0,8.0,5,5,2,70.0,80.0,82.0,High,100.0
Soru Rural Valley,29.65,82.45,Mugu,7.0,12.0,3.0,8.0,8.0,5,5,2,70.0,80.0,82.0,High,100.0
Soru Valley Route,29.65,82.3,Mugu,9.0,14.0,5.0,5.0,8.0,5,5,2,75.0,80.0,82.0,High,100.0
Talcha Airport Area,29.5,82.1,Mugu,2.0,5.0,1.0,3.0,5.0,2,2,1,65.0,50.0,56.0,Medium,100.0
Talcha Village,29.52,82.09,Mugu,7.0,10.0,4.0,3.0,6.0,0,0,0,90.0,75.0,78.0,High,100.0
Talcha Village Trail,29.52,82.15,Mugu,6.0,10.0,3.0,5.0,7.0,10,8,3,65.0,70.0,72.0,High,100.0
Muktinath Temple,28.82,83.87,Mukthinath,5.0,8.0,3.0,1.0,7.0,20,15,5,55.0,65.0,70.0,High,100.0
Chhoser Cave,29.25,83.9,Mustang,3.0,8.0,4.0,1.0,6.0,0,0,0,100.0,75.0,85.0,High,100.0
Chhoser Cave Area,29.2,84.0,Mustang,4.0,10.0,4.0,1.0,7.0,1,1,0,90.0,80.0,84.0,High,100.0
Chhoser Cave Camp,29.25,84.0,Mustang,10.0,14.0,6.0,0.0,8.0,0,0,0,100.0,85.0,88.0,High,100.0
Chhoser Cave Village,29.25,84.0,Mustang,10.0,14.0,6.0,0.0,8.0,0,0,0,100.0,85.0,88.0,High,100.0
Chhusang Village,28.95,83.8,Mustang,7.0,10.0,3.0,1.0,8.0,5,5,2,65.0,70.0,72.0,High,100.0
Choser Cave,29.25,83.97,Mustang,2.0,3.0,0.0,0.0,4.0,3,2,1,60.0,30.0,45.0,Medium,100.0
Choser Cave Route,29.26,83.96,Mustang,6.0,10.0,3.0,0.0,7.0,10,10,3,65.0,70.0,72.0,High,100.0
Choser Rural Cave Area,29.25,83.95,Mustang,5.0,8.0,2.0,0.0,7.0,10,8,3,65.0,70.0,72.0,High,100.0
Damodar Himal Route,29.0,84.05,Mustang,9.0,17.0,15.0,1.0,10.0,0,0,0,100.0,100.0,100.0,High,100.0
Damodar Kunda,29.07,83.9,Mustang,5.0,10.0,8.0,2.0,7.0,0,0,0,100.0,90.0,95.0,High,100.0
Dhakmar Rural Area,29.2,83.85,Mustang,9.0,13.0,5.0,0.0,8.0,5,5,2,70.0,75.0,78.0,High,100.0
Dhakmar Trail,29.2,83.85,Mustang,9.0,13.0,5.0,0.0,8.0,5,5,2,70.0,75.0,78.0,High,100.0
Dhakmar Village,29.18,83.95,Mustang,12.0,16.0,10.0,0.0,9.0,0,0,0,100.0,90.0,92.0,High,100.0
Dhampus Mustang,28.6,83.55,Mustang,3.0,7.0,3.0,2.0,5.0,1,1,0,85.0,60.0,70.0,High,100.0
Dhee Village Route,29.12,83.82,Mustang,7.0,12.0,4.0,0.0,8.0,5,5,2,70.0,75.0,78.0,High,100.0
Dheye Village Trail,29.1,83.85,Mustang,10.0,15.0,5.0,0.0,8.0,0,0,0,100.0,85.0,88.0,High,100.0
Dhumba Lake,28.8,83.73,Mustang,3.0,5.0,2.0,2.0,4.0,10,10,3,50.0,45.0,50.0,Medium,100.0
Eklebhatti Mustang,28.85,83.76,Mustang,3.0,7.0,2.0,2.0,5.0,1,1,0,85.0,60.0,70.0,High,100.0
Garphu Rural Route,29.2,83.8,Mustang,12.0,16.0,8.0,0.0,9.0,0,0,0,100.0,90.0,92.0,High,100.0
Ghami Rural Village,29.18,83.9,Mustang,5.0,8.0,2.0,0.0,6.0,20,15,5,50.0,60.0,65.0,High,100.0
Ghami Village,29.18,83.9,Mustang,3.0,8.0,4.0,1.0,6.0,0,1,0,90.0,75.0,81.0,High,100.0
Ghami Village Trail,29.18,83.9,Mustang,5.0,8.0,2.0,0.0,6.0,20,15,5,50.0,60.0,65.0,High,100.0
Hidden Valley Mustang,28.8,83.45,Mustang,9.0,19.0,18.0,1.0,10.0,0,0,0,100.0,100.0,100.0,High,100.0
Jharkot Village,28.82,83.85,Mustang,4.0,6.0,4.0,1.0,5.0,10,10,3,60.0,55.0,60.0,Medium,100.0
Jomsom,28.78,83.72,Mustang,4.0,5.0,3.0,2.0,4.0,3,3,1,60.0,55.0,57.0,Medium,100.0
Jomsom Airport,28.78,83.72,Mustang,5.0,5.0,2.0,10.0,5.0,2,2,0,75.0,70.0,73.0,High,100.0
Jomsom Airport Area,28.78,83.72,Mustang,3.0,4.0,3.0,2.0,4.0,20,20,5,40.0,45.0,45.0,Medium,100.0
Jomsom Airport Trail,28.78,83.72,Mustang,5.0,5.0,0.0,4.0,6.0,20,15,5,45.0,55.0,60.0,Medium,100.0
Jomsom Area,28.78,83.72,Mustang,4.0,6.0,3.0,2.0,7.0,20,15,5,45.0,60.0,65.0,Medium,100.0
Jomsom Bazaar,28.78,83.72,Mustang,3.0,8.0,2.0,3.0,7.0,5,4,1,65.0,70.0,68.0,High,100.0
Jomsom Mustang Trail,28.78,83.72,Mustang,4.0,7.0,2.0,10.0,5.0,2,2,0,75.0,70.0,73.0,High,100.0
Jomsom Rural Valley,28.78,83.73,Mustang,3.0,5.0,0.0,4.0,5.0,40,30,10,25.0,40.0,45.0,Medium,100.0
Jomsom Valley,28.78,83.72,Mustang,4.0,9.0,4.0,2.0,7.0,3,3,1,75.0,80.0,78.0,High,100.0
Jomsom Wind Valley,28.78,83.72,Mustang,5.0,7.0,4.0,2.0,5.0,2,2,0,75.0,65.0,69.0,High,100.0
Kagbeni,28.84,83.78,Mustang,3.0,4.0,2.0,5.0,4.0,1,1,0,90.0,55.0,72.0,High,100.0
Kagbeni Checkpoint,28.84,83.78,Mustang,3.0,7.0,2.0,4.0,6.0,2,2,0,75.0,70.0,73.0,High,100.0
Kagbeni Monastery,28.84,83.78,Mustang,2.0,5.0,1.0,3.0,4.0,2,2,0,70.0,45.0,59.0,Medium,100.0
Kagbeni Muktinath Trail,28.85,83.78,Mustang,8.0,12.0,5.0,2.0,8.0,5,5,2,70.0,75.0,78.0,High,100.0
Kagbeni Mustang,28.84,83.78,Mustang,3.0,7.0,2.0,4.0,6.0,2,2,0,75.0,70.0,73.0,High,100.0
Kagbeni Mustang Trail,28.85,83.78,Mustang,6.0,10.0,5.0,2.0,8.0,5,5,2,70.0,75.0,78.0,High,100.0
Kagbeni River Area,28.84,83.78,Mustang,5.0,2.0,0.0,14.0,4.0,3,3,1,75.0,70.0,73.0,High,100.0
Kagbeni River Camp,28.85,83.78,Mustang,5.0,8.0,4.0,5.0,7.0,10,5,2,65.0,70.0,72.0,High,100.0
Kagbeni River Crossing,28.84,83.77,Mustang,4.0,5.0,0.0,10.0,4.0,1,1,0,85.0,65.0,73.0,High,100.0
Kagbeni Riverside Trail,28.83,83.78,Mustang,5.0,9.0,2.0,3.0,7.0,15,10,3,60.0,70.0,72.0,High,100.0
Kagbeni Rural Route,28.83,83.78,Mustang,5.0,8.0,2.0,2.0,7.0,15,10,3,55.0,65.0,68.0,High,100.0
Kagbeni Rural Trail,28.83,83.78,Mustang,5.0,9.0,2.0,2.0,7.0,15,10,3,55.0,65.0,68.0,High,100.0
Kagbeni Trail,28.83,83.78,Mustang,4.0,5.0,3.0,2.0,5.0,10,10,3,60.0,55.0,60.0,Medium,100.0
Kagbeni Trail Route,28.84,83.78,Mustang,3.0,7.0,2.0,3.0,5.0,2,2,0,75.0,65.0,69.0,High,100.0
Kagbeni Village,28.83,83.78,Mustang,4.0,5.0,3.0,2.0,5.0,10,10,3,60.0,55.0,60.0,Medium,100.0
Kagbeni Village Route,28.83,83.78,Mustang,4.0,7.0,0.0,2.0,6.0,30,25,10,35.0,50.0,55.0,Medium,100.0
Kailash Mountain View Area,29.1,84.0,Mustang,7.0,15.0,10.0,1.0,9.0,0,0,0,100.0,98.0,99.0,High,100.0
Kali Gandaki Gorge,28.7,83.6,Mustang,5.0,10.0,5.0,3.0,6.0,0,1,0,90.0,80.0,86.0,High,100.0
Kali Gandaki River Trail,28.65,83.65,Mustang,5.0,10.0,4.0,4.0,6.0,0,1,0,90.0,80.0,84.0,High,100.0
Kalo Pani,28.65,83.6,Mustang,4.0,8.0,3.0,5.0,7.0,1,1,0,80.0,75.0,78.0,High,100.0
Kalopani Village,28.62,83.65,Mustang,3.0,7.0,1.0,5.0,6.0,5,4,1,70.0,70.0,70.0,High,100.0
Khinga Village,28.85,83.85,Mustang,4.0,6.0,0.0,2.0,6.0,20,15,5,45.0,55.0,60.0,Medium,100.0
Kobang Community Route,28.7,83.65,Mustang,4.0,7.0,0.0,5.0,6.0,20,15,5,50.0,60.0,65.0,High,100.0
Kobang Rural Area,28.7,83.65,Mustang,3.0,5.0,0.0,5.0,5.0,20,15,5,45.0,55.0,60.0,Medium,100.0
Kobang Village,28.72,83.65,Mustang,5.0,7.0,4.0,2.0,5.0,5,5,2,65.0,60.0,65.0,Medium,100.0
Kobang Village Route,28.7,83.65,Mustang,5.0,9.0,2.0,4.0,7.0,15,10,3,60.0,70.0,72.0,High,100.0
Korala Border,29.3,83.95,Mustang,3.0,9.0,6.0,1.0,7.0,0,0,0,100.0,80.0,88.0,High,100.0
Kunjo Village Route,28.65,83.65,Mustang,5.0,8.0,2.0,3.0,6.0,15,10,3,55.0,65.0,68.0,High,100.0
Lete Rural Camp,28.65,83.62,Mustang,7.0,11.0,4.0,5.0,8.0,5,5,2,70.0,75.0,78.0,High,100.0
Lete Rural Route,28.65,83.62,Mustang,7.0,11.0,4.0,5.0,8.0,5,5,2,70.0,75.0,78.0,High,100.0
Lete Rural Trail,28.62,83.65,Mustang,5.0,9.0,2.0,5.0,7.0,15,10,3,60.0,70.0,72.0,High,100.0
Lete Village,28.65,83.62,Mustang,6.0,8.0,5.0,2.0,6.0,5,5,2,70.0,65.0,70.0,High,100.0
Lete Village Mustang,28.65,83.62,Mustang,6.0,8.0,5.0,2.0,6.0,5,5,2,70.0,65.0,70.0,High,100.0
Lo Manthang,29.18,83.95,Mustang,2.0,3.0,2.0,1.0,4.0,0,0,0,100.0,45.0,75.0,High,100.0
Lo Manthang Palace,29.19,83.96,Mustang,3.0,5.0,0.0,0.0,6.0,20,15,5,45.0,55.0,60.0,Medium,100.0
Lo Manthang Route,29.19,83.96,Mustang,15.0,18.0,12.0,0.0,10.0,0,0,0,100.0,95.0,95.0,High,100.0
Lo Manthang Rural Area,29.19,83.95,Mustang,8.0,12.0,4.0,0.0,8.0,5,5,2,70.0,75.0,78.0,High,100.0
Lomanthang,29.18,83.96,Mustang,5.0,7.0,6.0,1.0,5.0,0,0,0,100.0,65.0,72.0,High,100.0
Lomanthang Border Trail,29.2,84.0,Mustang,12.0,16.0,8.0,0.0,9.0,0,0,0,100.0,90.0,92.0,High,100.0
Lomanthang Mustang,29.18,83.95,Mustang,1.0,1.0,0.0,0.0,3.0,5,4,1,40.0,20.0,30.0,Low,100.0
Lomanthang Palace,29.18,83.96,Mustang,1.0,3.0,1.0,1.0,4.0,1,1,0,85.0,40.0,67.0,High,100.0
Lomanthang Rural Field,29.18,83.96,Mustang,4.0,6.0,0.0,0.0,6.0,10,8,3,65.0,70.0,72.0,High,100.0
Lomanthang Rural Village,29.19,83.96,Mustang,4.0,7.0,0.0,0.0,7.0,10,8,3,65.0,70.0,72.0,High,100.0
Lupra Village,28.85,83.75,Mustang,3.0,8.0,3.0,2.0,6.0,1,1,0,85.0,70.0,76.0,High,100.0
Maring Village Trail,28.72,83.7,Mustang,7.0,12.0,4.0,2.0,8.0,5,5,2,70.0,75.0,78.0,High,100.0
Marpha Apple Garden,28.75,83.69,Mustang,2.0,5.0,0.0,3.0,5.0,10,8,2,55.0,55.0,55.0,Medium,100.0
Marpha Apple Village,28.75,83.69,Mustang,2.0,4.0,3.0,1.0,5.0,20,15,5,40.0,45.0,45.0,Medium,100.0
Marpha Rural Orchard,28.75,83.69,Mustang,2.0,4.0,0.0,5.0,4.0,70,60,20,5.0,20.0,25.0,Low,100.0
Marpha Rural Tourism Area,28.75,83.69,Mustang,2.0,4.0,0.0,5.0,4.0,70,60,20,5.0,20.0,25.0,Low,100.0
Marpha Village,28.75,83.69,Mustang,1.0,4.0,1.0,3.0,3.0,2,3,0,65.0,40.0,55.0,Medium,100.0
Marpha Village Trail,28.75,83.69,Mustang,3.0,5.0,0.0,5.0,5.0,30,25,10,35.0,45.0,50.0,Medium,100.0
Muktinath,28.82,83.87,Mustang,3.0,4.0,2.0,1.0,4.0,20,15,5,40.0,45.0,45.0,Medium,100.0
Muktinath Area,28.82,83.87,Mustang,2.0,5.0,0.0,3.0,5.0,8,6,2,50.0,45.0,47.0,Medium,100.0
Muktinath Hiking Route,28.83,83.86,Mustang,4.0,8.0,4.0,2.0,6.0,1,1,0,90.0,75.0,81.0,High,100.0
Muktinath Jomsom Road,28.78,83.72,Mustang,5.0,10.0,5.0,2.0,7.0,10,10,3,65.0,75.0,78.0,High,100.0
Muktinath Mustang,28.817,83.871,Mustang,2.0,5.0,0.0,3.0,5.0,8,6,2,50.0,45.0,47.0,Medium,100.0
Muktinath Pass,28.82,83.87,Mustang,4.0,7.0,5.0,2.0,5.0,1,1,0,85.0,70.0,80.0,High,100.0
Muktinath Pass Route,28.85,83.87,Mustang,5.0,10.0,5.0,2.0,8.0,0,0,0,100.0,90.0,96.0,High,100.0
Muktinath Rural Route,28.82,83.87,Mustang,5.0,8.0,5.0,1.0,5.0,10,10,3,70.0,65.0,68.0,High,100.0
Muktinath Rural Settlement,28.82,83.87,Mustang,6.0,10.0,3.0,1.0,8.0,10,8,3,65.0,70.0,72.0,High,100.0
Muktinath Rural Trail,28.82,83.87,Mustang,6.0,10.0,3.0,1.0,8.0,10,8,3,65.0,70.0,72.0,High,100.0
Muktinath Temple,28.82,83.87,Mustang,4.0,5.0,4.0,1.0,5.0,1,2,0,80.0,60.0,70.0,High,100.0
Muktinath Temple Route,28.82,83.87,Mustang,6.0,8.0,2.0,1.0,7.0,10,10,3,65.0,70.0,72.0,High,100.0
Muktinath Temple Trail,28.82,83.87,Mustang,6.0,10.0,3.0,1.0,8.0,10,8,3,65.0,70.0,72.0,High,100.0
Muktinath Trail,28.817,83.871,Mustang,3.0,6.0,1.0,3.0,5.0,5,4,1,60.0,60.0,60.0,Medium,100.0
Muktinath Trek Route,28.82,83.87,Mustang,5.0,8.0,5.0,1.0,5.0,10,10,3,70.0,65.0,68.0,High,100.0
Muktinath Upper Trail,28.82,83.87,Mustang,8.0,12.0,8.0,0.0,8.0,5,5,2,75.0,80.0,82.0,High,100.0
Muktinath View Ridge,28.82,83.86,Mustang,5.0,8.0,2.0,1.0,7.0,10,10,3,65.0,70.0,72.0,High,100.0
Muktinath Viewpoint,28.82,83.87,Mustang,4.0,10.0,5.0,1.0,8.0,0,0,0,85.0,85.0,85.0,High,100.0
Muktinath Village Route,28.82,83.87,Mustang,6.0,10.0,3.0,1.0,8.0,10,8,3,65.0,70.0,72.0,High,100.0
Muktinath Village Trail,28.82,83.87,Mustang,6.0,10.0,3.0,1.0,8.0,10,8,3,65.0,70.0,72.0,High,100.0
Mustang Border Camp,29.5,83.9,Mustang,19.0,20.0,18.0,0.0,10.0,0,0,0,100.0,100.0,99.0,High,100.0
Mustang Damodar Kunda,29.0,84.1,Mustang,18.0,20.0,15.0,0.0,10.0,0,0,0,100.0,100.0,98.0,High,100.0
Mustang Lo Manthang Rural,29.19,83.95,Mustang,8.0,12.0,4.0,0.0,8.0,5,5,2,70.0,75.0,78.0,High,100.0
Mustang Muktinath Pass,28.8,83.85,Mustang,8.0,12.0,5.0,1.0,8.0,5,5,2,70.0,75.0,78.0,High,100.0
Mustang Yara Valley,29.15,83.9,Mustang,12.0,16.0,8.0,0.0,9.0,0,0,0,100.0,90.0,92.0,High,100.0
Namdo Village Trail,29.15,83.85,Mustang,11.0,16.0,7.0,0.0,9.0,0,0,0,100.0,90.0,92.0,High,100.0
Namgyal Gompa,29.2,83.95,Mustang,4.0,6.0,0.0,0.0,6.0,15,10,3,55.0,60.0,65.0,Medium,100.0
Namgyal Monastery Mustang,29.19,83.95,Mustang,1.0,4.0,2.0,1.0,5.0,0,0,0,100.0,60.0,76.0,High,100.0
Namgyal Rural Village,29.25,83.95,Mustang,8.0,12.0,4.0,0.0,8.0,5,5,2,70.0,75.0,78.0,High,100.0
Namkha Rural Trail,29.22,83.92,Mustang,12.0,16.0,8.0,0.0,9.0,0,0,0,100.0,90.0,92.0,High,100.0
Nile Village Upper Mustang,29.25,83.95,Mustang,14.0,18.0,10.0,0.0,9.0,0,0,0,100.0,95.0,95.0,High,100.0
Nilgiri View Point,28.7,83.7,Mustang,6.0,13.0,8.0,2.0,8.0,0,0,0,95.0,90.0,93.0,High,100.0
Nubra Valley Style Area,29.2,83.85,Mustang,2.0,5.0,0.0,1.0,5.0,0,0,0,100.0,80.0,84.0,High,100.0
Sekong Village Camp,28.9,83.85,Mustang,10.0,15.0,6.0,0.0,8.0,0,0,0,100.0,85.0,88.0,High,100.0
Syang Village,28.9,83.85,Mustang,2.0,4.0,0.0,2.0,5.0,0,0,0,100.0,80.0,84.0,High,100.0
Tachai Village Mustang,29.1,83.9,Mustang,6.0,10.0,3.0,0.0,8.0,5,5,2,70.0,75.0,78.0,High,100.0
Tangbe Village,28.9,83.8,Mustang,8.0,12.0,5.0,0.0,8.0,5,5,2,70.0,75.0,78.0,High,100.0
Tangya Remote Camp,29.35,83.85,Mustang,14.0,17.0,10.0,0.0,9.0,0,0,0,100.0,90.0,92.0,High,100.0
Tangya Rural Route,29.35,83.85,Mustang,14.0,17.0,10.0,0.0,9.0,0,0,0,100.0,90.0,92.0,High,100.0
Tangya Village,29.18,83.85,Mustang,9.0,14.0,5.0,0.0,8.0,0,0,0,100.0,85.0,88.0,High,100.0
Tatopani Mountain Trail,28.5,83.6,Mustang,5.0,9.0,2.0,12.0,7.0,15,10,3,60.0,70.0,72.0,High,100.0
Tatopani Mustang,28.5,83.6,Mustang,3.0,2.0,0.0,14.0,4.0,5,4,1,70.0,70.0,70.0,High,100.0
Tatopani Mustang Route,28.6,83.65,Mustang,4.0,5.0,0.0,10.0,5.0,5,4,1,60.0,65.0,62.0,Medium,100.0
Tatopani Mustang Trail,28.5,83.6,Mustang,4.0,7.0,0.0,12.0,6.0,25,20,5,45.0,60.0,65.0,High,100.0
Tetang Village,29.0,83.85,Mustang,4.0,10.0,5.0,2.0,7.0,0,0,0,100.0,80.0,88.0,High,100.0
Thakali Rural Homestay,28.78,83.72,Mustang,3.0,5.0,0.0,4.0,5.0,40,30,10,25.0,40.0,45.0,Medium,100.0
Thini Village Route,28.78,83.73,Mustang,3.0,5.0,0.0,5.0,5.0,30,25,10,35.0,45.0,50.0,Medium,100.0
Thorong High Camp,28.76,84.35,Mustang,10.0,20.0,20.0,1.0,10.0,0,0,0,100.0,100.0,100.0,High,100.0
Tibetan Border Camp,29.5,83.9,Mustang,17.0,20.0,15.0,0.0,10.0,0,0,0,100.0,100.0,98.0,High,100.0
Tiji Festival Area,29.18,83.96,Mustang,2.0,5.0,2.0,1.0,5.0,0,0,0,100.0,55.0,73.0,High,100.0
Titi Lake,28.78,83.6,Mustang,6.0,10.0,5.0,2.0,6.0,0,0,0,100.0,75.0,78.0,High,100.0
Titi Lake Mustang,28.85,83.65,Mustang,6.0,13.0,7.0,2.0,8.0,0,0,0,95.0,90.0,93.0,High,100.0
Titi Lake Rural Area,28.75,83.7,Mustang,8.0,12.0,3.0,4.0,8.0,5,5,2,70.0,75.0,78.0,High,100.0
Tsarang Village,29.16,83.95,Mustang,3.0,7.0,3.0,1.0,5.0,0,1,0,90.0,65.0,75.0,High,100.0
Tukche Village,28.73,83.69,Mustang,3.0,5.0,0.0,5.0,5.0,40,30,10,25.0,40.0,45.0,Medium,100.0
Tukuche Mountain Route,28.73,83.69,Mustang,4.0,7.0,0.0,4.0,6.0,30,25,10,35.0,50.0,55.0,Medium,100.0
Tukuche Mountain Village,28.73,83.69,Mustang,4.0,7.0,0.0,4.0,6.0,30,25,10,35.0,50.0,55.0,Medium,100.0
Tukuche Pass,28.76,83.7,Mustang,3.0,6.0,2.0,3.0,6.0,2,2,0,70.0,65.0,68.0,High,100.0
Tukuche Rural Settlement,28.73,83.69,Mustang,5.0,9.0,2.0,4.0,7.0,15,10,3,60.0,70.0,72.0,High,100.0
Tukuche Village,28.68,83.65,Mustang,4.0,7.0,4.0,2.0,6.0,5,5,2,65.0,65.0,65.0,Medium,100.0
Tukuche Village Trail,28.73,83.69,Mustang,5.0,8.0,2.0,3.0,6.0,15,10,3,55.0,65.0,68.0,Medium,100.0
Upper Mustang,29.193,83.89,Mustang,0.0,0.0,0.0,0.0,0.0,0,0,0,100.0,0.0,40.0,Medium,100.0
Upper Mustang Chhoser Trail,29.25,84.0,Mustang,10.0,14.0,6.0,0.0,8.0,0,0,0,100.0,85.0,88.0,High,100.0
Upper Mustang Desert Route,29.3,83.9,Mustang,15.0,18.0,12.0,0.0,10.0,0,0,0,100.0,95.0,95.0,High,100.0
Upper Mustang Lo Manthang,29.19,83.96,Mustang,15.0,18.0,12.0,0.0,10.0,0,0,0,100.0,95.0,95.0,High,100.0
Upper Mustang Rural Route,29.193,83.89,Mustang,0.0,0.0,0.0,0.0,0.0,0,0,0,100.0,0.0,40.0,Medium,100.0
Yara Rural Settlement,29.15,83.9,Mustang,10.0,15.0,6.0,0.0,9.0,0,0,0,100.0,85.0,88.0,High,100.0
Yara Valley,29.15,83.85,Mustang,5.0,13.0,7.0,1.0,8.0,0,0,0,100.0,92.0,96.0,High,100.0
Yara Village Camp,29.3,83.9,Mustang,15.0,18.0,12.0,0.0,10.0,0,0,0,100.0,95.0,95.0,High,100.0
Yara Village Mustang,29.15,83.9,Mustang,12.0,16.0,8.0,0.0,9.0,0,0,0,100.0,90.0,92.0,High,100.0
Yara Village Trail,29.3,83.9,Mustang,15.0,18.0,12.0,0.0,10.0,0,0,0,100.0,95.0,95.0,High,100.0
Bans Kharka Trail,28.4,83.6,Myagdi,7.0,10.0,3.0,3.0,7.0,10,10,3,65.0,70.0,72.0,High,100.0
Banskharka Homestay,28.43,83.62,Myagdi,4.0,7.0,0.0,5.0,6.0,20,15,5,50.0,60.0,65.0,High,100.0
Bayli Kharka Camp,28.42,83.65,Myagdi,10.0,15.0,6.0,2.0,8.0,5,5,2,75.0,80.0,82.0,High,100.0
Beni Bazaar,28.34,83.56,Myagdi,1.0,3.0,0.0,5.0,3.0,10,8,2,30.0,30.0,30.0,Low,100.0
Beni Bazaar View,28.35,83.55,Myagdi,2.0,3.0,0.0,8.0,4.0,70,60,20,5.0,25.0,30.0,Low,100.0
Beni Jomsom Road,28.6,83.7,Myagdi,7.0,12.0,3.0,5.0,7.0,1,1,0,90.0,85.0,87.0,High,100.0
Beni Jomsom Trail,28.35,83.65,Myagdi,6.0,10.0,4.0,8.0,7.0,5,5,2,65.0,75.0,78.0,High,100.0
Beni Mangale Route,28.4,83.55,Myagdi,4.0,7.0,0.0,6.0,5.0,25,20,5,45.0,55.0,60.0,Medium,100.0
Beni Mountain Trail,28.35,83.55,Myagdi,3.0,6.0,0.0,15.0,5.0,40,30,10,25.0,45.0,50.0,Medium,100.0
Beni Myagdi Gateway,28.35,83.56,Myagdi,1.0,3.0,0.0,8.0,4.0,15,12,3,35.0,45.0,40.0,Medium,100.0
Beni Rural Hill Trail,28.35,83.55,Myagdi,4.0,8.0,0.0,5.0,6.0,20,15,5,50.0,60.0,65.0,High,100.0
Beni Rural Riverside,28.35,83.55,Myagdi,2.0,4.0,0.0,20.0,4.0,70,60,20,5.0,25.0,30.0,Low,100.0
Beni-Jomsom Highway,28.5,83.65,Myagdi,8.0,12.0,0.0,15.0,5.0,5,4,1,85.0,85.0,85.0,High,100.0
Beni-Jomsom Road,28.5,83.65,Myagdi,8.0,12.0,3.0,10.0,7.0,5,4,1,85.0,85.0,85.0,High,100.0
Beni-Jomsom Route,28.55,83.65,Myagdi,7.0,5.0,2.0,15.0,5.0,3,3,1,80.0,75.0,78.0,High,100.0
Chimkhola Village,28.43,83.52,Myagdi,4.0,8.0,1.0,5.0,6.0,20,15,5,50.0,60.0,65.0,High,100.0
Dana Rural Hot Spring,28.49,83.63,Myagdi,3.0,5.0,0.0,12.0,5.0,25,20,5,40.0,55.0,60.0,Medium,100.0
Dana Village,28.55,83.62,Myagdi,5.0,8.0,3.0,5.0,6.0,15,10,3,50.0,60.0,62.0,Medium,100.0
Dhaulagiri Base Camp,28.7,83.5,Myagdi,20.0,20.0,18.0,0.0,10.0,0,0,0,100.0,100.0,99.0,High,100.0
Dhaulagiri Base Route,28.7,83.5,Myagdi,18.0,20.0,18.0,1.0,10.0,0,0,0,100.0,100.0,98.0,High,100.0
Dhaulagiri Base Rural Route,28.75,83.3,Myagdi,19.0,20.0,20.0,0.0,10.0,0,0,0,100.0,100.0,99.0,High,100.0
Dhaulagiri Circuit,28.75,83.35,Myagdi,20.0,20.0,20.0,0.0,10.0,0,0,0,100.0,100.0,99.0,High,100.0
Dhaulagiri Hidden Valley,28.85,83.25,Myagdi,18.0,20.0,18.0,0.0,10.0,0,0,0,100.0,100.0,99.0,High,100.0
Dhaulagiri Icefall,28.7,83.5,Myagdi,10.0,20.0,20.0,1.0,10.0,0,0,0,100.0,100.0,100.0,High,100.0
Dhaulagiri Rural Camp,28.75,83.3,Myagdi,18.0,20.0,18.0,0.0,10.0,0,0,0,100.0,100.0,99.0,High,100.0
Dhaulagiri Rural Glacier Camp,28.76,83.28,Myagdi,20.0,20.0,20.0,0.0,10.0,0,0,0,100.0,100.0,99.0,High,100.0
Dhaulagiri Trek,28.75,83.45,Myagdi,10.0,20.0,20.0,1.0,10.0,0,0,0,100.0,100.0,100.0,High,100.0
Dhaulagiri View Trail,28.5,83.5,Myagdi,15.0,18.0,12.0,0.0,10.0,0,0,0,100.0,95.0,95.0,High,100.0
Dobato Viewpoint,28.45,83.7,Myagdi,6.0,13.0,7.0,2.0,8.0,0,0,0,95.0,90.0,93.0,High,100.0
French Pass,28.73,83.48,Myagdi,10.0,20.0,20.0,1.0,10.0,0,0,0,100.0,100.0,100.0,High,100.0
French Pass Route,28.72,83.5,Myagdi,10.0,18.0,16.0,1.0,10.0,0,0,0,100.0,100.0,100.0,High,100.0
French Pass Trail,28.75,83.45,Myagdi,18.0,20.0,18.0,0.0,10.0,0,0,0,100.0,100.0,99.0,High,100.0
French Pass Trek,28.8,83.4,Myagdi,10.0,20.0,20.0,1.0,10.0,0,0,0,100.0,100.0,100.0,High,100.0
Galeshwor Dham,28.35,83.56,Myagdi,1.0,2.0,0.0,6.0,4.0,10,8,2,35.0,30.0,32.0,Medium,100.0
Galeshwor Rural Area,28.38,83.55,Myagdi,3.0,5.0,0.0,10.0,5.0,50,40,15,20.0,35.0,40.0,Medium,100.0
Galeshwor Rural Temple,28.35,83.55,Myagdi,2.0,3.0,0.0,8.0,4.0,60,50,20,15.0,35.0,40.0,Medium,100.0
Galeshwor Temple,28.36,83.55,Myagdi,2.0,3.0,0.0,5.0,4.0,30,25,5,20.0,30.0,35.0,Low,100.0
Galeshwor Temple Trail,28.38,83.55,Myagdi,2.0,4.0,0.0,10.0,4.0,70,60,20,5.0,25.0,30.0,Low,100.0
Ghorepani Poon Hill Route,28.4,83.69,Myagdi,3.0,7.0,1.0,3.0,5.0,5,4,1,55.0,60.0,58.0,Medium,100.0
Ghorepani Rural Area,28.4,83.69,Myagdi,5.0,8.0,2.0,4.0,6.0,20,15,5,50.0,60.0,65.0,High,100.0
Ghorepani Rural Settlement,28.4,83.69,Myagdi,7.0,10.0,2.0,4.0,7.0,15,10,3,60.0,70.0,72.0,High,100.0
Ghorepani Village,28.4,83.69,Myagdi,2.0,6.0,2.0,2.0,3.0,2,2,0,75.0,50.0,62.0,High,100.0
Gurja Khani Homestay,28.62,83.35,Myagdi,12.0,16.0,8.0,2.0,9.0,0,0,0,100.0,90.0,92.0,High,100.0
Gurja Khani Village,28.6,83.35,Myagdi,10.0,15.0,8.0,1.0,9.0,0,0,0,100.0,90.0,92.0,High,100.0
Gurja Rural Camp,28.6,83.35,Myagdi,13.0,17.0,10.0,1.0,9.0,0,0,0,100.0,95.0,95.0,High,100.0
Haulagiri Base Camp,28.75,83.45,Myagdi,10.0,20.0,20.0,1.0,10.0,0,0,0,100.0,100.0,100.0,High,100.0
Italian Base Camp,28.73,83.45,Myagdi,9.0,17.0,15.0,1.0,10.0,0,0,0,100.0,100.0,100.0,High,100.0
Italian Camp Glacier Route,28.73,83.37,Myagdi,18.0,20.0,20.0,0.0,10.0,0,0,0,100.0,100.0,99.0,High,100.0
Jaljala Mountain Route,28.35,83.35,Myagdi,9.0,14.0,5.0,4.0,8.0,5,5,2,70.0,80.0,82.0,High,100.0
Kali Gandaki Camp,28.5,83.65,Myagdi,7.0,11.0,3.0,10.0,7.0,10,8,3,65.0,75.0,78.0,High,100.0
Kali Gandaki Gorge Trail,28.55,83.7,Myagdi,8.0,12.0,3.0,10.0,7.0,5,5,2,70.0,80.0,82.0,High,100.0
Kali Gandaki River Camp,28.45,83.65,Myagdi,5.0,2.0,0.0,20.0,3.0,3,2,1,90.0,90.0,90.0,High,100.0
Kali Gandaki River Trail,28.6,83.65,Myagdi,5.0,3.0,0.0,15.0,4.0,3,3,1,75.0,75.0,75.0,High,100.0
Kali Gandaki Rural Camp,28.45,83.65,Myagdi,7.0,11.0,3.0,10.0,7.0,10,8,3,65.0,75.0,78.0,High,100.0
Khayar Lake,28.5,83.85,Myagdi,15.0,18.0,12.0,1.0,9.0,0,0,0,100.0,90.0,92.0,High,100.0
Khayer Lake,28.48,83.63,Myagdi,6.0,13.0,8.0,2.0,8.0,0,0,0,100.0,95.0,98.0,High,100.0
Khayer Lake Trail,28.45,83.7,Myagdi,15.0,18.0,12.0,0.0,10.0,0,0,0,100.0,95.0,95.0,High,100.0
Khibang Village,28.52,83.42,Myagdi,8.0,12.0,5.0,3.0,8.0,5,5,2,70.0,75.0,78.0,High,100.0
Khimkhola Settlement,28.42,83.58,Myagdi,3.0,6.0,0.0,6.0,5.0,25,20,5,40.0,50.0,55.0,Medium,100.0
Khopra Danda,28.45,83.65,Myagdi,3.0,6.0,5.0,1.0,3.0,1,2,0,80.0,65.0,72.0,High,100.0
Khopra Danda Trail,28.43,83.75,Myagdi,6.0,14.0,8.0,2.0,9.0,0,0,0,100.0,95.0,98.0,High,100.0
Khopra Danda Trek,28.46,83.63,Myagdi,5.0,13.0,8.0,2.0,8.0,0,1,0,95.0,90.0,93.0,High,100.0
Khopra Ridge,28.43,83.74,Myagdi,7.0,12.0,8.0,2.0,6.0,0,0,0,90.0,78.0,82.0,High,100.0
Khopra Ridge Trail,28.48,83.65,Myagdi,12.0,16.0,8.0,2.0,9.0,0,0,0,100.0,90.0,92.0,High,100.0
Khopra Rural Ridge,28.45,83.62,Myagdi,10.0,15.0,5.0,2.0,8.0,5,5,2,70.0,80.0,82.0,High,100.0
Kokhe Danda,28.42,83.55,Myagdi,9.0,14.0,5.0,2.0,8.0,0,0,0,100.0,85.0,88.0,High,100.0
Kopra Danda,28.46,83.63,Myagdi,4.0,10.0,5.0,2.0,7.0,0,0,0,100.0,85.0,91.0,High,100.0
Kopra Ridge,28.42,83.7,Myagdi,7.0,15.0,10.0,2.0,9.0,0,0,0,100.0,95.0,98.0,High,100.0
Kuhu Village Route,28.35,83.5,Myagdi,5.0,9.0,2.0,4.0,7.0,15,10,3,60.0,65.0,68.0,High,100.0
Kuna Rural Viewpoint,28.55,83.4,Myagdi,4.0,7.0,0.0,4.0,6.0,20,15,5,45.0,55.0,60.0,Medium,100.0
Kuwa Village Homestay,28.5,83.45,Myagdi,5.0,9.0,2.0,5.0,7.0,10,8,3,65.0,70.0,72.0,High,100.0
Lulang Village Trail,28.6,83.5,Myagdi,7.0,12.0,3.0,4.0,8.0,5,5,2,70.0,75.0,78.0,High,100.0
Mohare Danda,28.43,83.6,Myagdi,3.0,8.0,3.0,2.0,5.0,0,1,0,90.0,65.0,75.0,High,100.0
Mohare Danda Route,28.45,83.6,Myagdi,8.0,12.0,4.0,3.0,8.0,5,5,2,70.0,75.0,78.0,High,100.0
Mohare Danda Trail,28.45,83.6,Myagdi,8.0,12.0,5.0,3.0,8.0,5,5,2,70.0,75.0,78.0,High,100.0
Mudi Village,28.6,83.5,Myagdi,8.0,12.0,6.0,3.0,7.0,0,0,0,90.0,80.0,82.0,High,100.0
Mudi Village Trail,28.62,83.4,Myagdi,8.0,13.0,4.0,3.0,8.0,5,5,2,70.0,80.0,82.0,High,100.0
Muldai View Point,28.5,83.75,Myagdi,4.0,8.0,4.0,2.0,5.0,5,3,1,65.0,60.0,65.0,Medium,100.0
Muldai Viewpoint,28.43,83.65,Myagdi,5.0,12.0,6.0,2.0,8.0,0,1,0,95.0,90.0,93.0,High,100.0
Muna Village Trail,28.47,83.45,Myagdi,6.0,11.0,3.0,3.0,7.0,10,8,3,65.0,70.0,72.0,High,100.0
Muri Rural Village,28.5,83.4,Myagdi,6.0,10.0,3.0,5.0,7.0,15,10,3,60.0,70.0,72.0,High,100.0
Myagdi Dhaulagiri Route,28.7,83.5,Myagdi,10.0,20.0,20.0,1.0,10.0,0,0,0,100.0,100.0,100.0,High,100.0
Myagdi Ghorepani Route,28.4,83.69,Myagdi,5.0,8.0,2.0,5.0,6.0,20,15,5,50.0,65.0,68.0,High,100.0
Myagdi Hot Spring,28.49,83.65,Myagdi,3.0,2.0,0.0,12.0,4.0,8,6,2,55.0,65.0,60.0,Medium,100.0
Myagdi Tatopani,28.53,83.67,Myagdi,2.0,6.0,1.0,7.0,5.0,5,4,1,60.0,60.0,60.0,Medium,100.0
Nagi Rural Village,28.35,84.25,Myagdi,5.0,9.0,2.0,5.0,7.0,20,15,5,50.0,65.0,68.0,High,100.0
Nangi Community Forest,28.46,83.55,Myagdi,6.0,10.0,2.0,3.0,7.0,10,8,3,65.0,70.0,72.0,High,100.0
Nangi Rural Village,28.45,83.55,Myagdi,6.0,10.0,3.0,4.0,7.0,10,8,3,65.0,70.0,72.0,High,100.0
Nangi Village Trail,28.42,83.5,Myagdi,7.0,11.0,3.0,6.0,7.0,10,8,3,65.0,70.0,72.0,High,100.0
Narchyang Village,28.56,83.65,Myagdi,10.0,15.0,8.0,2.0,7.0,0,0,0,90.0,85.0,85.0,High,100.0
Narchyang Village Trail,28.56,83.65,Myagdi,8.0,12.0,4.0,5.0,8.0,5,5,2,70.0,75.0,78.0,High,100.0
Paudwar Village Trail,28.48,83.65,Myagdi,7.0,12.0,3.0,4.0,8.0,5,5,2,70.0,75.0,78.0,High,100.0
Poon Hill,28.4,83.69,Myagdi,0.0,0.0,0.0,0.0,0.0,0,0,0,100.0,0.0,40.0,Medium,100.0
Poon Hill Route,28.4,83.69,Myagdi,8.0,12.0,5.0,2.0,7.0,5,5,2,70.0,75.0,78.0,High,100.0
Poon Hill Rural Route,28.4,83.69,Myagdi,4.0,7.0,0.0,4.0,6.0,30,25,10,35.0,50.0,55.0,Medium,100.0
Poon Hill Rural Viewpoint,28.4,83.69,Myagdi,0.0,0.0,0.0,0.0,0.0,0,0,0,100.0,0.0,40.0,Medium,100.0
Poon Hill Sunrise,28.4,83.69,Myagdi,3.0,5.0,2.0,2.0,4.0,10,8,3,45.0,40.0,48.0,Medium,100.0
Poon Hill Sunrise Point,28.4,83.69,Myagdi,4.0,8.0,4.0,2.0,5.0,1,1,0,85.0,70.0,76.0,High,100.0
Poon Hill Sunrise Trail,28.4,83.69,Myagdi,6.0,8.0,2.0,3.0,6.0,20,15,5,45.0,55.0,60.0,Medium,100.0
Poon Hill View Trail,28.4,83.69,Myagdi,4.0,7.0,0.0,4.0,6.0,30,25,10,35.0,50.0,55.0,Medium,100.0
Rakhubang Village,28.4,83.6,Myagdi,5.0,9.0,2.0,5.0,6.0,15,10,3,60.0,65.0,68.0,High,100.0
Rima Village Route,28.45,83.5,Myagdi,7.0,12.0,3.0,4.0,8.0,5,5,2,70.0,75.0,78.0,High,100.0
Rupse Waterfall,28.55,83.65,Myagdi,3.0,6.0,0.0,8.0,5.0,25,20,5,40.0,55.0,60.0,Medium,100.0
Rupse Waterfall Trail,28.55,83.65,Myagdi,3.0,5.0,0.0,10.0,4.0,40,30,10,25.0,45.0,50.0,Medium,100.0
Sikha Village,28.52,83.65,Myagdi,4.0,7.0,2.0,5.0,5.0,10,10,3,55.0,55.0,60.0,Medium,100.0
Sikha Village Homestay,28.5,83.65,Myagdi,4.0,8.0,0.0,5.0,6.0,20,15,5,45.0,55.0,60.0,Medium,100.0
Sikha Village Route,28.52,83.6,Myagdi,5.0,9.0,2.0,12.0,7.0,15,10,3,60.0,70.0,72.0,High,100.0
Swanta Village,28.45,83.65,Myagdi,5.0,8.0,0.0,4.0,6.0,20,15,5,45.0,55.0,60.0,Medium,100.0
Takura Village Trail,28.35,83.55,Myagdi,4.0,7.0,0.0,8.0,6.0,20,15,5,45.0,60.0,65.0,High,100.0
Tatopani Hot Spring,28.5,83.6,Myagdi,5.0,7.0,2.0,10.0,5.0,20,15,5,45.0,55.0,55.0,Medium,100.0
Tatopani Myagdi,28.54,83.67,Myagdi,3.0,8.0,0.0,7.0,4.0,2,2,0,70.0,60.0,66.0,High,100.0
Tatopani Myagdi Hot Spring,28.48,83.65,Myagdi,3.0,5.0,0.0,12.0,4.0,40,30,10,25.0,45.0,50.0,Medium,100.0
Tatopani Myagdi Route,28.53,83.67,Myagdi,3.0,8.0,1.0,7.0,5.0,5,4,1,65.0,70.0,68.0,High,100.0
Tatopani Myagdi Trail,28.5,83.6,Myagdi,4.0,8.0,0.0,15.0,6.0,30,25,10,40.0,55.0,60.0,Medium,100.0
Tatopani Natural Hot Spring,28.54,83.67,Myagdi,2.0,6.0,0.0,7.0,4.0,3,3,1,60.0,55.0,57.0,Medium,100.0
Tatopani Natural Spring,28.48,83.65,Myagdi,3.0,4.0,0.0,12.0,4.0,40,30,10,25.0,45.0,50.0,Medium,100.0
Tatopani Rural Spring,28.5,83.6,Myagdi,4.0,8.0,0.0,15.0,6.0,30,25,10,40.0,55.0,60.0,Medium,100.0
Yak Kharka Dhaulagiri,28.78,83.32,Myagdi,15.0,18.0,12.0,0.0,10.0,0,0,0,100.0,95.0,95.0,High,100.0
Devchuli Hill Route,27.7,84.0,Nawalparasi,4.0,6.0,0.0,8.0,5.0,40,30,10,25.0,40.0,45.0,Medium,100.0
Nawalparasi Devchuli Trail,27.7,84.0,Nawalparasi,4.0,6.0,0.0,8.0,5.0,40,30,10,25.0,40.0,45.0,Medium,100.0
Nawalparasi Rural Forest Trail,27.7,83.8,Nawalparasi,3.0,3.0,0.0,18.0,3.0,70,60,25,5.0,25.0,30.0,Low,100.0
Triveni Dham,27.55,83.9,Nawalparasi,1.0,1.0,0.0,12.0,3.0,30,25,10,15.0,40.0,42.0,Medium,100.0
Triveni Riverside,27.55,83.9,Nawalparasi,1.0,1.0,0.0,12.0,3.0,30,25,10,15.0,40.0,42.0,Medium,100.0
Boudikali Temple,27.6,84.0,Nawalpur,1.0,1.0,0.0,8.0,2.0,12,10,3,30.0,30.0,30.0,Low,100.0
Devchuli Hill,27.7,84.0,Nawalpur,2.0,4.0,0.0,6.0,4.0,30,25,10,20.0,35.0,40.0,Medium,100.0
Devchuli Hill Trail,27.7,84.0,Nawalpur,2.0,4.0,0.0,6.0,4.0,30,25,10,20.0,35.0,40.0,Medium,100.0
Devchuli Mountain,27.7,84.0,Nawalpur,4.0,7.0,0.0,5.0,5.0,20,15,5,40.0,50.0,55.0,Medium,100.0
Gaindakot Area,27.72,84.43,Nawalpur,1.0,0.0,0.0,8.0,2.0,20,15,5,20.0,25.0,22.0,Low,100.0
Gaindakot Kalika Temple,27.72,84.43,Nawalpur,1.0,1.0,0.0,8.0,2.0,20,15,5,20.0,25.0,22.0,Low,100.0
Kawasoiti Rural Area,27.65,84.0,Nawalpur,2.0,3.0,0.0,15.0,3.0,70,60,20,5.0,20.0,25.0,Low,100.0
Maula Kalika Hill,27.7,84.42,Nawalpur,2.0,3.0,0.0,4.0,3.0,8,6,1,40.0,35.0,37.0,Medium,100.0
Maula Kalika Temple,27.68,84.43,Nawalpur,1.0,1.0,0.0,5.0,3.0,10,8,2,30.0,25.0,28.0,Low,100.0
Maula Kalika Trail,27.7,84.42,Nawalpur,1.0,2.0,0.0,5.0,4.0,50,40,10,10.0,25.0,30.0,Low,100.0
Nawalparasi Forest Route,27.6,83.8,Nawalpur,3.0,1.0,0.0,12.0,3.0,40,30,10,20.0,40.0,42.0,Medium,100.0
Nawalpur Community Forest,27.6,84.0,Nawalpur,3.0,1.0,0.0,12.0,3.0,40,30,10,20.0,40.0,42.0,Medium,100.0
Nawalpur Devchuli Trail,27.7,84.1,Nawalpur,5.0,8.0,0.0,12.0,6.0,30,25,10,40.0,55.0,60.0,Medium,100.0
Nawalpur Hill Route,27.7,84.0,Nawalpur,2.0,4.0,0.0,8.0,4.0,40,30,10,20.0,35.0,40.0,Medium,100.0
Shashwat Dham,27.68,84.43,Nawalpur,0.0,0.0,0.0,3.0,2.0,15,12,4,15.0,10.0,13.0,Low,100.0
Triveni Dham,27.45,83.9,Nawalpur,1.0,0.0,0.0,10.0,2.0,15,12,3,30.0,35.0,32.0,Low,100.0
Bidur Bazaar,27.9,85.15,Nuwakot,1.0,3.0,0.0,5.0,4.0,12,10,3,25.0,35.0,30.0,Low,100.0
Bidur Heritage Area,27.92,85.16,Nuwakot,1.0,3.0,0.0,8.0,5.0,50,40,15,15.0,35.0,38.0,Medium,100.0
Bidur Heritage Trail,27.92,85.16,Nuwakot,2.0,4.0,0.0,5.0,5.0,50,40,15,15.0,30.0,35.0,Low,100.0
Bidur Rural Heritage Route,27.92,85.17,Nuwakot,3.0,5.0,0.0,10.0,4.0,70,60,20,5.0,25.0,30.0,Low,100.0
Chisapani Nagarkot Route,27.85,85.45,Nuwakot,4.0,7.0,0.0,3.0,5.0,20,15,5,40.0,50.0,55.0,Medium,100.0
Devighat,27.85,85.1,Nuwakot,2.0,1.0,0.0,12.0,3.0,15,10,3,55.0,60.0,58.0,Medium,100.0
Devighat Area,27.87,85.15,Nuwakot,2.0,2.0,0.0,12.0,4.0,50,40,15,15.0,40.0,42.0,Medium,100.0
Dupcheshwar Rural Camp,27.9,85.3,Nuwakot,6.0,10.0,3.0,5.0,7.0,10,8,3,65.0,70.0,72.0,High,100.0
Dupcheshwar Village Route,27.9,85.3,Nuwakot,5.0,9.0,2.0,6.0,7.0,20,15,5,50.0,65.0,68.0,High,100.0
Dupcheshwor Rural,27.92,85.35,Nuwakot,4.0,7.0,0.0,4.0,6.0,20,15,5,35.0,45.0,50.0,Medium,100.0
Dupcheshwor Temple,27.95,85.25,Nuwakot,2.0,5.0,0.0,3.0,5.0,5,5,1,50.0,45.0,47.0,Medium,100.0
Ghyangfedi Rural Trail,27.95,85.35,Nuwakot,6.0,10.0,3.0,5.0,7.0,15,10,3,60.0,70.0,72.0,High,100.0
Kakani Forest Trail,27.82,85.25,Nuwakot,2.0,4.0,0.0,3.0,4.0,60,50,15,10.0,25.0,30.0,Low,100.0
Kakani Hiking Trail,27.8,85.25,Nuwakot,3.0,6.0,0.0,3.0,5.0,8,6,2,60.0,55.0,58.0,Medium,100.0
Kakani Hill,27.82,85.25,Nuwakot,2.0,5.0,0.0,3.0,4.0,5,4,1,55.0,45.0,49.0,Medium,100.0
Kakani Mountain Trail,27.8,85.28,Nuwakot,2.0,4.0,0.0,3.0,4.0,70,60,20,5.0,20.0,25.0,Low,100.0
Kakani Nuwakot,27.8,85.26,Nuwakot,2.0,5.0,0.0,3.0,5.0,10,8,2,50.0,45.0,47.0,Medium,100.0
Kakani Picnic Area,27.8,85.26,Nuwakot,1.0,2.0,0.0,3.0,3.0,15,12,3,20.0,20.0,20.0,Low,100.0
Kakani Strawberry Area,27.82,85.25,Nuwakot,1.0,2.0,0.0,4.0,3.0,60,50,15,10.0,20.0,25.0,Low,100.0
Kakani View Point,27.8,85.28,Nuwakot,2.0,5.0,0.0,3.0,5.0,50,35,10,15.0,35.0,40.0,Low,100.0
Kakani View Tower,27.82,85.25,Nuwakot,2.0,5.0,0.0,3.0,4.0,6,5,1,50.0,40.0,44.0,Medium,100.0
Kakani Viewpoint,27.82,85.25,Nuwakot,1.0,3.0,0.0,2.0,4.0,8,5,1,35.0,35.0,35.0,Medium,100.0
Nuwakot Durbar,27.91,85.16,Nuwakot,1.0,2.0,0.0,2.0,7.0,5,5,2,40.0,30.0,34.0,Medium,100.0
Nuwakot Durbar Area,27.92,85.16,Nuwakot,1.0,3.0,0.0,5.0,5.0,60,50,20,5.0,20.0,25.0,Low,100.0
Nuwakot Durbar Square,27.91,85.16,Nuwakot,1.0,2.0,0.0,3.0,5.0,10,8,2,30.0,30.0,30.0,Low,100.0
Nuwakot Kakani Rural Trail,27.8,85.25,Nuwakot,2.0,4.0,0.0,5.0,4.0,60,50,20,10.0,25.0,30.0,Low,100.0
Nuwakot Kakani Trail,27.8,85.28,Nuwakot,2.0,5.0,0.0,3.0,5.0,50,35,10,15.0,35.0,40.0,Low,100.0
Nuwakot Kakani View Route,27.8,85.28,Nuwakot,2.0,4.0,0.0,3.0,4.0,70,60,20,5.0,20.0,25.0,Low,100.0
Nuwakot Palace,27.91,85.16,Nuwakot,1.0,3.0,0.0,5.0,6.0,30,25,8,25.0,35.0,30.0,Low,100.0
Nuwakot Samari Village,27.9,85.25,Nuwakot,3.0,5.0,0.0,6.0,5.0,40,30,10,25.0,45.0,50.0,Medium,100.0
Nuwakot Seven Storey Palace,27.92,85.16,Nuwakot,2.0,3.0,0.0,4.0,7.0,20,15,5,30.0,40.0,35.0,Low,100.0
Nuwakot Trishuli,28.0,85.2,Nuwakot,7.0,1.0,0.0,18.0,4.0,3,3,1,90.0,75.0,84.0,High,100.0
Shivapuri Ridge Camp,27.85,85.4,Nuwakot,4.0,7.0,0.0,4.0,5.0,40,30,10,25.0,45.0,50.0,Medium,100.0
Suryachaur Rural Route,27.82,85.27,Nuwakot,3.0,5.0,0.0,6.0,5.0,50,40,15,20.0,35.0,40.0,Medium,100.0
Suryachaur Village Route,27.82,85.27,Nuwakot,3.0,5.0,0.0,6.0,5.0,50,40,15,20.0,35.0,40.0,Medium,100.0
Tadi Rural Hills,27.85,85.2,Nuwakot,3.0,5.0,0.0,5.0,5.0,25,20,5,25.0,40.0,45.0,Medium,100.0
Trishuli Bazaar,27.92,85.17,Nuwakot,3.0,2.0,0.0,15.0,4.0,15,10,3,60.0,70.0,65.0,High,100.0
Trishuli Beach Camp,27.95,85.17,Nuwakot,5.0,2.0,0.0,20.0,4.0,25,20,5,45.0,65.0,70.0,High,100.0
Trishuli River,27.95,85.16,Nuwakot,6.0,1.0,0.0,18.0,3.0,5,4,1,80.0,75.0,78.0,High,100.0
Trishuli River Adventure,28.0,85.2,Nuwakot,7.0,1.0,0.0,18.0,4.0,3,3,1,90.0,75.0,84.0,High,100.0
Trishuli River Camp,27.9,85.17,Nuwakot,5.0,2.0,0.0,15.0,5.0,30,25,10,35.0,55.0,60.0,Medium,100.0
Trishuli River Nuwakot,28.0,85.2,Nuwakot,7.0,1.0,0.0,18.0,4.0,3,3,1,90.0,75.0,84.0,High,100.0
Trishuli River Rafting,27.92,85.15,Nuwakot,6.0,2.0,0.0,10.0,3.0,4,3,1,45.0,60.0,51.0,Medium,100.0
Trishuli Riverside Trail,27.9,85.15,Nuwakot,5.0,8.0,0.0,15.0,6.0,30,25,10,35.0,50.0,55.0,Medium,100.0
Khiji Demba,27.4,86.5,Okhaldhunga,7.0,12.0,5.0,3.0,7.0,5,5,2,70.0,75.0,78.0,High,100.0
Likhu River Area,27.4,86.4,Okhaldhunga,5.0,2.0,0.0,14.0,3.0,4,3,1,75.0,70.0,73.0,High,100.0
Likhu Valley,27.3,86.4,Okhaldhunga,6.0,10.0,2.0,4.0,7.0,5,5,2,65.0,70.0,72.0,High,100.0
Okhaldhunga Bazaar,27.32,86.5,Okhaldhunga,1.0,4.0,0.0,3.0,4.0,5,5,1,45.0,35.0,39.0,Medium,100.0
Okhaldhunga Halesi Route,27.3,86.5,Okhaldhunga,5.0,8.0,0.0,5.0,6.0,20,20,5,40.0,55.0,60.0,Medium,100.0
Okhaldhunga Pikey Route,27.65,86.62,Okhaldhunga,12.0,16.0,8.0,2.0,9.0,0,0,0,100.0,90.0,92.0,High,100.0
Okhaldhunga Siddhicharan,27.32,86.5,Okhaldhunga,1.0,4.0,0.0,4.0,5.0,10,8,2,45.0,40.0,42.0,Medium,100.0
Okhaldhunga Siddhicharan Park,27.32,86.5,Okhaldhunga,1.0,3.0,0.0,3.0,4.0,8,6,2,35.0,30.0,32.0,Medium,100.0
Okhaldhunga Trail,27.32,86.5,Okhaldhunga,1.0,4.0,0.0,4.0,5.0,10,8,2,45.0,40.0,42.0,Medium,100.0
Okhaldhunga View,27.32,86.5,Okhaldhunga,1.0,4.0,0.0,4.0,5.0,10,8,2,45.0,40.0,42.0,Medium,100.0
Pike Peak Okhaldhunga,27.6,86.6,Okhaldhunga,7.0,15.0,10.0,2.0,9.0,0,0,0,100.0,95.0,98.0,High,100.0
Pikey Peak,27.65,86.62,Okhaldhunga,12.0,16.0,8.0,2.0,9.0,0,0,0,100.0,90.0,92.0,High,100.0
Tholedemba Hill,27.25,86.6,Okhaldhunga,4.0,10.0,3.0,3.0,7.0,1,1,0,90.0,80.0,84.0,High,100.0
Tholodunga,27.42,86.6,Okhaldhunga,3.0,8.0,3.0,2.0,6.0,0,1,0,90.0,70.0,78.0,High,100.0
Argali Trail,27.85,83.6,Palpa,3.0,6.0,0.0,4.0,5.0,30,25,10,30.0,45.0,50.0,Medium,100.0
Argali Village,27.85,83.6,Palpa,2.0,4.0,0.0,4.0,4.0,30,25,10,15.0,30.0,35.0,Low,100.0
Bhagwati Temple Palpa,27.86,83.54,Palpa,1.0,2.0,0.0,2.0,3.0,10,8,2,30.0,25.0,27.0,Low,100.0
Bhairabsthan Temple,27.85,83.52,Palpa,1.0,3.0,0.0,2.0,4.0,8,6,2,35.0,30.0,32.0,Medium,100.0
Deurali Hill Palpa,27.95,83.52,Palpa,3.0,6.0,1.0,3.0,6.0,5,4,1,60.0,60.0,60.0,Medium,100.0
Kali Gandaki Corridor,27.9,83.5,Palpa,4.0,8.0,0.0,10.0,5.0,20,15,5,40.0,60.0,62.0,Medium,100.0
Kali Gandaki River Route,27.9,83.6,Palpa,4.0,2.0,0.0,15.0,4.0,3,3,1,75.0,70.0,73.0,High,100.0
Kali Gandaki Riverside,27.95,83.55,Palpa,3.0,3.0,0.0,10.0,3.0,6,5,1,55.0,55.0,55.0,Medium,100.0
Kali Gandaki Riverside Camp,27.95,83.6,Palpa,5.0,7.0,0.0,15.0,5.0,30,25,10,35.0,45.0,50.0,Medium,100.0
Palpa Bhairavsthan,27.9,83.5,Palpa,2.0,4.0,0.0,3.0,5.0,8,6,2,45.0,40.0,42.0,Medium,100.0
Palpa Rani Mahal,27.85,83.54,Palpa,2.0,4.0,0.0,10.0,4.0,8,6,2,50.0,55.0,52.0,Medium,100.0
Palpa Ranighat,27.85,83.54,Palpa,2.0,3.0,0.0,8.0,4.0,12,10,3,45.0,45.0,45.0,Medium,100.0
Palpa Ranighat Trail,27.87,83.5,Palpa,3.0,5.0,0.0,8.0,5.0,50,40,15,20.0,35.0,40.0,Medium,100.0
Palpa Ranimahal Rural Trail,27.9,83.5,Palpa,2.0,3.0,0.0,8.0,4.0,60,50,20,10.0,25.0,30.0,Low,100.0
Palpa Shreenagar Hill,27.87,83.55,Palpa,1.0,2.0,0.0,2.0,4.0,7,5,1,40.0,30.0,34.0,Medium,100.0
Palpa Siddha Baba Trail,27.85,83.5,Palpa,5.0,8.0,0.0,8.0,6.0,30,25,10,35.0,50.0,55.0,Medium,100.0
Palpa Srinagar View,27.87,83.54,Palpa,1.0,3.0,0.0,2.0,4.0,8,6,2,35.0,30.0,32.0,Medium,100.0
Rani Mahal,27.85,83.55,Palpa,2.0,3.0,0.0,5.0,4.0,5,5,1,45.0,35.0,42.0,Medium,100.0
Rani Mahal Palace,27.85,83.55,Palpa,2.0,3.0,0.0,4.0,4.0,5,5,1,45.0,40.0,43.0,Medium,100.0
Rani Mahal Palpa,27.85,83.54,Palpa,2.0,2.0,0.0,12.0,3.0,10,8,2,60.0,60.0,60.0,Medium,100.0
Rani Mahal River Side,27.85,83.54,Palpa,2.0,4.0,0.0,10.0,4.0,8,6,2,50.0,55.0,52.0,Medium,100.0
Rani Mahal Rural Trail,27.85,83.53,Palpa,3.0,4.0,0.0,10.0,4.0,60,50,20,10.0,30.0,35.0,Low,100.0
Ranighat Palace,27.85,83.54,Palpa,2.0,4.0,0.0,5.0,4.0,4,4,1,55.0,45.0,49.0,Medium,100.0
Ranighat Rural Trail,27.87,83.5,Palpa,3.0,5.0,0.0,8.0,5.0,50,40,15,20.0,35.0,40.0,Medium,100.0
Satyawati Lake Route,27.9,83.4,Palpa,4.0,6.0,0.0,7.0,5.0,40,30,10,25.0,40.0,45.0,Medium,100.0
Satyawati Rural Route,27.95,83.45,Palpa,4.0,6.0,0.0,7.0,5.0,40,30,10,25.0,40.0,45.0,Medium,100.0
Srinagar Hill,27.87,83.54,Palpa,2.0,5.0,0.0,3.0,5.0,12,10,3,45.0,45.0,45.0,Medium,100.0
Srinagar Hill Palpa,27.85,83.55,Palpa,3.0,5.0,0.0,4.0,5.0,40,30,10,25.0,35.0,40.0,Medium,100.0
Srinagar Hill Rural View,27.88,83.55,Palpa,2.0,3.0,0.0,5.0,3.0,80,70,25,5.0,15.0,20.0,Low,100.0
Tansen City Walk,27.87,83.55,Palpa,1.0,2.0,0.0,3.0,4.0,20,15,5,20.0,25.0,22.0,Low,100.0
Tansen Durbar,27.867,83.546,Palpa,1.0,2.0,0.0,3.0,5.0,10,8,2,25.0,30.0,28.0,Low,100.0
Tansen Durbar Square,27.87,83.54,Palpa,1.0,1.0,0.0,2.0,5.0,20,15,5,15.0,15.0,15.0,Low,100.0
Tansen Old Town,27.87,83.54,Palpa,1.0,2.0,0.0,3.0,5.0,60,50,15,5.0,20.0,25.0,Low,100.0
Tansen Palpa,27.87,83.55,Palpa,1.0,3.0,0.0,4.0,5.0,15,12,3,30.0,35.0,32.0,Low,100.0
Tansen Palpa Heritage,27.87,83.54,Palpa,1.0,3.0,0.0,5.0,4.0,70,60,20,5.0,20.0,25.0,Low,100.0
Tansen Rural Heritage,27.87,83.55,Palpa,2.0,4.0,0.0,6.0,4.0,70,60,20,5.0,20.0,25.0,Low,100.0
Tansen Rural Heritage Route,27.87,83.55,Palpa,2.0,4.0,0.0,6.0,4.0,70,60,20,5.0,20.0,25.0,Low,100.0
Tansen Rural Mountain Trail,27.87,83.55,Palpa,2.0,4.0,0.0,6.0,4.0,70,60,20,5.0,20.0,25.0,Low,100.0
Tansen Rural Trail,27.87,83.54,Palpa,2.0,3.0,0.0,4.0,4.0,50,40,10,10.0,25.0,30.0,Low,100.0
Tansen Srinagar,27.87,83.55,Palpa,1.0,3.0,0.0,3.0,4.0,12,10,3,30.0,30.0,30.0,Low,100.0
Tansen Srinagar Hill,27.87,83.54,Palpa,1.0,2.0,0.0,3.0,3.0,50,40,15,5.0,20.0,25.0,Low,100.0
Tansen Srinagar View,27.87,83.54,Palpa,1.0,2.0,0.0,3.0,3.0,60,50,15,5.0,20.0,25.0,Low,100.0
Tansen View Point,27.87,83.55,Palpa,1.0,3.0,0.0,2.0,5.0,12,10,3,30.0,25.0,27.0,Low,100.0
Khoranga View Area,27.25,87.7,Panchthar,3.0,7.0,1.0,3.0,5.0,3,3,1,65.0,60.0,62.0,Medium,100.0
Limbu Cultural Trail,27.1,87.7,Panchthar,4.0,7.0,0.0,4.0,5.0,20,15,5,45.0,55.0,60.0,Medium,100.0
Panchthar Highlands,27.15,87.85,Panchthar,3.0,7.0,1.0,3.0,5.0,3,3,1,65.0,60.0,62.0,Medium,100.0
Panchthar Pathibhara Route,27.15,87.85,Panchthar,4.0,10.0,3.0,3.0,7.0,1,1,0,90.0,85.0,87.0,High,100.0
Panchthar Phidim,27.15,87.75,Panchthar,2.0,5.0,0.0,5.0,5.0,35,25,10,20.0,35.0,40.0,Medium,100.0
Panchthar Phidim Rural Route,27.145,87.76,Panchthar,3.0,6.0,0.0,5.0,5.0,30,25,10,35.0,45.0,50.0,Medium,100.0
Panchthar Silauti Pokhari,27.15,87.65,Panchthar,5.0,8.0,0.0,3.0,6.0,15,10,3,55.0,60.0,65.0,Medium,100.0
Panchthar Silautibazar,27.15,87.85,Panchthar,2.0,5.0,0.0,4.0,5.0,8,6,2,50.0,45.0,47.0,Medium,100.0
Panchthar Timbu Village,27.15,87.85,Panchthar,5.0,8.0,2.0,5.0,6.0,20,15,5,50.0,65.0,68.0,High,100.0
Panchthar View Tower,27.15,87.85,Panchthar,1.0,3.0,0.0,2.0,4.0,8,6,2,35.0,25.0,29.0,Low,100.0
Phalelung Rural Area,27.2,87.8,Panchthar,9.0,13.0,5.0,3.0,8.0,5,5,2,70.0,80.0,82.0,High,100.0
Phidim Bazaar,27.15,87.81,Panchthar,1.0,3.0,0.0,3.0,3.0,10,8,2,30.0,30.0,30.0,Low,100.0
Phidim View Point,27.15,87.75,Panchthar,2.0,5.0,0.0,4.0,5.0,30,25,10,30.0,40.0,45.0,Medium,100.0
Phidim View Tower,27.15,87.81,Panchthar,1.0,3.0,0.0,2.0,4.0,10,8,2,30.0,25.0,27.0,Low,100.0
Siddha Devi Temple Trail,27.2,87.8,Panchthar,3.0,5.0,0.0,5.0,5.0,40,30,10,25.0,40.0,45.0,Medium,100.0
Sidingwa Village Route,27.25,87.75,Panchthar,6.0,10.0,3.0,4.0,7.0,10,8,3,65.0,70.0,72.0,High,100.0
Silauti Pokhari,27.15,87.85,Panchthar,5.0,10.0,3.0,4.0,7.0,2,1,0,85.0,80.0,82.0,High,100.0
Tamor River Camp,27.35,87.45,Panchthar,7.0,4.0,0.0,18.0,6.0,15,10,3,60.0,75.0,80.0,High,100.0
Yangwarak Trail,27.1,87.85,Panchthar,3.0,6.0,0.0,5.0,5.0,30,25,10,35.0,45.0,50.0,Medium,100.0
Arthar Village,28.2,83.7,Parbat,2.0,4.0,0.0,4.0,3.0,40,30,10,15.0,25.0,30.0,Low,100.0
Bajung Rural Homestay,28.25,83.65,Parbat,3.0,6.0,0.0,5.0,5.0,30,25,10,35.0,45.0,50.0,Medium,100.0
Bajung Rural Trail,28.28,83.7,Parbat,5.0,9.0,2.0,4.0,7.0,15,10,3,60.0,65.0,68.0,High,100.0
Beni-Parbat Trail,28.35,83.55,Parbat,5.0,8.0,0.0,8.0,6.0,20,15,5,45.0,60.0,65.0,High,100.0
Chitre Village Trail,28.3,83.7,Parbat,5.0,8.0,2.0,4.0,6.0,15,10,3,55.0,65.0,68.0,High,100.0
Durlung Rural Forest,28.27,83.68,Parbat,4.0,7.0,0.0,5.0,5.0,20,15,5,45.0,55.0,60.0,Medium,100.0
Durlung Village,28.25,83.65,Parbat,4.0,8.0,0.0,5.0,6.0,25,20,5,45.0,55.0,60.0,Medium,100.0
Gupteshwor Cave,28.22,83.67,Parbat,2.0,3.0,0.0,5.0,4.0,15,12,3,30.0,30.0,30.0,Low,100.0
Gupteshwor Cave Parbat,28.22,83.68,Parbat,2.0,3.0,0.0,3.0,5.0,10,8,2,40.0,35.0,37.0,Medium,100.0
Jaljala Hill,28.35,83.5,Parbat,5.0,8.0,3.0,3.0,5.0,5,5,2,60.0,60.0,62.0,Medium,100.0
Jaljala Parbat Trail,28.25,83.55,Parbat,7.0,12.0,3.0,4.0,8.0,5,5,2,70.0,75.0,78.0,High,100.0
Jaljala Rural Trail,28.35,83.5,Parbat,5.0,8.0,3.0,3.0,5.0,5,5,2,60.0,60.0,62.0,Medium,100.0
Karkineta Rural Trail,28.25,83.7,Parbat,5.0,8.0,0.0,5.0,6.0,30,25,10,35.0,50.0,55.0,Medium,100.0
Kushma Bridge,28.22,83.69,Parbat,1.0,2.0,0.0,5.0,3.0,40,30,10,10.0,20.0,25.0,Low,100.0
Kushma Bridge Area,28.22,83.68,Parbat,2.0,3.0,0.0,8.0,4.0,15,12,3,35.0,40.0,37.0,Medium,100.0
Kushma Bungee Area,28.21,83.68,Parbat,5.0,1.0,0.0,10.0,3.0,15,12,3,55.0,55.0,55.0,Medium,100.0
Kushma Bungee Site,28.21,83.68,Parbat,5.0,1.0,0.0,10.0,3.0,15,12,3,55.0,55.0,55.0,Medium,100.0
Kushma Cliff Bridge,28.22,83.68,Parbat,3.0,2.0,0.0,8.0,4.0,60,50,20,10.0,35.0,40.0,Medium,100.0
Kushma Rural Bridge Trail,28.22,83.68,Parbat,4.0,6.0,0.0,8.0,5.0,40,30,10,25.0,40.0,45.0,Medium,100.0
Kushma Rural Cliff Area,28.22,83.68,Parbat,4.0,4.0,0.0,12.0,5.0,40,30,10,30.0,55.0,60.0,Medium,100.0
Kushma Rural Trail,28.22,83.68,Parbat,3.0,5.0,0.0,10.0,4.0,50,40,15,20.0,35.0,40.0,Medium,100.0
Kushma Suspension Bridge,28.215,83.68,Parbat,1.0,2.0,0.0,4.0,3.0,50,40,15,5.0,20.0,25.0,Low,100.0
Kusma Bazaar,28.215,83.68,Parbat,1.0,2.0,0.0,4.0,3.0,50,40,15,5.0,20.0,25.0,Low,100.0
Kusma Suspension Bridge,28.22,83.68,Parbat,2.0,3.0,0.0,8.0,4.0,50,40,15,15.0,35.0,38.0,Medium,100.0
Kyang Village Route,28.3,83.72,Parbat,6.0,10.0,3.0,4.0,7.0,10,8,3,65.0,70.0,72.0,High,100.0
Mahashila Rural Trail,28.2,83.65,Parbat,3.0,7.0,1.0,3.0,6.0,3,3,1,65.0,60.0,62.0,Medium,100.0
Modi Khola Gorge,28.3,83.7,Parbat,6.0,2.0,0.0,15.0,4.0,5,4,1,80.0,75.0,78.0,High,100.0
Modi Khola Trail,28.25,83.8,Parbat,6.0,10.0,2.0,12.0,7.0,10,8,3,65.0,75.0,78.0,High,100.0
Modi Khola Valley,28.3,83.7,Parbat,4.0,7.0,2.0,5.0,5.0,10,10,3,55.0,60.0,62.0,Medium,100.0
Modi River Area,28.35,83.8,Parbat,4.0,6.0,0.0,12.0,5.0,5,4,1,65.0,65.0,65.0,High,100.0
Modi River Camp,28.35,83.7,Parbat,6.0,3.0,0.0,15.0,5.0,20,15,5,55.0,70.0,75.0,High,100.0
Modi River Gorge,28.3,83.7,Parbat,6.0,2.0,0.0,15.0,4.0,5,4,1,80.0,75.0,78.0,High,100.0
Modi River Rafting,28.3,83.7,Parbat,6.0,1.0,0.0,16.0,4.0,5,4,1,80.0,75.0,78.0,High,100.0
Modi Rural River Camp,28.3,83.75,Parbat,7.0,5.0,0.0,20.0,6.0,15,10,3,65.0,75.0,80.0,High,100.0
Panchase Hill,28.23,83.8,Parbat,3.0,7.0,1.0,3.0,5.0,5,4,1,55.0,60.0,58.0,Medium,100.0
Panchase Parbat Route,28.23,83.8,Parbat,4.0,9.0,2.0,3.0,6.0,2,2,0,80.0,75.0,78.0,High,100.0
Panchase Parbat Trail,28.25,83.75,Parbat,5.0,8.0,0.0,4.0,5.0,20,15,5,45.0,55.0,60.0,Medium,100.0
Panchase Rural Viewpoint,28.22,83.85,Parbat,5.0,8.0,0.0,6.0,6.0,30,25,10,35.0,50.0,55.0,Medium,100.0
Parbat Rural Homestay,28.25,83.7,Parbat,3.0,6.0,0.0,8.0,5.0,40,30,10,25.0,45.0,50.0,Medium,100.0
Patalekhet Viewpoint,28.3,83.65,Parbat,2.0,5.0,0.0,3.0,5.0,8,6,2,50.0,45.0,47.0,Medium,100.0
Patalekhet Village,28.3,83.65,Parbat,2.0,5.0,0.0,3.0,5.0,8,6,2,50.0,45.0,47.0,Medium,100.0
Phalebas Hill Trail,28.2,83.7,Parbat,3.0,5.0,0.0,5.0,5.0,40,30,10,25.0,40.0,45.0,Medium,100.0
Ramja Village Route,28.3,83.68,Parbat,3.0,5.0,0.0,6.0,5.0,30,25,10,35.0,45.0,50.0,Medium,100.0
Sikles To Parbat Trail,28.35,83.9,Parbat,5.0,12.0,6.0,2.0,8.0,0,1,0,95.0,85.0,89.0,High,100.0
Tamal Hill,28.3,83.7,Parbat,2.0,5.0,0.0,3.0,5.0,5,5,1,50.0,45.0,47.0,Medium,100.0
Birgunj Border Area,27.0,84.87,Parsa,1.0,0.0,0.0,8.0,2.0,35,30,8,10.0,20.0,15.0,Low,100.0
Birgunj Clock Tower,27.01,84.88,Parsa,1.0,0.0,0.0,5.0,2.0,35,30,8,10.0,10.0,10.0,Low,100.0
Birgunj Heritage Area,27.01,84.88,Parsa,1.0,0.0,0.0,8.0,2.0,35,30,8,15.0,20.0,17.0,Low,100.0
Parsa National Park,27.3,84.8,Parsa,3.0,0.0,0.0,10.0,2.0,10,8,2,45.0,45.0,45.0,Medium,100.0
Parsa Wildlife Reserve,27.25,84.85,Parsa,3.0,0.0,0.0,10.0,2.0,10,8,2,45.0,45.0,45.0,Medium,100.0
Gaumukhi Area,28.15,82.7,Pyuthan,2.0,7.0,0.0,4.0,5.0,1,1,0,90.0,60.0,72.0,High,100.0
Gurase Danda,28.2,82.7,Pyuthan,4.0,9.0,3.0,3.0,6.0,1,1,0,90.0,80.0,84.0,High,100.0
Jaljala Hill,28.25,82.6,Pyuthan,3.0,8.0,1.0,3.0,5.0,1,1,0,90.0,65.0,75.0,High,100.0
Jaljala Pyuthan,28.1,82.9,Pyuthan,5.0,12.0,6.0,2.0,8.0,0,0,0,95.0,90.0,93.0,High,100.0
Jhimruk River,28.1,82.7,Pyuthan,4.0,1.0,0.0,14.0,3.0,3,3,1,70.0,65.0,68.0,High,100.0
Jhimruk River Area,28.1,82.7,Pyuthan,3.0,5.0,0.0,12.0,4.0,3,3,1,65.0,65.0,65.0,High,100.0
Jhimruk River Camp,28.1,82.7,Pyuthan,4.0,1.0,0.0,14.0,3.0,3,3,1,70.0,65.0,68.0,High,100.0
Jumri Rural Area,28.08,82.9,Pyuthan,2.0,4.0,0.0,10.0,4.0,60,50,20,15.0,30.0,35.0,Low,100.0
Pyuthan Bijuwar Area,28.1,82.8,Pyuthan,1.0,4.0,0.0,5.0,5.0,10,8,2,45.0,40.0,42.0,Medium,100.0
Pyuthan Gothibangla Trail,28.15,82.85,Pyuthan,7.0,11.0,3.0,6.0,7.0,10,8,3,65.0,70.0,72.0,High,100.0
Pyuthan Jhimruk Valley,28.05,82.7,Pyuthan,4.0,7.0,0.0,12.0,5.0,30,25,10,40.0,50.0,55.0,Medium,100.0
Pyuthan Khalanga,28.09,82.87,Pyuthan,2.0,4.0,0.0,5.0,5.0,30,25,10,20.0,35.0,40.0,Medium,100.0
Pyuthan Khalanga Hill,28.09,82.87,Pyuthan,2.0,5.0,0.0,5.0,5.0,30,25,10,25.0,40.0,45.0,Medium,100.0
Pyuthan Rural Trail,28.1,82.9,Pyuthan,3.0,8.0,2.0,5.0,6.0,1,1,0,85.0,75.0,79.0,High,100.0
Pyuthan Swargadwari Trail,28.05,82.85,Pyuthan,3.0,5.0,0.0,8.0,5.0,50,40,15,20.0,35.0,40.0,Medium,100.0
Swargadwari Pyuthan,28.0,82.8,Pyuthan,3.0,7.0,1.0,3.0,6.0,5,4,1,60.0,65.0,62.0,Medium,100.0
Swargadwari Rural Area,28.05,82.85,Pyuthan,3.0,5.0,0.0,8.0,5.0,50,40,15,20.0,35.0,40.0,Medium,100.0
Swargadwari Rural Path,28.06,82.8,Pyuthan,5.0,8.0,0.0,3.0,6.0,15,10,3,55.0,60.0,65.0,Medium,100.0
Swargadwari Rural Pilgrim Route,28.05,82.85,Pyuthan,3.0,5.0,0.0,8.0,5.0,50,40,15,20.0,35.0,40.0,Medium,100.0
Swargadwari Rural Route,28.06,82.8,Pyuthan,4.0,6.0,0.0,3.0,5.0,20,20,5,35.0,45.0,50.0,Medium,100.0
Swargadwari Temple,28.06,82.8,Pyuthan,3.0,5.0,0.0,3.0,5.0,20,20,5,25.0,35.0,42.0,Medium,100.0
Swargadwari West Route,28.05,82.85,Pyuthan,5.0,12.0,4.0,3.0,8.0,0,1,0,95.0,85.0,89.0,High,100.0
Bigutar Village,27.65,86.25,Ramechhap,4.0,8.0,3.0,4.0,6.0,20,15,5,40.0,55.0,58.0,Medium,100.0
Doramba Village,27.35,86.25,Ramechhap,5.0,8.0,0.0,4.0,6.0,20,15,5,40.0,50.0,55.0,Medium,100.0
Jatapokhari Lake,27.6,86.4,Ramechhap,5.0,12.0,5.0,3.0,8.0,0,0,0,95.0,85.0,89.0,High,100.0
Khandadevi Temple,27.65,86.35,Ramechhap,2.0,4.0,0.0,3.0,5.0,30,25,10,20.0,30.0,35.0,Low,100.0
Lamjura Pass,27.65,86.35,Ramechhap,15.0,18.0,12.0,1.0,9.0,0,0,0,100.0,95.0,95.0,High,100.0
Likhu Khola Trail,27.45,86.3,Ramechhap,5.0,10.0,4.0,3.0,7.0,1,1,0,90.0,85.0,87.0,High,100.0
Likhu River Area,27.5,86.2,Ramechhap,5.0,2.0,0.0,15.0,4.0,4,3,1,75.0,75.0,75.0,High,100.0
Manthali Airport,27.39,86.07,Ramechhap,1.0,2.0,0.0,5.0,4.0,20,15,5,20.0,25.0,22.0,Low,100.0
Manthali River Area,27.35,86.08,Ramechhap,2.0,4.0,0.0,10.0,5.0,50,40,15,15.0,40.0,42.0,Medium,100.0
Pikey Peak,27.65,86.6,Ramechhap,6.0,14.0,8.0,2.0,9.0,0,0,0,100.0,95.0,98.0,High,100.0
Pikey Peak Trail,27.65,86.6,Ramechhap,7.0,15.0,10.0,2.0,9.0,0,0,0,100.0,95.0,98.0,High,100.0
Pikey Peak Trek,27.65,86.6,Ramechhap,6.0,14.0,8.0,2.0,9.0,0,0,0,100.0,95.0,98.0,High,100.0
Ramechhap Manthali,27.35,86.08,Ramechhap,2.0,4.0,0.0,5.0,5.0,50,40,15,15.0,30.0,35.0,Low,100.0
Ramechhap Manthali Area,27.39,86.07,Ramechhap,1.0,4.0,0.0,5.0,6.0,10,8,2,45.0,45.0,45.0,Medium,100.0
Ramechhap Sailung Trail,27.55,86.25,Ramechhap,10.0,15.0,6.0,2.0,8.0,0,0,0,100.0,85.0,88.0,High,100.0
Ramechhap Trail Area,27.5,86.3,Ramechhap,4.0,9.0,3.0,3.0,7.0,1,1,0,90.0,80.0,84.0,High,100.0
Sunapati Rural Trail,27.45,86.3,Ramechhap,6.0,10.0,3.0,3.0,7.0,10,10,3,60.0,70.0,72.0,High,100.0
Tham Danda,27.6,86.5,Ramechhap,4.0,10.0,4.0,3.0,7.0,1,1,0,90.0,85.0,87.0,High,100.0
Thodung Village,27.65,86.45,Ramechhap,6.0,10.0,5.0,3.0,7.0,5,5,2,65.0,70.0,70.0,High,100.0
Thulo Sailung,27.55,86.3,Ramechhap,10.0,15.0,6.0,2.0,8.0,0,0,0,100.0,85.0,88.0,High,100.0
Bhairav Kunda Trail,28.05,85.55,Rasuwa,11.0,16.0,7.0,1.0,9.0,0,0,0,100.0,90.0,92.0,High,100.0
Bhorle Rural Trail,28.15,85.3,Rasuwa,4.0,7.0,0.0,8.0,5.0,30,25,10,40.0,55.0,60.0,Medium,100.0
Briddim Village,28.18,85.38,Rasuwa,6.0,10.0,5.0,3.0,7.0,5,5,2,65.0,70.0,72.0,High,100.0
Briddim Village Trail,28.2,85.4,Rasuwa,10.0,15.0,6.0,2.0,9.0,0,0,0,100.0,90.0,92.0,High,100.0
Chilime Hydropower Area,28.2,85.35,Rasuwa,3.0,8.0,2.0,5.0,5.0,1,1,0,85.0,65.0,73.0,High,100.0
Chilime Village Route,28.25,85.35,Rasuwa,5.0,9.0,2.0,6.0,7.0,10,8,3,65.0,70.0,72.0,High,100.0
Cholangpati,28.1,85.43,Rasuwa,7.0,15.0,12.0,1.0,9.0,0,0,0,100.0,98.0,99.0,High,100.0
Cholangpati Camp,28.08,85.42,Rasuwa,11.0,15.0,7.0,0.0,9.0,0,0,0,100.0,90.0,92.0,High,100.0
Cholangpati Trail,28.08,85.42,Rasuwa,11.0,15.0,7.0,0.0,9.0,0,0,0,100.0,90.0,92.0,High,100.0
Dhukure Village,28.05,85.25,Rasuwa,5.0,8.0,3.0,3.0,6.0,15,10,3,60.0,65.0,68.0,Medium,100.0
Dhunche Bazaar,28.11,85.3,Rasuwa,2.0,5.0,0.0,4.0,7.0,8,6,2,55.0,50.0,52.0,Medium,100.0
Dhunche Gosaikunda Route,28.11,85.3,Rasuwa,8.0,12.0,4.0,2.0,8.0,5,5,2,70.0,75.0,78.0,High,100.0
Dhunche Heritage Area,28.11,85.3,Rasuwa,2.0,5.0,0.0,4.0,7.0,8,6,2,55.0,50.0,52.0,Medium,100.0
Dhunche Mountain Route,28.11,85.3,Rasuwa,5.0,8.0,2.0,4.0,6.0,20,15,5,50.0,65.0,68.0,High,100.0
Dhunche Mountain View,28.12,85.35,Rasuwa,6.0,10.0,3.0,2.0,7.0,10,8,3,65.0,70.0,72.0,High,100.0
Dhunche Rural Route,28.11,85.3,Rasuwa,5.0,8.0,2.0,4.0,6.0,20,15,5,50.0,65.0,68.0,High,100.0
Dhunche Rural Trail,28.11,85.3,Rasuwa,5.0,8.0,2.0,4.0,6.0,20,15,5,50.0,65.0,68.0,High,100.0
Dhunche Rural View,28.11,85.3,Rasuwa,3.0,6.0,0.0,5.0,5.0,30,25,10,35.0,45.0,50.0,Medium,100.0
Dhunche View Point,28.11,85.3,Rasuwa,3.0,6.0,0.0,3.0,6.0,25,20,5,35.0,50.0,55.0,Medium,100.0
Dhunche Village,28.11,85.3,Rasuwa,4.0,10.0,5.0,2.0,8.0,3,2,1,80.0,85.0,82.0,High,100.0
Dhunchhe Bazaar,28.11,85.3,Rasuwa,2.0,5.0,0.0,5.0,6.0,10,8,2,55.0,60.0,58.0,Medium,100.0
Dhunchhe Village,28.11,85.3,Rasuwa,3.0,8.0,3.0,4.0,6.0,2,2,0,75.0,70.0,72.0,High,100.0
Ganja La Rural Pass,28.25,85.5,Rasuwa,18.0,20.0,18.0,0.0,10.0,0,0,0,100.0,100.0,99.0,High,100.0
Gatlang Village,28.22,85.35,Rasuwa,8.0,12.0,6.0,2.0,8.0,5,5,2,75.0,80.0,78.0,High,100.0
Gatlang Village Route,28.22,85.37,Rasuwa,9.0,14.0,5.0,2.0,8.0,5,5,2,70.0,80.0,82.0,High,100.0
Gosaikunda Alternative Trail,28.1,85.4,Rasuwa,7.0,15.0,12.0,2.0,9.0,0,0,0,100.0,98.0,99.0,High,100.0
Gosaikunda Lake,28.085,85.41,Rasuwa,6.0,10.0,7.0,3.0,6.0,0,1,0,90.0,80.0,84.0,High,100.0
Gosaikunda Lake Route,28.08,85.42,Rasuwa,8.0,15.0,10.0,2.0,9.0,0,0,0,100.0,100.0,100.0,High,100.0
Gosaikunda Rural Route,28.08,85.42,Rasuwa,15.0,18.0,10.0,0.0,10.0,0,0,0,100.0,95.0,95.0,High,100.0
Gosaikunda Rural Trail,28.083,85.416,Rasuwa,17.0,20.0,15.0,0.0,10.0,0,0,0,100.0,100.0,98.0,High,100.0
Gosaikunda Sacred Trail,28.083,85.416,Rasuwa,17.0,20.0,15.0,0.0,10.0,0,0,0,100.0,100.0,98.0,High,100.0
Gosainkunda Lake,28.08,85.42,Rasuwa,9.0,17.0,14.0,1.0,10.0,0,0,0,100.0,100.0,100.0,High,100.0
Gosainkunda Pass,28.09,85.41,Rasuwa,7.0,13.0,9.0,2.0,7.0,0,0,0,100.0,92.0,96.0,High,100.0
Kerung Border Rural Camp,28.45,85.2,Rasuwa,12.0,16.0,8.0,2.0,9.0,0,0,0,100.0,90.0,92.0,High,100.0
Kerung Rural Camp,28.45,85.2,Rasuwa,12.0,16.0,8.0,2.0,9.0,0,0,0,100.0,90.0,92.0,High,100.0
Kyangjin Gompa Trail,28.21,85.57,Rasuwa,16.0,20.0,15.0,0.0,10.0,0,0,0,100.0,100.0,98.0,High,100.0
Kyangjin Rural Meadow,28.21,85.57,Rasuwa,16.0,20.0,15.0,0.0,10.0,0,0,0,100.0,100.0,98.0,High,100.0
Kyanjin Glacier Trail,28.22,85.58,Rasuwa,20.0,20.0,20.0,0.0,10.0,0,0,0,100.0,100.0,99.0,High,100.0
Kyanjin Gompa,28.21,85.56,Rasuwa,6.0,14.0,6.0,2.0,8.0,0,1,0,90.0,88.0,89.0,High,100.0
Kyanjin Gompa Rural Area,28.21,85.57,Rasuwa,16.0,20.0,15.0,0.0,10.0,0,0,0,100.0,100.0,98.0,High,100.0
Kyanjin Ri,28.21,85.57,Rasuwa,10.0,20.0,20.0,1.0,10.0,0,0,0,100.0,100.0,100.0,High,100.0
Kyanjin Ri View,28.22,85.57,Rasuwa,15.0,18.0,12.0,0.0,10.0,0,0,0,100.0,100.0,98.0,High,100.0
Kyanjin Ri Viewpoint,28.22,85.57,Rasuwa,7.0,15.0,9.0,1.0,9.0,0,0,0,100.0,100.0,100.0,High,100.0
Kyanjin Rural Meadow,28.21,85.57,Rasuwa,16.0,20.0,15.0,0.0,10.0,0,0,0,100.0,100.0,98.0,High,100.0
Kyanjin Village Route,28.21,85.57,Rasuwa,17.0,20.0,15.0,0.0,10.0,0,0,0,100.0,100.0,98.0,High,100.0
Lama Hotel Rural Trail,28.18,85.5,Rasuwa,8.0,13.0,4.0,2.0,8.0,5,5,2,70.0,80.0,82.0,High,100.0
Lama Hotel Trail,28.2,85.45,Rasuwa,10.0,15.0,8.0,2.0,8.0,0,0,0,100.0,85.0,88.0,High,100.0
Langtang Forest Trail,28.23,85.52,Rasuwa,13.0,17.0,10.0,0.0,9.0,0,0,0,100.0,95.0,95.0,High,100.0
Langtang Glacier,28.25,85.6,Rasuwa,10.0,20.0,20.0,1.0,10.0,0,0,0,100.0,100.0,100.0,High,100.0
Langtang Kyanjin,28.22,85.61,Rasuwa,10.0,18.0,16.0,1.0,10.0,0,0,0,100.0,100.0,100.0,High,100.0
Langtang Kyanjin Village,28.22,85.57,Rasuwa,15.0,18.0,12.0,0.0,10.0,0,0,0,100.0,100.0,98.0,High,100.0
Langtang Lirung Base,28.24,85.59,Rasuwa,18.0,20.0,18.0,0.0,10.0,0,0,0,100.0,100.0,99.0,High,100.0
Langtang National Park,28.2,85.55,Rasuwa,8.0,16.0,13.0,2.0,10.0,0,0,0,100.0,100.0,100.0,High,100.0
Langtang National Park Gate,28.0,85.35,Rasuwa,6.0,14.0,8.0,2.0,9.0,0,0,0,95.0,90.0,93.0,High,100.0
Langtang River Camp,28.23,85.52,Rasuwa,12.0,16.0,10.0,2.0,9.0,0,0,0,100.0,90.0,92.0,High,100.0
Langtang Rural Settlement,28.23,85.56,Rasuwa,14.0,18.0,12.0,0.0,10.0,0,0,0,100.0,95.0,95.0,High,100.0
Langtang Rural Village,28.23,85.56,Rasuwa,13.0,17.0,10.0,0.0,9.0,0,0,0,100.0,95.0,95.0,High,100.0
Langtang Valley,28.23,85.56,Rasuwa,0.0,0.0,0.0,0.0,0.0,0,0,0,100.0,0.0,40.0,Medium,100.0
Langtang Valley Rural Area,28.23,85.56,Rasuwa,0.0,0.0,0.0,0.0,0.0,0,0,0,100.0,0.0,40.0,Medium,100.0
Langtang Village,28.22,85.5,Rasuwa,12.0,15.0,10.0,2.0,10.0,0,0,0,100.0,95.0,92.0,High,100.0
Langtang Village Route,28.22,85.56,Rasuwa,15.0,18.0,12.0,1.0,10.0,0,0,0,100.0,95.0,95.0,High,100.0
Laurebina Pass Trail,28.09,85.42,Rasuwa,18.0,20.0,18.0,0.0,10.0,0,0,0,100.0,100.0,99.0,High,100.0
Lauribina Pass,28.07,85.43,Rasuwa,9.0,16.0,12.0,2.0,10.0,0,0,0,100.0,100.0,100.0,High,100.0
Nagthali Rural Viewpoint,28.25,85.4,Rasuwa,12.0,16.0,8.0,1.0,9.0,0,0,0,100.0,90.0,92.0,High,100.0
Nagthali View Camp,28.25,85.4,Rasuwa,12.0,16.0,8.0,1.0,9.0,0,0,0,100.0,90.0,92.0,High,100.0
Rasuwa Dhunche,28.17,85.3,Rasuwa,5.0,8.0,4.0,2.0,8.0,30,25,5,40.0,60.0,65.0,Medium,100.0
Rasuwa Fort,28.15,85.25,Rasuwa,2.0,5.0,1.0,2.0,5.0,2,2,0,70.0,50.0,58.0,Medium,100.0
Rasuwa Gatlang Village,28.18,85.35,Rasuwa,9.0,14.0,5.0,3.0,8.0,5,5,2,70.0,80.0,82.0,High,100.0
Rasuwa Gosaikunda Route,28.08,85.41,Rasuwa,18.0,20.0,15.0,1.0,10.0,0,0,0,100.0,100.0,98.0,High,100.0
Rasuwa Gosainkunda Route,28.08,85.42,Rasuwa,9.0,18.0,16.0,1.0,10.0,0,0,0,100.0,100.0,100.0,High,100.0
Rasuwagadhi Border,28.3,85.38,Rasuwa,4.0,10.0,5.0,3.0,7.0,1,1,0,90.0,85.0,87.0,High,100.0
Rasuwagadhi Border Trail,28.43,85.16,Rasuwa,10.0,15.0,6.0,4.0,8.0,0,0,0,100.0,90.0,92.0,High,100.0
Rasuwagadhi Rural Trail,28.43,85.16,Rasuwa,10.0,15.0,6.0,4.0,8.0,0,0,0,100.0,90.0,92.0,High,100.0
Sherpagaun Rural Trail,28.22,85.42,Rasuwa,9.0,14.0,5.0,3.0,8.0,5,5,2,70.0,80.0,82.0,High,100.0
Sherpagaun Village Trail,28.22,85.42,Rasuwa,9.0,14.0,5.0,3.0,8.0,5,5,2,70.0,80.0,82.0,High,100.0
Sing Gompa,28.12,85.35,Rasuwa,4.0,10.0,5.0,2.0,7.0,1,1,0,90.0,85.0,87.0,High,100.0
Syabrubesi,28.16,85.36,Rasuwa,5.0,8.0,4.0,3.0,7.0,20,15,5,55.0,65.0,70.0,High,100.0
Syabrubesi Rural Area,28.17,85.37,Rasuwa,4.0,7.0,0.0,10.0,5.0,30,25,10,40.0,60.0,65.0,High,100.0
Syabrubesi Village Route,28.17,85.37,Rasuwa,4.0,7.0,0.0,10.0,5.0,30,25,10,40.0,60.0,65.0,High,100.0
Tamang Heritage Route,28.25,85.35,Rasuwa,6.0,14.0,10.0,2.0,9.0,0,0,0,100.0,95.0,98.0,High,100.0
Tamang Heritage Rural Trail,28.18,85.35,Rasuwa,10.0,15.0,6.0,2.0,8.0,5,5,2,75.0,80.0,82.0,High,100.0
Tamang Heritage Trail,28.35,85.3,Rasuwa,5.0,11.0,6.0,3.0,7.0,0,1,0,95.0,85.0,89.0,High,100.0
Tamangs Heritage Trail,28.1,85.3,Rasuwa,6.0,10.0,3.0,3.0,7.0,5,5,2,65.0,70.0,72.0,High,100.0
Tatopani Rasuwa,28.13,85.3,Rasuwa,3.0,7.0,0.0,6.0,5.0,2,2,1,55.0,50.0,52.0,Medium,100.0
Thulo Syabru,28.13,85.37,Rasuwa,8.0,12.0,5.0,2.0,8.0,5,5,2,70.0,75.0,78.0,High,100.0
Thulo Syabru Village,28.15,85.33,Rasuwa,7.0,11.0,3.0,3.0,7.0,10,8,3,65.0,70.0,72.0,High,100.0
Thuman Rural Homestay,28.25,85.35,Rasuwa,8.0,12.0,4.0,3.0,8.0,5,5,2,70.0,75.0,78.0,High,100.0
Thuman Rural Trail,28.25,85.38,Rasuwa,8.0,13.0,4.0,3.0,8.0,5,5,2,70.0,75.0,78.0,High,100.0
Thuman Village,28.23,85.4,Rasuwa,7.0,12.0,5.0,2.0,8.0,0,0,0,100.0,80.0,82.0,High,100.0
Timure Border,28.3,85.38,Rasuwa,4.0,10.0,4.0,5.0,7.0,0,1,0,90.0,80.0,84.0,High,100.0
Timure Border Trail,28.35,85.38,Rasuwa,8.0,12.0,5.0,3.0,8.0,5,5,2,70.0,75.0,78.0,High,100.0
Timure Village,28.26,85.37,Rasuwa,10.0,15.0,8.0,3.0,9.0,5,5,2,80.0,85.0,85.0,High,100.0
Timure Village Route,28.42,85.15,Rasuwa,8.0,13.0,4.0,5.0,8.0,5,5,2,70.0,80.0,82.0,High,100.0
Tserko Ri,28.21,85.6,Rasuwa,9.0,17.0,15.0,1.0,10.0,0,0,0,100.0,100.0,100.0,High,100.0
Tserko Ri View Point,28.23,85.55,Rasuwa,20.0,20.0,20.0,0.0,10.0,0,0,0,100.0,100.0,99.0,High,100.0
Yala Peak Base Camp,28.25,85.58,Rasuwa,8.0,16.0,12.0,1.0,10.0,0,0,0,100.0,100.0,100.0,High,100.0
Yala Peak Route,28.22,85.55,Rasuwa,15.0,19.0,14.0,0.0,10.0,0,0,0,100.0,95.0,96.0,High,100.0
Yarsa Village,28.2,85.35,Rasuwa,8.0,12.0,5.0,3.0,8.0,5,5,2,70.0,75.0,78.0,High,100.0
Jaljala Area,28.8,82.5,Rolpa,7.0,15.0,10.0,2.0,9.0,0,0,0,100.0,95.0,98.0,High,100.0
Jaljala Hill Rolpa,28.8,82.5,Rolpa,7.0,15.0,10.0,2.0,9.0,0,0,0,100.0,95.0,98.0,High,100.0
Jaljala Mountain,28.8,82.5,Rolpa,8.0,17.0,14.0,1.0,10.0,0,0,0,100.0,100.0,100.0,High,100.0
Jaljala Mountain Rolpa,28.35,82.6,Rolpa,7.0,15.0,8.0,2.0,9.0,0,0,0,100.0,95.0,98.0,High,100.0
Jaljala Mountain View,28.6,82.6,Rolpa,13.0,17.0,10.0,2.0,9.0,0,0,0,100.0,95.0,95.0,High,100.0
Jaljala Rolpa,28.38,82.65,Rolpa,4.0,10.0,2.0,3.0,7.0,0,1,0,90.0,80.0,86.0,High,100.0
Jaljala Rolpa Camp,28.6,82.6,Rolpa,13.0,17.0,10.0,1.0,9.0,0,0,0,100.0,95.0,95.0,High,100.0
Jaljala Rolpa Trail,28.4,82.65,Rolpa,12.0,16.0,8.0,3.0,9.0,0,0,0,100.0,90.0,92.0,High,100.0
Jaljale Lekh Trail,28.4,82.65,Rolpa,10.0,15.0,5.0,3.0,9.0,0,0,0,100.0,85.0,85.0,High,100.0
Kakri Hill,28.6,82.4,Rolpa,5.0,12.0,6.0,3.0,8.0,0,0,0,90.0,85.0,87.0,High,100.0
Libang Bazaar,28.3,82.63,Rolpa,1.0,4.0,0.0,3.0,4.0,5,5,1,45.0,35.0,39.0,Medium,100.0
Lisne Lekh,28.4,82.6,Rolpa,5.0,11.0,4.0,3.0,7.0,1,1,0,90.0,85.0,87.0,High,100.0
Liwang Rolpa,28.3,82.63,Rolpa,2.0,5.0,0.0,4.0,6.0,5,4,1,55.0,55.0,55.0,Medium,100.0
Madi Rolpa Rural Route,28.5,82.7,Rolpa,8.0,12.0,4.0,4.0,8.0,5,5,2,70.0,75.0,78.0,High,100.0
Rolpa Dhorpatan Link Trail,28.55,82.7,Rolpa,12.0,16.0,7.0,2.0,9.0,0,0,0,100.0,90.0,92.0,High,100.0
Rolpa Guerrilla Trail,28.4,82.65,Rolpa,10.0,15.0,5.0,3.0,8.0,0,0,0,100.0,85.0,88.0,High,100.0
Rolpa Jaljala,28.42,82.65,Rolpa,10.0,15.0,5.0,3.0,9.0,0,0,0,100.0,85.0,85.0,High,100.0
Rolpa Jaljala Forest,28.65,82.6,Rolpa,10.0,15.0,5.0,3.0,8.0,5,5,2,75.0,85.0,88.0,High,100.0
Rolpa Jaljala Route,28.35,82.6,Rolpa,6.0,14.0,7.0,3.0,8.0,0,1,0,95.0,90.0,93.0,High,100.0
Rolpa Jaljala Trail,28.6,82.6,Rolpa,13.0,17.0,10.0,2.0,9.0,0,0,0,100.0,95.0,95.0,High,100.0
Rolpa Jaljala Trek,28.8,82.5,Rolpa,7.0,15.0,10.0,2.0,9.0,0,0,0,100.0,95.0,98.0,High,100.0
Rolpa Thabang Trail,28.65,82.7,Rolpa,10.0,15.0,6.0,2.0,9.0,0,0,0,100.0,90.0,92.0,High,100.0
Rolpa Thawang,28.5,82.7,Rolpa,5.0,12.0,5.0,3.0,8.0,0,1,0,95.0,85.0,89.0,High,100.0
Rolpa War Museum Area,28.3,82.64,Rolpa,2.0,6.0,0.0,3.0,5.0,3,3,1,65.0,50.0,56.0,Medium,100.0
Rolpa War Tourism Area,28.3,82.65,Rolpa,3.0,8.0,2.0,4.0,7.0,1,1,0,85.0,75.0,79.0,High,100.0
Runtigadhi Hill,28.3,82.55,Rolpa,4.0,10.0,3.0,3.0,7.0,1,1,0,90.0,80.0,84.0,High,100.0
Runtigadhi Rural Route,28.5,82.6,Rolpa,7.0,12.0,3.0,5.0,8.0,5,5,2,70.0,75.0,78.0,High,100.0
Runtigadhi Village,28.2,82.75,Rolpa,5.0,10.0,2.0,3.0,7.0,5,5,2,65.0,70.0,70.0,High,100.0
Sulichaur Village Trail,28.55,82.65,Rolpa,5.0,9.0,2.0,5.0,7.0,10,8,3,65.0,70.0,72.0,High,100.0
Thabang Village,28.5,82.7,Rolpa,5.0,12.0,5.0,2.0,8.0,0,1,0,95.0,85.0,89.0,High,100.0
Thabang Village Camp,28.65,82.7,Rolpa,10.0,15.0,6.0,2.0,9.0,0,0,0,100.0,90.0,92.0,High,100.0
Thabang Village Route,28.65,82.7,Rolpa,10.0,15.0,6.0,2.0,9.0,0,0,0,100.0,90.0,92.0,High,100.0
Thawang Rolpa,28.5,82.7,Rolpa,5.0,12.0,5.0,3.0,8.0,0,1,0,95.0,85.0,89.0,High,100.0
Thawang Village,28.45,82.55,Rolpa,5.0,12.0,3.0,2.0,8.0,0,0,0,100.0,90.0,96.0,High,100.0
Dhorpatan Rukum Route,28.6,82.9,Rukum East,8.0,17.0,14.0,2.0,10.0,0,0,0,100.0,100.0,100.0,High,100.0
Kamal Daha Lake,28.65,82.5,Rukum East,2.0,5.0,0.0,6.0,5.0,3,3,1,60.0,55.0,57.0,Medium,100.0
Maikot Rural Settlement,28.85,82.6,Rukum East,11.0,16.0,7.0,2.0,9.0,0,0,0,100.0,90.0,92.0,High,100.0
Maikot Rural Tourism Area,28.85,82.6,Rukum East,11.0,16.0,7.0,2.0,9.0,0,0,0,100.0,90.0,92.0,High,100.0
Maikot Village Trail,28.85,82.6,Rukum East,11.0,16.0,7.0,2.0,9.0,0,0,0,100.0,90.0,92.0,High,100.0
Putha Himal Area,28.7,82.6,Rukum East,15.0,18.0,10.0,2.0,10.0,0,0,0,100.0,95.0,92.0,High,100.0
Putha Himal Base Camp,28.9,82.8,Rukum East,10.0,20.0,20.0,1.0,10.0,0,0,0,100.0,100.0,100.0,High,100.0
Putha Himal Route,28.8,82.65,Rukum East,18.0,20.0,18.0,0.0,10.0,0,0,0,100.0,100.0,99.0,High,100.0
Putha Himal Trail,28.8,82.65,Rukum East,18.0,20.0,18.0,0.0,10.0,0,0,0,100.0,100.0,99.0,High,100.0
Putha Himal Trek Route,28.9,82.8,Rukum East,10.0,20.0,20.0,1.0,10.0,0,0,0,100.0,100.0,100.0,High,100.0
Rukum East Dhorpatan,28.7,83.0,Rukum East,8.0,16.0,12.0,2.0,10.0,0,0,0,100.0,100.0,100.0,High,100.0
Rukum East Himal Area,28.7,82.6,Rukum East,8.0,16.0,12.0,2.0,10.0,0,0,0,100.0,100.0,100.0,High,100.0
Rukum East Maikot Trail,28.85,82.6,Rukum East,10.0,15.0,6.0,2.0,9.0,0,0,0,100.0,90.0,92.0,High,100.0
Rukum East Putha,28.7,82.6,Rukum East,15.0,18.0,10.0,2.0,10.0,0,0,0,100.0,95.0,92.0,High,100.0
Rukum East Putha Trail,28.8,82.65,Rukum East,18.0,20.0,18.0,0.0,10.0,0,0,0,100.0,100.0,99.0,High,100.0
Rukum East Sisne Himal,28.8,82.5,Rukum East,10.0,20.0,20.0,1.0,10.0,0,0,0,100.0,100.0,100.0,High,100.0
Rukum Himalayan Trail,28.8,82.65,Rukum East,16.0,20.0,15.0,0.0,10.0,0,0,0,100.0,100.0,98.0,High,100.0
Rukum Sisne Trail,28.7,82.6,Rukum East,15.0,18.0,10.0,2.0,10.0,0,0,0,100.0,95.0,92.0,High,100.0
Rukumkot Heritage Area,28.63,82.62,Rukum East,3.0,7.0,2.0,4.0,7.0,5,4,1,65.0,70.0,68.0,High,100.0
Rukumkot Lake,28.63,82.48,Rukum East,8.0,10.0,5.0,3.0,7.0,5,5,2,70.0,70.0,72.0,High,100.0
Rukumkot Rural Lake,28.65,82.6,Rukum East,10.0,15.0,6.0,3.0,8.0,5,5,2,75.0,80.0,82.0,High,100.0
Rukuni Waterfall,28.65,82.4,Rukum East,3.0,8.0,2.0,5.0,6.0,1,1,0,85.0,75.0,79.0,High,100.0
Sisne Base Camp Route,28.9,82.7,Rukum East,18.0,20.0,18.0,0.0,10.0,0,0,0,100.0,100.0,99.0,High,100.0
Sisne Himal Base Area,28.73,82.55,Rukum East,14.0,18.0,12.0,2.0,9.0,0,0,0,100.0,95.0,92.0,High,100.0
Sisne Himal Route,28.7,82.6,Rukum East,18.0,20.0,15.0,1.0,10.0,0,0,0,100.0,100.0,98.0,High,100.0
Sisne Himal Rukum East,28.7,82.6,Rukum East,9.0,18.0,15.0,1.0,10.0,0,0,0,100.0,100.0,100.0,High,100.0
Sisne Himal Trail,28.8,82.5,Rukum East,10.0,20.0,20.0,1.0,10.0,0,0,0,100.0,100.0,100.0,High,100.0
Sisne Himal Trek Camp,28.8,82.5,Rukum East,10.0,20.0,20.0,1.0,10.0,0,0,0,100.0,100.0,100.0,High,100.0
Sisne Mountain Route,28.9,82.7,Rukum East,16.0,20.0,15.0,0.0,10.0,0,0,0,100.0,100.0,98.0,High,100.0
Taksera Mountain Trail,28.7,82.55,Rukum East,8.0,13.0,4.0,4.0,8.0,5,5,2,70.0,80.0,82.0,High,100.0
Taksera Rural Route,28.7,82.55,Rukum East,8.0,13.0,4.0,4.0,8.0,5,5,2,70.0,80.0,82.0,High,100.0
Taksera Village Area,28.75,82.55,Rukum East,8.0,12.0,4.0,4.0,8.0,5,5,2,70.0,75.0,78.0,High,100.0
Chaurjahari Area,28.65,82.2,Rukum West,4.0,8.0,0.0,5.0,6.0,20,20,5,40.0,50.0,55.0,Medium,100.0
Chaurjahari Rural Route,28.6,82.3,Rukum West,5.0,8.0,0.0,12.0,6.0,20,15,5,50.0,60.0,65.0,High,100.0
Chaurjahari Village,28.65,82.4,Rukum West,3.0,5.0,0.0,10.0,5.0,40,30,10,25.0,45.0,50.0,Medium,100.0
Dolpa Rukum Trek,28.9,82.5,Rukum West,7.0,15.0,10.0,3.0,9.0,0,0,0,100.0,95.0,98.0,High,100.0
Dolpo Link Trail,28.95,82.3,Rukum West,9.0,14.0,5.0,4.0,8.0,5,5,2,70.0,80.0,82.0,High,100.0
Jaljala Mountain,28.8,82.5,Rukum West,7.0,15.0,10.0,2.0,9.0,0,0,0,100.0,95.0,98.0,High,100.0
Jaljala Rukum Trail,28.8,82.5,Rukum West,7.0,15.0,10.0,2.0,9.0,0,0,0,100.0,95.0,98.0,High,100.0
Kamal Daha,28.6,82.5,Rukum West,6.0,10.0,3.0,5.0,7.0,5,5,2,65.0,75.0,78.0,High,100.0
Musikot Bazaar,28.63,82.48,Rukum West,3.0,5.0,0.0,5.0,6.0,30,25,10,25.0,45.0,50.0,Medium,100.0
Musikot Khalanga View,28.63,82.48,Rukum West,3.0,5.0,0.0,5.0,6.0,30,25,10,25.0,45.0,50.0,Medium,100.0
Musikot Valley,28.62,82.48,Rukum West,2.0,5.0,0.0,4.0,5.0,8,6,2,50.0,45.0,47.0,Medium,100.0
Musikot View Point,28.63,82.48,Rukum West,3.0,5.0,0.0,5.0,6.0,30,25,10,25.0,45.0,50.0,Medium,100.0
Rukum Guerrilla Trail,28.6,82.5,Rukum West,10.0,15.0,5.0,4.0,8.0,0,0,0,100.0,85.0,88.0,High,100.0
Rukum Musikot,28.62,82.48,Rukum West,2.0,5.0,0.0,4.0,6.0,5,4,1,55.0,55.0,55.0,Medium,100.0
Rukum Syarpu Lake,28.95,82.25,Rukum West,3.0,7.0,2.0,5.0,6.0,2,2,0,75.0,65.0,69.0,High,100.0
Rukum West Aathbiskot Trail,28.95,82.2,Rukum West,8.0,12.0,3.0,10.0,8.0,5,5,2,70.0,80.0,82.0,High,100.0
Rukum West Dolpo Link,28.95,82.2,Rukum West,9.0,14.0,5.0,5.0,8.0,5,5,2,70.0,80.0,82.0,High,100.0
Rukum West Mountain Trail,28.6,82.5,Rukum West,14.0,18.0,12.0,2.0,9.0,0,0,0,100.0,95.0,95.0,High,100.0
Rukum West Sisne Trail,28.7,82.6,Rukum West,8.0,16.0,12.0,2.0,10.0,0,0,0,100.0,100.0,100.0,High,100.0
Rukumkot Lake,28.7,82.6,Rukum West,3.0,7.0,2.0,4.0,6.0,2,2,0,75.0,65.0,69.0,High,100.0
Sani Bheri Camp,28.62,82.3,Rukum West,6.0,10.0,3.0,5.0,7.0,5,5,2,65.0,75.0,78.0,High,100.0
Sani Bheri River,28.6,82.7,Rukum West,5.0,4.0,0.0,12.0,4.0,3,3,1,75.0,70.0,73.0,High,100.0
Sani Bheri Riverside,28.62,82.3,Rukum West,5.0,8.0,0.0,10.0,5.0,15,15,5,45.0,60.0,62.0,Medium,100.0
Sani Bheri Route,28.7,82.35,Rukum West,6.0,10.0,3.0,12.0,7.0,10,8,3,65.0,75.0,78.0,High,100.0
Sani Bheri Rural Camp,28.7,82.35,Rukum West,7.0,10.0,2.0,15.0,7.0,5,5,2,70.0,80.0,82.0,High,100.0
Sani Bheri Valley,28.6,82.25,Rukum West,8.0,12.0,3.0,4.0,7.0,5,5,2,70.0,75.0,75.0,High,100.0
Sani Bheri Village Trail,28.7,82.35,Rukum West,6.0,10.0,3.0,12.0,7.0,10,8,3,65.0,75.0,78.0,High,100.0
Sisne Himal,28.7,82.6,Rukum West,8.0,16.0,12.0,2.0,10.0,0,0,0,100.0,100.0,100.0,High,100.0
Sisne Himal Base,28.7,82.6,Rukum West,8.0,17.0,15.0,1.0,10.0,0,0,0,100.0,100.0,100.0,High,100.0
Sisne Himal Trail,28.7,82.6,Rukum West,8.0,16.0,12.0,2.0,10.0,0,0,0,100.0,100.0,100.0,High,100.0
Sisne Himal View,28.7,82.6,Rukum West,8.0,16.0,12.0,2.0,10.0,0,0,0,100.0,100.0,100.0,High,100.0
Sisne View Point,28.85,82.65,Rukum West,6.0,13.0,8.0,2.0,9.0,0,0,0,100.0,95.0,98.0,High,100.0
Syarpu Lake,28.95,82.25,Rukum West,2.0,5.0,0.0,6.0,4.0,5,4,1,55.0,50.0,52.0,Medium,100.0
Syarpu Lake Route,28.95,82.25,Rukum West,3.0,7.0,2.0,5.0,6.0,2,2,0,75.0,65.0,69.0,High,100.0
Syarpu Lake Viewpoint,28.7,82.55,Rukum West,4.0,8.0,2.0,5.0,7.0,2,1,0,75.0,75.0,75.0,High,100.0
Bhairahawa Buddha Sites,27.51,83.45,Rupandehi,0.0,0.0,0.0,3.0,2.0,20,15,5,10.0,15.0,18.0,Low,100.0
Bhairahawa Maya Devi Area,27.5,83.45,Rupandehi,1.0,0.0,0.0,6.0,2.0,40,35,10,10.0,15.0,12.0,Low,100.0
Bhairahawa Siddharthanagar,27.5,83.45,Rupandehi,1.0,0.0,0.0,6.0,2.0,50,40,10,10.0,15.0,12.0,Low,100.0
Bhairahawa Tourism Area,27.5,83.45,Rupandehi,1.0,0.0,0.0,8.0,2.0,40,30,8,15.0,20.0,17.0,Low,100.0
Devdaha Heritage Area,27.62,83.52,Rupandehi,1.0,0.0,0.0,8.0,2.0,20,15,5,25.0,35.0,30.0,Low,100.0
Devdaha Historical Site,27.62,83.55,Rupandehi,1.0,0.0,0.0,8.0,2.0,25,20,5,20.0,25.0,22.0,Low,100.0
Lumbini,27.4698,83.276,Rupandehi,0.0,0.0,0.0,0.0,0.0,0,0,0,100.0,0.0,40.0,Medium,100.0
Lumbini Garden,27.4698,83.276,Rupandehi,0.0,0.0,0.0,0.0,0.0,0,0,0,100.0,0.0,40.0,Medium,100.0
Lumbini Garden Area,27.4698,83.276,Rupandehi,0.0,0.0,0.0,5.0,2.0,100,90,30,0.0,10.0,15.0,Low,100.0
Lumbini Maya Devi Temple,27.4698,83.276,Rupandehi,0.0,0.0,0.0,0.0,0.0,0,0,0,100.0,0.0,40.0,Medium,100.0
Lumbini Museum,27.47,83.28,Rupandehi,0.0,0.0,0.0,1.0,1.0,20,15,5,10.0,8.0,9.0,Low,100.0
Lumbini Peace Area,27.47,83.28,Rupandehi,0.0,0.0,0.0,5.0,2.0,50,40,15,5.0,10.0,8.0,Low,100.0
Lumbini Rural Monastery Area,27.47,83.28,Rupandehi,0.0,0.0,0.0,8.0,0.0,100,90,40,0.0,15.0,20.0,Low,100.0
Lumbini Rural Surrounding Trail,27.47,83.28,Rupandehi,0.0,0.0,0.0,5.0,1.0,100,90,40,0.0,5.0,10.0,Low,100.0
Lumbini Sacred Garden,27.47,83.28,Rupandehi,0.0,0.0,0.0,5.0,3.0,50,40,15,5.0,10.0,8.0,Low,100.0
Maya Devi Temple,27.483,83.276,Rupandehi,0.0,0.0,0.0,2.0,1.0,40,30,8,10.0,10.0,10.0,Low,100.0
Mayadevi Temple,27.47,83.275,Rupandehi,0.0,0.0,0.0,2.0,1.0,25,20,5,5.0,10.0,7.0,Low,100.0
Siddharthanagar Park,27.51,83.45,Rupandehi,0.0,0.0,0.0,5.0,2.0,50,40,12,5.0,10.0,8.0,Low,100.0
Siddharthanagar Rural Route,27.5,83.45,Rupandehi,1.0,2.0,0.0,12.0,2.0,90,80,30,0.0,10.0,15.0,Low,100.0
Kapurkot Viewpoint,28.2,82.55,Salyan,5.0,10.0,4.0,3.0,7.0,2,1,0,85.0,80.0,82.0,High,100.0
Khalanga Salyan,28.37,82.18,Salyan,1.0,4.0,0.0,3.0,4.0,5,5,1,45.0,35.0,39.0,Medium,100.0
Kumakh Lake,28.95,82.2,Salyan,3.0,7.0,0.0,5.0,5.0,1,2,0,80.0,65.0,71.0,High,100.0
Kupinde Lake,28.88,82.1,Salyan,4.0,9.0,1.0,5.0,6.0,1,1,0,85.0,75.0,79.0,High,100.0
Arun River Camp,27.55,87.18,Sankhuwasabha,5.0,2.0,0.0,15.0,3.0,5,4,1,75.0,70.0,73.0,High,100.0
Arun River Corridor,27.4,87.1,Sankhuwasabha,5.0,2.0,0.0,15.0,4.0,3,3,1,80.0,75.0,78.0,High,100.0
Arun River Rafting,27.5,87.18,Sankhuwasabha,7.0,2.0,0.0,15.0,3.0,3,3,1,85.0,70.0,78.0,High,100.0
Arun River Tourism Area,27.55,87.18,Sankhuwasabha,5.0,2.0,0.0,15.0,3.0,5,4,1,75.0,70.0,73.0,High,100.0
Arun River Valley,27.35,87.25,Sankhuwasabha,5.0,12.0,4.0,10.0,7.0,0,1,0,95.0,90.0,93.0,High,100.0
Arun Valley,27.55,87.25,Sankhuwasabha,4.0,10.0,3.0,5.0,6.0,1,1,0,90.0,80.0,84.0,High,100.0
Arun Valley Trail,27.05,87.4,Sankhuwasabha,8.0,12.0,4.0,3.0,7.0,5,5,2,70.0,75.0,78.0,High,100.0
Arun Valley Trek,27.5,87.1,Sankhuwasabha,8.0,17.0,14.0,2.0,9.0,0,0,0,100.0,100.0,100.0,High,100.0
Arun Valley Trek Route,27.45,87.1,Sankhuwasabha,12.0,16.0,8.0,3.0,9.0,0,0,0,100.0,90.0,92.0,High,100.0
Barun Conservation Area,27.7,87.1,Sankhuwasabha,9.0,18.0,16.0,1.0,10.0,0,0,0,100.0,100.0,100.0,High,100.0
Barun Glacier,27.65,87.05,Sankhuwasabha,10.0,20.0,20.0,1.0,10.0,0,0,0,100.0,100.0,100.0,High,100.0
Barun Glacier Area,27.76,87.05,Sankhuwasabha,9.0,18.0,15.0,1.0,10.0,0,0,0,100.0,100.0,100.0,High,100.0
Barun Glacier Camp,27.78,87.05,Sankhuwasabha,18.0,20.0,18.0,0.0,10.0,0,0,0,100.0,100.0,99.0,High,100.0
Barun National Park Area,27.75,87.1,Sankhuwasabha,9.0,18.0,14.0,2.0,10.0,0,0,0,100.0,100.0,100.0,High,100.0
Barun River Valley,27.6,87.05,Sankhuwasabha,7.0,15.0,10.0,3.0,9.0,0,0,0,100.0,95.0,98.0,High,100.0
Barun Valley,27.75,87.15,Sankhuwasabha,7.0,14.0,11.0,2.0,9.0,0,0,0,100.0,95.0,97.0,High,100.0
Barun Valley Rural Camp,27.7,87.15,Sankhuwasabha,16.0,20.0,15.0,0.0,10.0,0,0,0,100.0,100.0,98.0,High,100.0
Chainpur Area,27.3,87.25,Sankhuwasabha,3.0,6.0,0.0,5.0,6.0,20,20,5,40.0,55.0,60.0,Medium,100.0
Chainpur Forest Trail,27.28,87.25,Sankhuwasabha,4.0,8.0,0.0,4.0,6.0,20,15,5,45.0,55.0,60.0,Medium,100.0
Chainpur Rural View,27.3,87.2,Sankhuwasabha,3.0,5.0,0.0,7.0,5.0,50,40,15,20.0,35.0,40.0,Medium,100.0
Chepuwa Rural Route,27.65,87.1,Sankhuwasabha,10.0,15.0,6.0,2.0,8.0,5,5,2,75.0,80.0,82.0,High,100.0
Gola Village Trail,27.9,87.25,Sankhuwasabha,9.0,14.0,6.0,1.0,8.0,5,5,2,75.0,85.0,88.0,High,100.0
Hatiya Rural Settlement,27.85,87.3,Sankhuwasabha,8.0,13.0,5.0,2.0,8.0,5,5,2,70.0,80.0,82.0,High,100.0
Khadbari Bazaar,27.38,87.2,Sankhuwasabha,1.0,3.0,0.0,5.0,4.0,15,12,3,30.0,35.0,32.0,Low,100.0
Khadbari Market,27.38,87.2,Sankhuwasabha,1.0,3.0,0.0,5.0,4.0,15,12,3,30.0,35.0,32.0,Low,100.0
Khandbari,27.38,87.2,Sankhuwasabha,2.0,5.0,0.0,5.0,5.0,20,15,5,30.0,35.0,32.0,Low,100.0
Khandbari Bazaar,27.38,87.2,Sankhuwasabha,1.0,3.0,0.0,5.0,5.0,20,15,5,25.0,30.0,28.0,Low,100.0
Khandbari Hills,27.38,87.2,Sankhuwasabha,2.0,4.0,0.0,5.0,5.0,40,30,10,15.0,30.0,35.0,Low,100.0
Kimathanka Village,27.95,87.45,Sankhuwasabha,16.0,20.0,15.0,0.0,10.0,0,0,0,100.0,100.0,98.0,High,100.0
Madi Valley,26.95,87.4,Sankhuwasabha,6.0,9.0,0.0,10.0,6.0,15,10,3,60.0,70.0,72.0,High,100.0
Madi Village Trail,27.4,87.25,Sankhuwasabha,5.0,8.0,2.0,5.0,6.0,20,15,5,50.0,65.0,68.0,High,100.0
Makalu Arun Camp,27.7,87.1,Sankhuwasabha,16.0,20.0,15.0,1.0,10.0,0,0,0,100.0,100.0,98.0,High,100.0
Makalu Barun Area,27.7,87.1,Sankhuwasabha,9.0,18.0,14.0,2.0,10.0,0,0,0,100.0,100.0,100.0,High,100.0
Makalu Barun National Park,27.6,87.0,Sankhuwasabha,8.0,17.0,15.0,2.0,10.0,0,0,0,100.0,100.0,100.0,High,100.0
Makalu Barun Park,27.75,87.1,Sankhuwasabha,18.0,20.0,18.0,3.0,10.0,0,0,0,100.0,100.0,97.0,High,100.0
Makalu Barun Valley,27.7,87.1,Sankhuwasabha,18.0,20.0,18.0,1.0,10.0,0,0,0,100.0,100.0,98.0,High,100.0
Makalu Base Camp,27.75,87.1,Sankhuwasabha,8.0,16.0,14.0,2.0,9.0,0,0,0,100.0,100.0,100.0,High,100.0
Makalu Base Camp East,27.75,87.1,Sankhuwasabha,9.0,17.0,14.0,2.0,10.0,0,0,0,100.0,100.0,100.0,High,100.0
Makalu Base Camp Lower Trail,27.65,87.15,Sankhuwasabha,16.0,20.0,15.0,1.0,10.0,0,0,0,100.0,100.0,98.0,High,100.0
Makalu Base Camp Trail,27.78,87.1,Sankhuwasabha,8.0,17.0,13.0,2.0,10.0,0,0,0,100.0,100.0,100.0,High,100.0
Makalu Base Camp West,27.72,87.05,Sankhuwasabha,8.0,17.0,13.0,2.0,10.0,0,0,0,100.0,100.0,100.0,High,100.0
Makalu Base Route,27.78,87.09,Sankhuwasabha,10.0,20.0,20.0,1.0,10.0,0,0,0,100.0,100.0,100.0,High,100.0
Makalu Base Rural Camp,27.79,87.09,Sankhuwasabha,18.0,20.0,18.0,0.0,10.0,0,0,0,100.0,100.0,99.0,High,100.0
Makalu Conservation Route,27.6,87.1,Sankhuwasabha,10.0,18.0,16.0,1.0,10.0,0,0,0,100.0,100.0,100.0,High,100.0
Makalu Conservation Trail,27.6,87.05,Sankhuwasabha,9.0,18.0,16.0,1.0,10.0,0,0,0,100.0,100.0,100.0,High,100.0
Makalu Rural Forest Area,27.8,87.05,Sankhuwasabha,18.0,20.0,18.0,0.0,10.0,0,0,0,100.0,100.0,99.0,High,100.0
Makalu View Camp,27.6,87.1,Sankhuwasabha,10.0,20.0,20.0,1.0,10.0,0,0,0,100.0,100.0,100.0,High,100.0
Makalu View Point,27.55,87.1,Sankhuwasabha,7.0,15.0,10.0,2.0,9.0,0,0,0,100.0,95.0,98.0,High,100.0
Num Valley,27.58,87.15,Sankhuwasabha,5.0,12.0,5.0,3.0,8.0,0,1,0,95.0,85.0,89.0,High,100.0
Num Valley Trail,27.58,87.15,Sankhuwasabha,6.0,13.0,8.0,2.0,8.0,0,1,0,95.0,90.0,93.0,High,100.0
Num Village,27.55,87.25,Sankhuwasabha,4.0,8.0,3.0,3.0,6.0,1,1,0,90.0,65.0,75.0,High,100.0
Num Village Route,27.55,87.25,Sankhuwasabha,3.0,8.0,3.0,4.0,6.0,1,1,0,85.0,75.0,79.0,High,100.0
Num Village Trail,27.72,87.15,Sankhuwasabha,12.0,16.0,8.0,1.0,9.0,0,0,0,100.0,90.0,92.0,High,100.0
Numche Rural Route,27.76,87.17,Sankhuwasabha,12.0,16.0,8.0,1.0,9.0,0,0,0,100.0,90.0,92.0,High,100.0
Sankhuwasabha Arun River,27.5,87.1,Sankhuwasabha,5.0,2.0,0.0,18.0,3.0,3,3,1,80.0,80.0,80.0,High,100.0
Sankhuwasabha Arun Valley,27.55,87.25,Sankhuwasabha,5.0,12.0,5.0,8.0,7.0,0,1,0,95.0,90.0,93.0,High,100.0
Sankhuwasabha Makalu Village,27.8,87.2,Sankhuwasabha,14.0,18.0,12.0,1.0,9.0,0,0,0,100.0,95.0,95.0,High,100.0
Sankhuwasabha River Camp,27.45,87.2,Sankhuwasabha,5.0,4.0,0.0,14.0,4.0,3,3,1,75.0,70.0,73.0,High,100.0
Seduwa Village,27.6,87.2,Sankhuwasabha,8.0,12.0,5.0,3.0,8.0,5,5,2,70.0,75.0,78.0,High,100.0
Silichong Rural Trail,27.45,87.1,Sankhuwasabha,7.0,15.0,10.0,2.0,9.0,0,0,0,100.0,98.0,99.0,High,100.0
Silichung Base Area,27.7,87.1,Sankhuwasabha,15.0,18.0,15.0,2.0,9.0,0,0,0,100.0,95.0,93.0,High,100.0
Silichung Danda,27.6,87.0,Sankhuwasabha,10.0,20.0,20.0,1.0,10.0,0,0,0,100.0,100.0,100.0,High,100.0
Silichung Peak,27.5,87.05,Sankhuwasabha,8.0,15.0,10.0,2.0,8.0,0,0,0,100.0,95.0,97.0,High,100.0
Silichung Peak Route,27.5,87.05,Sankhuwasabha,8.0,15.0,12.0,2.0,9.0,0,0,0,100.0,100.0,100.0,High,100.0
Tumlingtar Airport,27.3,87.19,Sankhuwasabha,2.0,3.0,0.0,3.0,3.0,5,5,2,45.0,30.0,36.0,Medium,100.0
Tumlingtar Airport Area,27.3,87.19,Sankhuwasabha,2.0,3.0,0.0,5.0,4.0,12,10,3,35.0,35.0,35.0,Medium,100.0
Tumlingtar Area,27.3,87.2,Sankhuwasabha,3.0,4.0,0.0,8.0,5.0,30,25,10,25.0,45.0,48.0,Medium,100.0
Tumlingtar Riverside,27.3,87.2,Sankhuwasabha,3.0,4.0,0.0,10.0,4.0,30,25,10,30.0,50.0,52.0,Medium,100.0
Tumlingtar Rural Area,27.3,87.2,Sankhuwasabha,3.0,5.0,0.0,8.0,5.0,50,40,15,20.0,35.0,40.0,Medium,100.0
Tumlingtar View Point,27.3,87.19,Sankhuwasabha,1.0,3.0,0.0,3.0,3.0,10,8,2,30.0,25.0,27.0,Low,100.0
Yangle Kharka,27.7,87.25,Sankhuwasabha,12.0,16.0,10.0,2.0,9.0,0,0,0,100.0,90.0,92.0,High,100.0
Jungle Safari Route,27.25,85.95,Sindhuli,4.0,3.0,0.0,10.0,3.0,20,20,5,35.0,40.0,45.0,Medium,100.0
Kamalamai Sindhuli,27.25,85.97,Sindhuli,2.0,4.0,0.0,7.0,5.0,10,8,2,50.0,50.0,50.0,Medium,100.0
Marin Khola,27.25,85.9,Sindhuli,4.0,1.0,0.0,14.0,3.0,5,4,1,70.0,70.0,70.0,High,100.0
Marin Village,27.15,85.6,Sindhuli,2.0,4.0,0.0,7.0,5.0,15,15,5,40.0,35.0,40.0,Low,100.0
Sindhuli Gadhi,27.27,85.97,Sindhuli,1.0,3.0,0.0,5.0,5.0,12,10,3,35.0,35.0,35.0,Low,100.0
Sindhuli Gadhi Trail,27.27,85.97,Sindhuli,1.0,3.0,0.0,5.0,5.0,12,10,3,35.0,35.0,35.0,Low,100.0
Sindhuligadhi,27.25,85.95,Sindhuli,3.0,5.0,0.0,6.0,6.0,30,25,10,30.0,40.0,45.0,Medium,100.0
Ama Yangri Peak,28.07,85.65,Sindhupalchok,4.0,11.0,5.0,2.0,7.0,0,0,0,100.0,85.0,91.0,High,100.0
Balephi River,27.95,85.7,Sindhupalchok,6.0,2.0,0.0,16.0,4.0,3,3,1,80.0,75.0,78.0,High,100.0
Balephi Riverside,27.95,85.8,Sindhupalchok,3.0,5.0,0.0,15.0,5.0,30,25,10,30.0,55.0,58.0,Medium,100.0
Balephi Village,27.9,85.75,Sindhupalchok,4.0,8.0,0.0,10.0,8.0,20,15,5,45.0,65.0,65.0,Medium,100.0
Barhabise Bazaar,27.78,85.9,Sindhupalchok,2.0,5.0,0.0,7.0,5.0,5,5,1,55.0,55.0,55.0,Medium,100.0
Barhabise River Camp,27.95,85.89,Sindhupalchok,6.0,5.0,0.0,20.0,6.0,20,15,5,55.0,80.0,85.0,High,100.0
Barhabise Town,27.79,85.88,Sindhupalchok,3.0,5.0,0.0,12.0,6.0,40,30,10,30.0,55.0,58.0,Medium,100.0
Baruwa Rural Village,28.15,85.65,Sindhupalchok,5.0,9.0,2.0,5.0,7.0,10,8,3,65.0,70.0,72.0,High,100.0
Baruwa Village Route,28.15,85.65,Sindhupalchok,5.0,9.0,2.0,5.0,7.0,10,8,3,65.0,70.0,72.0,High,100.0
Baruwa Village Trail,28.15,85.65,Sindhupalchok,5.0,9.0,2.0,5.0,7.0,10,8,3,65.0,70.0,72.0,High,100.0
Bhairab Kunda Camp,27.95,86.1,Sindhupalchok,12.0,15.0,8.0,2.0,9.0,0,0,0,100.0,85.0,90.0,High,100.0
Bhairab Kunda Trail,28.2,85.7,Sindhupalchok,12.0,16.0,8.0,2.0,9.0,0,0,0,100.0,90.0,92.0,High,100.0
Bhairav Kunda,28.01,85.82,Sindhupalchok,8.0,15.0,5.0,4.0,10.0,0,0,0,100.0,90.0,88.0,High,100.0
Bhotang Rural Camp,28.05,85.7,Sindhupalchok,11.0,16.0,7.0,2.0,9.0,0,0,0,100.0,90.0,92.0,High,100.0
Bhotang Village,28.1,85.7,Sindhupalchok,5.0,12.0,4.0,3.0,8.0,0,1,0,95.0,85.0,89.0,High,100.0
Bhotang Village Route,28.05,85.7,Sindhupalchok,11.0,16.0,7.0,2.0,9.0,0,0,0,100.0,90.0,92.0,High,100.0
Bhotang Village Trail,28.05,85.7,Sindhupalchok,11.0,16.0,7.0,2.0,9.0,0,0,0,100.0,90.0,92.0,High,100.0
Bhote Koshi River Rafting,27.95,85.87,Sindhupalchok,7.0,9.0,0.0,6.0,5.0,1,2,1,65.0,70.0,67.0,High,100.0
Bhotekoshi River,27.95,85.95,Sindhupalchok,8.0,1.0,0.0,18.0,4.0,2,2,0,90.0,80.0,85.0,High,100.0
Bhotekoshi Riverside Camp,27.95,85.95,Sindhupalchok,6.0,8.0,0.0,18.0,6.0,20,15,5,55.0,75.0,78.0,High,100.0
Bungy Jumping The Last Resort,27.95,85.9,Sindhupalchok,6.0,8.0,0.0,4.0,6.0,1,2,1,70.0,60.0,64.0,High,100.0
Chautara Bazaar,27.78,85.72,Sindhupalchok,3.0,5.0,0.0,8.0,7.0,30,25,10,30.0,55.0,55.0,Medium,100.0
Chautara Rural View,27.78,85.71,Sindhupalchok,3.0,5.0,0.0,8.0,5.0,50,40,15,20.0,35.0,40.0,Medium,100.0
Chautara View Hill,27.78,85.71,Sindhupalchok,2.0,4.0,0.0,5.0,5.0,50,40,15,15.0,30.0,35.0,Low,100.0
Fulping Rural Area,27.95,85.65,Sindhupalchok,6.0,10.0,3.0,6.0,7.0,10,8,3,65.0,75.0,78.0,High,100.0
Fulpingkatti Trail,27.95,85.95,Sindhupalchok,7.0,10.0,2.0,12.0,7.0,10,10,3,65.0,75.0,80.0,High,100.0
Ghyangphedi Village,28.1,85.5,Sindhupalchok,5.0,12.0,5.0,3.0,8.0,0,0,0,90.0,85.0,87.0,High,100.0
Gosainkunda Helambu Route,28.05,85.45,Sindhupalchok,7.0,15.0,12.0,2.0,9.0,0,0,0,100.0,100.0,100.0,High,100.0
Gumba Village Trail,28.1,85.65,Sindhupalchok,6.0,10.0,3.0,6.0,7.0,10,8,3,65.0,75.0,78.0,High,100.0
Helambu Forest Route,28.02,85.6,Sindhupalchok,7.0,12.0,3.0,5.0,8.0,5,5,2,70.0,80.0,82.0,High,100.0
Helambu Melamchi Route,28.0,85.6,Sindhupalchok,10.0,15.0,6.0,3.0,8.0,0,0,0,100.0,85.0,88.0,High,100.0
Helambu Mountain Camp,28.02,85.6,Sindhupalchok,7.0,12.0,3.0,5.0,8.0,5,5,2,70.0,75.0,78.0,High,100.0
Helambu Pass,28.05,85.5,Sindhupalchok,7.0,15.0,10.0,2.0,9.0,0,0,0,100.0,95.0,98.0,High,100.0
Helambu Rural Route,28.02,85.6,Sindhupalchok,7.0,12.0,3.0,5.0,8.0,5,5,2,70.0,75.0,78.0,High,100.0
Helambu Rural Village,28.0,85.6,Sindhupalchok,8.0,13.0,4.0,5.0,8.0,5,5,2,70.0,80.0,82.0,High,100.0
Helambu Sermathang,28.05,85.58,Sindhupalchok,5.0,10.0,5.0,3.0,7.0,10,10,3,65.0,70.0,70.0,High,100.0
Helambu Trail,28.0,85.5,Sindhupalchok,6.0,14.0,10.0,2.0,9.0,0,0,0,100.0,95.0,98.0,High,100.0
Helambu Trek,28.05,85.55,Sindhupalchok,6.0,10.0,5.0,3.0,7.0,1,1,0,85.0,80.0,83.0,High,100.0
Helambu Trek Route,28.05,85.5,Sindhupalchok,7.0,15.0,10.0,2.0,9.0,0,0,0,100.0,95.0,98.0,High,100.0
Helambu Valley,28.05,85.55,Sindhupalchok,6.0,14.0,8.0,3.0,8.0,0,0,0,95.0,90.0,93.0,High,100.0
Helambu Village,28.05,85.52,Sindhupalchok,5.0,8.0,5.0,3.0,6.0,10,10,5,60.0,60.0,65.0,Medium,100.0
Helambu Village Trail,28.0,85.6,Sindhupalchok,8.0,12.0,6.0,2.0,8.0,5,5,2,75.0,80.0,82.0,High,100.0
Helambu Yangri Trail,28.0,85.6,Sindhupalchok,7.0,10.0,5.0,2.0,8.0,5,5,2,70.0,75.0,78.0,High,100.0
Indrawati River,27.95,85.7,Sindhupalchok,5.0,2.0,0.0,16.0,4.0,5,4,1,75.0,75.0,75.0,High,100.0
Indrawati River Trail,27.8,85.8,Sindhupalchok,5.0,3.0,0.0,18.0,5.0,30,25,10,40.0,65.0,70.0,High,100.0
Jalbire Waterfall,27.85,85.75,Sindhupalchok,3.0,6.0,0.0,10.0,5.0,30,25,10,35.0,50.0,55.0,Medium,100.0
Jugal Base Camp,28.05,85.85,Sindhupalchok,18.0,20.0,15.0,1.0,10.0,0,0,0,100.0,100.0,98.0,High,100.0
Jugal Himal,28.1,85.8,Sindhupalchok,9.0,18.0,15.0,1.0,10.0,0,0,0,100.0,100.0,100.0,High,100.0
Jugal Himal Base,28.1,85.8,Sindhupalchok,9.0,18.0,15.0,1.0,10.0,0,0,0,100.0,100.0,100.0,High,100.0
Jugal Himal Base Area,28.2,85.9,Sindhupalchok,15.0,18.0,12.0,2.0,10.0,0,0,0,100.0,95.0,92.0,High,100.0
Jugal Himal Base Camp,28.25,85.8,Sindhupalchok,20.0,20.0,20.0,0.0,10.0,0,0,0,100.0,100.0,99.0,High,100.0
Jugal Himal Camp,28.2,85.7,Sindhupalchok,17.0,20.0,15.0,0.0,10.0,0,0,0,100.0,100.0,98.0,High,100.0
Jugal Himal Glacier Route,28.3,85.85,Sindhupalchok,20.0,20.0,20.0,0.0,10.0,0,0,0,100.0,100.0,99.0,High,100.0
Jugal Himal Route,28.1,85.8,Sindhupalchok,9.0,18.0,15.0,1.0,10.0,0,0,0,100.0,100.0,100.0,High,100.0
Jugal Himal Rural Camp,28.2,85.7,Sindhupalchok,17.0,20.0,15.0,0.0,10.0,0,0,0,100.0,100.0,98.0,High,100.0
Jugal Himal Trail,28.05,85.85,Sindhupalchok,16.0,20.0,15.0,1.0,10.0,0,0,0,100.0,100.0,98.0,High,100.0
Jugal Himal Trek,28.25,85.8,Sindhupalchok,10.0,20.0,20.0,1.0,10.0,0,0,0,100.0,100.0,100.0,High,100.0
Lamosangu Lake,27.78,85.9,Sindhupalchok,2.0,3.0,0.0,12.0,5.0,40,30,10,25.0,45.0,48.0,Medium,100.0
Larcha Village,28.0,85.97,Sindhupalchok,4.0,10.0,3.0,6.0,7.0,1,1,0,90.0,80.0,84.0,High,100.0
Listikot Village,27.9,85.85,Sindhupalchok,7.0,12.0,4.0,5.0,8.0,5,5,2,70.0,75.0,75.0,High,100.0
Melamchi Area,28.13,85.57,Sindhupalchok,4.0,6.0,0.0,12.0,7.0,30,25,10,35.0,60.0,60.0,Medium,100.0
Melamchi Bazaar,28.13,85.57,Sindhupalchok,2.0,6.0,0.0,8.0,5.0,5,5,1,55.0,55.0,55.0,Medium,100.0
Melamchi Gaun,28.15,85.6,Sindhupalchok,4.0,7.0,0.0,10.0,6.0,20,15,5,40.0,65.0,65.0,Medium,100.0
Melamchi Gaun Route,28.12,85.58,Sindhupalchok,5.0,9.0,2.0,15.0,7.0,20,15,5,50.0,65.0,68.0,High,100.0
Melamchi River,28.0,85.6,Sindhupalchok,5.0,2.0,0.0,16.0,4.0,3,3,1,80.0,75.0,78.0,High,100.0
Melamchi Rural Route,28.12,85.58,Sindhupalchok,4.0,8.0,0.0,15.0,6.0,30,25,10,40.0,60.0,65.0,High,100.0
Melamchi Rural Valley,28.12,85.58,Sindhupalchok,5.0,9.0,2.0,15.0,7.0,20,15,5,50.0,65.0,68.0,High,100.0
Melamchi Source Trail,28.15,85.6,Sindhupalchok,6.0,10.0,3.0,8.0,7.0,10,10,3,65.0,75.0,78.0,High,100.0
Melamchi Trek Route,28.12,85.55,Sindhupalchok,4.0,10.0,4.0,5.0,7.0,0,1,0,90.0,80.0,84.0,High,100.0
Melamchi Valley,27.95,85.58,Sindhupalchok,5.0,12.0,6.0,15.0,8.0,2,2,0,85.0,90.0,88.0,High,100.0
Melamchi Waterfall,28.12,85.57,Sindhupalchok,3.0,7.0,0.0,10.0,5.0,4,4,1,60.0,65.0,63.0,Medium,100.0
Melinchok View,27.95,85.7,Sindhupalchok,5.0,8.0,0.0,6.0,6.0,15,10,3,55.0,65.0,70.0,High,100.0
Panch Pokhari,28.0,85.62,Sindhupalchok,5.0,12.0,4.0,3.0,8.0,0,0,0,100.0,82.0,89.0,High,100.0
Panch Pokhari Camp,28.0,85.65,Sindhupalchok,15.0,18.0,10.0,2.0,10.0,0,0,0,100.0,95.0,95.0,High,100.0
Panch Pokhari Lake,28.0,85.62,Sindhupalchok,7.0,15.0,9.0,2.0,9.0,0,0,0,100.0,98.0,99.0,High,100.0
Panch Pokhari Remote Trail,28.0,85.7,Sindhupalchok,15.0,18.0,10.0,1.0,9.0,0,0,0,100.0,95.0,95.0,High,100.0
Panch Pokhari Rural Camp,28.0,85.7,Sindhupalchok,14.0,18.0,10.0,2.0,9.0,0,0,0,100.0,95.0,95.0,High,100.0
Panch Pokhari Sindhupalchok,28.0,85.7,Sindhupalchok,8.0,16.0,13.0,2.0,10.0,0,0,0,100.0,100.0,100.0,High,100.0
Panch Pokhari Trail,28.0,85.62,Sindhupalchok,5.0,12.0,5.0,3.0,8.0,0,1,0,95.0,90.0,92.0,High,100.0
Panch Pokhari Trail Camp,28.05,85.6,Sindhupalchok,10.0,15.0,8.0,4.0,10.0,0,0,0,100.0,90.0,88.0,High,100.0
Panch Pokhari Trek Camp,28.0,85.6,Sindhupalchok,8.0,17.0,14.0,2.0,10.0,0,0,0,100.0,100.0,100.0,High,100.0
Panch Pokhari Upper Camp,28.22,85.72,Sindhupalchok,16.0,20.0,12.0,1.0,10.0,0,0,0,100.0,95.0,95.0,High,100.0
Panch Pokhari Upper Trail,28.0,85.65,Sindhupalchok,15.0,18.0,10.0,2.0,10.0,0,0,0,100.0,95.0,95.0,High,100.0
Sermathang Village,28.06,85.6,Sindhupalchok,5.0,8.0,3.0,3.0,7.0,10,5,2,60.0,70.0,72.0,High,100.0
Sermathang Village Trail,28.02,85.58,Sindhupalchok,4.0,7.0,0.0,4.0,5.0,25,20,5,45.0,55.0,60.0,Medium,100.0
Sundari Dada,27.95,85.9,Sindhupalchok,3.0,6.0,0.0,4.0,5.0,2,2,0,75.0,55.0,63.0,Medium,100.0
Tarke Gyang,28.05,85.52,Sindhupalchok,6.0,14.0,8.0,2.0,9.0,0,0,0,95.0,90.0,93.0,High,100.0
Tarke Gyang Village,28.03,85.58,Sindhupalchok,8.0,12.0,5.0,2.0,8.0,5,5,2,70.0,75.0,78.0,High,100.0
Tarkeghyang Monastery,28.05,85.58,Sindhupalchok,6.0,10.0,5.0,2.0,7.0,5,5,2,65.0,70.0,72.0,High,100.0
Tarkeghyang Village,28.05,85.58,Sindhupalchok,6.0,10.0,5.0,2.0,7.0,5,5,2,65.0,70.0,72.0,High,100.0
Tarkeghyang Village Trail,28.02,85.55,Sindhupalchok,10.0,15.0,6.0,3.0,9.0,0,0,0,100.0,90.0,92.0,High,100.0
Tatopani Border,27.99,85.97,Sindhupalchok,4.0,8.0,2.0,8.0,6.0,2,2,0,70.0,75.0,73.0,High,100.0
Tatopani Border Area,27.95,85.95,Sindhupalchok,3.0,6.0,0.0,10.0,5.0,8,7,2,60.0,65.0,62.0,Medium,100.0
Tatopani Border Trail,27.95,85.95,Sindhupalchok,4.0,7.0,0.0,15.0,6.0,30,25,10,35.0,60.0,62.0,Medium,100.0
Tatopani Hot Spring,27.95,85.95,Sindhupalchok,3.0,4.0,0.0,15.0,5.0,5,4,1,65.0,70.0,68.0,High,100.0
Tatopani Rural Area,27.98,85.92,Sindhupalchok,3.0,5.0,0.0,12.0,5.0,50,40,15,20.0,40.0,45.0,Medium,100.0
Tatopani Sindhupalchok,27.95,85.97,Sindhupalchok,6.0,12.0,2.0,8.0,8.0,20,20,5,45.0,65.0,65.0,Medium,100.0
Thadepati Pass,28.02,85.48,Sindhupalchok,6.0,14.0,10.0,1.0,8.0,0,0,0,100.0,95.0,98.0,High,100.0
Thangpal Rural Area,28.05,85.65,Sindhupalchok,4.0,8.0,0.0,7.0,6.0,20,15,5,50.0,65.0,68.0,High,100.0
Thangpal Village Area,28.05,85.65,Sindhupalchok,4.0,8.0,0.0,7.0,6.0,20,15,5,50.0,65.0,68.0,High,100.0
Tharepati Mountain Route,28.03,85.58,Sindhupalchok,10.0,15.0,6.0,2.0,8.0,5,5,2,75.0,80.0,82.0,High,100.0
Tharepati Rural Trail,28.03,85.58,Sindhupalchok,10.0,15.0,6.0,2.0,8.0,5,5,2,75.0,80.0,82.0,High,100.0
Yarsa Rural Route,28.1,85.7,Sindhupalchok,7.0,12.0,3.0,4.0,8.0,5,5,2,70.0,75.0,78.0,High,100.0
Yarsa Trail,28.1,85.65,Sindhupalchok,7.0,15.0,10.0,2.0,9.0,0,0,0,100.0,95.0,98.0,High,100.0
Yarsa Trail Area,28.05,85.8,Sindhupalchok,6.0,13.0,6.0,2.0,8.0,0,0,0,100.0,90.0,96.0,High,100.0
Yarsa Village Trail,28.1,85.7,Sindhupalchok,7.0,12.0,3.0,4.0,8.0,5,5,2,70.0,75.0,78.0,High,100.0
Yarsha Khola Route,28.2,85.75,Sindhupalchok,15.0,18.0,12.0,1.0,10.0,0,0,0,100.0,95.0,95.0,High,100.0
Yarshagumba Rural Camp,28.05,85.75,Sindhupalchok,18.0,20.0,15.0,0.0,10.0,0,0,0,100.0,100.0,98.0,High,100.0
Lamjura Pass,27.6,86.55,Solu,15.0,18.0,12.0,0.0,10.0,0,0,0,100.0,95.0,95.0,High,100.0
Ama Dablam Base Camp,27.86,86.86,Solukhumbu,8.0,12.0,10.0,1.0,7.0,0,0,0,100.0,92.0,95.0,High,100.0
Amadablam Base Area,27.86,86.85,Solukhumbu,8.0,16.0,14.0,1.0,10.0,0,0,0,100.0,100.0,100.0,High,100.0
Amphu Labtsa Pass,27.85,86.95,Solukhumbu,10.0,18.0,17.0,1.0,10.0,0,0,0,100.0,100.0,100.0,High,100.0
Amphu Lapcha Route,27.85,86.9,Solukhumbu,20.0,20.0,20.0,0.0,10.0,0,0,0,100.0,100.0,99.0,High,100.0
Bung Village Trail,27.6,86.75,Solukhumbu,9.0,15.0,6.0,1.0,9.0,5,5,2,80.0,85.0,88.0,High,100.0
Bupsa Rural Camp,27.62,86.65,Solukhumbu,7.0,11.0,3.0,4.0,7.0,10,8,3,65.0,70.0,72.0,High,100.0
Bupsa Village Route,27.62,86.65,Solukhumbu,7.0,11.0,3.0,4.0,7.0,10,8,3,65.0,70.0,72.0,High,100.0
Bupsa Village Trail,27.7,86.72,Solukhumbu,7.0,12.0,5.0,2.0,8.0,0,0,0,90.0,80.0,85.0,High,100.0
Chaulakharka Rural Area,27.6,86.55,Solukhumbu,9.0,14.0,5.0,2.0,8.0,5,5,2,70.0,80.0,82.0,High,100.0
Chaurikharka,27.72,86.72,Solukhumbu,6.0,10.0,4.0,2.0,7.0,5,5,2,65.0,70.0,72.0,High,100.0
Chaurikharka Rural Area,27.72,86.72,Solukhumbu,6.0,10.0,3.0,2.0,7.0,10,8,3,65.0,70.0,72.0,High,100.0
Chaurikharka Village,27.7,86.72,Solukhumbu,5.0,8.0,3.0,2.0,7.0,10,10,3,60.0,70.0,72.0,High,100.0
Cheskam Village Homestay,27.52,86.7,Solukhumbu,7.0,12.0,5.0,2.0,8.0,12,8,3,70.0,75.0,78.0,High,100.0
Chhukung Valley,27.9,86.85,Solukhumbu,20.0,18.0,18.0,1.0,10.0,0,0,0,100.0,100.0,98.0,High,100.0
Chiwang Monastery,27.7,86.72,Solukhumbu,3.0,5.0,0.0,2.0,5.0,20,15,5,35.0,45.0,50.0,Medium,100.0
Chiwong Monastery,27.6,86.58,Solukhumbu,2.0,5.0,2.0,2.0,5.0,1,1,0,75.0,55.0,63.0,Medium,100.0
Cho La Pass,27.95,86.65,Solukhumbu,10.0,18.0,16.0,1.0,10.0,0,0,0,100.0,100.0,100.0,High,100.0
Dingboche Valley,27.89,86.83,Solukhumbu,14.0,18.0,12.0,0.0,10.0,0,0,0,100.0,95.0,95.0,High,100.0
Dingboche Village,27.89,86.83,Solukhumbu,7.0,10.0,9.0,1.0,6.0,0,0,0,100.0,85.0,91.0,High,100.0
Dole Village,27.92,86.71,Solukhumbu,5.0,12.0,8.0,1.0,8.0,0,0,0,100.0,95.0,98.0,High,100.0
Dole Village Camp,27.9,86.72,Solukhumbu,9.0,14.0,5.0,1.0,8.0,5,5,2,70.0,80.0,82.0,High,100.0
Dole Village Trail,27.9,86.72,Solukhumbu,9.0,14.0,5.0,1.0,8.0,5,5,2,70.0,80.0,82.0,High,100.0
Dudh Kund Lake,27.7,86.6,Solukhumbu,15.0,18.0,12.0,0.0,10.0,0,0,0,100.0,95.0,95.0,High,100.0
Dudh Kunda Trail,27.55,86.5,Solukhumbu,8.0,16.0,12.0,1.0,9.0,0,0,0,100.0,100.0,100.0,High,100.0
Dudhkunda Lake,27.55,86.5,Solukhumbu,8.0,16.0,12.0,1.0,10.0,0,0,0,100.0,100.0,100.0,High,100.0
Everest Base Camp,27.9881,86.925,Solukhumbu,20.0,7.0,15.0,2.0,8.0,3,3,1,50.0,100.0,80.0,High,100.0
Everest Base Camp South,27.9881,86.925,Solukhumbu,20.0,7.0,15.0,2.0,8.0,3,3,1,50.0,100.0,80.0,High,100.0
Everest Region Trek Camp,27.95,86.85,Solukhumbu,10.0,20.0,20.0,1.0,10.0,0,0,0,100.0,100.0,100.0,High,100.0
Everest Three Pass Route,27.95,86.7,Solukhumbu,10.0,18.0,17.0,1.0,10.0,0,0,0,100.0,100.0,100.0,High,100.0
Everest View Hotel,27.96,86.82,Solukhumbu,8.0,17.0,15.0,1.0,10.0,0,0,0,100.0,100.0,100.0,High,100.0
Everest View Hotel Area,27.97,86.74,Solukhumbu,3.0,8.0,5.0,1.0,6.0,0,0,0,100.0,80.0,88.0,High,100.0
Everest View Hotel Route,27.96,86.73,Solukhumbu,5.0,10.0,7.0,1.0,9.0,1,1,0,90.0,95.0,92.0,High,100.0
Everest View Hotel Trail,27.97,86.74,Solukhumbu,10.0,15.0,8.0,1.0,9.0,0,0,0,100.0,90.0,92.0,High,100.0
Gokyo Lake,27.95,86.69,Solukhumbu,18.0,15.0,15.0,1.0,8.0,0,0,0,100.0,95.0,92.0,High,100.0
Gokyo Lake Route,27.95,86.69,Solukhumbu,15.0,18.0,12.0,0.0,10.0,0,0,0,100.0,100.0,97.0,High,100.0
Gokyo Lake Rural Route,27.95,86.7,Solukhumbu,16.0,20.0,15.0,0.0,10.0,0,0,0,100.0,100.0,98.0,High,100.0
Gokyo Lakes,27.95,86.7,Solukhumbu,8.0,17.0,14.0,1.0,10.0,0,0,0,100.0,100.0,100.0,High,100.0
Gokyo Ri,27.96,86.69,Solukhumbu,9.0,17.0,14.0,1.0,10.0,0,0,0,100.0,100.0,100.0,High,100.0
Gokyo Rural Lake Route,27.95,86.7,Solukhumbu,16.0,20.0,15.0,0.0,10.0,0,0,0,100.0,100.0,98.0,High,100.0
Gokyo Valley,27.95,86.7,Solukhumbu,18.0,20.0,15.0,0.0,10.0,0,0,0,100.0,100.0,98.0,High,100.0
Gorak Shep,28.0,86.85,Solukhumbu,10.0,20.0,20.0,1.0,10.0,0,0,0,100.0,100.0,100.0,High,100.0
Gudeldanda Rural Route,27.52,86.65,Solukhumbu,5.0,9.0,2.0,4.0,7.0,10,8,3,65.0,70.0,72.0,High,100.0
Hinku Valley,27.65,86.85,Solukhumbu,12.0,16.0,8.0,2.0,9.0,0,0,0,100.0,90.0,92.0,High,100.0
Imja Lake,27.9,86.93,Solukhumbu,6.0,14.0,12.0,3.0,8.0,0,0,0,100.0,95.0,97.0,High,100.0
Imja Valley,27.89,86.93,Solukhumbu,10.0,20.0,20.0,1.0,10.0,0,0,0,100.0,100.0,100.0,High,100.0
Island Peak Base Camp,27.92,86.93,Solukhumbu,20.0,18.0,20.0,1.0,10.0,0,0,0,100.0,100.0,98.0,High,100.0
Jorsale Village,27.78,86.73,Solukhumbu,4.0,10.0,4.0,2.0,8.0,0,0,0,85.0,85.0,85.0,High,100.0
Jubing Community Trail,27.58,86.65,Solukhumbu,6.0,10.0,3.0,3.0,7.0,10,8,3,65.0,70.0,72.0,High,100.0
Jubing Village Trail,27.6,86.65,Solukhumbu,6.0,11.0,3.0,2.0,7.0,10,8,3,65.0,70.0,72.0,High,100.0
Junbesi Monastery,27.62,86.58,Solukhumbu,4.0,8.0,2.0,3.0,6.0,10,10,3,55.0,65.0,70.0,High,100.0
Junbesi Rural Route,27.6,86.58,Solukhumbu,4.0,7.0,0.0,4.0,6.0,20,15,5,50.0,60.0,65.0,High,100.0
Junbesi Rural Settlement,27.6,86.58,Solukhumbu,4.0,7.0,0.0,4.0,6.0,20,15,5,50.0,60.0,65.0,High,100.0
Junbesi Village,27.57,86.6,Solukhumbu,3.0,8.0,3.0,2.0,6.0,1,1,0,85.0,70.0,76.0,High,100.0
Kaku Village Viewpoint,27.58,86.65,Solukhumbu,3.0,6.0,0.0,2.0,6.0,20,15,5,45.0,55.0,60.0,Medium,100.0
Kala Patthar,27.98,86.83,Solukhumbu,10.0,18.0,15.0,1.0,10.0,0,0,0,100.0,100.0,100.0,High,100.0
Kala Patthar Route,27.99,86.83,Solukhumbu,20.0,20.0,20.0,0.0,10.0,0,0,0,100.0,100.0,99.0,High,100.0
Kangtega View,27.9,86.85,Solukhumbu,12.0,16.0,10.0,1.0,9.0,0,0,0,100.0,90.0,92.0,High,100.0
Kharikhola Rural Area,27.65,86.7,Solukhumbu,8.0,12.0,4.0,3.0,8.0,5,5,2,70.0,75.0,78.0,High,100.0
Kharikhola Village,27.65,86.68,Solukhumbu,6.0,10.0,4.0,2.0,7.0,5,5,2,65.0,70.0,72.0,High,100.0
Kharikhola Village Trail,27.65,86.7,Solukhumbu,8.0,12.0,4.0,3.0,8.0,5,5,2,70.0,75.0,78.0,High,100.0
Khumbu Glacier,27.95,86.85,Solukhumbu,10.0,20.0,20.0,1.0,10.0,0,0,0,100.0,100.0,100.0,High,100.0
Khumbu Rural Settlement,27.9,86.7,Solukhumbu,14.0,18.0,12.0,0.0,10.0,0,0,0,100.0,95.0,95.0,High,100.0
Khumjung Rural Area,27.83,86.72,Solukhumbu,7.0,11.0,4.0,1.0,8.0,5,5,2,70.0,75.0,78.0,High,100.0
Khumjung Village,27.83,86.73,Solukhumbu,4.0,8.0,6.0,1.0,5.0,0,1,0,90.0,70.0,78.0,High,100.0
Kongde Peak Trail,27.85,86.7,Solukhumbu,10.0,20.0,20.0,1.0,10.0,0,0,0,100.0,100.0,100.0,High,100.0
Kongde View,27.78,86.69,Solukhumbu,7.0,15.0,12.0,1.0,10.0,0,0,0,100.0,100.0,100.0,High,100.0
Kongde View Point,27.85,86.65,Solukhumbu,12.0,16.0,10.0,0.0,9.0,0,0,0,100.0,90.0,92.0,High,100.0
Kongde Viewpoint,27.85,86.7,Solukhumbu,8.0,17.0,15.0,1.0,10.0,0,0,0,100.0,100.0,100.0,High,100.0
Kongma La Pass,27.95,86.82,Solukhumbu,10.0,20.0,20.0,1.0,10.0,0,0,0,100.0,100.0,100.0,High,100.0
Lamjura Pass,27.6,86.5,Solukhumbu,8.0,17.0,14.0,1.0,10.0,0,0,0,100.0,100.0,100.0,High,100.0
Lobuche Camp,27.95,86.82,Solukhumbu,18.0,20.0,18.0,0.0,10.0,0,0,0,100.0,100.0,99.0,High,100.0
Lobuche Village,27.95,86.81,Solukhumbu,8.0,16.0,13.0,1.0,9.0,0,0,0,100.0,100.0,100.0,High,100.0
Lukla Airport,27.686,86.73,Solukhumbu,15.0,3.0,2.0,1.0,5.0,1,2,1,70.0,65.0,75.0,High,100.0
Lukla Airport Area,27.687,86.731,Solukhumbu,5.0,5.0,2.0,1.0,6.0,3,3,1,65.0,55.0,59.0,Medium,100.0
Lukla Airport Trail,27.686,86.73,Solukhumbu,4.0,6.0,3.0,1.0,6.0,20,15,5,45.0,60.0,65.0,Medium,100.0
Lukla Rural Route,27.687,86.731,Solukhumbu,5.0,8.0,2.0,2.0,6.0,20,15,5,50.0,65.0,68.0,High,100.0
Lukla Rural Trail,27.687,86.731,Solukhumbu,5.0,8.0,2.0,2.0,6.0,20,15,5,50.0,65.0,68.0,High,100.0
Lukla Village,27.687,86.731,Solukhumbu,5.0,8.0,3.0,1.0,6.0,20,15,5,55.0,60.0,65.0,Medium,100.0
Machhermo Rural Camp,27.95,86.73,Solukhumbu,12.0,16.0,8.0,0.0,9.0,0,0,0,100.0,90.0,92.0,High,100.0
Machhermo Village,27.95,86.73,Solukhumbu,6.0,13.0,9.0,1.0,8.0,0,0,0,100.0,98.0,99.0,High,100.0
Mahakulung Village Route,27.6,86.75,Solukhumbu,11.0,15.0,7.0,2.0,9.0,0,0,0,100.0,90.0,92.0,High,100.0
Mahakulung Village Trail,27.6,86.75,Solukhumbu,11.0,15.0,7.0,2.0,9.0,0,0,0,100.0,90.0,92.0,High,100.0
Mahalangur Himal Route,27.95,86.9,Solukhumbu,10.0,18.0,16.0,1.0,10.0,0,0,0,100.0,100.0,100.0,High,100.0
Mera La Pass,27.7,86.9,Solukhumbu,10.0,20.0,20.0,1.0,10.0,0,0,0,100.0,100.0,100.0,High,100.0
Mera Peak Base Camp,27.7,86.92,Solukhumbu,9.0,15.0,13.0,1.0,8.0,0,0,0,100.0,98.0,99.0,High,100.0
Mera Peak Route,27.7,86.9,Solukhumbu,18.0,20.0,15.0,0.0,10.0,0,0,0,100.0,100.0,98.0,High,100.0
Mera Trail Village,27.65,86.9,Solukhumbu,8.0,17.0,15.0,1.0,10.0,0,0,0,100.0,100.0,100.0,High,100.0
Monjo Rural Area,27.76,86.73,Solukhumbu,4.0,7.0,0.0,3.0,6.0,20,15,5,50.0,60.0,65.0,High,100.0
Monjo Village,27.77,86.73,Solukhumbu,3.0,7.0,3.0,2.0,6.0,1,1,0,75.0,70.0,73.0,High,100.0
Monjo Village Route,27.76,86.73,Solukhumbu,4.0,7.0,0.0,3.0,6.0,20,15,5,50.0,60.0,65.0,High,100.0
Namche Bazaar,27.805,86.71,Solukhumbu,15.0,10.0,12.0,1.0,7.0,0,5,0,90.0,80.0,85.0,High,100.0
Namche Bazaar Ridge,27.805,86.71,Solukhumbu,5.0,8.0,3.0,2.0,7.0,10,10,3,60.0,70.0,72.0,High,100.0
Namche Rural Area,27.81,86.71,Solukhumbu,8.0,12.0,6.0,1.0,8.0,0,0,0,100.0,85.0,88.0,High,100.0
Namche Rural Trail,27.8,86.72,Solukhumbu,8.0,12.0,5.0,1.0,8.0,5,5,2,70.0,75.0,78.0,High,100.0
Necha Rural Tourism Area,27.45,86.58,Solukhumbu,2.0,5.0,0.0,4.0,5.0,30,25,10,35.0,45.0,50.0,Medium,100.0
Necha Rural Trail,27.45,86.58,Solukhumbu,4.0,7.0,0.0,5.0,5.0,20,15,5,45.0,55.0,60.0,Medium,100.0
Nuptse View Point,27.96,86.84,Solukhumbu,10.0,20.0,20.0,1.0,10.0,0,0,0,100.0,100.0,100.0,High,100.0
Paiya Rural Trail,27.62,86.6,Solukhumbu,5.0,9.0,2.0,5.0,7.0,15,10,3,60.0,70.0,72.0,High,100.0
Paiya Village,27.62,86.65,Solukhumbu,5.0,8.0,3.0,2.0,6.0,5,5,2,60.0,65.0,68.0,Medium,100.0
Paiya Village Route,27.62,86.6,Solukhumbu,5.0,9.0,2.0,5.0,7.0,15,10,3,60.0,70.0,72.0,High,100.0
Panch Pokhari Solukhumbu,27.7,86.7,Solukhumbu,10.0,15.0,6.0,2.0,8.0,0,0,0,100.0,85.0,88.0,High,100.0
Panchan Village Route,27.45,86.55,Solukhumbu,4.0,7.0,0.0,5.0,5.0,20,15,5,45.0,55.0,60.0,Medium,100.0
Pangboche Village,27.85,86.78,Solukhumbu,10.0,15.0,8.0,1.0,9.0,0,0,0,100.0,90.0,92.0,High,100.0
Pawai Rural Route,27.55,86.85,Solukhumbu,5.0,10.0,3.0,3.0,7.0,10,8,3,65.0,70.0,72.0,High,100.0
Phakding Rural Trail,27.75,86.72,Solukhumbu,5.0,8.0,2.0,3.0,6.0,15,10,3,55.0,65.0,68.0,High,100.0
Phakding Village,27.74,86.72,Solukhumbu,3.0,7.0,3.0,2.0,5.0,2,2,0,75.0,60.0,66.0,High,100.0
Phakding Village Route,27.75,86.72,Solukhumbu,5.0,8.0,2.0,3.0,6.0,15,10,3,55.0,65.0,68.0,High,100.0
Phaplu Airport,27.52,86.59,Solukhumbu,3.0,5.0,0.0,4.0,6.0,5,4,1,60.0,60.0,60.0,Medium,100.0
Phaplu Airport Area,27.52,86.59,Solukhumbu,2.0,4.0,0.0,3.0,5.0,40,30,10,20.0,35.0,40.0,Medium,100.0
Phaplu Trail,27.52,86.59,Solukhumbu,3.0,8.0,2.0,4.0,7.0,2,1,0,70.0,75.0,73.0,High,100.0
Pheriche Village,27.9,86.82,Solukhumbu,6.0,12.0,9.0,1.0,8.0,0,0,0,100.0,90.0,96.0,High,100.0
Phortse Rural Trail,27.85,86.75,Solukhumbu,10.0,15.0,6.0,0.0,9.0,0,0,0,100.0,90.0,92.0,High,100.0
Phortse Village,27.86,86.75,Solukhumbu,8.0,12.0,5.0,2.0,8.0,5,5,2,70.0,75.0,78.0,High,100.0
Phortse Village Trail,27.85,86.75,Solukhumbu,10.0,15.0,6.0,0.0,9.0,0,0,0,100.0,90.0,92.0,High,100.0
Pike Peak,27.6,86.6,Solukhumbu,7.0,15.0,10.0,2.0,9.0,0,0,0,100.0,95.0,98.0,High,100.0
Pike Peak Route,27.6,86.6,Solukhumbu,7.0,15.0,10.0,2.0,9.0,0,0,0,100.0,95.0,98.0,High,100.0
Pike Peak Trail,27.6,86.55,Solukhumbu,14.0,18.0,10.0,1.0,9.0,0,0,0,100.0,90.0,92.0,High,100.0
Pikey Peak,27.65,86.5,Solukhumbu,8.0,10.0,6.0,2.0,7.0,5,5,2,70.0,70.0,72.0,High,100.0
Pikey Peak Lower Camp,27.65,86.62,Solukhumbu,12.0,16.0,8.0,2.0,9.0,0,0,0,100.0,90.0,92.0,High,100.0
Pikey Peak Rural Route,27.65,86.58,Solukhumbu,12.0,16.0,8.0,1.0,9.0,0,0,0,100.0,90.0,92.0,High,100.0
Pikey Peak Trail,27.65,86.58,Solukhumbu,12.0,16.0,8.0,1.0,9.0,0,0,0,100.0,90.0,92.0,High,100.0
Pumori Base Camp,27.92,86.82,Solukhumbu,10.0,20.0,20.0,1.0,10.0,0,0,0,100.0,100.0,100.0,High,100.0
Renjo La Pass,27.98,86.62,Solukhumbu,9.0,17.0,15.0,1.0,10.0,0,0,0,100.0,100.0,100.0,High,100.0
Ringmo Village,27.6,86.6,Solukhumbu,6.0,10.0,4.0,2.0,7.0,5,5,2,65.0,70.0,72.0,High,100.0
Ringmo Village Route,27.62,86.55,Solukhumbu,6.0,10.0,3.0,3.0,7.0,10,8,3,65.0,70.0,72.0,High,100.0
Ringmo Village Trail,27.62,86.55,Solukhumbu,6.0,10.0,3.0,3.0,7.0,10,8,3,65.0,70.0,72.0,High,100.0
Sagarmatha National Park,27.95,86.8,Solukhumbu,8.0,16.0,14.0,2.0,10.0,0,0,0,100.0,100.0,100.0,High,100.0
Salleri Bazaar,27.5,86.58,Solukhumbu,2.0,4.0,0.0,4.0,4.0,8,6,2,40.0,35.0,37.0,Medium,100.0
Solu Junbesi Village,27.58,86.6,Solukhumbu,8.0,12.0,5.0,2.0,7.0,5,5,2,70.0,75.0,78.0,High,100.0
Solu River Valley,27.6,86.7,Solukhumbu,7.0,14.0,8.0,3.0,9.0,0,0,0,100.0,95.0,98.0,High,100.0
Surke Village,27.62,86.72,Solukhumbu,6.0,10.0,3.0,2.0,7.0,5,5,2,65.0,70.0,72.0,High,100.0
Surke Village Route,27.68,86.75,Solukhumbu,4.0,7.0,0.0,3.0,6.0,20,15,5,50.0,60.0,65.0,High,100.0
Surke Village Trail,27.68,86.75,Solukhumbu,4.0,7.0,0.0,3.0,6.0,20,15,5,50.0,60.0,65.0,High,100.0
Taklung Village Route,27.42,86.62,Solukhumbu,4.0,8.0,2.0,3.0,6.0,20,15,5,45.0,55.0,60.0,Medium,100.0
Taksindu Monastery,27.58,86.62,Solukhumbu,3.0,8.0,2.0,3.0,7.0,1,1,0,75.0,75.0,75.0,High,100.0
Tengboche Monastery,27.84,86.76,Solukhumbu,8.0,9.0,10.0,1.0,7.0,0,0,0,100.0,90.0,92.0,High,100.0
Thame Monastery,27.95,86.72,Solukhumbu,3.0,8.0,3.0,2.0,6.0,0,1,0,85.0,70.0,76.0,High,100.0
Thame Valley,27.95,86.7,Solukhumbu,5.0,11.0,7.0,2.0,7.0,0,1,0,95.0,85.0,89.0,High,100.0
Thame Village,27.95,86.71,Solukhumbu,5.0,9.0,7.0,2.0,6.0,0,0,0,100.0,78.0,89.0,High,100.0
Thame Village Route,27.95,86.72,Solukhumbu,11.0,16.0,8.0,0.0,9.0,0,0,0,100.0,90.0,92.0,High,100.0
Thukla Pass,27.89,86.82,Solukhumbu,8.0,16.0,13.0,1.0,9.0,0,0,0,100.0,100.0,100.0,High,100.0
Thulung Dudhkoshi Area,27.7,86.7,Solukhumbu,8.0,17.0,14.0,1.0,10.0,0,0,0,100.0,100.0,100.0,High,100.0
Thupten Chholing Monastery,27.6,86.57,Solukhumbu,2.0,5.0,0.0,3.0,5.0,3,2,1,50.0,50.0,50.0,Medium,100.0
Thyangboche Camp,27.84,86.77,Solukhumbu,7.0,15.0,12.0,1.0,10.0,0,0,0,100.0,100.0,100.0,High,100.0
Baraha Area Trail,26.85,87.2,Sunsari,1.0,1.0,0.0,12.0,3.0,50,40,15,10.0,35.0,38.0,Medium,100.0
Baraha Chhetra River Area,26.85,87.15,Sunsari,3.0,0.0,0.0,10.0,2.0,12,10,3,40.0,40.0,40.0,Medium,100.0
Baraha Kshetra,26.85,87.15,Sunsari,1.0,1.0,0.0,8.0,2.0,15,12,3,30.0,35.0,32.0,Low,100.0
Barahachhetra,26.8,87.17,Sunsari,2.0,0.0,0.0,12.0,3.0,20,15,5,45.0,50.0,48.0,Medium,100.0
Barahachhetra Temple,26.85,87.2,Sunsari,1.0,1.0,0.0,12.0,3.0,50,40,15,10.0,35.0,38.0,Medium,100.0
Bhedetar View Tower,26.81,87.3,Sunsari,1.0,3.0,0.0,5.0,3.0,60,50,20,5.0,20.0,25.0,Low,100.0
Bijayapur Hill,26.82,87.27,Sunsari,2.0,3.0,0.0,3.0,5.0,20,15,5,30.0,30.0,30.0,Low,100.0
Budha Subba Temple,26.81,87.27,Sunsari,1.0,1.0,0.0,2.0,2.0,15,12,3,20.0,15.0,18.0,Low,100.0
Budhasubba Temple,26.82,87.27,Sunsari,1.0,1.0,0.0,3.0,4.0,25,20,6,10.0,15.0,12.0,Low,100.0
Budhasubba Temple Area,26.82,87.27,Sunsari,1.0,1.0,0.0,3.0,4.0,25,20,6,10.0,15.0,12.0,Low,100.0
Chatara Ghat,26.86,87.16,Sunsari,4.0,0.0,0.0,15.0,2.0,10,8,2,60.0,60.0,60.0,Medium,100.0
Dharan Bhedetar,26.8,87.28,Sunsari,1.0,3.0,0.0,2.0,3.0,20,15,5,15.0,20.0,17.0,Low,100.0
Dharan Bhedetar Hill,26.81,87.3,Sunsari,2.0,4.0,0.0,6.0,4.0,60,50,20,10.0,25.0,30.0,Low,100.0
Dharan Bhedetar Road,26.81,87.28,Sunsari,3.0,3.0,0.0,5.0,5.0,25,20,5,35.0,40.0,38.0,Medium,100.0
Dharan Clock Tower,26.81,87.28,Sunsari,0.0,0.0,0.0,2.0,2.0,20,15,5,10.0,10.0,10.0,Low,100.0
Dharan Forest Route,26.81,87.28,Sunsari,3.0,5.0,0.0,6.0,4.0,50,40,15,20.0,35.0,40.0,Medium,100.0
Dharan Hiking Route,26.82,87.28,Sunsari,3.0,5.0,0.0,4.0,4.0,15,10,3,40.0,45.0,42.0,Medium,100.0
Dharan Jungle Area,26.81,87.28,Sunsari,2.0,1.0,0.0,8.0,2.0,20,15,5,25.0,30.0,27.0,Low,100.0
Dharan Jungle Camp,26.81,87.28,Sunsari,3.0,1.0,0.0,8.0,3.0,15,10,3,40.0,40.0,40.0,Medium,100.0
Dharan Namaste Trail,26.81,87.29,Sunsari,2.0,3.0,0.0,5.0,3.0,60,50,20,5.0,20.0,25.0,Low,100.0
Itahari Wetland,26.66,87.28,Sunsari,1.0,1.0,0.0,12.0,3.0,70,60,20,5.0,30.0,32.0,Low,100.0
Itahari Wetland Area,26.66,87.28,Sunsari,1.0,1.0,0.0,12.0,3.0,70,60,20,5.0,30.0,32.0,Low,100.0
Koshi Barrage,26.69,87.02,Sunsari,3.0,0.0,0.0,18.0,2.0,15,12,4,55.0,60.0,58.0,Medium,100.0
Koshi Barrage Wetland,26.69,87.02,Sunsari,3.0,0.0,0.0,18.0,2.0,15,12,3,55.0,60.0,58.0,Medium,100.0
Koshi River Camp,26.7,87.1,Sunsari,4.0,1.0,0.0,18.0,3.0,25,20,5,30.0,55.0,58.0,Medium,100.0
Koshi River Rafting,26.8,87.16,Sunsari,6.0,0.0,0.0,18.0,3.0,5,4,1,80.0,80.0,80.0,High,100.0
Koshi River Rafting Point,26.8,87.15,Sunsari,6.0,1.0,0.0,18.0,3.0,5,4,1,80.0,80.0,80.0,High,100.0
Koshi Tappu,26.7,87.0,Sunsari,4.0,0.0,0.0,18.0,2.0,8,6,2,60.0,65.0,62.0,Medium,100.0
Koshi Tappu Bird Camp,26.85,87.15,Sunsari,2.0,0.0,0.0,15.0,2.0,40,30,10,20.0,45.0,45.0,Medium,100.0
Koshi Tappu Bird Watching,26.67,87.0,Sunsari,2.0,0.0,0.0,14.0,2.0,10,8,2,45.0,45.0,45.0,Medium,100.0
Koshi Tappu Buffer Trail,26.78,87.16,Sunsari,3.0,1.0,0.0,15.0,3.0,40,30,10,20.0,50.0,52.0,Medium,100.0
Koshi Tappu Reserve,26.65,87.0,Sunsari,3.0,0.0,0.0,15.0,2.0,15,12,3,60.0,65.0,62.0,Medium,100.0
Koshi Tappu Wetland,26.65,87.0,Sunsari,3.0,0.0,0.0,15.0,2.0,15,12,3,60.0,65.0,62.0,Medium,100.0
Koshi Tappu Wildlife Area,26.85,87.15,Sunsari,2.0,0.0,0.0,15.0,2.0,40,30,10,20.0,45.0,45.0,Medium,100.0
Koshi Tappu Wildlife Reserve,26.9,87.15,Sunsari,4.0,0.0,0.0,18.0,2.0,8,6,2,40.0,55.0,48.0,Medium,100.0
Namaste Falls,26.9,87.3,Sunsari,3.0,6.0,1.0,4.0,6.0,10,8,2,55.0,60.0,58.0,Medium,100.0
Namaste Falls Area,26.76,87.25,Sunsari,3.0,5.0,0.0,8.0,4.0,30,25,10,25.0,40.0,45.0,Medium,100.0
Namaste Waterfall,26.9,87.3,Sunsari,3.0,6.0,0.0,5.0,5.0,8,6,2,60.0,55.0,58.0,Medium,100.0
Sunsari Koshi Island,26.7,87.1,Sunsari,3.0,1.0,0.0,18.0,3.0,25,20,5,30.0,55.0,58.0,Medium,100.0
Vijayapur Hill,26.82,87.27,Sunsari,1.0,2.0,0.0,3.0,4.0,15,10,3,25.0,25.0,25.0,Low,100.0
Bheri River Corridor,28.6,81.8,Surkhet,5.0,3.0,0.0,12.0,4.0,5,4,1,70.0,65.0,68.0,High,100.0
Bheri River Rafting,28.6,81.8,Surkhet,6.0,2.0,0.0,15.0,3.0,3,3,1,80.0,70.0,75.0,High,100.0
Bheri River Surkhet,28.6,81.8,Surkhet,6.0,2.0,0.0,15.0,3.0,3,3,1,80.0,70.0,75.0,High,100.0
Bulbule Garden,28.6,81.63,Surkhet,1.0,1.0,0.0,4.0,3.0,20,15,5,15.0,20.0,17.0,Low,100.0
Bulbule Lake,28.61,81.65,Surkhet,1.0,1.0,0.0,5.0,2.0,12,8,2,35.0,25.0,29.0,Low,100.0
Bulbule Lake Surkhet,28.6,81.63,Surkhet,1.0,1.0,0.0,4.0,3.0,20,15,5,15.0,20.0,17.0,Low,100.0
Deuti Bajai Temple,28.6,81.63,Surkhet,1.0,2.0,0.0,3.0,3.0,15,10,3,25.0,25.0,25.0,Low,100.0
Devisthan Temple,28.55,81.7,Surkhet,1.0,2.0,0.0,4.0,3.0,12,10,3,25.0,25.0,25.0,Low,100.0
Gurbhakot Valley,28.5,81.65,Surkhet,3.0,8.0,0.0,8.0,5.0,3,3,1,65.0,60.0,62.0,Medium,100.0
Kakre Bihar,28.6,81.65,Surkhet,1.0,3.0,0.0,4.0,4.0,10,8,2,35.0,30.0,32.0,Medium,100.0
Kakre Bihar Surkhet,28.6,81.6,Surkhet,1.0,2.0,0.0,3.0,4.0,15,12,3,25.0,25.0,25.0,Low,100.0
Kakre Vihar,28.58,81.62,Surkhet,2.0,3.0,0.0,5.0,5.0,25,20,5,30.0,35.0,32.0,Low,100.0
Kakrebihar Forest,28.6,81.6,Surkhet,1.0,2.0,0.0,3.0,4.0,15,12,3,25.0,25.0,25.0,Low,100.0
Kakrebihar Forest Trail,28.6,81.61,Surkhet,2.0,4.0,0.0,3.0,4.0,10,8,2,35.0,35.0,35.0,Medium,100.0
Kakrebihar Surkhet,28.6,81.6,Surkhet,1.0,2.0,0.0,3.0,4.0,15,12,3,25.0,25.0,25.0,Low,100.0
Kankrebihar Forest,28.6,81.63,Surkhet,2.0,3.0,0.0,3.0,4.0,8,7,2,40.0,30.0,34.0,Medium,100.0
Karnali River Rafting,28.5,81.9,Surkhet,7.0,1.0,0.0,18.0,3.0,5,4,1,85.0,80.0,83.0,High,100.0
Karnali River Rafting Area,28.7,81.0,Surkhet,5.0,0.0,0.0,15.0,3.0,5,4,1,70.0,70.0,70.0,High,100.0
Kumakh Mountain Area,28.6,81.9,Surkhet,4.0,10.0,2.0,3.0,7.0,1,1,0,90.0,80.0,84.0,High,100.0
Latikoili Temple,28.58,81.62,Surkhet,1.0,2.0,0.0,3.0,4.0,15,12,3,25.0,25.0,25.0,Low,100.0
Rara Surkhet Route,28.9,82.0,Surkhet,5.0,12.0,5.0,5.0,7.0,1,1,0,90.0,85.0,87.0,High,100.0
Rara View Surkhet Route,29.0,82.0,Surkhet,6.0,13.0,7.0,3.0,8.0,0,0,0,95.0,90.0,93.0,High,100.0
Surkhet Bulbule Lake,28.6,81.63,Surkhet,1.0,1.0,0.0,4.0,3.0,20,15,5,15.0,20.0,17.0,Low,100.0
Surkhet Kakrebihar,28.6,81.63,Surkhet,1.0,2.0,0.0,5.0,4.0,60,50,15,5.0,20.0,25.0,Low,100.0
Aadhi Khola Trail,28.05,83.9,Syangja,2.0,3.0,0.0,5.0,3.0,30,25,10,10.0,25.0,30.0,Low,100.0
Aandhikhola Trail,28.05,83.9,Syangja,2.0,3.0,0.0,5.0,3.0,30,25,10,10.0,25.0,30.0,Low,100.0
Aruchaur Village Route,28.1,83.85,Syangja,4.0,7.0,0.0,6.0,5.0,40,30,10,25.0,40.0,45.0,Medium,100.0
Kuwakot View Route,27.95,83.85,Syangja,4.0,6.0,0.0,6.0,5.0,30,25,10,35.0,45.0,50.0,Medium,100.0
Panchase Rural Trail,28.25,83.8,Syangja,6.0,9.0,2.0,5.0,7.0,15,10,3,60.0,70.0,72.0,High,100.0
Phedikhola Village,28.0,83.8,Syangja,1.0,3.0,0.0,4.0,3.0,40,30,10,10.0,20.0,25.0,Low,100.0
Sirubari Homestay,28.05,83.75,Syangja,1.0,2.0,0.0,3.0,3.0,40,30,10,10.0,20.0,25.0,Low,100.0
Sirubari Homestay Trail,28.05,83.85,Syangja,2.0,4.0,0.0,5.0,4.0,70,60,20,5.0,20.0,25.0,Low,100.0
Sirubari Rural Homestay,28.05,83.85,Syangja,2.0,4.0,0.0,5.0,4.0,70,60,20,5.0,20.0,25.0,Low,100.0
Syangja Chisapani,28.0,83.8,Syangja,2.0,4.0,0.0,5.0,4.0,30,25,10,15.0,30.0,35.0,Low,100.0
Syangja Panchamul,28.0,83.85,Syangja,2.0,3.0,0.0,5.0,3.0,50,35,10,10.0,25.0,30.0,Low,100.0
Syangja Panchase Trail,28.25,83.8,Syangja,6.0,10.0,2.0,5.0,7.0,15,10,3,60.0,70.0,72.0,High,100.0
Syangja Rural Homestay,28.0,83.87,Syangja,3.0,5.0,0.0,7.0,5.0,50,40,15,20.0,35.0,40.0,Medium,100.0
Syangja Sirubari,28.05,83.75,Syangja,1.0,3.0,0.0,3.0,3.0,40,30,10,10.0,20.0,25.0,Low,100.0
Waling Hill Route,27.98,83.76,Syangja,2.0,4.0,0.0,5.0,4.0,30,20,5,20.0,35.0,40.0,Medium,100.0
Waling Rural Trail,27.98,83.76,Syangja,2.0,4.0,0.0,5.0,4.0,30,20,5,20.0,35.0,40.0,Medium,100.0
Ghunsa Kanchenjunga,27.74,87.97,T Taplejung,8.0,17.0,14.0,1.0,10.0,0,0,0,100.0,100.0,100.0,High,100.0
Ghunsa Village,27.74,87.97,T Taplejung,8.0,17.0,14.0,1.0,10.0,0,0,0,100.0,100.0,100.0,High,100.0
Kanchenjunga Base Camp,27.7,88.0,T Taplejung,10.0,20.0,20.0,1.0,10.0,0,0,0,100.0,100.0,100.0,High,100.0
Kangchenjunga South Route,27.7,88.0,T Taplejung,10.0,20.0,20.0,1.0,10.0,0,0,0,100.0,100.0,100.0,High,100.0
Lhonak Camp,27.85,88.0,T Taplejung,10.0,20.0,20.0,1.0,10.0,0,0,0,100.0,100.0,100.0,High,100.0
Mitlung Village,27.4,87.75,T Taplejung,4.0,9.0,3.0,4.0,7.0,1,1,0,80.0,75.0,78.0,High,100.0
Olangchung Gola,27.67,87.9,T Taplejung,8.0,17.0,14.0,1.0,10.0,0,0,0,100.0,100.0,100.0,High,100.0
Pangpema Base Camp,27.9,88.0,T Taplejung,10.0,20.0,20.0,1.0,10.0,0,0,0,100.0,100.0,100.0,High,100.0
Pathibhara Temple,27.42,87.75,T Taplejung,7.0,15.0,10.0,2.0,9.0,0,0,0,100.0,95.0,98.0,High,100.0
Pathibhara Trail,27.42,87.75,T Taplejung,7.0,15.0,10.0,2.0,9.0,0,0,0,100.0,95.0,98.0,High,100.0
Phale Village,27.65,87.9,T Taplejung,6.0,14.0,10.0,2.0,9.0,0,0,0,100.0,95.0,98.0,High,100.0
Sele La Pass,27.72,87.95,T Taplejung,10.0,20.0,20.0,1.0,10.0,0,0,0,100.0,100.0,100.0,High,100.0
Taplejung Bazaar,27.35,87.67,T Taplejung,2.0,5.0,0.0,5.0,6.0,10,8,2,55.0,50.0,52.0,Medium,100.0
Yamphudin Village,27.45,87.9,T Taplejung,6.0,14.0,8.0,2.0,9.0,0,0,0,95.0,90.0,93.0,High,100.0
Bandipur Village,27.94,84.41,Tanahu,3.0,5.0,0.0,5.0,5.0,50,40,15,20.0,35.0,40.0,Medium,100.0
Devghat Dham,27.95,84.42,Tanahu,1.0,2.0,0.0,8.0,4.0,60,50,20,10.0,25.0,30.0,Low,100.0
Dumre Rural Area,27.95,84.3,Tanahu,2.0,3.0,0.0,10.0,4.0,50,40,15,15.0,40.0,42.0,Medium,100.0
Madi Valley Trail,27.9,84.2,Tanahu,5.0,8.0,0.0,8.0,6.0,15,10,3,55.0,65.0,70.0,High,100.0
Siddha Cave,27.95,84.4,Tanahu,2.0,4.0,0.0,5.0,4.0,50,40,15,15.0,30.0,35.0,Low,100.0
Tanahu Kalika Trail,27.95,84.35,Tanahu,3.0,6.0,0.0,6.0,5.0,30,25,10,35.0,45.0,50.0,Medium,100.0
Bandipur,27.94,84.41,Tanahun,1.0,3.0,0.0,3.0,4.0,10,8,2,30.0,30.0,30.0,Low,100.0
Bandipur Bazaar,27.94,84.41,Tanahun,2.0,4.0,0.0,3.0,5.0,10,8,2,40.0,35.0,37.0,Medium,100.0
Bandipur Cave Route,27.95,84.41,Tanahun,4.0,5.0,0.0,3.0,5.0,15,12,3,50.0,55.0,52.0,Medium,100.0
Bandipur Rural Heritage Route,27.94,84.41,Tanahun,2.0,4.0,0.0,8.0,4.0,70,60,20,5.0,20.0,25.0,Low,100.0
Bandipur Rural Trail,27.94,84.4,Tanahun,2.0,3.0,0.0,5.0,3.0,80,70,25,5.0,15.0,20.0,Low,100.0
Bandipur View Point,27.94,84.41,Tanahun,2.0,3.0,0.0,4.0,4.0,50,40,10,10.0,30.0,32.0,Low,100.0
Chhimkeshwari Temple,27.95,84.05,Tanahun,2.0,4.0,0.0,3.0,4.0,3,3,1,55.0,35.0,43.0,Medium,100.0
Chhimkeshwari Trail,27.9,84.3,Tanahun,5.0,8.0,0.0,8.0,6.0,30,25,10,35.0,50.0,55.0,Medium,100.0
Chimkeshwari Trail,28.0,84.2,Tanahun,5.0,8.0,0.0,6.0,6.0,25,20,5,45.0,55.0,60.0,Medium,100.0
Chimkeswari Hill,27.95,84.15,Tanahun,3.0,5.0,0.0,5.0,4.0,30,25,5,20.0,35.0,40.0,Medium,100.0
Damauli River Area,27.98,84.26,Tanahun,3.0,1.0,0.0,14.0,3.0,8,6,2,65.0,70.0,68.0,High,100.0
Damauli Riverside,27.98,84.25,Tanahun,2.0,1.0,0.0,15.0,3.0,20,15,5,60.0,65.0,62.0,Medium,100.0
Damauli Rural Area,27.98,84.25,Tanahun,2.0,4.0,0.0,10.0,4.0,70,60,20,5.0,20.0,25.0,Low,100.0
Devghat Area,27.93,84.41,Tanahun,1.0,1.0,0.0,5.0,3.0,15,12,3,15.0,25.0,21.0,Low,100.0
Devghat Dham,27.92,84.4,Tanahun,1.0,0.0,0.0,4.0,3.0,15,10,2,20.0,20.0,20.0,Low,100.0
Devghat River Area,27.8,84.43,Tanahun,3.0,1.0,0.0,12.0,4.0,25,20,5,45.0,50.0,48.0,Medium,100.0
Devghat Rural Heritage,27.7,84.43,Tanahun,2.0,4.0,0.0,15.0,4.0,70,60,20,5.0,20.0,25.0,Low,100.0
Devghat Rural Route,27.7,84.43,Tanahun,2.0,4.0,0.0,15.0,4.0,70,60,20,5.0,20.0,25.0,Low,100.0
Dhorbarahi Temple,28.2,84.0,Tanahun,1.0,2.0,0.0,3.0,3.0,8,6,1,35.0,25.0,29.0,Low,100.0
Ghiring Rural Trail,27.85,84.3,Tanahun,5.0,8.0,0.0,7.0,6.0,30,25,10,35.0,50.0,55.0,Medium,100.0
Kihun Village Route,27.95,84.3,Tanahun,3.0,6.0,0.0,6.0,5.0,50,40,15,20.0,35.0,40.0,Medium,100.0
Madi Rural Village,27.8,84.4,Tanahun,3.0,6.0,0.0,12.0,5.0,50,40,15,20.0,40.0,45.0,Medium,100.0
Madi Valley,27.95,84.05,Tanahun,3.0,5.0,0.0,8.0,4.0,30,20,5,30.0,45.0,48.0,Medium,100.0
Madi Valley Tanahun,27.9,84.3,Tanahun,3.0,7.0,1.0,5.0,5.0,5,4,1,65.0,60.0,62.0,Medium,100.0
Mohan Pokhari,27.95,84.0,Tanahun,1.0,2.0,0.0,5.0,3.0,40,30,10,10.0,20.0,25.0,Low,100.0
Panchase Tanahun Route,28.0,84.3,Tanahun,4.0,7.0,0.0,6.0,5.0,40,30,10,25.0,40.0,45.0,Medium,100.0
Ramkot Village,27.97,84.38,Tanahun,2.0,5.0,0.0,4.0,5.0,10,8,2,50.0,45.0,47.0,Medium,100.0
Rishing Rural Area,27.9,84.3,Tanahun,2.0,4.0,0.0,5.0,5.0,20,15,5,25.0,35.0,40.0,Medium,100.0
Rishing Rural Village,27.9,84.25,Tanahun,4.0,7.0,0.0,8.0,5.0,40,30,10,25.0,45.0,50.0,Medium,100.0
Siddha Cave,27.93,84.42,Tanahun,2.0,2.0,0.0,2.0,3.0,6,5,1,40.0,25.0,32.0,Medium,100.0
Siddha Gufa,28.4,84.12,Tanahun,2.0,4.0,0.0,5.0,5.0,10,8,2,45.0,45.0,45.0,Medium,100.0
Suklagandaki River,28.05,84.0,Tanahun,3.0,2.0,0.0,10.0,3.0,5,4,1,45.0,50.0,48.0,Medium,100.0
Tanahun Hydropower Area,28.05,84.02,Tanahun,2.0,5.0,0.0,8.0,4.0,4,3,1,55.0,55.0,55.0,Medium,100.0
Tanahun Rural View Trail,27.95,84.25,Tanahun,3.0,5.0,0.0,12.0,5.0,60,50,20,10.0,30.0,35.0,Low,100.0
Tanahun Siddha Cave,27.95,84.41,Tanahun,4.0,7.0,0.0,3.0,5.0,10,8,2,55.0,55.0,55.0,Medium,100.0
Thani Mai Temple,27.93,84.42,Tanahun,1.0,2.0,0.0,3.0,4.0,15,12,3,25.0,30.0,27.0,Low,100.0
Fungling Bazaar,27.35,87.67,Taplejung,1.0,5.0,0.0,5.0,6.0,8,6,2,55.0,50.0,52.0,Medium,100.0
Ghunsa Glacier Lake,27.75,87.95,Taplejung,18.0,20.0,18.0,0.0,10.0,0,0,0,100.0,100.0,99.0,High,100.0
Ghunsa Glacier Route,27.73,87.95,Taplejung,18.0,20.0,15.0,0.0,10.0,0,0,0,100.0,100.0,98.0,High,100.0
Ghunsa River Route,27.72,87.93,Taplejung,15.0,18.0,12.0,0.0,10.0,0,0,0,100.0,95.0,95.0,High,100.0
Ghunsa Trek Area,27.72,87.9,Taplejung,9.0,18.0,16.0,1.0,10.0,0,0,0,100.0,100.0,100.0,High,100.0
Ghunsa Village,27.65,87.85,Taplejung,6.0,14.0,9.0,1.0,9.0,0,0,0,100.0,95.0,98.0,High,100.0
Ghunsa Village Trail,27.75,87.95,Taplejung,16.0,20.0,15.0,0.0,10.0,0,0,0,100.0,100.0,98.0,High,100.0
Kanchenjunga Base Camp,27.7,88.0,Taplejung,10.0,18.0,15.0,3.0,10.0,0,0,0,100.0,100.0,100.0,High,100.0
Kanchenjunga Circuit Trail,27.7,87.9,Taplejung,9.0,18.0,15.0,2.0,10.0,0,0,0,100.0,100.0,100.0,High,100.0
Kanchenjunga Conservation Area,27.65,88.0,Taplejung,10.0,20.0,20.0,1.0,10.0,0,0,0,100.0,100.0,100.0,High,100.0
Kanchenjunga Glacier Camp,27.9,88.1,Taplejung,20.0,20.0,20.0,0.0,10.0,0,0,0,100.0,100.0,99.0,High,100.0
Kanchenjunga North Base Camp,27.75,88.0,Taplejung,10.0,18.0,16.0,2.0,10.0,0,0,0,100.0,100.0,100.0,High,100.0
Kanchenjunga South Base Camp,27.6,87.9,Taplejung,9.0,17.0,14.0,2.0,10.0,0,0,0,100.0,100.0,100.0,High,100.0
Kanchenjunga Trek Entry,27.35,87.7,Taplejung,6.0,14.0,10.0,2.0,9.0,0,0,0,100.0,95.0,98.0,High,100.0
Kangchenjunga Base Camp,27.6,87.8,Taplejung,10.0,20.0,20.0,1.0,10.0,0,0,0,100.0,100.0,100.0,High,100.0
Kangchenjunga South Base Camp,27.6,87.8,Taplejung,10.0,19.0,18.0,1.0,10.0,0,0,0,100.0,100.0,100.0,High,100.0
Kangchenjunga South Camp,27.7,88.0,Taplejung,20.0,20.0,20.0,0.0,10.0,0,0,0,100.0,100.0,99.0,High,100.0
Khebang Ridge,27.35,87.7,Taplejung,6.0,10.0,4.0,2.0,7.0,5,5,2,65.0,70.0,72.0,High,100.0
Khebang Village,27.25,87.7,Taplejung,5.0,8.0,3.0,3.0,7.0,10,5,2,65.0,70.0,72.0,High,100.0
Kumbhakarna Himal Area,27.65,87.85,Taplejung,10.0,19.0,18.0,1.0,10.0,0,0,0,100.0,100.0,100.0,High,100.0
Lapsibot Rural Village,27.58,87.75,Taplejung,9.0,14.0,5.0,3.0,8.0,5,5,2,70.0,80.0,82.0,High,100.0
Lelep Rural Settlement,27.65,87.7,Taplejung,10.0,15.0,6.0,2.0,8.0,5,5,2,75.0,80.0,82.0,High,100.0
Lelep Village,27.7,87.75,Taplejung,12.0,16.0,10.0,1.0,9.0,0,0,0,100.0,90.0,92.0,High,100.0
Lhonak Camp,27.9,88.0,Taplejung,20.0,20.0,20.0,0.0,10.0,0,0,0,100.0,100.0,99.0,High,100.0
Lhonak Camp Area,27.8,88.0,Taplejung,10.0,18.0,16.0,1.0,10.0,0,0,0,100.0,100.0,100.0,High,100.0
Maiwa Khola Camp,27.65,87.7,Taplejung,8.0,12.0,5.0,3.0,8.0,5,5,2,70.0,75.0,78.0,High,100.0
Maiwa Khola Settlement,27.45,87.65,Taplejung,8.0,12.0,4.0,3.0,8.0,5,5,2,70.0,75.0,78.0,High,100.0
Maiwa Khola Trail,27.6,87.7,Taplejung,8.0,12.0,5.0,3.0,8.0,5,5,2,70.0,75.0,78.0,High,100.0
Mewa Khola Village,27.35,87.7,Taplejung,10.0,15.0,6.0,2.0,8.0,5,5,2,75.0,80.0,82.0,High,100.0
Mikwakhola Rural Camp,27.5,87.7,Taplejung,14.0,18.0,10.0,1.0,9.0,0,0,0,100.0,95.0,95.0,High,100.0
Milke Danda,27.4,87.6,Taplejung,15.0,18.0,12.0,2.0,10.0,0,0,0,100.0,95.0,94.0,High,100.0
Olangchung Gola,27.87,87.8,Taplejung,18.0,20.0,15.0,1.0,10.0,0,0,0,100.0,100.0,98.0,High,100.0
Olangchung Gola Pass,27.9,87.8,Taplejung,16.0,20.0,15.0,0.0,10.0,0,0,0,100.0,100.0,98.0,High,100.0
Olangchung Gola Route,27.87,87.8,Taplejung,18.0,20.0,15.0,1.0,10.0,0,0,0,100.0,100.0,98.0,High,100.0
Olangchung Gola Village,27.65,87.95,Taplejung,7.0,15.0,10.0,2.0,9.0,0,0,0,100.0,98.0,99.0,High,100.0
Olangchungola Pass Trail,27.87,87.6,Taplejung,20.0,20.0,20.0,0.0,10.0,0,0,0,100.0,100.0,99.0,High,100.0
Pangpema Camp,27.9,88.0,Taplejung,10.0,20.0,20.0,1.0,10.0,0,0,0,100.0,100.0,100.0,High,100.0
Pathibhara Base Area,27.41,87.75,Taplejung,4.0,10.0,5.0,2.0,7.0,1,1,0,90.0,80.0,84.0,High,100.0
Pathibhara Cable Route,27.41,87.75,Taplejung,4.0,9.0,4.0,2.0,6.0,1,1,0,90.0,75.0,81.0,High,100.0
Pathibhara Forest Route,27.42,87.76,Taplejung,4.0,10.0,5.0,2.0,7.0,1,1,0,90.0,80.0,84.0,High,100.0
Pathibhara Lake,27.42,87.75,Taplejung,5.0,11.0,6.0,2.0,7.0,0,1,0,90.0,85.0,87.0,High,100.0
Pathibhara Lower Route,27.4,87.7,Taplejung,6.0,14.0,8.0,2.0,9.0,0,0,0,100.0,95.0,98.0,High,100.0
Pathibhara Lower Trail,27.3,87.65,Taplejung,8.0,12.0,6.0,2.0,8.0,5,5,2,70.0,80.0,82.0,High,100.0
Pathibhara Rural Trail,27.43,87.73,Taplejung,5.0,8.0,2.0,3.0,6.0,15,10,3,55.0,65.0,68.0,High,100.0
Pathibhara Temple,27.42,87.75,Taplejung,5.0,10.0,3.0,2.0,6.0,0,1,0,90.0,75.0,82.0,High,100.0
Pathibhara Temple Route,27.35,87.7,Taplejung,12.0,15.0,8.0,3.0,8.0,0,0,0,100.0,85.0,88.0,High,100.0
Pathibhara Temple Trail,27.42,87.75,Taplejung,5.0,11.0,6.0,2.0,7.0,1,1,0,90.0,85.0,87.0,High,100.0
Pathibhara Temple Upper Route,27.35,87.7,Taplejung,15.0,18.0,12.0,1.0,10.0,0,0,0,100.0,95.0,95.0,High,100.0
Pathibhara View Area,27.35,87.73,Taplejung,10.0,12.0,8.0,2.0,7.0,5,5,2,75.0,75.0,75.0,High,100.0
Phaktanglung Trail,27.6,87.85,Taplejung,17.0,20.0,15.0,0.0,10.0,0,0,0,100.0,100.0,98.0,High,100.0
Phungling Bazaar,27.35,87.67,Taplejung,3.0,5.0,0.0,5.0,6.0,30,25,10,30.0,45.0,50.0,Medium,100.0
Sele La Pass,27.7,87.9,Taplejung,9.0,17.0,15.0,1.0,10.0,0,0,0,100.0,100.0,100.0,High,100.0
Singuwa Trail,27.5,87.7,Taplejung,8.0,17.0,14.0,1.0,10.0,0,0,0,100.0,100.0,100.0,High,100.0
Sinwa Village,27.4,87.7,Taplejung,7.0,12.0,5.0,2.0,8.0,5,5,2,75.0,80.0,82.0,High,100.0
Sukethum Camp Area,27.7,87.8,Taplejung,12.0,16.0,8.0,0.0,9.0,0,0,0,100.0,90.0,92.0,High,100.0
Taplejung Bazaar,27.35,87.67,Taplejung,2.0,5.0,0.0,4.0,6.0,8,6,2,55.0,50.0,52.0,Medium,100.0
Taplejung Olangchungola,27.85,87.65,Taplejung,18.0,20.0,18.0,0.0,10.0,0,0,0,100.0,100.0,99.0,High,100.0
Taplejung Phungling View,27.35,87.67,Taplejung,3.0,6.0,0.0,4.0,5.0,30,25,10,30.0,45.0,50.0,Medium,100.0
Walung Village Route,27.9,87.7,Taplejung,15.0,18.0,12.0,0.0,10.0,0,0,0,100.0,95.0,95.0,High,100.0
Yamphudin Village,27.55,87.8,Taplejung,8.0,12.0,5.0,3.0,7.0,5,5,2,70.0,75.0,78.0,High,100.0
Yangma Village Camp,27.62,87.82,Taplejung,18.0,20.0,18.0,0.0,10.0,0,0,0,100.0,100.0,99.0,High,100.0
Yuksom Style Trail Area,27.4,87.9,Taplejung,6.0,13.0,8.0,2.0,9.0,0,0,0,100.0,95.0,98.0,High,100.0
Aathrai Village,27.1,87.55,Tehrathum,5.0,9.0,0.0,4.0,6.0,10,10,3,60.0,65.0,70.0,High,100.0
Basanta Ritu Trail,27.25,87.45,Tehrathum,6.0,10.0,3.0,3.0,6.0,5,5,2,65.0,70.0,72.0,High,100.0
Basantapur Bazaar,27.15,87.55,Tehrathum,1.0,2.0,0.0,3.0,4.0,25,20,5,20.0,25.0,22.0,Low,100.0
Basantapur Hill,27.17,87.4,Tehrathum,2.0,4.0,0.0,3.0,4.0,5,5,1,45.0,35.0,39.0,Medium,100.0
Basantapur Hill Station,27.17,87.4,Tehrathum,2.0,4.0,0.0,3.0,4.0,8,6,2,40.0,35.0,37.0,Medium,100.0
Basantapur Ridge,27.23,87.33,Tehrathum,3.0,5.0,0.0,5.0,5.0,40,30,10,25.0,40.0,45.0,Medium,100.0
Basantapur Tehrathum,27.15,87.55,Tehrathum,1.0,2.0,0.0,3.0,4.0,25,20,5,20.0,25.0,22.0,Low,100.0
Chhathar Lake,27.05,87.45,Tehrathum,4.0,7.0,0.0,6.0,5.0,20,15,5,40.0,55.0,60.0,Medium,100.0
Gupha Pokhari,27.25,87.35,Tehrathum,3.0,7.0,2.0,3.0,5.0,2,2,0,75.0,60.0,66.0,High,100.0
Gupha Pokhari Camp,27.22,87.55,Tehrathum,8.0,12.0,4.0,3.0,7.0,5,5,2,70.0,75.0,78.0,High,100.0
Gupha Pokhari Trail,27.2,87.55,Tehrathum,8.0,12.0,5.0,3.0,7.0,5,5,2,70.0,75.0,78.0,High,100.0
Jaljale Himal Trail,27.22,87.35,Tehrathum,6.0,13.0,7.0,2.0,8.0,0,0,0,100.0,90.0,96.0,High,100.0
Jaljale Milke Trail,27.22,87.42,Tehrathum,6.0,13.0,7.0,2.0,8.0,0,0,0,100.0,95.0,98.0,High,100.0
Jaljale Trail East,27.22,87.42,Tehrathum,6.0,13.0,7.0,2.0,8.0,0,0,0,100.0,95.0,98.0,High,100.0
Menchhayayem Hill,27.2,87.5,Tehrathum,10.0,15.0,6.0,2.0,8.0,0,0,0,100.0,85.0,88.0,High,100.0
Milke Danda,27.35,87.5,Tehrathum,3.0,8.0,4.0,3.0,5.0,1,1,0,85.0,65.0,73.0,High,100.0
Milke Danda Flower Trail,27.3,87.45,Tehrathum,12.0,16.0,8.0,2.0,9.0,0,0,0,100.0,90.0,92.0,High,100.0
Milke Danda Forest,27.2,87.3,Tehrathum,4.0,10.0,4.0,2.0,6.0,0,1,0,90.0,80.0,84.0,High,100.0
Milke Danda View,27.25,87.45,Tehrathum,8.0,12.0,5.0,3.0,7.0,5,5,2,70.0,75.0,78.0,High,100.0
Milmike Danda,27.4,87.4,Tehrathum,5.0,11.0,4.0,3.0,8.0,0,1,0,95.0,85.0,89.0,High,100.0
Myanglung Village,27.0,87.55,Tehrathum,2.0,5.0,0.0,5.0,5.0,30,25,10,30.0,45.0,50.0,Medium,100.0
Rhododendron Forest Trail,27.25,87.5,Tehrathum,8.0,12.0,5.0,2.0,8.0,5,5,2,70.0,75.0,78.0,High,100.0
Tinjure Forest Trail,27.3,87.5,Tehrathum,10.0,15.0,8.0,2.0,9.0,0,0,0,100.0,90.0,92.0,High,100.0
Tinjure Hill,27.21,87.55,Tehrathum,4.0,7.0,3.0,2.0,5.0,10,10,3,60.0,55.0,60.0,Medium,100.0
Tinjure Milke Jaljale,27.2,87.55,Tehrathum,6.0,10.0,5.0,3.0,7.0,10,10,3,65.0,65.0,68.0,Medium,100.0
Tinjure Milke Jaljale Trail,27.25,87.4,Tehrathum,6.0,13.0,7.0,2.0,8.0,0,0,0,100.0,90.0,96.0,High,100.0
Tinjure Peak,27.25,87.4,Tehrathum,6.0,13.0,7.0,2.0,8.0,0,0,0,100.0,95.0,98.0,High,100.0
Tinjure Ridge,27.25,87.4,Tehrathum,6.0,13.0,7.0,2.0,8.0,0,0,0,100.0,95.0,98.0,High,100.0
Tinjure Ridge Camp,27.25,87.5,Tehrathum,10.0,15.0,6.0,2.0,8.0,0,0,0,100.0,85.0,88.0,High,100.0
Tinjure Trail,27.25,87.4,Tehrathum,5.0,12.0,5.0,2.0,7.0,0,1,0,95.0,85.0,89.0,High,100.0
Tinjure View Point,27.23,87.39,Tehrathum,3.0,8.0,3.0,2.0,5.0,2,2,0,80.0,70.0,75.0,High,100.0
Basantapur Village,27.12,87.55,Terhathum,3.0,5.0,0.0,5.0,5.0,40,30,10,25.0,40.0,45.0,Medium,100.0
Gupha Pokhari Rural Trail,27.2,87.5,Terhathum,6.0,10.0,3.0,4.0,7.0,10,8,3,65.0,70.0,72.0,High,100.0
Sankhejung Village Trail,27.22,87.52,Terhathum,5.0,9.0,2.0,4.0,7.0,15,10,3,60.0,70.0,72.0,High,100.0
Terhathum Tinjure Route,27.15,87.55,Terhathum,8.0,12.0,4.0,3.0,8.0,5,5,2,70.0,75.0,78.0,High,100.0
