type,dest_id,dest_name,other_id,other_name,dist_m
hotel-dup,6261,Himalaya Tourist Guest House,2871,Himalaya Tourist Guest House,3
hotel-dup,6257,Laughing Buddha Guesthouse & Villa,3721,Laughing Buddha Guesthouse & Villa,3
hotel-dup,6236,Homestay Inn,1682,Homestay Inn,0
hotel-dup,6227,Temple Himalaya Hotel,3007,Temple Himalaya Hotel,27
hotel-dup,6204,Namaste Buddha Lodge,2817,Namaste Buddha Lodge,2
hotel-dup,6202,Hotel Sacred Hill,3114,Hotel Sacred Hill,12
hotel-dup,6201,Hotel Sacred Hill,3114,Hotel Sacred Hill,0
hotel-dup,6199,Lake Wave Cottage & Restaurent,3113,Lake Wave Cottage & Restaurent,0
hotel-dup,6192,Hotel Saptarangi,3840,Hotel Saptarangi,1
hotel-dup,6188,Alan Jack Private Homestay,3975,Alan Jack Private Homestay,2
hotel-dup,6186,Hermitage Hotel,1834,Hermitage Hotel,5
hotel-dup,6180,Hotel Potala,4249,Hotel Potala,0
hotel-dup,6139,Zambala Hotel,1859,Zambala Hotel,29
hotel-dup,6135,Hotel Grand Shambala,4248,Hotel Grand Shambala,0
hotel-dup,6134,Unique Wild Resort,1833,Unique Wild Resort,2
hotel-dup,6097,Hotel 360 Khumai,3109,Hotel 360 Khumai,0
hotel-dup,6094,Global Hotel,1832,Global Hotel,11
hotel-dup,6093,Soaltee Hotel,3839,Soaltee Hotel,56
hotel-dup,6092,Lakshmi homestay,3106,Lakshmi homestay,0
hotel-dup,6091,Club ES Resort,3105,Club ES Resort,0
hotel-dup,6089,Mattikhan Mountain View Resort,3104,Mattikhan Mountain View Resort,0
hotel-dup,6083,Tibet Guest House & Restaurant,4121,Tibet Guest House & Restaurant,0
hotel-dup,6077,Nice View Guest House and Restaurant,3102,Nice View Guest House and Restaurant,0
hotel-dup,6067,Everest Hotel,3838,Everest Hotel,1
hotel-dup,6061,The Malla Hotel,3836,The Malla Hotel,3
hotel-dup,6055,Hotel International,3831,Hotel International,0
hotel-dup,6048,Hotel Bharatpur Town Residency,1829,Hotel Bharatpur Town Residency,1
hotel-dup,6046,Hotel Kathmandu Base Camp,3826,Hotel Kathmandu Base Camp,1
hotel-dup,6044,KGH Hotel,3825,KGH Hotel,0
hotel-dup,6040,Low Camp Guest House,3101,Low Camp Guest House,0
hotel-dup,6027,Hotel Saisa,3100,Hotel Saisa,1
hotel-dup,6021,Jungle Villa Resort,1827,Jungle Villa Resort,8
hotel-dup,6012,Tashi Delek Hotel,1937,Tashi Delek Hotel,0
hotel-dup,5994,Basanta Lodge,3060,Basanta Lodge,13
hotel-dup,5993,Ghandruk Village Eco Lodge,3099,Ghandruk Village Eco Lodge,0
hotel-dup,5988,Royal Empire Boutique Hotel,3823,Royal Empire Boutique Hotel,1
hotel-dup,5982,Surya Heritage Hotel,3821,Surya Heritage Hotel,1
hotel-dup,5981,Hotel Darwin,3820,Hotel Darwin,0
hotel-dup,5965,Larke La Hotel & Lodge,1936,Larke La Hotel & Lodge,20
hotel-dup,5964,Larke La Hotel & Lodge,1936,Larke La Hotel & Lodge,0
hotel-dup,5963,Yak Hotel,1935,Yak Hotel,0
hotel-dup,5956,Nile Norling Guest House,1932,Nile Norling Guest House,2
hotel-dup,5955,Milarepa Hotel & Lodge,1931,Milarepa Hotel & Lodge,0
hotel-dup,5954,Chumling Guest House,1930,Chumling Guest House,0
hotel-dup,5953,Chhumbeli Tibetan Yak Hotel,1929,Chhumbeli Tibetan Yak Hotel,0
hotel-dup,5952,Kham-Sangbo Hotel & Lodge,1928,Kham-Sangbo Hotel & Lodge,0
hotel-dup,5951,New Pewa Guesthouse,1927,New Pewa Guesthouse,0
hotel-dup,5938,Riverside Guesthouse & Waterfall Bar,3098,Riverside Guesthouse & Waterfall Bar,0
hotel-dup,5926,Hotel Gangar Manaslu & Restaurant,4120,Hotel Gangar Manaslu & Restaurant,1
hotel-dup,5925,Hotel Marshyangdi Mandala,4119,Hotel Marshyangdi Mandala,0
hotel-dup,5922,Hotel Puspanjali Restaurant & Bar,3974,Hotel Puspanjali Restaurant & Bar,0
hotel-dup,5921,New Chum Valley Guest House,1926,New Chum Valley Guest House,0
hotel-dup,5920,Royal Mountain Hotel & Lodge,1925,Royal Mountain Hotel & Lodge,0
hotel-dup,5919,Laprak Gurung Bamboo Cottage & Restaurant,1924,Laprak Gurung Bamboo Cottage & Restaurant,0
hotel-dup,5918,Chum Nubri Ekle Bhatti Chisopi Guest House,1923,Chum Nubri Ekle Bhatti Chisopi Guest House,0
hotel-dup,5910,Hotel Vajra,3818,Hotel Vajra,7
hotel-dup,5905,Sherpa Resort,3097,Sherpa Resort,5
hotel-dup,5896,Hotel Nobel Inn,3096,Hotel Nobel Inn,1
hotel-dup,5895,Hotel Green Land,4946,Hotel Green Land,1
hotel-dup,5894,Hotel Mayur,3095,Hotel Mayur,0
hotel-dup,5877,Hotel Darsan,3091,Hotel Darsan,0
hotel-dup,5873,Himalayan Sherpa INN,3817,Himalayan Sherpa INN,0
hotel-dup,5851,Hotel Sherpa Restaurant,3090,Hotel Sherpa Restaurant,0
hotel-dup,5850,Metro Inn Pvt Ltd,3816,Metro Inn Pvt Ltd,0
hotel-dup,5847,Green View Guest House,2631,Green View Guest House,12
hotel-dup,5845,Hotel Peace Heven,3087,Hotel Peace Heven,0
hotel-dup,5844,A One View Hotel,3086,A One View Hotel,0
hotel-dup,5840,Nishan Lodge,2572,Nishan Lodge,18
hotel-dup,5838,Rupakot Resort,3084,Rupakot Resort,22
hotel-dup,5802,Nirvana Hotel,3083,Nirvana Hotel,1
hotel-dup,5798,Maharaja Hotel,3082,Maharaja Hotel,1
hotel-dup,5797,Hotel Lake Tower,3081,Hotel Lake Tower,0
hotel-dup,5793,Riverside Hotel and Lodge,1826,Riverside Hotel and Lodge,0
hotel-dup,5788,Archale Height Resort,3080,Archale Height Resort,0
hotel-dup,5785,Rock Garden Resort Pvt. Ltd,3079,Rock Garden Resort Pvt. Ltd,8
hotel-dup,5781,Hotel Manohara,1679,Hotel Manohara,0
hotel-dup,5762,Hotel Kaberi Inn,3813,Hotel Kaberi Inn,0
hotel-dup,5756,Kudbidanda Homestay,3078,Kudbidanda Homestay,1
hotel-dup,5751,Hotel Annapurna,3076,Hotel Annapurna,0
hotel-dup,5750,Hotel Isharu Green Point,3075,Hotel Isharu Green Point,0
hotel-dup,5749,Lali Gurans guesthouse & restaurant,3074,Lali Gurans guesthouse & restaurant,0
hotel-dup,5748,Hillside lodge & restaurant,3073,Hillside lodge & restaurant,0
hotel-dup,5746,High Camp guesthouse & restaurant,3072,High Camp guesthouse & restaurant,0
hotel-dup,5743,Tanting Guest House,3071,Tanting Guest House,0
hotel-dup,5740,Silver Sky Hotel,3069,Silver Sky Hotel,0
hotel-dup,5739,Gauri Shankar Guest House,3068,Gauri Shankar Guest House,2
hotel-dup,5738,Snow Hill Lodge,1949,Snow Hill Lodge,30
hotel-dup,5737,Sathi Guest House,3812,Sathi Guest House,1
hotel-dup,5719,Hotel Le Himalaya,3811,Hotel Le Himalaya,2
hotel-dup,5711,Ever Green Guest House,3065,Ever Green Guest House,0
hotel-dup,5710,Sangri-La Village Resort Pokhara,3064,Sangri-La Village Resort Pokhara,9
hotel-dup,5709,Nepal Guest House,3063,Nepal Guest House,0
hotel-dup,5708,B & B Hotel,3062,B & B Hotel,3
hotel-dup,5707,Little Buddha Guest House,3061,Little Buddha Guest House,0
hotel-dup,5699,Basanta Lodge,3060,Basanta Lodge,0
hotel-dup,5698,Fire and Fishing Hotel,3059,Fire and Fishing Hotel,0
hotel-dup,5692,Thakali Lodge & Restaurant,3057,Thakali Lodge & Restaurant,0
hotel-dup,5691,Laxmi Group Guest house,3004,Laxmi Group Guest house,67
hotel-dup,5690,Siwai Guest House & Restaurant,3056,Siwai Guest House & Restaurant,0
hotel-dup,5689,Unique Guest House,3055,Unique Guest House,0
hotel-dup,5688,Indreni Guest House,3054,Indreni Guest House,0
hotel-dup,5687,Sakura Hotel,3053,Sakura Hotel,0
hotel-dup,5686,Kalabang Gharedi Homestay 2,3052,Kalabang Gharedi Homestay 2,0
hotel-dup,5685,Hotel Third Pole,3051,Hotel Third Pole,2
hotel-dup,5681,Tashling Guest House,3048,Tashling Guest House,0
hotel-dup,5678,Chautari Boutique Hotel,3046,Chautari Boutique Hotel,0
hotel-dup,5677,Crony Cottage Lodge,3045,Crony Cottage Lodge,0
hotel-dup,5676,Trekking Lodge,3044,Trekking Lodge,0
hotel-dup,5675,Hotel Rita Inn,3043,Hotel Rita Inn,0
hotel-dup,5674,Sports Hotel Pokhara,3042,Sports Hotel Pokhara,0
hotel-dup,5673,Florida Guest House,3041,Florida Guest House,0
hotel-dup,5672,Hotel Stay Pokhara,3040,Hotel Stay Pokhara,0
hotel-dup,5671,Hotel Aashika,3039,Hotel Aashika,0
hotel-dup,5670,Hotel Mantra Inn,3038,Hotel Mantra Inn,1
hotel-dup,5669,Hotel Swiss Home,3037,Hotel Swiss Home,0
hotel-dup,5668,hotel beizing,3036,hotel beizing,1
hotel-dup,5667,Hotel Utsab Himalaya,3035,Hotel Utsab Himalaya,1
hotel-dup,5666,Hotel Marcopolo,3034,Hotel Marcopolo,0
hotel-dup,5665,Hotel Yeti,3033,Hotel Yeti,0
hotel-dup,5664,Hotel Dragon,3032,Hotel Dragon,2
hotel-dup,5661,Ripisha Guest House,3030,Ripisha Guest House,0
hotel-dup,5660,Geo Guest House,3029,Geo Guest House,1
hotel-dup,5659,Hotel Rise Inn,3028,Hotel Rise Inn,0
hotel-dup,5658,New Hotel Castle,3027,New Hotel Castle,0
hotel-dup,5657,Baba Lodge,3026,Baba Lodge,0
hotel-dup,5656,Ming Tang Garden Cottage,3025,Ming Tang Garden Cottage,0
hotel-dup,5655,Hotel The Lake,3024,Hotel The Lake,0
hotel-dup,5651,Sakura Guest House and Restaurant,3020,Sakura Guest House and Restaurant,0
hotel-dup,5650,Hotel The City Corner,3019,Hotel The City Corner,0
hotel-dup,5649,Apsara Hotel & Lodge,3018,Apsara Hotel & Lodge,0
hotel-dup,5648,Berlin Guest House,3017,Berlin Guest House,0
hotel-dup,5643,Kangaroo Lodge,3012,Kangaroo Lodge,0
hotel-dup,5640,Hotel The Cock,3009,Hotel The Cock,0
hotel-dup,5639,Hotel Liberty,3008,Hotel Liberty,0
hotel-dup,5638,Temple Himalaya Hotel,3007,Temple Himalaya Hotel,0
hotel-dup,5637,Hotel ABC,3006,Hotel ABC,0
hotel-dup,5635,WRC Guest House,3005,WRC Guest House,0
hotel-dup,5634,Laxmi Group Guest house,3004,Laxmi Group Guest house,0
hotel-dup,5631,Foksing Hill Resort,3001,Foksing Hill Resort,0
hotel-dup,5628,Hotel Mountain View,2999,Hotel Mountain View,0
hotel-dup,5627,Thapa hotel,2998,Thapa hotel,0
hotel-dup,5625,Hotel Waterside,2996,Hotel Waterside,0
hotel-dup,5617,Hotel Goodwill,2989,Hotel Goodwill,1
hotel-dup,5616,Neeru's Guesthouse,4247,Neeru's Guesthouse,0
hotel-dup,5612,Hotel P-Raj,2988,Hotel P-Raj,0
hotel-dup,5611,Hotel Raniban Arcade,2987,Hotel Raniban Arcade,1
hotel-dup,5609,Paradise Boutique Hotel,2985,Paradise Boutique Hotel,0
hotel-dup,5607,Pokhara Grande Hotel,2983,Pokhara Grande Hotel,8
hotel-dup,5605,Kalika Guest House,2982,Kalika Guest House,0
hotel-dup,5604,hotel adhmirekhara,2981,hotel adhmirekhara,1
hotel-dup,5602,Pokhara Eco Resort,2979,Pokhara Eco Resort,0
hotel-dup,5601,hotel white castel,2978,hotel white castel,0
hotel-dup,5600,Hotel Snow Leopard,2977,Hotel Snow Leopard,0
hotel-dup,5599,Hotel Sheraphic,2976,Hotel Sheraphic,1
hotel-dup,5598,Hotel Rosemarry,2975,Hotel Rosemarry,22
hotel-dup,5597,Hotel Rosemarry,2975,Hotel Rosemarry,2
hotel-dup,5596,Hotel Ranks Appartment,2974,Hotel Ranks Appartment,0
hotel-dup,5595,Hotel Point,2973,Hotel Point,0
hotel-dup,5594,Hotel Panaroma,2972,Hotel Panaroma,0
hotel-dup,5593,Hotel Maintain Dream,2971,Hotel Maintain Dream,0
hotel-dup,5592,Hotel Great Pokhara,2970,Hotel Great Pokhara,0
hotel-dup,5591,Hotel Grace,2969,Hotel Grace,0
hotel-dup,5590,Hotel Family Home,2968,Hotel Family Home,0
hotel-dup,5589,Hotel Delight Inn,2967,Hotel Delight Inn,0
hotel-dup,5588,Hotel Blevenue,2966,Hotel Blevenue,1
hotel-dup,5587,Silver Oaks Inn,2965,Silver Oaks Inn,0
hotel-dup,5584,hotel machhapuchre and lodge,2964,hotel machhapuchre and lodge,0
hotel-dup,5571,Phulbari Hotel,2962,Phulbari Hotel,16
hotel-dup,5569,Shankar Guesthouse,2629,Shankar Guesthouse,14
hotel-dup,5567,Hotel Laligurans,3810,Hotel Laligurans,0
hotel-dup,5566,Hotel Rainbow Attractive,2961,Hotel Rainbow Attractive,1
hotel-dup,5564,Kathmandu Eco Hotel,180,Kathmandu Eco Hotel,23
hotel-dup,5560,Mystique Highland Resort,2960,Mystique Highland Resort,9
hotel-dup,5557,Hotel Sakura,2959,Hotel Sakura,3
hotel-dup,5556,Hotel Murano,2958,Hotel Murano,0
hotel-dup,5555,Hotel Fewa Holi Inn,2957,Hotel Fewa Holi Inn,0
hotel-dup,5554,Hotel Himalayan Inn,2956,Hotel Himalayan Inn,0
hotel-dup,5553,Hotel Diplomat,2955,Hotel Diplomat,0
hotel-dup,5552,Temple Tree Resort & Spa,2954,Temple Tree Resort & Spa,5
hotel-dup,5549,Atithi Resort & Spa,2953,Atithi Resort & Spa,7
hotel-dup,5547,Hotel City Inn,2952,Hotel City Inn,0
hotel-dup,5546,Hotel Tara,2951,Hotel Tara,0
hotel-dup,5545,Hotel Orchid,2950,Hotel Orchid,0
hotel-dup,5540,Hotel Green Valley,1921,Hotel Green Valley,0
hotel-dup,5539,Romeo & Juliet Lodge,4246,Romeo & Juliet Lodge,0
hotel-dup,5532,Royal Mustang Resort,4245,Royal Mustang Resort,0
hotel-dup,5531,Dovan Guest House,2948,Dovan Guest House,1
hotel-dup,5530,Annapurna-Approach Lodge,2947,Annapurna-Approach Lodge,2
hotel-dup,5529,Tip Top Lodge,2946,Tip Top Lodge,1
hotel-dup,5528,Hotel Mountain Yak,4118,Hotel Mountain Yak,0
hotel-dup,5527,Himalchuli Laxmi Hotel,4117,Himalchuli Laxmi Hotel,0
hotel-dup,5526,Maya Hotel,4116,Maya Hotel,0
hotel-dup,5506,Hotel Old Village Inn,2945,Hotel Old Village Inn,0
hotel-dup,5505,Annapurna Guesthouse,2944,Annapurna Guesthouse,0
hotel-dup,5501,Laligures Guest House,2943,Laligures Guest House,0
hotel-dup,5479,Nikunj Safari Guest House Sauraha,1824,Nikunj Safari Guest House Sauraha,0
hotel-dup,5475,Hotel Hiranya,3808,Hotel Hiranya,0
hotel-dup,5474,Hotel Moonlight Kathmandu,3807,Hotel Moonlight Kathmandu,1
hotel-dup,5473,Manaslu Guest House,1920,Manaslu Guest House,0
hotel-dup,5472,Hotel Laxmi,1919,Hotel Laxmi,17
hotel-dup,5471,Hotel Laxmi,1919,Hotel Laxmi,0
hotel-dup,5464,Chautari Garden Resort,1823,Chautari Garden Resort,0
hotel-dup,5447,Kamala Guest House,2941,Kamala Guest House,24
hotel-dup,5446,Mira guesthouse & restaurant,2942,Mira guesthouse & restaurant,1
hotel-dup,5445,Kamala Guest House,2941,Kamala Guest House,1
hotel-dup,5444,Pratap Guest House,2940,Pratap Guest House,0
hotel-dup,5437,Larke Hotel & Lodge,1918,Larke Hotel & Lodge,0
hotel-dup,5436,Manaslu Hotel & Lodge,1917,Manaslu Hotel & Lodge,1
hotel-dup,5428,Hardik Hotel,3804,Hardik Hotel,0
hotel-dup,5418,Panaromic View Guesthouse,2939,Panaromic View Guesthouse,0
hotel-dup,5412,Hotel Manaslu,3803,Hotel Manaslu,5
hotel-dup,5410,Hotel Backpackers INN,3802,Hotel Backpackers INN,0
hotel-dup,5409,Shangri-la Boutique Hotel,3801,Shangri-la Boutique Hotel,0
hotel-dup,5408,Sakura hotel,3356,Sakura hotel,3
hotel-dup,5405,Mongolian cottage,1873,Mongolian cottage,24
hotel-dup,5404,Depche Village Resort,5004,Depche Village Resort,1
hotel-dup,5403,Rakshya Lodge,5003,Rakshya Lodge,0
hotel-dup,5402,Hotel Chumvally Restaurant and Lodge,1857,Hotel Chumvally Restaurant and Lodge,1
hotel-dup,5398,Paradise Hotel,3973,Paradise Hotel,1
hotel-dup,5396,Hotel Superb View & Top of the Town Restaurant,3972,Hotel Superb View & Top of the Town Restaurant,0
hotel-dup,5393,Diamond Hotel,1916,Diamond Hotel,0
hotel-dup,5392,Ashik Hotel,5002,Ashik Hotel,0
hotel-dup,5389,Family Guest House,5001,Family Guest House,0
hotel-dup,5387,The Old Inn,155,The Old Inn,85
hotel-dup,5385,Newa Hotel,4997,Newa Hotel,0
hotel-dup,5384,Hotel Maya & Restaurant,4996,Hotel Maya & Restaurant,0
hotel-dup,5383,Red Rose Hotel & Restaurant,4995,Red Rose Hotel & Restaurant,0
hotel-dup,5378,Hotel Tulsi,3970,Hotel Tulsi,0
hotel-dup,5377,Shrinki Guest House,1915,Shrinki Guest House,0
hotel-dup,5376,Shanti Guesthouse,1914,Shanti Guesthouse,1
hotel-dup,5369,Waterfront Resort,2938,Waterfront Resort,3
hotel-dup,5359,Dhampus Village Eco Lodge,2937,Dhampus Village Eco Lodge,0
hotel-dup,5355,Sherpa Guesthouse,2936,Sherpa Guesthouse,1
hotel-dup,5354,Tadapani Guest House,2612,Tadapani Guest House,0
hotel-dup,5353,Grand View Lodge,2935,Grand View Lodge,0
hotel-dup,5352,Hotel Tadapani Guest House,2934,Hotel Tadapani Guest House,1
hotel-dup,5335,See You Lodge,4164,See You Lodge,35
hotel-dup,5332,Gorkha Village Resort,2933,Gorkha Village Resort,30
hotel-dup,5331,Illam Pachthar Hotel and Lodge,3797,Illam Pachthar Hotel and Lodge,0
hotel-dup,5330,Chum Gate Way Hotel & Lodge,1913,Chum Gate Way Hotel & Lodge,0
hotel-dup,5329,kafle hotel,1822,kafle hotel,0
hotel-dup,5328,Vivanta Hotel,1821,Vivanta Hotel,0
hotel-dup,5327,Soni homestay,4115,Soni homestay,0
hotel-dup,5325,Island Jungle Resort,1820,Island Jungle Resort,2
hotel-dup,5324,Hotel Satanchuli In,1819,Hotel Satanchuli In,1
hotel-dup,5323,Hotel Image,1818,Hotel Image,0
hotel-dup,5321,Bharatpur Garden Resort,1816,Bharatpur Garden Resort,11
hotel-dup,5319,Hotel Woodland,3796,Hotel Woodland,2
hotel-dup,5244,Hotel High Desert,4243,Hotel High Desert,2
hotel-dup,5243,Hotel Nightingale,4242,Hotel Nightingale,0
hotel-dup,5242,Hotel 4 Seasons,4241,Hotel 4 Seasons,0
hotel-dup,5237,Ambience Guest House,3909,Ambience Guest House,0
hotel-dup,5235,Gateway Himalayan Resort,3968,Gateway Himalayan Resort,1
hotel-dup,5234,Hotel Moonlight Resort,2932,Hotel Moonlight Resort,2
hotel-dup,5233,Hotel LakeSide,2931,Hotel LakeSide,3
hotel-dup,5231,Hotel New Yak,4112,Hotel New Yak,0
hotel-dup,5230,Himalaya Lodge,4111,Himalaya Lodge,0
hotel-dup,5220,Hotel Norling,4239,Hotel Norling,0
hotel-dup,5219,Potala Guest House,4238,Potala Guest House,0
hotel-dup,5218,Hotel Caravan,4237,Hotel Caravan,0
hotel-dup,5208,Shrestha Guest House,3794,Shrestha Guest House,0
hotel-dup,5207,New Panas Hotel,3793,New Panas Hotel,0
hotel-dup,5204,Hotel Karuna,2331,Hotel Karuna,0
hotel-dup,5203,Octagon Guesthouse,2930,Octagon Guesthouse,0
hotel-dup,5195,Hotel Mount Kailash,4236,Hotel Mount Kailash,0
hotel-dup,5194,The Face Resort,4235,The Face Resort,2
hotel-dup,5193,Hotel Moonlight,4234,Hotel Moonlight,0
hotel-dup,5191,Hotel Super View Ngadi,3967,Hotel Super View Ngadi,0
hotel-dup,5190,Holidays Trekkers Lodge & Restaurant,3966,Holidays Trekkers Lodge & Restaurant,0
hotel-dup,5189,Hotel Mountain Lake,4110,Hotel Mountain Lake,1
hotel-dup,5180,Tilicho Hotel & Restaurant,4109,Tilicho Hotel & Restaurant,1
hotel-dup,5179,Himalayan Singi Hotel,4108,Himalayan Singi Hotel,0
hotel-dup,5178,Hotel Yeti,4107,Hotel Yeti,0
hotel-dup,5165,Kotee Home Hotel,2927,Kotee Home Hotel,0
hotel-dup,5163,Hotel New Sahara,3792,Hotel New Sahara,1
hotel-dup,5160,@home Guesthouse,3906,@home Guesthouse,0
hotel-dup,5159,Peace Lodge,1912,Peace Lodge,0
hotel-dup,5158,Zambala Hotel,1859,Zambala Hotel,19
hotel-dup,5156,ponkar ganga hotel,4106,ponkar ganga hotel,0
hotel-dup,5151,Hotel Brihaspati,3789,Hotel Brihaspati,0
hotel-dup,5150,"Hotel Ambassador, Lazimpat",3788,"Hotel Ambassador, Lazimpat",0
hotel-dup,5149,Hotel Pacific Pvt.Ltd,3787,Hotel Pacific Pvt.Ltd,0
hotel-dup,5147,Hotel Tibet,3785,Hotel Tibet,0
hotel-dup,5146,The Fern Residency Platinum,3784,The Fern Residency Platinum,0
hotel-dup,5145,Grand Hotel,97,Grand Hotel,10
hotel-dup,5144,Tise Guesthouse,3782,Tise Guesthouse,0
hotel-dup,5131,Hotel Golden,3781,Hotel Golden,0
hotel-dup,5130,Hotel Twin Tower,3780,Hotel Twin Tower,0
hotel-dup,5129,Parbat Shikhar Hotel,3779,Parbat Shikhar Hotel,0
hotel-dup,5128,Hotel Pomelo House Inn,3778,Hotel Pomelo House Inn,0
hotel-dup,5127,Hotel Orchid,3777,Hotel Orchid,0
hotel-dup,5125,Hotel Mahadev,3775,Hotel Mahadev,0
hotel-dup,5122,Lake View Resort,2926,Lake View Resort,0
hotel-dup,5121,Hotel Trekkers Paradise,2925,Hotel Trekkers Paradise,0
hotel-dup,5120,Hotel Tiger Top & Restaurant,2924,Hotel Tiger Top & Restaurant,0
hotel-dup,5119,Hotel Fishtail & Restaurant,2923,Hotel Fishtail & Restaurant,0
hotel-dup,5118,Super View Lodge,2922,Super View Lodge,0
hotel-dup,5117,Sun Rise Lodge and Restaurant,2921,Sun Rise Lodge and Restaurant,0
hotel-dup,5116,Snowland Lodge and Restaurant,2920,Snowland Lodge and Restaurant,0
hotel-dup,5114,Sangrila Guest House,2918,Sangrila Guest House,0
hotel-dup,5113,Panorama Guest House,2917,Panorama Guest House,0
hotel-dup,5111,New Chhomrong Guest House and Restaurant,2916,New Chhomrong Guest House and Restaurant,1
hotel-dup,5110,Monalisha Lodge (Moonlight),2915,Monalisha Lodge (Moonlight),1
hotel-dup,5109,Maya Guest House and Restaurant,2914,Maya Guest House and Restaurant,0
hotel-dup,5107,Lucky Guest House and Restaurant,2913,Lucky Guest House and Restaurant,0
hotel-dup,5106,Hotel Laligurans,2912,Hotel Laligurans,0
hotel-dup,5105,Kimrong Guest House,2911,Kimrong Guest House,0
hotel-dup,5104,Hotel Rest Camp and Restaurant,2910,Hotel Rest Camp and Restaurant,0
hotel-dup,5101,Hungry Eye Lodge and Restaurant,2907,Hungry Eye Lodge and Restaurant,0
hotel-dup,5100,Hotel Tibet Guest House and Restaurant,2906,Hotel Tibet Guest House and Restaurant,0
hotel-dup,5099,Hotel Sherpa and Restaurant,2905,Hotel Sherpa and Restaurant,0
hotel-dup,5098,Hotel Sherpa,2904,Hotel Sherpa,0
hotel-dup,5097,Hotel River Side and Restaurant,2903,Hotel River Side and Restaurant,0
hotel-dup,5096,Hotel Mount Travel and Restaurant,2902,Hotel Mount Travel and Restaurant,0
hotel-dup,5095,Hotel Machhapuchhre Samjhana & Restaurant,2901,Hotel Machhapuchhre Samjhana & Restaurant,0
hotel-dup,5094,Hotel Lali Gurans Restaurant,2900,Hotel Lali Gurans Restaurant,0
hotel-dup,5093,Hotel Hungry Eye and Restaurant,2899,Hotel Hungry Eye and Restaurant,2
hotel-dup,5092,Hotel Gurans & Devkota Camping Place,2898,Hotel Gurans & Devkota Camping Place,1
hotel-dup,5091,Hotel Forest Camp and Restaurant,2897,Hotel Forest Camp and Restaurant,0
hotel-dup,5090,Honest Lodge and Restaurant,2896,Honest Lodge and Restaurant,0
hotel-dup,5089,Hiunchuli Lodge and Restaurant,2895,Hiunchuli Lodge and Restaurant,0
hotel-dup,5086,Heaven View Guest House and Restaurant,2894,Heaven View Guest House and Restaurant,0
hotel-dup,5085,Green View Guest House and Restaurant,2893,Green View Guest House and Restaurant,0
hotel-dup,5084,Ghandruk Guest House and Restaurant,2676,Ghandruk Guest House and Restaurant,16
hotel-dup,5082,Excellent View Top Lodge and Restaurant,2892,Excellent View Top Lodge and Restaurant,0
hotel-dup,5081,Ex Captain Lali Gurans Guest House,2891,Ex Captain Lali Gurans Guest House,0
hotel-dup,5080,Elysium Guest House,2890,Elysium Guest House,0
hotel-dup,5079,Chomrong Mountain View Lodge and Restaurant,2889,Chomrong Mountain View Lodge and Restaurant,0
hotel-dup,5078,Chomrong Cottage,2888,Chomrong Cottage,1
hotel-dup,5077,Australian Camp Guest House and Restaurant,2887,Australian Camp Guest House and Restaurant,0
hotel-dup,5076,Angel's Guest House and Restaurant,2886,Angel's Guest House and Restaurant,1
hotel-dup,5074,Hotel Silver Home,3369,Hotel Silver Home,54
hotel-dup,5073,Annapurna Guesthouse and Restaurant,2885,Annapurna Guesthouse and Restaurant,0
hotel-dup,5072,Hotel Vacation Home & Restaurant,2884,Hotel Vacation Home & Restaurant,1
hotel-dup,5071,Fishtail Guest House and Restaurant,2883,Fishtail Guest House and Restaurant,0
hotel-dup,5070,Trekkers Inn Lodge and Restaurant,2882,Trekkers Inn Lodge and Restaurant,0
hotel-dup,5068,Nabin Tanbee Restaurant and Guest House,1669,Nabin Tanbee Restaurant and Guest House,1
hotel-dup,5063,Dream Nepal Hotel and Apartment,3771,Dream Nepal Hotel and Apartment,0
hotel-dup,5062,Chill Out Resort,3770,Chill Out Resort,0
hotel-dup,5061,Hotel Siddhartha Gautam,3769,Hotel Siddhartha Gautam,0
hotel-dup,5057,Summit Holiday Home Hotel,3768,Summit Holiday Home Hotel,0
hotel-dup,5056,Royal Penguin Boutique Hotel,3767,Royal Penguin Boutique Hotel,2
hotel-dup,5054,Kathmandu Boutique Hotel,3766,Kathmandu Boutique Hotel,0
hotel-dup,5052,Hotel Lai Lai,3765,Hotel Lai Lai,1
hotel-dup,5051,Royal Penguin Boutique Hotel Pvt. Ltd,3764,Royal Penguin Boutique Hotel Pvt. Ltd,1
hotel-dup,5044,Hotel Pashupati Darshan,3763,Hotel Pashupati Darshan,0
hotel-dup,5033,Mi Casa Hotel in Nepal,3759,Mi Casa Hotel in Nepal,0
hotel-dup,5032,Hotel Tradition,3758,Hotel Tradition,0
hotel-dup,5031,Festoon Hotel Pvt. Ltd,3752,Festoon Hotel Pvt. Ltd,45
hotel-dup,5030,Hotel Blue Horizon,3757,Hotel Blue Horizon,0
hotel-dup,5028,Kathmandu Guesthouse,3485,Kathmandu Guest House,79
hotel-dup,5027,Hotel Florid,3755,Hotel Florid,1
hotel-dup,5025,Hotel Lucky Star,3754,Hotel Lucky Star,0
hotel-dup,5023,Festoon Hotel Pvt. Ltd,3752,Festoon Hotel Pvt. Ltd,0
hotel-dup,5022,Avataar Kathmandu Hotel,3751,Avataar Kathmandu Hotel,0
hotel-dup,5021,Shree Tibet Family Guest House,3750,Shree Tibet Family Guest House,0
hotel-dup,5020,Courtyard Hotel,3749,Courtyard Hotel,0
hotel-dup,5019,Hotel ACME,3748,Hotel ACME,0
hotel-dup,5015,Hotel Dudhpokhari & Lodge,3746,Hotel Dudhpokhari & Lodge,0
hotel-dup,5014,Hotel Aangan,3745,Hotel Aangan,0
hotel-dup,5013,Hotel Majesty,3744,Hotel Majesty,1
hotel-dup,5012,The Himanchal Lodge & Hotel,3743,The Himanchal Lodge & Hotel,0
hotel-dup,5011,Hotel Krishna Palace,3742,Hotel Krishna Palace,0
hotel-dup,5010,Hotel Mount Dhaulagiri,3741,Hotel Mount Dhaulagiri,0
hotel-dup,5009,New Namaste Guest House,3740,New Namaste Guest House,0
hotel-dup,5008,Hotel Isan,3739,Hotel Isan,0
hotel-dup,5007,Hotel Central Park,3738,Hotel Central Park,0
hotel-dup,5005,Hotel U and I,2881,Hotel U and I,0
hotel-dup,5002,Mount Kailash Resort,2880,Mount Kailash Resort,0
hotel-dup,4999,Dev Guest House,3902,Dev Guest House,0
hotel-dup,4998,Hotel Clarion,3901,Hotel Clarion,0
hotel-dup,4996,Jomsom Mountain Resort,4232,Jomsom Mountain Resort,1
hotel-dup,4994,Hotel Harmika,3732,Hotel Harmika,0
hotel-dup,4993,Hotel Kaze Darbar,3731,Hotel Kaze Darbar,0
hotel-dup,4986,Hotel Fewa,2879,Hotel Fewa,0
hotel-dup,4984,Papaya House Apartment Hotel (AirBnB),3729,Papaya House Apartment Hotel (AirBnB),0
hotel-dup,4981,Hotel Deepjoyti Pvt. Ltd,3728,Hotel Deepjoyti Pvt. Ltd,0
hotel-dup,4977,Hotel Shangri-La,3727,Hotel Shangri-La,4
hotel-dup,4975,Hotel Planet Bhaktapur,1668,Hotel Planet Bhaktapur,0
hotel-dup,4970,Hotel Himalaya,3899,Hotel Himalaya,6
hotel-dup,4923,Tiger Moutain Pokhara Lodge,2877,Tiger Moutain Pokhara Lodge,3
hotel-dup,4922,Godavari Village Resort,3896,Godavari Village Resort,29
hotel-dup,4921,Khumbila Hotel,3725,Khumbila Hotel,0
hotel-dup,4919,Hotel Tulsi,2876,Hotel Tulsi,0
hotel-dup,4918,Hotel Barahi,2875,Hotel Barahi,7
hotel-dup,4917,Hotel Tilicho,2874,Hotel Tilicho,1
hotel-dup,4915,Fish Tail Lodge,2872,Fish Tail Lodge,5
hotel-dup,4914,Dwarika's Hotel,3724,Dwarika's Hotel,7
hotel-dup,4913,Central Palms Hotel,1814,Central Palms Hotel,9
hotel-dup,4912,Royal Singi Hotel,3723,Royal Singi Hotel,0
hotel-dup,4902,Hotel Greenwich,3895,Hotel Greenwich,3
hotel-dup,4901,Summit Hotel Kathmandu,3894,Summit Hotel Kathmandu,7
hotel-dup,4897,Hotel Smart,3720,Hotel Smart,0
hotel-dup,4873,Homestay,4994,Homestay,0
hotel-dup,4872,Kaligandaki Riverside Resort,4993,Kaligandaki Riverside Resort,0
hotel-dup,4867,Rukumeli Hotel and Lodge,2870,Rukumeli Hotel and Lodge,0
hotel-dup,4864,Greenland guest house and restaurant,2868,Greenland guest house and restaurant,0
hotel-dup,4860,New Lali Gurans guest house and restaurant,2867,New Lali Gurans guest house and restaurant,0
hotel-dup,4820,Excellent View Hotel & Restaurant,2866,Excellent View Hotel & Restaurant,0
hotel-dup,4818,Ekelebhatti Long Bridge Guesthouse & Restaurant,1911,Ekelebhatti Long Bridge Guesthouse & Restaurant,0
hotel-dup,4814,Tsum Valey Pangpoche Guest House,1910,Tsum Valey Pangpoche Guest House,0
hotel-dup,4807,Temba's Homestay,3715,Temba's Homestay,0
hotel-dup,4804,Tashi Yangchen Hotel & Lodge,1909,Tashi Yangchen Hotel & Lodge,0
hotel-dup,4803,Samsgaun Hotel & Lodge,1908,Samsgaun Hotel & Lodge,0
hotel-dup,4802,Joyful Hotel,1907,Joyful Hotel,0
hotel-dup,4801,Boddhisattva Hotel & Lodge,1906,Boddhisattva Hotel & Lodge,0
hotel-dup,4800,Hotel Base Camp,1905,Hotel Base Camp,0
hotel-dup,4799,Peace Heaven Hotel & Lodge,1904,Peace Heaven Hotel & Lodge,0
hotel-dup,4788,Tashi Delek Hotel & Lodge,1903,Tashi Delek Hotel & Lodge,0
hotel-dup,4787,Bur Guest House,1902,Bur Guest House,0
hotel-dup,4786,Akley Bhatti Hotel & Lodge,1901,Akley Bhatti Hotel & Lodge,0
hotel-dup,4785,Namgyal Guest House,1900,Namgyal Guest House,0
hotel-dup,4784,Manju Baha Hotel School,1667,Manju Baha Hotel School,0
hotel-dup,4779,Drakon Nest Homestay,3712,Drakon Nest Homestay,0
hotel-dup,4773,Bodhi Guest House and Spa,3710,Bodhi Guest House and Spa,0
hotel-dup,4768,Hotel trekkers Sanctuary Ghandruk,2864,Hotel trekkers Sanctuary Ghandruk,0
hotel-dup,4767,Laliguras hotel & restaurant,4105,Laliguras hotel & restaurant,0
hotel-dup,4752,Hotel Juju,2863,Hotel Juju,85
hotel-dup,4751,Hotel Juju,2863,Hotel Juju,0
hotel-dup,4749,Hotel Siraichuli,1813,Hotel Siraichuli,0
hotel-dup,4743,Gap Cottage,1899,Gap Cottage,0
hotel-dup,4738,Hotel  Gurkha's Inn & Restaurant,4104,Hotel  Gurkha's Inn & Restaurant,0
hotel-dup,4719,Kimrong Viewpoint Guest House,2862,Kimrong Viewpoint Guest House,0
hotel-dup,4716,Hotel Hidden Paradise,2861,Hotel Hidden Paradise,0
hotel-dup,4708,Hotel Kyimolung,1898,Hotel Kyimolung,0
hotel-dup,4704,Lhaptang Guest House,1897,Lhaptang Guest House,0
hotel-dup,4701,Ghap Cottage Guest House,1896,Ghap Cottage Guest House,0
hotel-dup,4693,Zambala Manaslu Sho Guest House,1895,Zambala Manaslu Sho Guest House,0
hotel-dup,4689,Hotel Sherpa Lodge & Café - Magasin,1894,Hotel Sherpa Lodge & Café - Magasin,0
hotel-dup,4687,Budhi Gandaki Hotel,1893,Budhi Gandaki Hotel,0
hotel-dup,4679,Gapkaltal Guest House,1892,Gapkaltal Guest House,0
hotel-dup,4676,Karma Hotel,1891,Karma Hotel,0
hotel-dup,4670,hotel arati,3707,hotel arati,0
hotel-dup,4667,Chameri Himal Guesthouse,1888,Chameri Himal Guesthouse,0
hotel-dup,4666,Tashi Delek Lobshang Lodge & Restaurant,1887,Tashi Delek Lobshang Lodge & Restaurant,0
hotel-dup,4665,River View Guest House,1886,River View Guest House,0
hotel-dup,4664,Hotel Motherland Tsum,1885,Hotel Motherland Tsum,0
hotel-dup,4662,"Dharche Namaste Hotel, Restaurant &  Cofee Shop",1884,"Dharche Namaste Hotel, Restaurant &  Cofee Shop",0
hotel-dup,4648,Tibet Boutique Hotel,3706,Tibet Boutique Hotel,0
hotel-dup,4647,New Himalayan cottage,4103,New Himalayan cottage,0
hotel-dup,4640,Shiva lodge,2859,Shiva lodge,0
hotel-dup,4633,Hotel Janmabhumi 2,3705,Hotel Janmabhumi 2,0
hotel-dup,4630,Hotel Rita,4229,Hotel Rita,0
hotel-dup,4627,Nature Inn,4226,Nature Inn,0
hotel-dup,4610,Hotel Thrive,3704,Hotel Thrive,0
hotel-dup,4603,Hotel Mona Lisa,4206,Hotel Mona Lisa,0
hotel-dup,4602,Hotel Laligurans,4205,Hotel Laligurans,0
hotel-dup,4599,Dolma Inn,4202,Dolma Inn,0
hotel-dup,4597,Hotel Buddha Himalayan,4200,Hotel Buddha Himalayan,0
hotel-dup,4595,Panorama Inn,4198,Panorama Inn,0
hotel-dup,4594,Saino Lodge,4102,Saino Lodge,0
hotel-dup,4593,Hotel Trekkers,4101,Hotel Trekkers,0
hotel-dup,4592,Hotel Nyeshyang,4100,Hotel Nyeshyang,0
hotel-dup,4591,Hotel New Himalayan,4099,Hotel New Himalayan,0
hotel-dup,4588,New Norbu Ling Hotel,4097,New Norbu Ling Hotel,0
hotel-dup,4587,Hotel mountain view,4096,Hotel mountain view,0
hotel-dup,4585,Hotel Basecamp Inn,4094,Hotel Basecamp Inn,0
hotel-dup,4584,Mountain eco cottage,4093,Mountain eco cottage,0
hotel-dup,4581,Norbu Ling Hotel,4091,Norbu Ling Hotel,0
hotel-dup,4580,Ghale guest house,4090,Ghale guest house,0
hotel-dup,4579,Xchongla Homestay,4089,Xchongla Homestay,0
hotel-dup,4574,Happy Guest House,4085,Happy Guest House,0
hotel-dup,4571,Luma inn,2856,Luma inn,0
hotel-dup,4569,Hotel Royal corner,2854,Hotel Royal corner,0
hotel-dup,4568,Hotel Tibet international,3703,Hotel Tibet international,0
hotel-dup,4567,Home Guest House,3702,Home Guest House,0
hotel-dup,4566,Aarya Chaita Inn,3701,Aarya Chaita Inn,0
hotel-dup,4560,Hotel Phenix,3699,Hotel Phenix,0
hotel-dup,4555,Hotel Mringkyo,4084,Hotel Mringkyo,0
hotel-dup,4553,Hotel Maa Manakamana,3697,Hotel Maa Manakamana,0
hotel-dup,4550,Everest Holiday Inn,3694,Everest Holiday Inn,0
hotel-dup,4545,Hotel Om,2849,Hotel Om,0
hotel-dup,4536,Mount Fuji Homestay,2842,Mount Fuji Homestay,0
hotel-dup,4535,Hotel Alpine,2841,Hotel Alpine,0
hotel-dup,4533,Best step inn,4197,Best step inn,0
hotel-dup,4529,New Annapurna Guest house,4081,New Annapurna Guest house,0
hotel-dup,4527,Buddha Kitchen Hotel,4079,Buddha Kitchen Hotel,0
hotel-dup,4526,Shanti Hotel,4078,Shanti Hotel,0
hotel-dup,4524,Hotel Mandala,3965,Hotel Mandala,0
hotel-dup,4523,Natural View guest house,3964,Natural View guest house,0
hotel-dup,4520,Garden Hotel,4076,Garden Hotel,0
hotel-dup,4519,Manasalu Guest House,3962,Manasalu Guest House,0
hotel-dup,4518,Annapurna Guesthouse,3961,Annapurna Guesthouse,0
hotel-dup,4517,Through Peak guest house,3960,Through Peak guest house,0
hotel-dup,4515,Hotel Era,3692,Hotel Era,0
hotel-dup,4514,Hotel Tik Tok,3691,Hotel Tik Tok,0
hotel-dup,4507,Airport Diana Hotel,3690,Airport Diana Hotel,0
hotel-dup,4503,Bandipur Mountain Resort,4991,Bandipur Mountain Resort,0
hotel-dup,4490,Hotel Heaven Mountain & Restaurant,4075,Hotel Heaven Mountain & Restaurant,0
hotel-dup,4459,Srishti Srijana Hotel,1812,Srishti Srijana Hotel,0
hotel-dup,4456,Thorong Peak Hotel,4074,Thorong Peak Hotel,0
hotel-dup,4452,Himalayan Hotel,4073,Himalayan Hotel,0
hotel-dup,4447,Hotel Sarowar,31,Hotel Sarowar,94
hotel-dup,4437,Hotel Himalayan Paradise,4196,Hotel Himalayan Paradise,0
hotel-dup,4434,Maya Hotel & Restaurant,4071,Maya Hotel & Restaurant,0
hotel-dup,4433,Hôtel Yumpo & Lodge,3958,Hôtel Yumpo & Lodge,0
hotel-dup,4426,Tokyi Guest House,3685,Tokyi Guest House,0
hotel-dup,4419,Hotel High Ground Inn,2838,Hotel High Ground Inn,0
hotel-dup,4418,Hotel glamorous View,2837,Hotel glamorous View,0
hotel-dup,4410,Bandipur Kaushi Inn,4990,Bandipur Kaushi Inn,0
hotel-dup,4404,Thamel Hotel & Spa,3681,Thamel Hotel & Spa,0
hotel-dup,4397,Buddha Guest House & Restaurant,4070,Buddha Guest House & Restaurant,0
hotel-dup,4395,Hotel Narpa,4068,Hotel Narpa,0
hotel-dup,4393,Hotel de Purang,4195,Hotel de Purang,0
hotel-dup,4390,Hotel Silverline Pvt. Ltd,2835,Hotel Silverline Pvt. Ltd,0
hotel-dup,4389,Everland Kathmandu Hotel (Thamel),3680,Everland Kathmandu Hotel (Thamel),0
hotel-dup,4387,Hotel Gumbu,3678,Hotel Gumbu,0
hotel-dup,4386,Kaylas Boutique Hotel,3677,Kaylas Boutique Hotel,0
hotel-dup,4385,ViaVia Boutique Hotel - Kathmandu,3676,ViaVia Boutique Hotel - Kathmandu,0
hotel-dup,4384,Jungle World Resort,1810,Jungle World Resort,0
hotel-dup,4365,Hotel Durbar Side,1666,Hotel Durbar Side,0
hotel-dup,4364,Hotel Layaku Durbar,1665,Hotel Layaku Durbar,0
hotel-dup,4363,Hotel Vintage Home,1664,Hotel Vintage Home,0
hotel-dup,4343,Hotel Vistara,3675,Hotel Vistara,0
hotel-dup,4342,Himalaya Hotel & Restaurant,2834,Himalaya Hotel & Restaurant,0
hotel-dup,4341,Bambou Guest House & Restaurant,2833,Bambou Guest House & Restaurant,0
hotel-dup,4340,Greenland Lodge & Restaurant,2832,Greenland Lodge & Restaurant,0
hotel-dup,4331,Tujala Boutique Hotel,1663,Tujala Boutique Hotel,0
hotel-dup,4330,Boudha Apart Hotel,3672,Boudha Apart Hotel,0
hotel-dup,4328,Hotel Shambala,3671,Hotel Shambala,0
hotel-dup,4326,Ocean Inn,3669,Ocean Inn,0
hotel-dup,4322,Shambala hotel,4194,Shambala hotel,0
hotel-dup,4319,Hotel Mandala,4193,Hotel Mandala,0
hotel-dup,4318,KC Heaven Hotel,4192,KC Heaven Hotel,0
hotel-dup,4317,Hotel The Norbuling,4191,Hotel The Norbuling,0
hotel-dup,4316,Hotel Ghalegaun Cottage,3957,Hotel Ghalegaun Cottage,0
hotel-dup,4315,Hotel New Model Lodge,1809,Hotel New Model Lodge,0
hotel-dup,4314,New Hotel Jhamkavet Restaurant & Guest House,1808,New Hotel Jhamkavet Restaurant & Guest House,0
hotel-dup,4313,Himal Lodge & Restaurent,1807,Himal Lodge & Restaurent,0
hotel-dup,4312,Lumbini Guest House,1806,Lumbini Guest House,0
hotel-dup,4311,New Siddhi Baba Guest House,1805,New Siddhi Baba Guest House,0
hotel-dup,4309,Ashish Guest House,1803,Ashish Guest House,0
hotel-dup,4308,Nirvaya Guest House,1802,Nirvaya Guest House,0
hotel-dup,4307,Dipjyoti Guest House,1801,Dipjyoti Guest House,0
hotel-dup,4306,Sunrise Hotel Lodge,1800,Sunrise Hotel Lodge,0
hotel-dup,4305,Chaudari Staff Hotel,1799,Chaudari Staff Hotel,0
hotel-dup,4304,Ashika Hotel & Lodge,1798,Ashika Hotel & Lodge,0
hotel-dup,4303,Ilamely Hotel & Lodge,1797,Ilamely Hotel & Lodge,0
hotel-dup,4302,Hotel Old House,1796,Hotel Old House,0
hotel-dup,4301,Lama Hotel,1795,Lama Hotel,0
hotel-dup,4300,Hotel Gorkha Palace Lodge & Restaurant,1794,Hotel Gorkha Palace Lodge & Restaurant,0
hotel-dup,4299,Bhairab Hotel & Lodge,1793,Bhairab Hotel & Lodge,0
hotel-dup,4298,Hotel Dhaulagiri,1792,Hotel Dhaulagiri,0
hotel-dup,4297,Ale Hotel,1791,Ale Hotel,0
hotel-dup,4296,Janta Hotel & Lodge,1790,Janta Hotel & Lodge,0
hotel-dup,4295,Kavreli Staff Hotel,1789,Kavreli Staff Hotel,0
hotel-dup,4294,Luv Kush Hotel & Lodge,1788,Luv Kush Hotel & Lodge,0
hotel-dup,4293,Laligurash Hotel & Lodge,1787,Laligurash Hotel & Lodge,0
hotel-dup,4290,Peacock Guest House,1662,Peacock Guest House,0
hotel-dup,4289,Pradhan House Homestay,1661,Pradhan House Homestay,0
hotel-dup,4288,Big Bell Guest House,1660,Big Bell Guest House,0
hotel-dup,4287,Moon Light Guest House & Rootop Newari Foodland,1659,Moon Light Guest House & Rootop Newari Foodland,0
hotel-dup,4286,Sunny Guest House,1658,Sunny Guest House,0
hotel-dup,4285,khwopa Guest House,1657,khwopa Guest House,0
hotel-dup,4284,Kanchanjunga Guest House and Special Bhancha Ghar,1656,Kanchanjunga Guest House and Special Bhancha Ghar,0
hotel-dup,4283,Bhaktapur Guest House,1655,Bhaktapur Guest House,0
hotel-dup,4280,Hotel Bardan Pvt.ltd,2828,Hotel Bardan Pvt ltd,61
hotel-dup,4279,Hotel Bardan Pvt ltd,2828,Hotel Bardan Pvt ltd,0
hotel-dup,4275,"Himalayan View Hotel, Bhimthang, Manang",4065,"Himalayan View Hotel, Bhimthang, Manang",0
hotel-dup,4274,Manaslu Bamboo Hotel,1883,Manaslu Bamboo Hotel,0
hotel-dup,4273,Namrung Guest House,1882,Namrung Guest House,0
hotel-dup,4272,Kitchen Guest House,2826,Kitchen Guest House,0
hotel-dup,4271,Everest Guest House,2825,Everest Guest House,0
hotel-dup,4270,Syangja Hotel and Lodge,2824,Syangja Hotel and Lodge,0
hotel-dup,4269,Hotel Santoshi,2823,Hotel Santoshi,0
hotel-dup,4262,Mandala Hotel,1881,Mandala Hotel,0
hotel-dup,4261,Kagni Lodge,1880,Kagni Lodge,0
hotel-dup,4260,Namrung Tibetan Guest House,1879,Namrung Tibetan Guest House,0
hotel-dup,4259,Organic Apple Farme Guest House,1878,Organic Apple Farme Guest House,0
hotel-dup,4257,Hotel National Park Sauraha,1786,Hotel National Park Sauraha,0
hotel-dup,4249,Hotel Amazon,2821,Hotel Amazon,0
hotel-dup,4244,Hotel Dream Home,1877,Hotel Dream Home,0
hotel-dup,4243,Hotel Blue Sky,1876,Hotel Blue Sky,0
hotel-dup,4242,The River View Cottage,1875,The River View Cottage,0
hotel-dup,4239,Hotel Tilicho Peak and Restaurant,4064,Hotel Tilicho Peak and Restaurant,0
hotel-dup,4230,Hotel Odyssey Nepal,3667,Hotel Odyssey Nepal,0
hotel-dup,4225,Hotel Himalayan Hide Way,4989,Hotel Himalayan Hide Way,0
hotel-dup,4214,Hotel Rupakot restaurant & Rooftop,1654,Hotel Rupakot restaurant & Rooftop,0
hotel-dup,4208,Hotel Blue Moon,2820,Hotel Blue Moon,0
hotel-dup,4206,Rimal Guest House and catering Services,4988,Rimal Guest House and catering Services,0
hotel-dup,4204,Lamsal Hotel and Lodge,4987,Lamsal Hotel and Lodge,0
hotel-dup,4202,Hill Tower Hotel & Restaurant,3956,Hill Tower Hotel & Restaurant,0
hotel-dup,4192,Sunshine Hotel,4986,Sunshine Hotel,0
hotel-dup,4190,Hotel 260° Kyupche,2818,Hotel 260° Kyupche,0
hotel-dup,4176,Namaste Buddha Lodge,2817,Namaste Buddha Lodge,0
hotel-dup,4166,Marley Cottage,2816,Marley Cottage,0
hotel-dup,4165,Hotel Goma,2815,Hotel Goma,0
hotel-dup,4164,Hotel Brothers Tasa,2814,Hotel Brothers Tasa,0
hotel-dup,4162,Icefall Hotel Kori,2812,Icefall Hotel Kori,0
hotel-dup,4160,Hotel Bhagawati,3660,Hotel Bhagawati,0
hotel-dup,4159,Nirvana hotel,4063,Nirvana hotel,0
hotel-dup,4158,Mardi station hotel & restaurent,2811,Mardi station hotel & restaurent,0
hotel-dup,4157,mardi station hotel &  restaurent,2811,Mardi station hotel & restaurent,17
hotel-dup,4146,Chitwan Gaida Lodge,1784,Chitwan Gaida Lodge,0
hotel-dup,4145,Grand Yak Boutique Hotel,3659,Grand Yak Boutique Hotel,0
hotel-dup,4144,Vastu Boutique Hotel,3658,Vastu Boutique Hotel,0
hotel-dup,4143,Kumari Boutique Hotel,3657,Kumari Boutique Hotel,0
hotel-dup,4134,Everest Boutique Hotel,3654,Everest Boutique Hotel,0
hotel-dup,4123,Renzam Ganesh Himal Guesthouse,1874,Renzam Ganesh Himal Guesthouse,0
hotel-dup,4120,Hotel Holiday Inn,3653,Hotel Holiday Inn,0
hotel-dup,4119,Ganga Holiday Inn,3652,Ganga Holiday Inn,0
hotel-dup,4105,Ashoka Resort,1783,Ashoka Resort,0
hotel-dup,4087,Hotel Blue Sky,1782,Hotel Blue Sky,0
hotel-dup,4079,Panaroma inn,1649,Panaroma inn,0
hotel-dup,4077,Hotel Rhino Land,1781,Hotel Rhino Land,0
hotel-dup,4063,Thakuri guest house,3953,Thakuri guest house,0
hotel-dup,4062,Hotel Nepalaya,3649,Hotel Nepalaya,0
hotel-dup,4060,Hotel Aerocity,3648,Hotel Aerocity,0
hotel-dup,4048,Hotel Golden View,2806,Hotel Golden View,0
hotel-dup,4047,Hotel Trekker's Inn & Restaurant,2805,Hotel Trekker's Inn & Restaurant,0
hotel-dup,4046,Hotel Shanan & Sukuti,2804,Hotel Shanan & Sukuti,0
hotel-dup,4045,Hotel Grace & Restaurant,2803,Hotel Grace & Restaurant,0
hotel-dup,4044,Hotel Moonlight & Restaurant,2802,Hotel Moonlight & Restaurant,0
hotel-dup,4043,Hotel Yak & Restaurant,2801,Hotel Yak & Restaurant,0
hotel-dup,4042,Heaven View Guesthouse & Restaurant,2800,Heaven View Guesthouse & Restaurant,0
hotel-dup,4041,Hotel Magic Mountain,2799,Hotel Magic Mountain,0
hotel-dup,4040,Hotel Snowland,2798,Hotel Snowland,0
hotel-dup,4039,Hotel Himalayan Nest,2797,Hotel Himalayan Nest,0
hotel-dup,4034,Hotel Dreamy Mountains & Restaurant,4062,Hotel Dreamy Mountains & Restaurant,0
hotel-dup,4033,Celesty Inn,2796,Celesty Inn,0
hotel-dup,4032,Hotel Aerial View,2795,Hotel Aerial View,0
hotel-dup,4031,Singhi hotel,4190,Singhi hotel,0
hotel-dup,4027,Hotel Mardi Peak,2794,Hotel Mardi Peak,0
hotel-dup,4026,Angel Guest House,4189,Angel Guest House,0
hotel-dup,4025,Hotel Narbulinka Pisang,4061,Hotel Narbulinka Pisang,0
hotel-dup,4023,Hotel The Glacier View,2793,Hotel The Glacier View,0
hotel-dup,4022,Hotel Peace Forest & Restaurant,2792,Hotel Peace Forest & Restaurant,0
hotel-dup,4021,Hotel Himchuli & Restaurant,2791,Hotel Himchuli & Restaurant,0
hotel-dup,4020,Hotel Himalayan Majesty,2790,Hotel Himalayan Majesty,0
hotel-dup,4013,The North Face Inn,2786,The North Face Inn,0
hotel-dup,4011,New Star Hotel,4984,New Star Hotel,0
hotel-dup,4010,Phu Mountain Lodge,4060,Phu Mountain Lodge,0
hotel-dup,3998,Hotel Grand View,3646,Hotel Grand View,0
hotel-dup,3997,Hotel Sonam,4188,Hotel Sonam,0
hotel-dup,3972,Hotel Sukun,3645,Hotel Sukun,0
hotel-dup,3970,blue poppy lodge & restaurant,2785,blue poppy lodge & restaurant,0
hotel-dup,3969,Shikshya Homestay,2784,Shikshya Homestay,0
hotel-dup,3968,Mahendra Guest House,2783,Mahendra Guest House,0
hotel-dup,3967,Sandesh hotel,2782,Sandesh hotel,0
hotel-dup,3960,Mongolian cottage,1873,Mongolian cottage,0
hotel-dup,3959,Throungh Peak Hotel,3952,Throungh Peak Hotel,0
hotel-dup,3957,Hotel SnowLion,1872,Hotel SnowLion,0
hotel-dup,3956,Hotel Sweet Dreams,3644,Hotel Sweet Dreams,0
hotel-dup,3949,Hotel Aagaman,4983,Hotel Aagaman,0
hotel-dup,3885,Malika Hotel,3951,Malika Hotel,0
hotel-dup,3876,Johnny Cash Hotel & Restaurant,4187,Johnny Cash Hotel & Restaurant,0
hotel-dup,3875,Hotel Gangapurna,4058,Hotel Gangapurna,0
hotel-dup,3874,Hotel California,4057,Hotel California,0
hotel-dup,3867,Sushma Hotel & Restaurant,4056,Sushma Hotel & Restaurant,0
hotel-dup,3866,Larke Peak Guest House & Restaura,4055,Larke Peak Guest House & Restaura,0
hotel-dup,3865,Himlung Hotel & Restaurant,4054,Himlung Hotel & Restaurant,0
hotel-dup,3862,Cheers Lilita Hotel & Restaurant,4053,Cheers Lilita Hotel & Restaurant,0
hotel-dup,3859,Hotel Living Lion,3641,Hotel Living Lion,0
hotel-dup,3857,Hotel B And D Fastfood Cafe,3639,Hotel B And D Fastfood Cafe,0
hotel-dup,3856,Hotel Ratnajyoti,3638,Hotel Ratnajyoti,0
hotel-dup,3853,Shree Bagwasori Hotel,3635,Shree Bagwasori Hotel,0
hotel-dup,3850,Anisha Shrestha Hotel,3632,Anisha Shrestha Hotel,0
hotel-dup,3849,Prathista Guest House,3631,Prathista Guest House,0
hotel-dup,3845,Banepali Guest House,3627,Banepali Guest House,0
hotel-dup,3844,Himalayan Guest House,3626,Himalayan Guest House,0
hotel-dup,3842,Buddhi Gandaki Homestay and Teahouse,1871,Buddhi Gandaki Homestay and Teahouse,0
hotel-dup,3841,Tashi Delek Lobsang Lodge & Restaurant,1870,Tashi Delek Lobsang Lodge & Restaurant,0
hotel-dup,3838,Milestone hotel,3624,Milestone hotel,0
hotel-dup,3836,Apple farm hotel,4052,Apple farm hotel,0
hotel-dup,3833,Surya Homestay,3623,Surya Homestay,0
hotel-dup,3827,Jasmine Apartment Hotel,3617,Jasmine Apartment Hotel,0
hotel-dup,3822,Hotel Namaste Pathivara,3612,Hotel Namaste Pathivara,0
hotel-dup,3821,Prabashi Hotel,3611,Prabashi Hotel,0
hotel-dup,3820,Oyo Hotel And Resturant Tapoban,3610,Oyo Hotel And Resturant Tapoban,0
hotel-dup,3819,Kantipur Guest House,3609,Kantipur Guest House,0
hotel-dup,3816,The Sunkoshi Guest House,3606,The Sunkoshi Guest House,0
hotel-dup,3814,Paris Boys Hotel,3604,Paris Boys Hotel,0
hotel-dup,3805,Manakamana Guest House Tatha Hotel,3596,Manakamana Guest House Tatha Hotel,0
hotel-dup,3803,Hotel Blissful Pvt.Ltd,3594,Hotel Blissful Pvt.Ltd,0
hotel-dup,3795,Purbeli Guest House,3587,Purbeli Guest House,0
hotel-dup,3792,Gajurmukhi Hotel,3585,Gajurmukhi Hotel,0
hotel-dup,3791,Hotel Chandragiri Inn Guest House,3584,Hotel Chandragiri Inn Guest House,0
hotel-dup,3790,Hotel Paris Plaza,3583,Hotel Paris Plaza,0
hotel-dup,3780,Khotang Kirat Hotel,3573,Khotang Kirat Hotel,0
hotel-dup,3779,Nor Guest House,3572,Nor Guest House,0
hotel-dup,3778,Bihani Guest House,3571,Bihani Guest House,0
hotel-dup,3773,Sijan Guest House,1644,Sijan Guest House,0
hotel-dup,3767,Hotel Magic Mountain,4185,Hotel Magic Mountain,0
hotel-dup,3757,Moon Light Hotel & Restaurant,4051,Moon Light Hotel & Restaurant,0
hotel-dup,3756,Hotel Mardi,2775,Hotel Mardi,0
hotel-dup,3755,Hotel Munal & Restaurant,2774,Hotel Munal & Restaurant,0
hotel-dup,3754,Hotel Humal,2773,Hotel Humal,0
hotel-dup,3753,Hotel Demand & Restaurant,2772,Hotel Demand & Restaurant,0
hotel-dup,3752,Hotel Dhod Kharkha,2771,Hotel Dhod Kharkha,0
hotel-dup,3751,Hotel Makkar Pvt. Ltd.,4982,Hotel Makkar Pvt. Ltd.,0
hotel-dup,3749,Chandra Krishna Hotel,1643,Chandra Krishna Hotel,0
hotel-dup,3748,Rubinala Inn,1869,Rubinala Inn,0
hotel-dup,3747,Thulodhunga Hotel and Lodge,1868,Thulodhunga Hotel and Lodge,0
hotel-dup,3746,Jagat Guest House,1867,Jagat Guest House,0
hotel-dup,3745,18 Saya Khola Family Guest House,1866,18 Saya Khola Family Guest House,0
hotel-dup,3660,A One Minawasi Hotel,1641,A One Minawasi Hotel,0
hotel-dup,3659,Sagarmatha Hotel and Lodge,1640,Sagarmatha Hotel and Lodge,0
hotel-dup,3657,Hotel Height And Kasturi Guest House,3564,Hotel Height And Kasturi Guest House,0
hotel-dup,3654,Hotel Kutumba,3885,Hotel Kutumba,0
hotel-dup,3653,Hotel Liyoli Inn,3562,Hotel Liyoli Inn,0
hotel-dup,3652,SAS Hotel,3561,SAS Hotel,0
hotel-dup,3651,Sandhar Guest House and Rooftop Khaja and Khana ghar,3560,Sandhar Guest House and Rooftop Khaja and Khana ghar,0
hotel-dup,3650,Beni Bhojanalaya and Guest House,3559,Beni Bhojanalaya and Guest House,0
hotel-dup,3649,Parbat Guest House,3558,Parbat Guest House,0
hotel-dup,3648,Subhim Guest House,3557,Subhim Guest House,0
hotel-dup,3647,Namaste Guest House,3556,Namaste Guest House,0
hotel-dup,3646,Mitra Guest House,3555,Mitra Guest House,0
hotel-dup,3645,Hotel View Point and Guest House,3554,Hotel View Point and Guest House,0
hotel-dup,3644,Amara Hotel and Guest House,3553,Amara Hotel and Guest House,0
hotel-dup,3643,Hair Hotel,3552,Hair Hotel,0
hotel-dup,3642,Dipika Guest House and Restaurant,3551,Dipika Guest House and Restaurant,0
hotel-dup,3641,Hotel Home Guest House,3550,Hotel Home Guest House,0
hotel-dup,3640,Bisram Guest House,3549,Bisram Guest House,0
hotel-dup,3639,City Guest House,3548,City Guest House,0
hotel-dup,3638,Hotel Happy Stay,3547,Hotel Happy Stay,0
hotel-dup,3637,Hotel Trimurti Pvt.Ltd,3546,Hotel Trimurti Pvt.Ltd,0
hotel-dup,3636,Hotel Sewantika Pvt.Ltd,3545,Hotel Sewantika Pvt.Ltd,0
hotel-dup,3635,Monalisha Hotel And Lodge,3544,Monalisha Hotel And Lodge,0
hotel-dup,3634,New Illameli Guest House,3543,New Illameli Guest House,0
hotel-dup,3633,Welcome Guest House,3542,Welcome Guest House,0
hotel-dup,3632,New Samyukta Guest House,3541,New Samyukta Guest House,0
hotel-dup,3631,Sevika Guest House,3540,Sevika Guest House,0
hotel-dup,3630,Aakashey Pul Guest House And Resturant And Thakali Bansa Ghar,3539,Aakashey Pul Guest House And Resturant And Thakali Bansa Ghar,0
hotel-dup,3629,Ramailo Lodge And Bhojanayala,3538,Ramailo Lodge And Bhojanayala,0
hotel-dup,3628,Indreni Hotel And Guest House,3537,Indreni Hotel And Guest House,0
hotel-dup,3627,Hotel Indreni And Lodge,3536,Hotel Indreni And Lodge,0
hotel-dup,3622,police guest house,3534,police guest house,0
hotel-dup,3618,Sambanda Guest House And Special Sekuwaa House,3530,Sambanda Guest House And Special Sekuwaa House,0
hotel-dup,3617,Tiger Of Jiri Hotel,1639,Tiger Of Jiri Hotel,0
hotel-dup,3614,Hotel Kimbu,3883,Hotel Kimbu,0
hotel-dup,3612,K. B. Guest House,3881,K. B. Guest House,0
hotel-dup,3610,Madhuban Hotel,3529,Madhuban Hotel,0
hotel-dup,3609,Himalayan Panchpokhari Hotel & Bar,3528,Himalayan Panchpokhari Hotel & Bar,0
hotel-dup,3608,Rara Guest House and Resturant,3527,Rara Guest House and Resturant,0
hotel-dup,3607,New Soni Guest House,3526,New Soni Guest House,0
hotel-dup,3606,Hotel Meridian Nepal Pvt.Ltd,3525,Hotel Meridian Nepal Pvt.Ltd,0
hotel-dup,3605,Hotel Shalimar,3524,Hotel Shalimar,0
hotel-dup,3603,Global Hotel,3522,Global Hotel,0
hotel-dup,3602,Vivantta Hotel,3521,Vivantta Hotel,0
hotel-dup,3588,Hotel Nova Nook,3519,Hotel Nova Nook,0
hotel-dup,3573,Shangri-La blu hotel,3878,Shangri-La blu hotel,0
hotel-dup,3459,Kalopani Guesthouse,4184,Kalopani Guesthouse,0
hotel-dup,3451,Hotel Ranjeu & Restaurant,2768,Hotel Ranjeu & Restaurant,0
hotel-dup,3450,Hotel Royal Mountain & Restaurant,2767,Hotel Royal Mountain & Restaurant,0
hotel-dup,3449,Hotel Mountain View & Restaurant,2766,Hotel Mountain View & Restaurant,0
hotel-dup,3442,Kusang Hotel & Restaurant,4050,Kusang Hotel & Restaurant,0
hotel-dup,3440,Gurungseni Hotel and Restaurant,4049,Gurungseni Hotel and Restaurant,0
hotel-dup,3439,Lho Norbu Hotel,1865,Lho Norbu Hotel,0
hotel-dup,3438,Lama Guest House,1864,Lama Guest House,0
hotel-dup,3437,Hamra Khaja Ghar Hotel,1863,Hamra Khaja Ghar Hotel,0
hotel-dup,3436,Norgyun Hotel,1862,Norgyun Hotel,0
hotel-dup,3435,Himal chuli hotel,1861,Himal chuli hotel,0
hotel-dup,3388,Hotel Jampa,3518,Hotel Jampa,0
hotel-dup,3333,Unique Guest House,3516,Unique Guest House,0
hotel-dup,3332,Hotel Hardik,3515,Hotel Hardik,0
hotel-dup,3330,Khotanghalesi guest house,3514,Khotanghalesi guest house,0
hotel-dup,3329,Sagarmatha top guest house,3513,Sagarmatha top guest house,0
hotel-dup,3328,Gorkhali guest house,3512,Gorkhali guest house,0
hotel-dup,3327,Sher Kanchanjanga guest house,3511,Sher Kanchanjanga guest house,0
hotel-dup,3326,Taplejung Dhankuta guest house,3510,Taplejung Dhankuta guest house,0
hotel-dup,3325,Gimiko guest house,3509,Gimiko guest house,0
hotel-dup,3324,3D Guest house,3508,3D Guest house,0
hotel-dup,3313,Hotel Bhu. Pu. Sainik Khaja Ghar and Guest House,1780,Hotel Bhu. Pu. Sainik Khaja Ghar and Guest House,0
hotel-dup,3312,Sainik Hotel and Guest House,1779,Sainik Hotel and Guest House,0
hotel-dup,3311,Shrestha Guest House,1778,Shrestha Guest House,0
hotel-dup,3310,Narayan Bicaneri Hotel,1777,Narayan Bicaneri Hotel,0
hotel-dup,3309,New Madina Hotel,1776,New Madina Hotel,0
hotel-dup,3308,Aama Hotel,1775,Aama Hotel,0
hotel-dup,3307,Madina Hotel,1774,Madina Hotel,0
hotel-dup,3305,Hotel Sakar  Restaurant and Lodge,4981,Hotel Sakar  Restaurant and Lodge,0
hotel-dup,3302,Muktinath Hotel,2765,Muktinath Hotel,0
hotel-dup,3299,Fair Mount Hotel,2764,Fair Mount Hotel,0
hotel-dup,3234,Boudha Boutique Hotel,3507,Boudha Boutique Hotel,0
hotel-dup,3233,Hotel Butsugen,3506,Hotel Butsugen,0
hotel-dup,3230,HOTEL RANI MAHAL PVT. LTD.,3504,HOTEL RANI MAHAL PVT. LTD.,0
hotel-dup,3229,Hotel Sunset View,3503,Hotel Sunset View,0
hotel-dup,3228,ARYAL INT'L HOTEL,3502,ARYAL INT'L HOTEL,0
hotel-dup,3227,AI boutique Hotel,3501,AI boutique Hotel,0
hotel-dup,3226,Chesspane Pahunghar Homestay,2761,Chesspane Pahunghar Homestay,0
hotel-dup,3225,River View Hotel Lodge,2760,River View Hotel Lodge,0
hotel-dup,3224,Rupakot Guest House Resturant & Bar,2759,Rupakot Guest House Resturant & Bar,0
hotel-dup,3213,Friend's Lake Inn,2757,Friend's Lake Inn,0
hotel-dup,3178,Hotel Icefall,2756,Hotel Icefall,0
hotel-dup,3177,Maya's Inn,4183,Maya's Inn,0
hotel-dup,3175,Hotel Mother's & Lalupate restaurant,3950,Hotel Mother's & Lalupate restaurant,0
hotel-dup,3174,HOTEL MOUNTAIN VIEW ROOFTOP RESTAURANT,3949,HOTEL MOUNTAIN VIEW ROOFTOP RESTAURANT,0
hotel-dup,3172,Hotel Mountain Peak,2755,Hotel Mountain Peak,0
hotel-dup,3171,Labin Cottage,2754,Labin Cottage,0
hotel-dup,3149,Hotel Task International,2752,Hotel Task International,0
hotel-dup,3148,Hotel Luna Kathmandu,3497,Hotel Luna Kathmandu,0
hotel-dup,3141,New White Lotus Guest House And Roof Top Garden,3496,New White Lotus Guest House And Roof Top Garden,0
hotel-dup,3140,Sky Line Hotel,3495,Sky Line Hotel,0
hotel-dup,3138,Thamel Peace Villa Hotel,3493,Thamel Peace Villa Hotel,0
hotel-dup,3137,Hotel Nepal Tara,3492,Hotel Nepal Tara,0
hotel-dup,3136,Hotel Seven Star Pvt Ltd,3491,Hotel Seven Star Pvt Ltd,0
hotel-dup,3134,Hotel Agaman With Apartment,3489,Hotel Agaman With Apartment,0
hotel-dup,3133,New Shree Guest House,3488,New Shree Guest House,0
hotel-dup,3131,Hotel President Thamel,3486,Hotel President Thamel,0
hotel-dup,3130,Kathmandu Guest House,3485,Kathmandu Guest House,0
hotel-dup,3128,Hotel Namaste And Spa,3484,Hotel Namaste And Spa,0
hotel-dup,3127,The Address Kathmandu Hotel,3483,The Address Kathmandu Hotel,0
hotel-dup,3125,The Kathamndu Hotel Pvt. Ltd,3482,The Kathamndu Hotel Pvt. Ltd,0
hotel-dup,3124,Oscar Guest House,3481,Oscar Guest House,0
hotel-dup,3122,Hotel Travelers Home,3479,Hotel Travelers Home,0
hotel-dup,3120,Hotel Green Horizon,3477,Hotel Green Horizon,0
hotel-dup,3119,Hotel Yukhang,3476,Hotel Yukhang,0
hotel-dup,3115,Hotel De Universe,3473,Hotel De Universe,0
hotel-dup,3114,Fujiya Guest House,3472,Fujiya Guest House,0
hotel-dup,3113,Kathmandu Regency Hotel,3471,Kathmandu Regency Hotel,0
hotel-dup,3112,Tibet Guest House,3470,Tibet Guest House,0
hotel-dup,3111,Hotel Thamel House,3469,Hotel Thamel House,0
hotel-dup,3110,Hotel Felicity Pvt. Ltd.,3468,Hotel Felicity Pvt. Ltd.,0
hotel-dup,3109,Hotel Namtso,3467,Hotel Namtso,0
hotel-dup,3108,Hotel Blue Diamond Pvt.Ltd,3466,Hotel Blue Diamond Pvt.Ltd,0
hotel-dup,3107,Jyatha Inn Guest House,3465,Jyatha Inn Guest House,0
hotel-dup,3106,Buddha Bagaicha Hotel Pvt.Ltd,3464,Buddha Bagaicha Hotel Pvt.Ltd,0
hotel-dup,3105,Lhasa Guest House,3463,Lhasa Guest House,0
hotel-dup,3101,Annapurna Guest house,3459,Annapurna Guest house,0
hotel-dup,3100,Hotel Bright Star,3458,Hotel Bright Star,0
hotel-dup,3096,Souvenir Guest House,3454,Souvenir Guest House,0
hotel-dup,3091,Hotel buddy,3450,Hotel buddy,0
hotel-dup,3084,Amar Hotel,3448,Amar Hotel,0
hotel-dup,3082,Rosebud Hotel & Resort,3446,Rosebud Hotel & Resort,0
hotel-dup,3081,Platinum Hotel,3445,Platinum Hotel,0
hotel-dup,3078,Fairmount Hotel,2751,Fairmount Hotel,0
hotel-dup,3077,Maula Cottage,2750,Maula Cottage,0
hotel-dup,3068,Ramada Encore Hotel,3442,Ramada Encore Hotel,0
hotel-dup,3067,Four Seasons Boutique Hotel & Spa,3441,Four Seasons Boutique Hotel & Spa,0
hotel-dup,3066,Aria Boutique Hotel & Spa,3440,Aria Boutique Hotel & Spa,0
hotel-dup,3065,Traditional Comfort- A Boutique Hotel,3439,Traditional Comfort- A Boutique Hotel,0
hotel-dup,3064,The Everest Hotel Kathmandu,3438,The Everest Hotel Kathmandu,0
hotel-dup,3063,Hotel Sagarmatha and Lodge,3437,Hotel Sagarmatha and Lodge,0
hotel-dup,3062,Hotel Jyoti and Guest House,3436,Hotel Jyoti and Guest House,0
hotel-dup,3061,Hotel Adhar and Guest House,3435,Hotel Adhar and Guest House,0
hotel-dup,3060,Hotel Surya,3434,Hotel Surya,0
hotel-dup,3054,Kasthamandap Boutique Hotel,3433,Kasthamandap Boutique Hotel,0
hotel-dup,3053,Hotel Everest Nepal,3432,Hotel Everest Nepal,0
hotel-dup,3051,Hotel Arts,3430,Hotel Arts,0
hotel-dup,3046,Shiva Shankhar Hotel,3429,Shiva Shankhar Hotel,0
hotel-dup,3045,Hotel Ananda Pashupati P Ltd,3428,Hotel Ananda Pashupati P Ltd,0
hotel-dup,3044,Comfort Inn Hotel and Apartments,3427,Comfort Inn Hotel and Apartments,0
hotel-dup,3042,Readers Inn,3425,Readers Inn,0
hotel-dup,3041,Hotel Narayana,3424,Hotel Narayana,0
hotel-dup,3038,Dom Himalaya Hotel,3423,Dom Himalaya Hotel,0
hotel-dup,3037,Hotel Lily,3422,Hotel Lily,0
hotel-dup,3036,Holyland Guest House,3421,Holyland Guest House,0
hotel-dup,3035,Hotel Festoon,3420,Hotel Festoon,0
hotel-dup,3034,Mirage Lords Inn,3419,Mirage Lords Inn,0
hotel-dup,3033,Shiva Tirupati Hotel,3418,Shiva Tirupati Hotel,0
hotel-dup,3031,Taleju Boutique Hotel,3417,Taleju Boutique Hotel,0
hotel-dup,3030,Skyline Hotel,3495,Sky Line Hotel,36
hotel-dup,3027,Thamel Eco Resort,3414,Thamel Eco Resort,0
hotel-dup,3025,Hotel Holiday Taj,3412,Hotel Holiday Taj,0
hotel-dup,3024,Hotel Thorong Peak,3411,Hotel Thorong Peak,0
hotel-dup,3023,Hotel Shivam Plaza Pvt. Ltd.,3410,Hotel Shivam Plaza Pvt. Ltd.,0
hotel-dup,3022,Hotel Crown Plaza,3409,Hotel Crown Plaza,0
hotel-dup,3021,Hotel Prince Plaza Pvt. Ltd.,3408,Hotel Prince Plaza Pvt. Ltd.,0
hotel-dup,3019,Hotel Landmark Kathmandu,3406,Hotel Landmark Kathmandu,0
hotel-dup,3018,Airport Hotel,3405,Airport Hotel,0
hotel-dup,3017,Hotel Everest Mount Holiday,3404,Hotel Everest Mount Holiday,0
hotel-dup,3016,Hotel Le Himalya,3403,Hotel Le Himalya,0
hotel-dup,3015,New Hotel Panda,3402,New Hotel Panda,0
hotel-dup,3013,Hotel Access Nepal,3401,Hotel Access Nepal,0
hotel-dup,2983,Tamu hotel,3948,Tamu hotel,0
hotel-dup,2946,Bhadrasingh Homestay,2749,Bhadrasingh Homestay,0
hotel-dup,2929,Kathmandu Marriott Hotel,3396,Kathmandu Marriott Hotel,0
hotel-dup,2923,Thamel Villa Heritage Hotel,3394,Thamel Villa Heritage Hotel,0
hotel-dup,2915,Gurung Lodge,2745,Gurung Lodge,0
hotel-dup,2911,Hotel Backyard,3393,Hotel Backyard,0
hotel-dup,2901,Hotel Four Seasons,4048,Hotel Four Seasons,0
hotel-dup,2895,Tibet Lhasha Hotel & Restaurant,3947,Tibet Lhasha Hotel & Restaurant,0
hotel-dup,2886,Hotel Marinha,3392,Hotel Marinha,0
hotel-dup,2869,Riverside Lodge and restaurant,2742,Riverside Lodge and restaurant,0
hotel-dup,2865,Gurung Guesthouse,2740,Gurung Guesthouse,0
hotel-dup,2864,Pothana Guest House,2739,Pothana Guest House,0
hotel-dup,2862,Safari Wildlife Lodge & Camp,1773,Safari Wildlife Lodge & Camp,0
hotel-dup,2859,Ker & Downy Resort,2738,Ker & Downy Resort,0
hotel-dup,2858,Mala Lodge,2737,Mala Lodge,0
hotel-dup,2857,Hot Spring Cottage,2736,Hot Spring Cottage,0
hotel-dup,2856,Jhinu Guest House,2735,Jhinu Guest House,0
hotel-dup,2855,Modi Khola Guest House and Fast Food Restaurant,2734,Modi Khola Guest House and Fast Food Restaurant,0
hotel-dup,2854,New Bridge Guest House & Fast Food Restaurant,2733,New Bridge Guest House & Fast Food Restaurant,0
hotel-dup,2853,Hiunchuli Guest House and Restaurant,2732,Hiunchuli Guest House and Restaurant,0
hotel-dup,2852,Kalpana Guesthouse and Fast Food Restaurant,2731,Kalpana Guesthouse and Fast Food Restaurant,0
hotel-dup,2851,Himalpani Guest House,2730,Himalpani Guest House,0
hotel-dup,2850,Hotel Ever Green and Restaurant,2729,Hotel Ever Green and Restaurant,0
hotel-dup,2848,River Side Guest House,2728,River Side Guest House,0
hotel-dup,2847,Rupen restaurant and Lodge,2727,Rupen restaurant and Lodge,0
hotel-dup,2846,Himchuli Hotel Lodge and Restaurant Lunch Center,2726,Himchuli Hotel Lodge and Restaurant Lunch Center,0
hotel-dup,2845,See You Lodge and Restaurant,2725,See You Lodge and Restaurant,0
hotel-dup,2844,Hotel Allure Hill and Restaurant,2724,Hotel Allure Hill and Restaurant,0
hotel-dup,2843,Hotel Gurans,2723,Hotel Gurans,0
hotel-dup,2842,Machhapuchree Lodge,2722,Machhapuchree Lodge,0
hotel-dup,2841,Australian Camp Guest House,2721,Australian Camp Guest House,0
hotel-dup,2839,Diamir - Heaven's Gate - Guest House and Restaurant,2719,Diamir - Heaven's Gate - Guest House and Restaurant,0
hotel-dup,2837,Sunita Hotel,2717,Sunita Hotel,0
hotel-dup,2836,Hotel Green View Thakali Bhanchha & Lodge,2716,Hotel Green View Thakali Bhanchha & Lodge,0
hotel-dup,2835,Maili Hotel,2715,Maili Hotel,0
hotel-dup,2834,Step Up Hotel & Restaurant,2714,Step Up Hotel & Restaurant,0
hotel-dup,2833,Hotel Durga Puja,2713,Hotel Durga Puja,0
hotel-dup,2832,Dipsha & Dipshika Hotel,2712,Dipsha & Dipshika Hotel,0
hotel-dup,2830,Kande Inn Guest House & Restaurent,2711,Kande Inn Guest House & Restaurent,0
hotel-dup,2829,Sujit & Sonika Hotel,2710,Sujit & Sonika Hotel,0
hotel-dup,2828,Nisha Hotel and Khaja Ghar,2709,Nisha Hotel and Khaja Ghar,0
hotel-dup,2827,Namaste Dhaulagiri Lodge And Restaurant,2708,Namaste Dhaulagiri Lodge And Restaurant,0
hotel-dup,2826,Baglung Burtibang Nabina Staff Hotel,2707,Baglung Burtibang Nabina Staff Hotel,0
hotel-dup,2825,Baglung Burtiban Manisha Staff Hotel,2706,Baglung Burtiban Manisha Staff Hotel,0
hotel-dup,2824,Mahalaxmi Staff Hotel,2705,Mahalaxmi Staff Hotel,0
hotel-dup,2823,Paudel Hotel,2704,Paudel Hotel,0
hotel-dup,2822,Early Bird Lodge & Restaurant,2703,Early Bird Lodge & Restaurant,0
hotel-dup,2821,Safalta Family Restaurant & Lodge,2702,Safalta Family Restaurant & Lodge,0
hotel-dup,2820,Ganesh Lodge & Restaurant,2701,Ganesh Lodge & Restaurant,0
hotel-dup,2815,Sandesh Khaja Ghar & Lodge,2700,Sandesh Khaja Ghar & Lodge,0
hotel-dup,2814,Goredaiko Guest House & Restaurant,2699,Goredaiko Guest House & Restaurant,0
hotel-dup,2813,Ambika Hotel,2698,Ambika Hotel,0
hotel-dup,2811,Amrti lodge & Restaurant,2697,Amrti lodge & Restaurant,0
hotel-dup,2810,New Saksham Hotel & Restaurant,2696,New Saksham Hotel & Restaurant,0
hotel-dup,2809,Gopi Guest House,2695,Gopi Guest House,0
hotel-dup,2808,Hotel Everest Thakali Lodge and Restaurant,2694,Hotel Everest Thakali Lodge and Restaurant,0
hotel-dup,2807,Mamta Hotel & Resturant,2693,Mamta Hotel & Resturant,0
hotel-dup,2806,Kamana Hotel,2692,Kamana Hotel,0
hotel-dup,2805,Gurung Hotel & Lodge,2691,Gurung Hotel & Lodge,0
hotel-dup,2804,K.C Hotel Lodge & Resturant,2690,K.C Hotel Lodge & Resturant,0
hotel-dup,2803,Sirmor Hotel & Resturant,2689,Sirmor Hotel & Resturant,0
hotel-dup,2802,Krishna Hotel & Resturant,2688,Krishna Hotel & Resturant,0
hotel-dup,2801,Buddha Restaurant & Guest House,2687,Buddha Restaurant & Guest House,0
hotel-dup,2799,Prisha Hotel & Restaurant,2685,Prisha Hotel & Restaurant,0
hotel-dup,2798,Fistail Guest House & Restaurant,2684,Fistail Guest House & Restaurant,0
hotel-dup,2797,Garden Villa Lodge and Restaurant,2683,Garden Villa Lodge and Restaurant,0
hotel-dup,2795,Hotel Shree Muktinath & Potála Guest House,4182,Hotel Shree Muktinath & Potála Guest House,0
hotel-dup,2793,Preeti Guest House and Restaurant,2682,Preeti Guest House and Restaurant,0
hotel-dup,2791,Sinuwa lodge and Restaurant,2680,Sinuwa lodge and Restaurant,0
hotel-dup,2790,Sunrise Lodge and Hotel,2679,Sunrise Lodge and Hotel,0
hotel-dup,2789,Foo Guest House,2678,Foo Guest House,0
hotel-dup,2788,Snowland Traditional Lodge and Restaurant,2677,Snowland Traditional Lodge and Restaurant,0
hotel-dup,2787,Ghandruk Guest House and Restaurant,2676,Ghandruk Guest House and Restaurant,0
hotel-dup,2786,Karan arjun Homestay and Restaurant,2675,Karan arjun Homestay and Restaurant,0
hotel-dup,2784,Macchapucchre View Top Guest House & Restaurant,2673,Macchapucchre View Top Guest House & Restaurant,0
hotel-dup,2782,Hotel Kailash and Restaurant,2671,Hotel Kailash and Restaurant,0
hotel-dup,2781,Hotel Hungry Eye,2670,Hotel Hungry Eye,0
hotel-dup,2779,Hotel Robin and Restaurant,2669,Hotel Robin and Restaurant,0
hotel-dup,2778,Hotel Mountain View and Restaurant,2668,Hotel Mountain View and Restaurant,0
hotel-dup,2777,Hotel Trekkers Inn And Restaurant,2667,Hotel Trekkers Inn And Restaurant,0
hotel-dup,2776,Breeze Guesthouse&Restaurant,2666,Breeze Guesthouse&Restaurant,0
hotel-dup,2775,Annapurna Guesthouse Restaurant And Bar,2665,Annapurna Guesthouse Restaurant And Bar,0
hotel-dup,2770,Hotel Prashant & Nice Wind Restaurant,2661,Hotel Prashant & Nice Wind Restaurant,0
hotel-dup,2767,Hotel Danfe And Guest House,2658,Hotel Danfe And Guest House,0
hotel-dup,2766,Himalaya View Hotel,2657,Himalaya View Hotel,0
hotel-dup,2765,Sun Moon Lodge and Restaurant,2656,Sun Moon Lodge and Restaurant,0
hotel-dup,2764,Nice View Lodge & Restaurant,2655,Nice View Lodge & Restaurant,0
hotel-dup,2763,Captain Lali Gurans Guest House & Restuarant,2654,Captain Lali Gurans Guest House & Restuarant,0
hotel-dup,2762,Tibet Guest House & Restaurant,2653,Tibet Guest House & Restaurant,0
hotel-dup,2761,Moonlight Guest House,2652,Moonlight Guest House,0
hotel-dup,2760,Maya Guest House,2651,Maya Guest House,0
hotel-dup,2751,New Chitreli Supriya Staf Hotel,2648,New Chitreli Supriya Staf Hotel,0
hotel-dup,2750,Annapurna Lodge & Restaurant,2647,Annapurna Lodge & Restaurant,0
hotel-dup,2749,Thakalu Hotel & Restaurant,2646,Thakalu Hotel & Restaurant,0
hotel-dup,2748,Yak Hotel,2645,Yak Hotel,0
hotel-dup,2743,Chandi Homestay,2644,Chandi Homestay,0
hotel-dup,2734,Sagar Gurung Homestay,2643,Sagar Gurung Homestay,0
hotel-dup,2731,Mountain Lodge and Restaurant,2642,Mountain Lodge and Restaurant,0
hotel-dup,2729,Thakali Homestay,2641,Thakali Homestay,0
hotel-dup,2727,Lama Heritage Resort,2640,Lama Heritage Resort,0
hotel-dup,2726,Hotel Laligurans Lodge & Restaurant,2639,Hotel Laligurans Lodge & Restaurant,0
hotel-dup,2725,Center Guesthouse and Restaurant,2638,Center Guesthouse and Restaurant,0
hotel-dup,2724,Hotel Sushila and Thakali Kitchen,2637,Hotel Sushila and Thakali Kitchen,0
hotel-dup,2723,Hotel Peaceful Garden and Restaurant,2636,Hotel Peaceful Garden and Restaurant,0
hotel-dup,2720,Four Season Lodge and Restaurant,2634,Four Season Lodge and Restaurant,0
hotel-dup,2719,Annapurna View Lodge and Restuarant,2633,Annapurna View Lodge and Restuarant,0
hotel-dup,2718,Komrong Guest House,2632,Komrong Guest House,0
hotel-dup,2717,Green View Guest House,2631,Green View Guest House,0
hotel-dup,2713,Manisha Guest House,2630,Manisha Guest House,0
hotel-dup,2712,Shankar Guesthouse,2629,Shankar Guesthouse,0
hotel-dup,2707,Hill-Top Guest House and Restaurant,2625,Hill-Top Guest House and Restaurant,0
hotel-dup,2706,Machhapuchhre Guest House,2624,Machhapuchhre Guest House,0
hotel-dup,2705,Hotel Mountain View Guest House,2623,Hotel Mountain View Guest House,0
hotel-dup,2704,Fishtail View Point Guest House,2622,Fishtail View Point Guest House,0
hotel-dup,2703,Alina Guest House & Restaurant,2621,Alina Guest House & Restaurant,0
hotel-dup,2702,Lali Gurans Guesthouse & Restaurant,2620,Lali Gurans Guesthouse & Restaurant,0
hotel-dup,2701,Purnima guest house and restrurent,2619,Purnima guest house and restrurent,0
hotel-dup,2700,Himalayan Guest House and Restaurent,2618,Himalayan Guest House and Restaurent,0
hotel-dup,2699,Hotel Four Seasons & Restaurant,2617,Hotel Four Seasons & Restaurant,0
hotel-dup,2698,Peacefull Guest House & Restaurant,2616,Peacefull Guest House & Restaurant,0
hotel-dup,2697,Green Hill View Lodge & Restaurant,2615,Green Hill View Lodge & Restaurant,0
hotel-dup,2696,Hotel,2614,Hotel,0
hotel-dup,2689,Hotel Annapurna,52,Hotel Annapurna,68
hotel-dup,2687,Hotel Super Viewpoint,2613,Hotel Super Viewpoint,0
hotel-dup,2686,Tadapani Guest House,2612,Tadapani Guest House,0
hotel-dup,2685,Hotel Panorama Point,2611,Hotel Panorama Point,0
hotel-dup,2684,Hotel Grand View,2610,Hotel Grand View,0
hotel-dup,2683,Deurali Hotel and Homestay,2609,Deurali Hotel and Homestay,0
hotel-dup,2681,Tamu Hyaula Homestay,2608,Tamu Hyaula Homestay,0
hotel-dup,2680,Gyanu Homestay,2607,Gyanu Homestay,0
hotel-dup,2679,Rimal Homestay,2606,Rimal Homestay,0
hotel-dup,2668,Hotel Namaste,2603,Hotel Namaste,0
hotel-dup,2656,Yaman Homestay,2602,Yaman Homestay,0
hotel-dup,2655,Ali Homestay,2601,Ali Homestay,0
hotel-dup,2653,Brijal Homestay,2600,Brijal Homestay,0
hotel-dup,2652,Purnima Homestay,2599,Purnima Homestay,0
hotel-dup,2651,Chandra Homestay,2598,Chandra Homestay,0
hotel-dup,2650,Maya Homestay,2597,Maya Homestay,0
hotel-dup,2649,Tai Maya Homestay,2596,Tai Maya Homestay,0
hotel-dup,2648,Annapurna Guest House,2595,Annapurna Guest House,0
hotel-dup,2647,Soltee Hotel,2594,Soltee Hotel,0
hotel-dup,2646,Hotel Gurung Cottage,2593,Hotel Gurung Cottage,0
hotel-dup,2645,Homestay,2592,Homestay,0
hotel-dup,2644,Himalayan Deurali Resort,2591,Himalayan Deurali Resort,0
hotel-dup,2635,Laxmi Guest House,2587,Laxmi Guest House,0
hotel-dup,2628,Nau Maya Gurung Homestay,2584,Nau Maya Gurung Homestay,134
hotel-dup,2625,Sikles Homestay,2585,Sikles Homestay,0
hotel-dup,2624,Nau Maya Gurung Homestay,2584,Nau Maya Gurung Homestay,0
hotel-dup,2620,Anjila Homestay,2582,Anjila Homestay,0
hotel-dup,2619,Dil Homestay,2581,Dil Homestay,0
hotel-dup,2618,Laxmi Homestay,2580,Laxmi Homestay,0
hotel-dup,2609,Dudhpokhari Resturant and Lodge,2578,Dudhpokhari Resturant and Lodge,0
hotel-dup,2607,Sirusuba Homestay,2577,Sirusuba Homestay,0
hotel-dup,2605,Kathmandu boutique hotel,3766,Kathmandu Boutique Hotel,15
hotel-dup,2603,Hotel Little Buddha Inn,3386,Hotel Little Buddha Inn,0
hotel-dup,2602,Hotel Gurung and Lodge,4980,Hotel Gurung and Lodge,0
hotel-dup,2601,Bandipur Village Resort,348,Bandipur Village Resort,126
hotel-dup,2600,Presidency Resort,1772,Presidency Resort,0
hotel-dup,2599,Hotel Peaceful,2575,Hotel Peaceful,0
hotel-dup,2598,Samira Homestay,4978,Samira Homestay,0
hotel-dup,2597,Hotel The North Face,4977,Hotel The North Face,0
hotel-dup,2593,Sapana Homestay,2573,Sapana Homestay,0
hotel-dup,2592,Nishan Lodge,2572,Nishan Lodge,0
hotel-dup,2590,Homestay#1,2570,Homestay#1,0
hotel-dup,2589,Tanahun Gorkha Guest House,3385,Tanahun Gorkha Guest House,0
hotel-dup,2555,Bandipur Eco Hotel,4976,Bandipur Eco Hotel,0
hotel-dup,2549,Rhino Land Jungle Lodge,1771,Rhino Land Jungle Lodge,0
hotel-dup,2544,Hotel Triratna,3379,Hotel Triratna,0
hotel-dup,2539,Hotel Blue Magnet,2568,Hotel Blue Magnet,0
hotel-dup,2533,Hotel peacock,1770,Hotel peacock,0
hotel-dup,2530,Maya Hotel,3946,Maya Hotel,0
hotel-dup,2527,Siddhi Manakamana hotel,3376,Siddhi Manakamana hotel,0
hotel-dup,2526,Himalayan Sherpa Inn,3817,Himalayan Sherpa INN,127
hotel-dup,2516,Hotel Kali Gandaki,3373,Hotel Kali Gandaki,0
hotel-dup,2512,Popular Tourist Guest House & Restaurant,2566,Popular Tourist Guest House & Restaurant,0
hotel-dup,2509,Tiger Corner Inn,1769,Tiger Corner Inn,0
hotel-dup,2500,Hotel White Himal Pvt.Ltd.,2565,Hotel White Himal Pvt.Ltd.,0
hotel-dup,2499,Aalaya guesthouse,3372,Aalaya guesthouse,0
hotel-dup,2494,Safari Narayani Hotel,1768,Safari Narayani Hotel,0
hotel-dup,2487,Hotel Elite Pokhara,2564,Hotel Elite Pokhara,0
hotel-dup,2485,Hotel Royal Manang,4046,Hotel Royal Manang,0
hotel-dup,2481,Hotel Silver Home,3369,Hotel Silver Home,0
hotel-dup,2480,Gauchan Lodge,2563,Gauchan Lodge,0
hotel-dup,2479,OYO 11460 Hotel Romantica,2562,OYO 11460 Hotel Romantica,0
hotel-dup,2477,Double View Guest House,2561,Double View Guest House,0
hotel-dup,2476,Hotel Mandala,4045,Hotel Mandala,0
hotel-dup,2410,Kathmandu City Hotel,3367,Kathmandu City Hotel,0
hotel-dup,2408,Throungla Guest House,3945,Throungla Guest House,0
hotel-dup,2405,Hotel Tranquil,3365,Hotel Tranquil,0
hotel-dup,2398,Hotel Mardi Himal Pride,2560,Hotel Mardi Himal Pride,0
hotel-dup,2396,Panoramic Guest House and Restaurant,2559,Panoramic Guest House and Restaurant,0
hotel-dup,2395,Twin Peak Guest House,2558,Twin Peak Guest House,0
hotel-dup,2392,Solukhumbu Guest House,1860,Solukhumbu Guest House,0
hotel-dup,2391,Zambala Hotel,1859,Zambala Hotel,0
hotel-dup,2380,Hotel Ancient Centre,3364,Hotel Ancient Centre,0
hotel-dup,2378,Crush Candy Hotel,3363,Crush Candy Hotel,0
hotel-dup,2377,Hotel Dynasty,3362,Hotel Dynasty,0
hotel-dup,2375,Happy Lemon Tree Lodge,1767,Happy Lemon Tree Lodge,0
hotel-dup,2373,Hotel Red Rose,2556,Hotel Red Rose,0
hotel-dup,2372,Tibetan Hotel,3944,Tibetan Hotel,0
hotel-dup,2342,Hotel Center Lake,2554,Hotel Center Lake,0
hotel-dup,2340,My hotel,3359,My hotel,0
hotel-dup,2328,Hotel Himalayan Star,2552,Hotel Himalayan Star,0
hotel-dup,2315,Malla Guest House,2551,Malla Guest House,0
hotel-dup,2313,Lemon Tree Guest House,2549,Lemon Tree Guest House,0
hotel-dup,2306,Peace Pinacle Homestay,2547,Peace Pinacle Homestay,0
hotel-dup,2305,Mount View Greenland Hotel And Resort,2546,Mount View Greenland Hotel And Resort,0
hotel-dup,2298,Hotel Himilayan Inn,4181,Hotel Himilayan Inn,0
hotel-dup,2292,Sakura hotel,3356,Sakura hotel,0
hotel-dup,2286,Hotel Earth House,3355,Hotel Earth House,0
hotel-dup,2285,Hotel Shirish,2542,Hotel Shirish,0
hotel-dup,2284,Nisan Guest House,2541,Nisan Guest House,0
hotel-dup,2282,Hotel Double Lake,2539,Hotel Double Lake,0
hotel-dup,2281,Hotel Panaroma Inn Restaurant & Bar,1637,Hotel Panaroma Inn Restaurant & Bar,0
hotel-dup,2280,Shuva Yatra Hotel,2538,Shuva Yatra Hotel,0
hotel-dup,2276,Hotel Deep Sagar,2535,Hotel Deep Sagar,0
hotel-dup,2274,Pristine Himalaya Lodge & Restaurant,2534,Pristine Himalaya Lodge & Restaurant,0
hotel-dup,2269,Anand Buisness Hotel,2532,Anand Buisness Hotel,0
hotel-dup,2268,Myagdi Namaste Guest House,2531,Myagdi Namaste Guest House,0
hotel-dup,2267,Staniya Baglung Guest House,2530,Staniya Baglung Guest House,0
hotel-dup,2266,Ghandruk Guesthouse And Restaurent,2529,Ghandruk Guesthouse And Restaurent,0
hotel-dup,2265,Bhandari Guest House and Restaurent,2528,Bhandari Guest House and Restaurent,0
hotel-dup,2264,Sahara Guesthouse,2527,Sahara Guesthouse,0
hotel-dup,2263,Hotel Sagar And Guest House,2526,Hotel Sagar And Guest House,0
hotel-dup,2257,Dhaulagiri Parbat Guest House,2525,Dhaulagiri Parbat Guest House,0
hotel-dup,2256,Myagdi Parbat Guesthouse And Restaurent,2524,Myagdi Parbat Guesthouse And Restaurent,0
hotel-dup,2255,Kali Gandaki Guest House And Restauret,2523,Kali Gandaki Guest House And Restauret,0
hotel-dup,2254,Saino Guesthouse,2522,Saino Guesthouse,0
hotel-dup,2250,Thakali Guest House,2521,Thakali Guest House,0
hotel-dup,2249,Hotel Sherchan,2520,Hotel Sherchan,0
hotel-dup,2248,Hotel Nilgiri,2519,Hotel Nilgiri,0
hotel-dup,2247,Hotel Syangja Tirupati & Bhanchha Ghar,2518,Hotel Syangja Tirupati & Bhanchha Ghar,0
hotel-dup,2246,New Chintang Devi Guest House,2517,New Chintang Devi Guest House,0
hotel-dup,2245,Hotel Om Shanta,2516,Hotel Om Shanta,0
hotel-dup,2244,Hotel Sunrise & Thakali Kitchen,2515,Hotel Sunrise & Thakali Kitchen,0
hotel-dup,2243,Thakali Hotel & Restaurant,2514,Thakali Hotel & Restaurant,0
hotel-dup,2242,Hotel New Sangrila,2513,Hotel New Sangrila,0
hotel-dup,2241,Shree Krishna Vojanalaya & Guest House,2512,Shree Krishna Vojanalaya & Guest House,0
hotel-dup,2240,Piyush Hotel & Guest House,2511,Piyush Hotel & Guest House,0
hotel-dup,2239,Hotel Himal Darsan,2510,Hotel Himal Darsan,0
hotel-dup,2238,Hotel Gorkha Homes,2509,Hotel Gorkha Homes,0
hotel-dup,2237,Joshi Hotel & Restaurant,2508,Joshi Hotel & Restaurant,0
hotel-dup,2236,New Pokhara Bisram Hotel,2507,New Pokhara Bisram Hotel,0
hotel-dup,2235,Dhawalagiri Guest House & Khaja Ghar,2506,Dhawalagiri Guest House & Khaja Ghar,0
hotel-dup,2234,Hotel Cross Road Bar,2505,Hotel Cross Road Bar,0
hotel-dup,2232,Hotel Peace View,2504,Hotel Peace View,0
hotel-dup,2231,Hotel Snow Peak,2503,Hotel Snow Peak,0
hotel-dup,2230,Hotel Ice View,2502,Hotel Ice View,0
hotel-dup,2229,Hotel Kantipur,2501,Hotel Kantipur,0
hotel-dup,2228,Hotel Freindship Lodge,2500,Hotel Freindship Lodge,0
hotel-dup,2227,Blue Planet Lodge,2499,Blue Planet Lodge,0
hotel-dup,2224,Manakamana Guest House,2497,Manakamana Guest House,0
hotel-dup,2223,River View Guest House & Restaurant,2496,River View Guest House & Restaurant,0
hotel-dup,2222,hotel pokhara peace correct location!!,3353,hotel pokhara peace correct location!!,0
hotel-dup,2221,Syangja Hotel,2495,Syangja Hotel,0
hotel-dup,2220,Hotel Him Sagar,2494,Hotel Him Sagar,0
hotel-dup,2218,Hotel Lakeside,2493,Hotel Lakeside,0
hotel-dup,2216,Visitor's Inn,2491,Visitor's Inn,0
hotel-dup,2215,Gantavya Resort & Spa,2490,Gantavya Resort & Spa,0
hotel-dup,2213,Souvenir Apartment Hotel,2488,Souvenir Apartment Hotel,0
hotel-dup,2212,Hotel Pokhara Blue Lake,2487,Hotel Pokhara Blue Lake,0
hotel-dup,2211,Baghmara Guest House & Wine House,2486,Baghmara Guest House & Wine House,0
hotel-dup,2210,Hotel Pokhara Peace,3352,Hotel Pokhara Peace,0
hotel-dup,2209,Hotel Kailash,2485,Hotel Kailash,0
hotel-dup,2208,Tuki Resort,2484,Tuki Resort,0
hotel-dup,2207,Hotel Taj Pokhara,2483,Hotel Taj Pokhara,0
hotel-dup,2206,Om Shiva Guest House,2482,Om Shiva Guest House,0
hotel-dup,2205,Bhandari Guest House,2481,Bhandari Guest House,0
hotel-dup,2204,Hotel Lagoon,2480,Hotel Lagoon,0
hotel-dup,2201,Tika Resort,2479,Tika Resort,0
hotel-dup,2199,Hotel Public Choice,2478,Hotel Public Choice,0
hotel-dup,2198,Hotel Blue Berry Nepal,2477,Hotel Blue Berry Nepal,0
hotel-dup,2196,Hotel Rudrakshya,2476,Hotel Rudrakshya,0
hotel-dup,2195,Hotel Planet,2475,Hotel Planet,0
hotel-dup,2194,Hotel Evy Inn,2474,Hotel Evy Inn,0
hotel-dup,2193,Hotel Surya,2473,Hotel Surya,0
hotel-dup,2192,Three Jewels Boutique Hotel,2472,Three Jewels Boutique Hotel,0
hotel-dup,2190,Fewa Resort,2470,Fewa Resort,0
hotel-dup,2188,Hotel Marigold,2469,Hotel Marigold,0
hotel-dup,2186,Hotel Peninsula,2468,Hotel Peninsula,0
hotel-dup,2185,Hotel Khukuri,2467,Hotel Khukuri,0
hotel-dup,2184,Sanctuary Lodge Pokhara,2466,Sanctuary Lodge Pokhara,0
hotel-dup,2183,Hotel Nimto,2465,Hotel Nimto,0
hotel-dup,2177,Sagar Guest House,2463,Sagar Guest House,0
hotel-dup,2176,Hotel Sunkoshi,2462,Hotel Sunkoshi,0
hotel-dup,2174,Hotel Green View,2460,Hotel Green View,0
hotel-dup,2173,Alka Guest House,2459,Alka Guest House,0
hotel-dup,2172,Hotel Harmony Rise,2458,Hotel Harmony Rise,0
hotel-dup,2171,Hotel Portland,2457,Hotel Portland,0
hotel-dup,2166,Hotel Mountain Garden,2455,Hotel Mountain Garden,0
hotel-dup,2161,Hotel Annapurna View Sarangkot,2452,Hotel Annapurna View Sarangkot,0
hotel-dup,2159,Hotel Peace Ganga Inn,2450,Hotel Peace Ganga Inn,0
hotel-dup,2158,Hotel Goa Palace,2449,Hotel Goa Palace,0
hotel-dup,2157,Hotel Manaslu II,2448,Hotel Manaslu II,0
hotel-dup,2156,Hotel Angan,2447,Hotel Angan,0
hotel-dup,2155,Hotel Pigeon,2446,Hotel Pigeon,0
hotel-dup,2154,Hotel Pokhara International,2445,Hotel Pokhara International,0
hotel-dup,2153,Himalayan Front Hotel,2444,Himalayan Front Hotel,0
hotel-dup,2151,Himalaya View Guest House and Restaurant,2443,Himalaya View Guest House and Restaurant,0
hotel-dup,2150,Fewa View Family Guest House and Resturent,2442,Fewa View Family Guest House and Resturent,0
hotel-dup,2146,Hotel Garden Orchid Bar and Restaurant,2441,Hotel Garden Orchid Bar and Restaurant,0
hotel-dup,2145,Ashok Guest House & Restaurant,2440,Ashok Guest House & Restaurant,0
hotel-dup,2144,Hotel Fishtail Inn,2439,Hotel Fishtail Inn,0
hotel-dup,2142,New Thapa Catering & Guest House,2437,New Thapa Catering & Guest House,0
hotel-dup,2141,Hotel Yad,2436,Hotel Yad,0
hotel-dup,2140,Hotel Sublime,2435,Hotel Sublime,0
hotel-dup,2139,Hotel Durbar Inn,2434,Hotel Durbar Inn,0
hotel-dup,2138,Hotel Lake Valley,2433,Hotel Lake Valley,0
hotel-dup,2137,Hotel Galaxy Inn,2432,Hotel Galaxy Inn,0
hotel-dup,2136,Hotel White Pearl,2431,Hotel White Pearl,0
hotel-dup,2135,Hotel Spring,2430,Hotel Spring,0
hotel-dup,2134,Hotel Mount View Pokhara,2429,Hotel Mount View Pokhara,0
hotel-dup,2133,Hotel Bishram,2428,Hotel Bishram,0
hotel-dup,2132,Thakali Banchha Ghar & Guest House,2427,Thakali Banchha Ghar & Guest House,0
hotel-dup,2130,Hakuniwa Guest House,2425,Hakuniwa Guest House,0
hotel-dup,2129,Kuti Resort,2424,Kuti Resort,0
hotel-dup,2128,Satya Guest House,2423,Satya Guest House,0
hotel-dup,2127,Fuji Guest House,2422,Fuji Guest House,0
hotel-dup,2125,Bishal Guest House,2421,Bishal Guest House,0
hotel-dup,2123,Hotel Dream Lake,2419,Hotel Dream Lake,0
hotel-dup,2122,Shova Guest House,2418,Shova Guest House,0
hotel-dup,2121,Hotel Rhythmic Palace,2417,Hotel Rhythmic Palace,0
hotel-dup,2120,Hotel Lakeside Inn,2416,Hotel Lakeside Inn,0
hotel-dup,2119,Hotel Holy Lodge,2415,Hotel Holy Lodge,0
hotel-dup,2118,Hotel Pokhara Batika,2414,Hotel Pokhara Batika,0
hotel-dup,2117,New Hotel Nature Land,2413,New Hotel Nature Land,0
hotel-dup,2115,Kaushal Hotel,2411,Kaushal Hotel,0
hotel-dup,2112,Hotel Rythm,2408,Hotel Rythm,0
hotel-dup,2111,Hotel Smriti & lodge,2407,Hotel Smriti & lodge,0
hotel-dup,2110,Rustika Guest House,2406,Rustika Guest House,0
hotel-dup,2108,Hotel King Fisher,2405,Hotel King Fisher,0
hotel-dup,2107,Royal Guest House,2404,Royal Guest House,0
hotel-dup,2105,Hotel Magnolia,2402,Hotel Magnolia,0
hotel-dup,2104,Life You Inn,2401,Life You Inn,0
hotel-dup,2101,Kaskikot Homestay,2399,Kaskikot Homestay,0
hotel-dup,2097,Hotel Milarepa,2396,Hotel Milarepa,0
hotel-dup,2096,Best Inn,2395,Best Inn,0
hotel-dup,2095,hotel lake peace,2394,hotel lake peace,0
hotel-dup,2094,Hotel Suite Inn,2393,Hotel Suite Inn,0
hotel-dup,2093,Hotel Royal Choice,2392,Hotel Royal Choice,0
hotel-dup,2089,Pokhara Mount Resort,2391,Pokhara Mount Resort,0
hotel-dup,2088,Hotel Pokhara View,2390,Hotel Pokhara View,0
hotel-dup,2087,Hotel Jungle View,2389,Hotel Jungle View,0
hotel-dup,2083,Old Durbar Guest House,2388,Old Durbar Guest House,0
hotel-dup,2079,Mangal Homestay,2386,Mangal Homestay,0
hotel-dup,1990,Hotel Nandini,3350,Hotel Nandini,0
hotel-dup,1979,Hotel Virgin Pokhara,2383,Hotel Virgin Pokhara,0
hotel-dup,1976,Sunset Lodge and Restaurant,2382,Sunset Lodge and Restaurant,0
hotel-dup,1953,Annapurna Inn,4179,Annapurna Inn,0
hotel-dup,1951,Dhading Lodge,4042,Dhading Lodge,0
hotel-dup,1949,Sworgadwari Hotel & Restaurant,4041,Sworgadwari Hotel & Restaurant,0
hotel-dup,1948,5 Brother's Hotel Jungle Village and Lake View Resort,2380,5 Brother's Hotel Jungle Village and Lake View Resort,0
hotel-dup,1946,Hotel Seven Days Paradise,2379,Hotel Seven Days Paradise,0
hotel-dup,1945,Hotel Himshikar Restaurant and Lodge,2378,Hotel Himshikar Restaurant and Lodge,0
hotel-dup,1944,Hotel Happy Home,2377,Hotel Happy Home,0
hotel-dup,1943,Rupa Begnas Lake Inn,2376,Rupa Begnas Lake Inn,0
hotel-dup,1942,Hotel Young's Stupa,2375,Hotel Young's Stupa,0
hotel-dup,1941,Hotel Saptadip and Lodge,2374,Hotel Saptadip and Lodge,0
hotel-dup,1939,Hotel Aama,2373,Hotel Aama,0
hotel-dup,1938,Sarita Hotel and Lodge,2372,Sarita Hotel and Lodge,0
hotel-dup,1937,Marpha Hotel and Lodge,2371,Marpha Hotel and Lodge,0
hotel-dup,1936,Hotel Jomsom and Restaurant,2370,Hotel Jomsom and Restaurant,0
hotel-dup,1935,Hotel Gorkhali,2369,Hotel Gorkhali,0
hotel-dup,1934,Hotel Daybreak,2368,Hotel Daybreak,0
hotel-dup,1932,Grand Hotel Begnas,2367,Grand Hotel Begnas,0
hotel-dup,1931,Dhaulagiri Hotel,2366,Dhaulagiri Hotel,0
hotel-dup,1905,Mitra Garden Inn,3345,Mitra Garden Inn,0
hotel-dup,1903,Dhampus Mahili Hotel and Lodge,2365,Dhampus Mahili Hotel and Lodge,0
hotel-dup,1889,Apple Garden Hotel Wooden cabins,4040,Apple Garden Hotel Wooden cabins,0
hotel-dup,1885,Greatwall Hotel,3344,Greatwall Hotel,0
hotel-dup,1879,Hotel Chumvally Restaurant and Lodge,1857,Hotel Chumvally Restaurant and Lodge,0
hotel-dup,1870,Mustang Hoyrl & Bandipur Lodge,4975,Mustang Hoyrl & Bandipur Lodge,0
hotel-dup,1869,Green Park Hotel,4974,Green Park Hotel,0
hotel-dup,1857,Hotel Hilton,3943,Hotel Hilton,0
hotel-dup,1853,Ganesh restaurant and lodge,4973,Ganesh restaurant and lodge,0
hotel-dup,1852,Hotel River View,4972,Hotel River View,0
hotel-dup,1850,Hotel Stupa,2362,Hotel Stupa,0
hotel-dup,1848,Hotel Lonely Planet,2361,Hotel Lonely Planet,0
hotel-dup,1847,Hotel Paradise Inn,2360,Hotel Paradise Inn,0
hotel-dup,1843,New Buddha Guest House,3342,New Buddha Guest House,0
hotel-dup,1836,Hotel Middle East,2359,Hotel Middle East,0
hotel-dup,1834,Hotel Sports Nepal,2358,Hotel Sports Nepal,0
hotel-dup,1831,Hotel Potala,3340,Hotel Potala,0
hotel-dup,1822,Sukhavati  Hotel,3339,Sukhavati  Hotel,0
hotel-dup,1821,Noryang Hotel,3338,Noryang Hotel,0
hotel-dup,1820,Maya Boutique Hotel,3337,Maya Boutique Hotel,0
hotel-dup,1815,Hotel Anupam,3336,Hotel Anupam,0
hotel-dup,1809,Kestrel Nest Studio Inn,2356,Kestrel Nest Studio Inn,0
hotel-dup,1795,Cheese Karsay Lodge,1856,Cheese Karsay Lodge,0
hotel-dup,1783,Homestay with Thupten,2354,Homestay with Thupten,0
hotel-dup,1781,Himalayan Travellers' Inn,3334,Himalayan Travellers' Inn,0
hotel-dup,1780,Hotel Once More,2352,Hotel Once More,0
hotel-dup,1776,Himalayan Guest House,2349,Himalayan Guest House,0
hotel-dup,1767,Hotel Ezen,2347,Hotel Ezen,0
hotel-dup,1764,Hotel Windfall,2346,Hotel Windfall,0
hotel-dup,1761,Moon Light hotel,4039,Moon Light hotel,0
hotel-dup,1759,Hotel Dream Pokhara,2345,Hotel Dream Pokhara,0
hotel-dup,1742,Hotel Osho Home,3331,Hotel Osho Home,0
hotel-dup,1737,Hotel Red Carpet,2343,Hotel Red Carpet,0
hotel-dup,1736,Hotel Sunflower,3873,Hotel Sunflower,0
hotel-dup,1728,Gracemandu Guest House,3872,Gracemandu Guest House,0
hotel-dup,1727,Hotel Super View & Restaurant,4038,Hotel Super View & Restaurant,0
hotel-dup,1725,7 Sisters Guesthouse,4036,7 Sisters Guesthouse,0
hotel-dup,1724,The Happiness Guesthouse,1853,The Happiness Guesthouse,0
hotel-dup,1722,Namasté Guesthouse,1851,Namasté Guesthouse,0
hotel-dup,1721,Yaru Guesthouse,1850,Yaru Guesthouse,0
hotel-dup,1719,ABC Guesthouse,1848,ABC Guesthouse,0
hotel-dup,1718,Third Step Hotel,1847,Third Step Hotel,0
hotel-dup,1717,Tsum Jhambala Hotel & Restaurant,1846,Tsum Jhambala Hotel & Restaurant,0
hotel-dup,1714,Gorgeous Village Guest House,2340,Gorgeous Village Guest House,0
hotel-dup,1708,Sangri La Hotel,1845,Sangri La Hotel,0
hotel-dup,1707,Lapu Guesthouse,1844,Lapu Guesthouse,0
hotel-dup,1706,Kyimulung Hotel & Lodge,1843,Kyimulung Hotel & Lodge,0
hotel-dup,1704,Hotel Dream Home,4035,Hotel Dream Home,0
hotel-dup,1702,Rupa View Guest House,2339,Rupa View Guest House,0
hotel-dup,1699,Heaven View Top lodge & restaurant,2338,Heaven View Top lodge & restaurant,0
hotel-dup,1698,Unique Mountain Guest House,2337,Unique Mountain Guest House,0
hotel-dup,1695,Shangrila Lodge,3330,Shangrila Lodge,0
hotel-dup,1691,Santosh Hotel,4971,Santosh Hotel,0
hotel-dup,1690,Chautari Hotel and Lodge,4970,Chautari Hotel and Lodge,0
hotel-dup,1689,Rooftop Hotel,4969,Rooftop Hotel,0
hotel-dup,1688,New Tanahu Lodge,4968,New Tanahu Lodge,0
hotel-dup,1687,Hotel Gandaki,4967,Hotel Gandaki,0
hotel-dup,1685,Borlang Dhawa kotwali Hotel and Lodge,1842,Borlang Dhawa kotwali Hotel and Lodge,0
hotel-dup,1684,Hotel Blue Lake,2335,Hotel Blue Lake,0
hotel-dup,1683,Memory Guest House,2334,Memory Guest House,0
hotel-dup,1682,Hotel Temple Villa,2333,Hotel Temple Villa,0
hotel-dup,1681,Hotel Monila,2332,Hotel Monila,0
hotel-dup,1680,Hotel Karuna,2331,Hotel Karuna,0
hotel-dup,1679,Pokhara Village Resort,2330,Pokhara Village Resort,0
hotel-dup,1677,Hotel Blue Heaven,2328,Hotel Blue Heaven,0
hotel-dup,1675,Hotel Kasturi,2327,Hotel Kasturi,0
hotel-dup,1674,Popular Guest House and Restaurant,2326,Popular Guest House and Restaurant,0
hotel-dup,1673,Binishka Guest House and Restaurant,2325,Binishka Guest House and Restaurant,0
hotel-dup,1668,Hotel Middle Path,2320,Hotel Middle Path,0
hotel-dup,1667,Hotel Lake Palace,2319,Hotel Lake Palace,0
hotel-dup,1666,New Tourist Guest House,2318,New Tourist Guest House,0
hotel-dup,1665,Penguin Guest House and Restaurant,2317,Penguin Guest House and Restaurant,0
hotel-dup,1664,Sampada Inn,2316,Sampada Inn,0
hotel-dup,1663,Hotel River Park,2315,Hotel River Park,0
hotel-dup,1662,Noor Hotel,2314,Noor Hotel,0
hotel-dup,1661,Kumari Inn,2313,Kumari Inn,0
hotel-dup,1659,Hotel Centre Inn Lake,2311,Hotel Centre Inn Lake,0
hotel-dup,1658,Hotel 7 Continents,2310,Hotel 7 Continents,0
hotel-dup,1657,Hotel Buttercup,2309,Hotel Buttercup,0
hotel-dup,1656,Gautam Guest House,2308,Gautam Guest House,0
hotel-dup,1655,Hotel The Horizon,2307,Hotel The Horizon,0
hotel-dup,1654,Peace Guest House,2306,Peace Guest House,0
hotel-dup,1653,Hotel The Billabong Garden,2305,Hotel The Billabong Garden,0
hotel-dup,1652,Hotel Serenity,2304,Hotel Serenity,0
hotel-dup,1651,Hotel Peace Ganga,2303,Hotel Peace Ganga,0
hotel-dup,1650,Hotel Deep Oasis,2302,Hotel Deep Oasis,0
hotel-dup,1649,Hotel Crystal Palace,2301,Hotel Crystal Palace,0
hotel-dup,1648,Batika Classic Hotel,2300,Batika Classic Hotel,0
hotel-dup,1646,Century Guest House,2298,Century Guest House,0
hotel-dup,1645,Hotel Munal,2297,Hotel Munal,0
hotel-dup,1644,Hotel Immortal Inn,2296,Hotel Immortal Inn,0
hotel-dup,1642,Hotel Citizen,2295,Hotel Citizen,0
hotel-dup,1636,Hotel Singapore,2291,Hotel Singapore,0
hotel-dup,1635,Honkong Hotel,2290,Honkong Hotel,0
hotel-dup,1634,The New Winds Hotel,2289,The New Winds Hotel,0
hotel-dup,1633,Hotel Cordial,2288,Hotel Cordial,0
hotel-dup,1632,Danfe Hotel,2287,Danfe Hotel,0
hotel-dup,1631,Hotel Didi,2286,Hotel Didi,0
hotel-dup,1627,Hidden Star Guest House and Handicraft Shop,2285,Hidden Star Guest House and Handicraft Shop,0
hotel-dup,1622,Lucky View Guest House,2284,Lucky View Guest House,0
hotel-dup,1618,Hotel Dhansar,2283,Hotel Dhansar,0
hotel-dup,1617,Hotel Kusum and Lodge,4966,Hotel Kusum and Lodge,0
hotel-dup,1616,Hotel Annapurna,4965,Hotel Annapurna,0
hotel-dup,1615,Sidhane community homestay,2282,Sidhane community homestay,0
hotel-dup,1613,Hotel Milan,2281,Hotel Milan,0
hotel-dup,1606,Cozy Corner Guesthouse,3329,Cozy Corner Guesthouse,0
hotel-dup,1595,Hotel Lake Unique Inn,2277,Hotel Lake Unique Inn,0
hotel-dup,1590,Begnas Lake Resort,2276,Begnas Lake Resort,0
hotel-dup,1589,Travel Lodge,2275,Travel Lodge,0
hotel-dup,1587,Hotel 4,3328,Hotel 4,0
hotel-dup,1585,Munji lodge,4033,Munji lodge,0
hotel-dup,1583,Hotel Middle Way,2274,Hotel Middle Way,0
hotel-dup,1582,Dragon Hotel,4177,Dragon Hotel,0
hotel-dup,1577,Hotel Green Peace Guest House and Restaurant,2273,Hotel Green Peace Guest House and Restaurant,0
hotel-dup,1575,Hotel The Trans Himalaya,2272,Hotel The Trans Himalaya,0
hotel-dup,1574,Hotel People's Plaza,2271,Hotel People's Plaza,0
hotel-dup,1570,Hotel Queens Park,2268,Hotel Queens Park,0
hotel-dup,1569,Namaste Lodge,2267,Namaste Lodge,0
hotel-dup,1561,Bhupu Sainik Sita Lodge,2266,Bhupu Sainik Sita Lodge,0
hotel-dup,1553,Hotel The GreatWall,3326,Hotel The GreatWall,0
hotel-dup,1552,Hotel NorthPole,4176,Hotel NorthPole,0
hotel-dup,1546,Tibetan hotel,3940,Tibetan hotel,0
hotel-dup,1541,Nanohana Lodge,2264,Nanohana Lodge,0
hotel-dup,1540,Hotel Galaxy,2263,Hotel Galaxy,0
hotel-dup,1539,Hotel Mirage,2262,Hotel Mirage,0
hotel-dup,1533,Prundu Homestay Aatighar,2261,Prundu Homestay Aatighar,0
hotel-dup,1530,Third Eye Inn,2260,Third Eye Inn,0
hotel-dup,1523,Hotel Lake Top,2259,Hotel Lake Top,0
hotel-dup,1522,Hotel Peace Pokhara,2258,Hotel Peace Pokhara,0
hotel-dup,1519,New Namaste Guesthouse,2257,New Namaste Guesthouse,0
hotel-dup,1517,Be Happy Guest House,2255,Be Happy Guest House,0
hotel-dup,1514,Hotel Love and Light,2254,Hotel Love and Light,0
hotel-dup,1513,Bickey's Homestay,2253,Bickey's Homestay,0
hotel-dup,1508,Sweet Dreams Guest House,2252,Sweet Dreams Guest House,0
hotel-dup,1506,Hill Side Travel Hotel & Lodge,1841,Hill Side Travel Hotel & Lodge,0
hotel-dup,1497,Hotel Lake Garden,2251,Hotel Lake Garden,0
hotel-dup,1495,Hotel Venus,2250,Hotel Venus,0
hotel-dup,1494,Bodhi Inn,3324,Bodhi Inn,0
hotel-dup,1492,Kathmandu Resort Hotel,3323,Kathmandu Resort Hotel,0
hotel-dup,1484,The Maple Inn,2247,The Maple Inn,0
hotel-dup,1473,Muna Guesthouse,2246,Muna Guesthouse,0
hotel-dup,1472,Hotel Jal Mahal,2245,Hotel Jal Mahal,0
hotel-dup,1470,Hotel Angel Pokhara,2244,Hotel Angel Pokhara,0
hotel-dup,1465,Hotel Haven 'O' Ganga,2243,Hotel Haven 'O' Ganga,0
hotel-dup,1463,Dhye Shaligram Hotel,4174,Dhye Shaligram Hotel,0
hotel-dup,1453,Hotel Dream City,3320,Hotel Dream City,0
hotel-dup,1445,Nepali Cottage Guest House,2241,Nepali Cottage Guest House,0
hotel-dup,1438,Hotel Choice,3319,Hotel Choice,0
hotel-dup,1436,Hotel Pancharatna,2238,Hotel Pancharatna,0
hotel-dup,1434,Forest View Guest House,2237,Forest View Guest House,0
hotel-dup,1431,Hotel North Pole,4032,Hotel North Pole,0
hotel-dup,1430,Florida Guest House,4173,Florida Guest House,0
hotel-dup,1423,Golden Inn Guest House,4172,Golden Inn Guest House,0
hotel-dup,1416,Second Home Hotel,3318,Second Home Hotel,0
hotel-dup,1415,HOTEL MOUNTAIN VIEW GUEST ROOM,3937,HOTEL MOUNTAIN VIEW GUEST ROOM,0
hotel-dup,1413,Hotel Ganesh Himal,3317,Hotel Ganesh Himal,0
hotel-dup,1412,Roadhouse Cafe / Hotel Roadhouse,3316,Roadhouse Cafe / Hotel Roadhouse,0
hotel-dup,1410,Hotel Gautam Garden,2236,Hotel Gautam Garden,0
hotel-dup,1409,Hotel View Point,4171,Hotel View Point,0
hotel-dup,1408,Show Boat Hotel - Ama chorten cafe,4170,Show Boat Hotel - Ama chorten cafe,0
hotel-dup,1402,Hotel Kamal,3314,Hotel Kamal,0
hotel-dup,1401,Hotel Elephant Camp & Korean Restaurant,1760,Hotel Elephant Camp & Korean Restaurant,0
hotel-dup,1400,Hotel Manang,4031,Hotel Manang,0
hotel-dup,1398,Sikles Guest House,2233,Sikles Guest House,0
hotel-dup,1397,Hotel Annapurna,4030,Hotel Annapurna,0
hotel-dup,1396,Hotel Tukuche,4029,Hotel Tukuche,0
hotel-dup,1395,Hotel Himalayan,4028,Hotel Himalayan,0
hotel-dup,1394,Bharat Hotel & Lodge,3313,Bharat Hotel & Lodge,0
hotel-dup,1392,Oasis Guest House,4027,Oasis Guest House,0
hotel-dup,1390,Happy Home Cottage,4026,Happy Home Cottage,0
hotel-dup,1389,Tibet Lhasa Guest House,4025,Tibet Lhasa Guest House,0
hotel-dup,1385,Hotel Moonlight,62,Hotel Moonlight,104
hotel-dup,1384,Thamel Grand Hotel,3311,Thamel Grand Hotel,0
hotel-dup,1383,Hotel Pilgrims,3310,Hotel Pilgrims,0
hotel-dup,1381,Kathmandu Peace Guest House,3308,Kathmandu Peace Guest House,0
hotel-dup,1380,Kathmandu Sunny hotel,3307,Kathmandu Sunny hotel,0
hotel-dup,1378,Delight Guest House,3305,Delight Guest House,0
hotel-dup,1375,Backpackers Lodge,3302,Backpackers Lodge,0
hotel-dup,1374,Nirvana Peace Hotel,3301,Nirvana Peace Hotel,0
hotel-dup,1370,Bamboo Cottage,1840,Bamboo Cottage,0
hotel-dup,1369,Kaligandaki Guest House,2231,Kaligandaki Guest House,0
hotel-dup,1365,Hotel Sunflower,2230,Hotel Sunflower,0
hotel-dup,1339,Hotel Sunrise,1636,Hotel Sunrise,0
hotel-dup,1338,Hotel Rudrakshya,1635,Hotel Rudrakshya,0
hotel-dup,1337,Anushka's homestay,3299,Anushka's homestay,0
hotel-dup,1336,Thakali Kalpan Hotel,1758,Thakali Kalpan Hotel,0
hotel-dup,1335,Mugling Guest House,1757,Mugling Guest House,0
hotel-dup,1334,Madani Hotel,1756,Madani Hotel,0
hotel-dup,1333,Machhaouchhre Hotel & Lodge,1755,Machhaouchhre Hotel & Lodge,0
hotel-dup,1332,Hotel Mugling,1754,Hotel Mugling,0
hotel-dup,1331,Bisauni Hotel & Guesthouse,1753,Bisauni Hotel & Guesthouse,0
hotel-dup,1330,Binaya Guest House,1752,Binaya Guest House,0
hotel-dup,1329,Abdullah Hotel,1751,Abdullah Hotel,0
hotel-dup,1319,Pokhari Bhatta Hotel,1839,Pokhari Bhatta Hotel,0
hotel-dup,1303,Hotel Laxmi,2227,Hotel Laxmi,0
hotel-dup,1283,Hotel Lion Pvt Ltd.,3295,Hotel Lion Pvt Ltd.,0
hotel-dup,1282,Holy Lodge,1749,Holy Lodge,0
hotel-dup,1281,Divyeshwari guest house,1634,Divyeshwari guest house,0
hotel-dup,1274,Namaste Guest House,2226,Namaste Guest House,0
hotel-dup,1273,Kushal guest house,2225,Kushal guest house,0
hotel-dup,1272,Hotel Buddha,2224,Hotel Buddha,0
hotel-dup,1264,Bishwa Guest House,2223,Bishwa Guest House,0
hotel-dup,1263,Shangri-La Guest House Restaurant,2222,Shangri-La Guest House Restaurant,0
hotel-dup,1261,Muna Guest House,2221,Muna Guest House,0
hotel-dup,1260,Hotel Ashish Aama,2220,Hotel Ashish Aama,0
hotel-dup,1259,Heaven View Guest House,2219,Heaven View Guest House,0
hotel-dup,1258,Meshram Guest House,2218,Meshram Guest House,0
hotel-dup,1257,Milan hotel,2217,Milan hotel,0
hotel-dup,1256,Hotel Lemon Tree,3291,Hotel Lemon Tree,0
hotel-dup,1252,Hotel Motherland,2216,Hotel Motherland,0
hotel-dup,1246,Ram Hotel,2215,Ram Hotel,0
hotel-dup,1244,Un Dia Blanco Eco Guest House,3289,Un Dia Blanco Eco Guest House,0
hotel-dup,1236,Gurung Cottage,2212,Gurung Cottage,0
hotel-dup,1232,Hotel Trekkers Home Nepal,2211,Hotel Trekkers Home Nepal,0
hotel-dup,1223,New Future Way Guest House,2209,New Future Way Guest House,0
hotel-dup,1215,Tourist residency and apartments,2208,Tourist residency and apartments,0
hotel-dup,1214,Kaushila Hotel & Lodge,1747,Kaushila Hotel & Lodge,0
hotel-dup,1207,Triveni Khaja Ghar and Guest House,1746,Triveni Khaja Ghar and Guest House,0
hotel-dup,1206,Royal Gorkhali Restaurant and Guest House,1745,Royal Gorkhali Restaurant and Guest House,0
hotel-dup,1205,Prem Hotel and Lodge,1744,Prem Hotel and Lodge,0
hotel-dup,1204,Nawadurga Hotel and Lodge,1743,Nawadurga Hotel and Lodge,0
hotel-dup,1203,Ikshya Kamana Cold Store and Guest House,1742,Ikshya Kamana Cold Store and Guest House,0
hotel-dup,1202,Gorkha Hotel and Guest House,1741,Gorkha Hotel and Guest House,0
hotel-dup,1201,Anish Khaja Ghar and Guest House,1740,Anish Khaja Ghar and Guest House,0
hotel-dup,1192,Hotel Village Inn,2206,Hotel Village Inn,0
hotel-dup,1191,Ambrosia Geula - Guest house & Restaurant,2205,Ambrosia Geula - Guest house & Restaurant,0
hotel-dup,1184,Annapurna Sanctuary Lodge & Restaurant,2203,Annapurna Sanctuary Lodge & Restaurant,0
hotel-dup,1183,Snowland Lodge And Restaurant,2202,Snowland Lodge And Restaurant,0
hotel-dup,1182,Deurali Guest House,2201,Deurali Guest House,0
hotel-dup,1181,Shankar Guest House and Restaurant,2200,Shankar Guest House and Restaurant,0
hotel-dup,1180,Dream Lodge,2199,Dream Lodge,0
hotel-dup,1178,Gurjung Lodge,2198,Gurjung Lodge,0
hotel-dup,1177,Machhapuchhare Guest House and Restaurant,2197,Machhapuchhare Guest House and Restaurant,0
hotel-dup,1175,Hotel Sanskaar,4964,Hotel Sanskaar,0
hotel-dup,1174,River View Lodge,2196,River View Lodge,0
hotel-dup,1173,Green Hill Hotel,2195,Green Hill Hotel,0
hotel-dup,1172,Kumar Hotel,2194,Kumar Hotel,0
hotel-dup,1166,Hotel Mustang,2192,Hotel Mustang,0
hotel-dup,1162,Mountain Country Lodge,2188,Mountain Country Lodge,0
hotel-dup,1161,The Gyawali Residence,3284,The Gyawali Residence,0
hotel-dup,1159,Annapurna Guest House & Restaurant,2187,Annapurna Guest House & Restaurant,0
hotel-dup,1158,Fishtail Guesthouse,2186,Fishtail Guesthouse,0
hotel-dup,1155,Welcome Guest House & Appartment,2185,Welcome Guest House & Appartment,0
hotel-dup,1143,Mirage Inn,3283,Mirage Inn,0
hotel-dup,1134,Hotel Yala Peak,3281,Hotel Yala Peak,0
hotel-dup,1123,The Life Story Guest House,3866,The Life Story Guest House,0
hotel-dup,1112,Hotel Gurkha Summit,2182,Hotel Gurkha Summit,0
hotel-dup,1106,Hotel Daju Bhai,2181,Hotel Daju Bhai,0
hotel-dup,1105,Hotel Dhaulagiri,2180,Hotel Dhaulagiri,0
hotel-dup,1100,Hotel Rabi,2179,Hotel Rabi,0
hotel-dup,1099,Hotel Rara,2178,Hotel Rara,0
hotel-dup,1097,Hotel Discovery,2176,Hotel Discovery,0
hotel-dup,1096,Hotel Miracle,2175,Hotel Miracle,0
hotel-dup,1095,Hotel Dahlia,2174,Hotel Dahlia,0
hotel-dup,1094,Hotel Asia,2173,Hotel Asia,0
hotel-dup,1093,Santosh Guest House and Apartment,2172,Santosh Guest House and Apartment,0
hotel-dup,1092,Hotel Nightingale,2171,Hotel Nightingale,0
hotel-dup,1091,R & R Guest House,2170,R & R Guest House,0
hotel-dup,1090,Hotel Celebration,2169,Hotel Celebration,0
hotel-dup,1089,Family Cottage,2168,Family Cottage,0
hotel-dup,1086,Sijan Hotel,2165,Sijan Hotel,0
hotel-dup,1085,Aamako Aasirbad hotel,2164,Aamako Aasirbad hotel,0
hotel-dup,1084,Rasmi Hotel And lodge,2163,Rasmi Hotel And lodge,0
hotel-dup,1083,Family Taas House And Guest House,2162,Family Taas House And Guest House,0
hotel-dup,1072,Tibet Peace Inn,3279,Tibet Peace Inn,0
hotel-dup,1060,LB Guest House,2158,LB Guest House,0
hotel-dup,1056,Chaudhary Hotel,1739,Chaudhary Hotel,0
hotel-dup,1054,Gaju Suite Hotel Pvt. Ltd.,3270,Gaju Suite Hotel Pvt. Ltd.,0
hotel-dup,1052,Barahi Jungle Lodge,1738,Barahi Jungle Lodge,0
hotel-dup,1049,PunHill Guest House,2156,PunHill Guest House,0
hotel-dup,1046,Hotel Park,2154,Hotel Park,0
hotel-dup,1045,Hotel Nilkamal,2153,Hotel Nilkamal,0
hotel-dup,1031,Yeti Guest House,2151,Yeti Guest House,0
hotel-dup,1030,Hotel Vimal and Thakali Kitchen,2150,Hotel Vimal and Thakali Kitchen,0
hotel-dup,1028,Hotel Panas,2148,Hotel Panas,0
hotel-dup,1027,Hotel New Family & Restaurant,2147,Hotel New Family & Restaurant,0
hotel-dup,1018,Sangso Guesthouse,4024,Sangso Guesthouse,0
hotel-dup,1014,Trekker's Inn,2145,Trekker's Inn,0
hotel-dup,1013,Shanti Guest House,2144,Shanti Guest House,0
hotel-dup,1012,Royal Guesthouse,2404,Royal Guest House,5
hotel-dup,1011,Pacific Guest House,2142,Pacific Guest House,0
hotel-dup,1010,Hotel Holiday,2141,Hotel Holiday,0
hotel-dup,1009,Himalayan Inn,2140,Himalayan Inn,0
hotel-dup,1008,Glacier Hotel,2139,Glacier Hotel,0
hotel-dup,1007,Broadway Inn,2138,Broadway Inn,0
hotel-dup,1006,Hillside Paradise Lodge,2137,Hillside Paradise Lodge,0
hotel-dup,1005,Nisha Guesthouse,2136,Nisha Guesthouse,0
hotel-dup,1004,Lonely Planet Hotel,2135,Lonely Planet Hotel,0
hotel-dup,1003,Himal Lodge,3265,Himal Lodge,0
hotel-dup,1002,Sacred Valley Inn,3264,Sacred Valley Inn,0
hotel-dup,1000,Fuji Hotel,3263,Fuji Hotel,0
hotel-dup,982,Kathmandu Beijing Hotel,3257,Kathmandu Beijing Hotel,0
hotel-dup,981,Dragon Guesthouse,3256,Dragon Guesthouse,0
hotel-dup,977,Mountain View Lodge & Restaurant,2134,Mountain View Lodge & Restaurant,0
hotel-dup,975,Sarangkot View Point Lodge,2132,Sarangkot View Point Lodge,0
hotel-dup,969,Lotus Guest house,3249,Lotus Guest house,0
hotel-dup,968,Shechen Guesthouse,3248,Shechen Guesthouse,0
hotel-dup,966,ROKPA Guest House,3247,ROKPA Guest House,0
hotel-dup,962,Hotel Pacific,3244,Hotel Pacific,0
hotel-dup,953,Koohinoor Inn,3237,Koohinoor Inn,0
hotel-dup,950,Hotel Mountain,3234,Hotel Mountain,0
hotel-dup,949,View Point Guest House,2131,View Point Guest House,0
hotel-dup,947,Harry's Homestay & Korean Restaurant,2130,Harry's Homestay & Korean Restaurant,0
hotel-dup,935,The Happy Heart Hotel,2119,The Happy Heart Hotel,0
hotel-dup,934,Hotel President,2118,Hotel President,0
hotel-dup,933,Sunset Guest House,2117,Sunset Guest House,0
hotel-dup,929,Hotel Star Chitwan Pvt. Ltd.,1736,Hotel Star Chitwan Pvt. Ltd.,0
hotel-dup,924,Haarlem Homestay,2116,Haarlem Homestay,0
hotel-dup,919,Secret Garden Guesthouse,3232,Secret Garden Guesthouse,0
hotel-dup,910,Laliguras hotel and guest house,1734,Laliguras hotel and guest house,0
hotel-dup,909,Hotel Royal Satanchuli,1733,Hotel Royal Satanchuli,0
hotel-dup,908,Galaxy Guest House,1732,Galaxy Guest House,0
hotel-dup,906,CMT Resort,1731,CMT Resort,0
hotel-dup,901,chaar tale hotel,1726,chaar tale hotel,0
hotel-dup,899,hotel ashoka,1724,hotel ashoka,0
hotel-dup,898,Hotel Sky,1723,Hotel Sky,0
hotel-dup,893,lama hotel,1719,lama hotel,0
hotel-dup,882,hotel tirupati,1717,hotel tirupati,0
hotel-dup,881,hotel satunchali,1716,hotel satunchali,0
hotel-dup,879,new gita hotel.com,1714,new gita hotel.com,0
hotel-dup,877,Hotel Muktinath,1712,Hotel Muktinath,0
hotel-dup,876,anamol hotel,1711,anamol hotel,0
hotel-dup,875,Hotel Mirchi,3226,Hotel Mirchi,0
hotel-dup,874,Donosti Lakeside Hotel,2115,Donosti Lakeside Hotel,0
hotel-dup,862,New Solitary Lodge,2113,New Solitary Lodge,0
hotel-dup,853,Mustang Holiday Inn,3224,Mustang Holiday Inn,0
hotel-dup,851,Throngla Hotel,4022,Throngla Hotel,0
hotel-dup,850,Rainbow Hotel,3936,Rainbow Hotel,0
hotel-dup,849,Rising Moon Guest House,2111,Rising Moon Guest House,0
hotel-dup,847,OYO 105 Hotel Travel Inn,3223,OYO 105 Hotel Travel Inn,0
hotel-dup,845,Thorong Base Camp Lodge,4021,Thorong Base Camp Lodge,0
hotel-dup,844,Hotel Marsyangdi,4020,Hotel Marsyangdi,0
hotel-dup,842,Dhading Laxmi Hotel,4019,Dhading Laxmi Hotel,0
hotel-dup,841,Eco Cottage Lodge,4018,Eco Cottage Lodge,0
hotel-dup,840,Airport Hotel,4017,Airport Hotel,0
hotel-dup,839,3 Sister Guesthouse,4016,3 Sister Guesthouse,0
hotel-dup,837,Peacefull Guest House,4014,Peacefull Guest House,0
hotel-dup,835,Hotel Manaslu,4012,Hotel Manaslu,0
hotel-dup,834,New Himalayan Guest House,4011,New Himalayan Guest House,0
hotel-dup,832,Motherland Hotel,4009,Motherland Hotel,0
hotel-dup,831,Marsyangdi Hotel,4008,Marsyangdi Hotel,0
hotel-dup,828,Hotel,4005,Hotel,0
hotel-dup,827,Hotel Kalka,3935,Hotel Kalka,0
hotel-dup,824,Dafne Hotel,4003,Dafne Hotel,0
hotel-dup,821,Mina Lodge,3931,Mina Lodge,0
hotel-dup,820,Kamal Lodge,3930,Kamal Lodge,0
hotel-dup,819,Hikers Lodge,3929,Hikers Lodge,0
hotel-dup,816,New United Hotel,2110,New United Hotel,0
hotel-dup,813,Hotel Green Park,2108,Hotel Green Park,0
hotel-dup,812,Riverside Springs Resort,1709,Riverside Springs Resort,0
hotel-dup,809,Hotel Annapurna,3928,Hotel Annapurna,0
hotel-dup,804,Hotel The Tukuche,3927,Hotel The Tukuche,0
hotel-dup,803,Hotel Jomsom,3926,Hotel Jomsom,0
hotel-dup,801,Hotel Unicorn,2106,Hotel Unicorn,0
hotel-dup,792,new purbanchal hotel and guest house,3217,new purbanchal hotel and guest house,0
hotel-dup,787,Travel Inn,2104,Travel Inn,0
hotel-dup,786,Lotus Inn,2103,Lotus Inn,0
hotel-dup,784,Baghmara Wildlife Resort,1708,Baghmara Wildlife Resort,0
hotel-dup,782,Hotel Double Tree Pokhara,2101,Hotel Double Tree Pokhara,0
hotel-dup,781,Hotel Harati,3215,Hotel Harati,0
hotel-dup,769,Milan Guest House,4963,Milan Guest House,0
hotel-dup,767,High Plains Inn,4166,High Plains Inn,0
hotel-dup,763,Eagle Nest Guest House,4165,Eagle Nest Guest House,0
hotel-dup,741,Yakawa Thorung Guesthouse,4002,Yakawa Thorung Guesthouse,0
hotel-dup,740,Himalyan Hotel,4001,Himalyan Hotel,0
hotel-dup,737,Puskar Hotel,3214,Puskar Hotel,0
hotel-dup,736,Hotel Churi Lattar,4000,Hotel Churi Lattar,0
hotel-dup,735,See You Lodge,4164,See You Lodge,0
hotel-dup,734,Hotel Mount Kailash,3999,Hotel Mount Kailash,0
hotel-dup,733,Paradise Guest House,4163,Paradise Guest House,0
hotel-dup,724,Hotel Tashi Dhelek,3213,Hotel Tashi Dhelek,0
hotel-dup,723,Kathmandu View Hotel,3212,Kathmandu View Hotel,0
hotel-dup,721,Vagabond Guest House,2100,Vagabond Guest House,0
hotel-dup,719,Saligram Apartment Hotel,3860,Saligram Apartment Hotel,0
hotel-dup,714,Gangapurna Hotel Lodge,3997,Gangapurna Hotel Lodge,0
hotel-dup,713,Yak Hotel,3996,Yak Hotel,0
hotel-dup,712,Hotel Red Planet,3211,Hotel Red Planet,0
hotel-dup,661,Trinity Guest House,3858,Trinity Guest House,0
hotel-dup,653,Nature's Grace Lodge,2099,Nature's Grace Lodge,0
hotel-dup,652,Peace Dragon Lodge,2098,Peace Dragon Lodge,0
hotel-dup,650,Global Hotel Reception,1707,Global Hotel Reception,0
hotel-dup,649,Hotel Friends Home,3210,Hotel Friends Home,0
hotel-dup,647,Hotel Holy Himalaya,3209,Hotel Holy Himalaya,0
hotel-dup,630,Butterfly Hotel,1706,Butterfly Hotel,0
hotel-dup,629,Jungle Resort Hotel,1705,Jungle Resort Hotel,0
hotel-dup,622,The Lakshmi Lodge,2095,The Lakshmi Lodge,0
hotel-dup,621,Srijana Guest House,2094,Srijana Guest House,0
hotel-dup,620,Shining River Guest House and Restaurant,2093,Shining River Guest House and Restaurant,0
hotel-dup,619,Riverside Lodge and Restaurant,2092,Riverside Lodge and Restaurant,0
hotel-dup,618,New River View Lodge and Restaurant,2091,New River View Lodge and Restaurant,0
hotel-dup,617,Namaste Guest House and Restaurant,2090,Namaste Guest House and Restaurant,0
hotel-dup,616,Moonlight Hotel,2089,Moonlight Hotel,0
hotel-dup,615,Kliu Guest House and Restaurant,2088,Kliu Guest House and Restaurant,0
hotel-dup,613,Kimche Guest House and Restaurant,2086,Kimche Guest House and Restaurant,0
hotel-dup,612,Hotel Mountain Lodge and Restaurant,2085,Hotel Mountain Lodge and Restaurant,0
hotel-dup,611,Hotel Everest Lodge and Restaurant,2084,Hotel Everest Lodge and Restaurant,0
hotel-dup,610,Green View Lodge and Restaurant,2083,Green View Lodge and Restaurant,0
hotel-dup,609,Fast Food Lodge and Restaurant,2082,Fast Food Lodge and Restaurant,0
hotel-dup,569,siraha lodge,3207,siraha lodge,0
hotel-dup,552,Monalisa Hotel,2081,Monalisa Hotel,0
hotel-dup,551,Jharana Hotel,2080,Jharana Hotel,0
hotel-dup,550,Hotel Nature Land,2079,Hotel Nature Land,0
hotel-dup,549,Hotel K.C.,2078,Hotel K.C.,0
hotel-dup,548,Hotel Holiday Pokhara,2077,Hotel Holiday Pokhara,0
hotel-dup,546,NRB guest house,2076,NRB guest house,0
hotel-dup,545,Sangam Hotel,2075,Sangam Hotel,0
hotel-dup,542,Hotel Metropolitant Kantipur,3203,Hotel Metropolitant Kantipur,0
hotel-dup,540,International Guest House,3201,International Guest House,0
hotel-dup,539,Hotel River Holiday Inn,3200,Hotel River Holiday Inn,0
hotel-dup,538,Madhuban Guest House,3199,Madhuban Guest House,0
hotel-dup,535,Dream Garden Inn,3196,Dream Garden Inn,0
hotel-dup,531,Global Inn,2072,Global Inn,0
hotel-dup,524,Nomad Hotel,3195,Nomad Hotel,0
hotel-dup,518,Hong Xiang Hotel,3192,Hong Xiang Hotel,0
hotel-dup,511,Giant Hotel Pvt. Ltd.,3190,Giant Hotel Pvt. Ltd.,0
hotel-dup,509,Lodge,4161,Lodge,0
hotel-dup,507,View Point Guest House and Sekuwa Corner,3189,View Point Guest House and Sekuwa Corner,0
hotel-dup,506,Himalaya Lodge,2071,Himalaya Lodge,0
hotel-dup,504,Sunset Manalu Lodge,2070,Sunset Manalu Lodge,0
hotel-dup,503,Blue Heaven Guesthouse,2069,Blue Heaven Guesthouse,0
hotel-dup,502,Mero Hotel Eco Home,3188,Mero Hotel Eco Home,0
hotel-dup,499,Hotel Lapha,3186,Hotel Lapha,0
hotel-dup,497,Pacific Guest House,3185,Pacific Guest House,0
hotel-dup,496,Hotel The Lord Asia,3184,Hotel The Lord Asia,0
hotel-dup,489,Hotel Encounter Nepal,3182,Hotel Encounter Nepal,0
hotel-dup,488,Ambassador Hotel,3181,Ambassador Hotel,0
hotel-dup,480,Hotel Red Rooster,3850,Hotel Red Rooster,0
hotel-dup,454,Kailas Hotel,4159,Kailas Hotel,0
hotel-dup,449,Lo Ghami Guest House,4158,Lo Ghami Guest House,0
hotel-dup,448,Hotel Roayal Mustang,4157,Hotel Roayal Mustang,0
hotel-dup,439,Hotel Karnali,3170,Hotel Karnali,0
hotel-dup,437,Third world guest house,3849,Third world guest house,0
hotel-dup,436,Hotel Annapurna,4155,Hotel Annapurna,0
hotel-dup,435,Hotel Himali,4154,Hotel Himali,0
hotel-dup,430,Vibor Hotel,3168,Vibor Hotel,0
hotel-dup,418,Kharsang Guest House,3167,Kharsang Guest House,0
hotel-dup,417,Hotel Goodwill,3846,Hotel Goodwill,0
hotel-dup,415,Mount Manaslu Lodge,1838,Mount Manaslu Lodge,0
hotel-dup,409,Parena Guesthouse,2067,Parena Guesthouse,0
hotel-dup,408,Gautamas Cottage,2066,Gautamas Cottage,0
hotel-dup,407,Hotel 360,2065,Hotel 360,0
hotel-dup,406,Jhong View Top Guest House and Restaurant,4152,Jhong View Top Guest House and Restaurant,0
hotel-dup,405,Dhakpochhe Tashi-Ling Guesthouse,4151,Dhakpochhe Tashi-Ling Guesthouse,0
hotel-dup,404,Annapurna Lodge,4150,Annapurna Lodge,0
hotel-dup,402,Hotel Manasulu & Restaurant,3924,Hotel Manasulu & Restaurant,0
hotel-dup,400,Annapurna Hotel,3995,Annapurna Hotel,0
hotel-dup,398,Sinuwa Guesthouse,2063,Sinuwa Guesthouse,0
hotel-dup,397,Hill Top Lodge,2062,Hill Top Lodge,0
hotel-dup,396,Hotel Namaste and Restaurant,2061,Hotel Namaste and Restaurant,0
hotel-dup,395,Himalaya Guesthouse,2060,Himalaya Guesthouse,0
hotel-dup,393,New peaceful guest house,2058,New peaceful guest house,0
hotel-dup,368,Hotel Parkland,1,Hotel Parkland,45
hotel-dup,367,Eden Jungle Resort,1702,Eden Jungle Resort,0
hotel-dup,364,Kathmandu Peace Guest House;Tea & Souvenirs,3166,Kathmandu Peace Guest House;Tea & Souvenirs,0
hotel-dup,362,Dharma Hotel,2052,Dharma Hotel,0
hotel-dup,361,Lake City Hotel,2051,Lake City Hotel,0
hotel-dup,360,Chhetri Sisters Guesthouse,2050,Chhetri Sisters Guesthouse,0
hotel-dup,358,Prasanna Hotel,3994,Prasanna Hotel,0
hotel-dup,357,Hotel Royal Garden,3993,Hotel Royal Garden,0
hotel-dup,356,Namala Hotel,3992,Namala Hotel,0
hotel-dup,354,Tilicho Hotel,3991,Tilicho Hotel,0
hotel-dup,353,Mongolian Guesthouse,3923,Mongolian Guesthouse,0
hotel-dup,352,Sabina Guesthouse,3922,Sabina Guesthouse,0
hotel-dup,351,Boomerang Hotel,3921,Boomerang Hotel,0
hotel-dup,350,Hikers Guesthouse,3920,Hikers Guesthouse,0
hotel-dup,349,Manaslu Hotel,3990,Manaslu Hotel,0
hotel-dup,348,Tibet Hotel,3989,Tibet Hotel,0
hotel-dup,347,Hotel Manasulu View,3988,Hotel Manasulu View,0
hotel-dup,346,Munji Lodge & Bakery,3987,Munji Lodge & Bakery,0
hotel-dup,345,Yak & Yeti Hotel,3986,Yak & Yeti Hotel,0
hotel-dup,344,Yak Ru Hotel,3985,Yak Ru Hotel,0
hotel-dup,343,Gorkhali Hotel,3984,Gorkhali Hotel,0
hotel-dup,342,Himalaya Hotel,3983,Himalaya Hotel,0
hotel-dup,341,Hotel Windy Valley,4148,Hotel Windy Valley,0
hotel-dup,337,Hotel Jomsom View,4147,Hotel Jomsom View,0
hotel-dup,336,Hotel Mountain Breeze,4146,Hotel Mountain Breeze,0
hotel-dup,335,Hotel Mountain View,4145,Hotel Mountain View,0
hotel-dup,334,Hotel Sakura,4144,Hotel Sakura,0
hotel-dup,333,Hotel Dreamland,4143,Hotel Dreamland,0
hotel-dup,332,Hotel Tilicho,4142,Hotel Tilicho,0
hotel-dup,331,Hotel Airport Inn,4141,Hotel Airport Inn,0
hotel-dup,330,Hotel Snowland,4140,Hotel Snowland,0
hotel-dup,329,Kali Gandaki Guesthouse,4139,Kali Gandaki Guesthouse,0
hotel-dup,328,Hotel Majesty,4138,Hotel Majesty,0
hotel-dup,327,Hotel Lali Gurans,4137,Hotel Lali Gurans,0
hotel-dup,326,Hotel Mustang Monalisha,4136,Hotel Mustang Monalisha,0
hotel-dup,324,Trekkers Inn,4135,Trekkers Inn,0
hotel-dup,322,Jungle Sunset hotel,1701,Jungle Sunset hotel,0
hotel-dup,321,Sapana Lodge,1700,Sapana Lodge,0
hotel-dup,320,Tiger Tops Jungle Lodge,1699,Tiger Tops Jungle Lodge,0
hotel-dup,318,Butterfly Lodge,2049,Butterfly Lodge,0
hotel-dup,302,Hotel Yambu Kathmandu,3164,Hotel Yambu Kathmandu,0
hotel-dup,301,Hotel Gorkha Bisauni,1837,Hotel Gorkha Bisauni,0
hotel-dup,294,Radisson Hotel Kathmandu,3163,Radisson Hotel Kathmandu,0
hotel-dup,293,Binti Lodge & Restaurant,2048,Binti Lodge & Restaurant,0
hotel-dup,290,Anjuli Hotel & Restaurant,2047,Anjuli Hotel & Restaurant,0
hotel-dup,289,Green Valley Lodge and Restaurant,2046,Green Valley Lodge and Restaurant,0
hotel-dup,288,Bikash Guest House,2045,Bikash Guest House,0
hotel-dup,287,Everest Homestay,2044,Everest Homestay,0
hotel-dup,281,Hill Side Lodge,2043,Hill Side Lodge,0
hotel-dup,278,Mountain Discovery Lodge,2040,Mountain Discovery Lodge,0
hotel-dup,277,Gurung Co-Operative Guest House and Restaurant,2039,Gurung Co-Operative Guest House and Restaurant,0
hotel-dup,276,Shangrila Guest House and Restaurant,2038,Shangrila Guest House and Restaurant,0
hotel-dup,274,Hotel Himal,2037,Hotel Himal,0
hotel-dup,273,Nice View Lodge,2036,Nice View Lodge,0
hotel-dup,270,Begnas lodge and restaurant,2034,Begnas lodge and restaurant,0
hotel-dup,267,Gurung Hotel,2031,Gurung Hotel,0
hotel-dup,266,Hotel Nirvana,2030,Hotel Nirvana,0
hotel-dup,265,Manisha Hotel & Restaurant,2029,Manisha Hotel & Restaurant,0
hotel-dup,263,Hill Top Guest House,2028,Hill Top Guest House,0
hotel-dup,262,Guest House,2027,Guest House,0
hotel-dup,261,Shiva Lodge and Restaurant,2026,Shiva Lodge and Restaurant,0
hotel-dup,260,Sunita Guest House and Restaurant,2025,Sunita Guest House and Restaurant,0
hotel-dup,259,Sunrise Guest House,2024,Sunrise Guest House,0
hotel-dup,257,HOTEL ANNAPURNA ASHIRVAD,2023,HOTEL ANNAPURNA ASHIRVAD,0
hotel-dup,256,Hotel Machhapuchhre,2022,Hotel Machhapuchhre,0
hotel-dup,255,Peace and Love Hotel,3919,Peace and Love Hotel,0
hotel-dup,252,Viewpoint Hotel,2019,Viewpoint Hotel,0
hotel-dup,251,Sacred Valley Inn,2018,Sacred Valley Inn,0
hotel-dup,249,Giri Guesthouse,2016,Giri Guesthouse,0
hotel-dup,248,Mums Garden Resort,2015,Mums Garden Resort,0
hotel-dup,246,Northfield Hotel,3162,Northfield Hotel,0
hotel-dup,244,Acme Guest House,3160,Acme Guest House,0
hotel-dup,243,Holy Lodge,3159,Holy Lodge,0
hotel-dup,239,Hotel Norbulinka,3155,Hotel Norbulinka,0
hotel-dup,238,Kathmandu Aagantuk Hotel,3154,Kathmandu Aagantuk Hotel,0
hotel-dup,237,Hotel Dolphin,3153,Hotel Dolphin,0
hotel-dup,236,Samsara Resort,3152,Samsara Resort,0
hotel-dup,231,Hotel Elite,3147,Hotel Elite,0
hotel-dup,229,Norling Guesthouse,3145,Norling Guesthouse,0
hotel-dup,224,Hotel Blue Diamond,3140,Hotel Blue Diamond,0
hotel-dup,215,Excelsior Hotel,3131,Excelsior Hotel,0
hotel-dup,207,Safari Adventure Lodge,1698,Safari Adventure Lodge,0
hotel-dup,206,Lodge,1697,Lodge,0
hotel-dup,201,Lake View Lodge,2014,Lake View Lodge,0
hotel-dup,200,View Top Lodge and Restaurant,2013,View Top Lodge and Restaurant,0
hotel-dup,193,Green Park Resort,4961,Green Park Resort,0
hotel-dup,190,Khadgami Guest House,4960,Khadgami Guest House,0
hotel-dup,189,Hill Top Hotel,2012,Hill Top Hotel,0
hotel-dup,187,Hotel Annapurna lake view,2010,Hotel Annapurna lake view,0
hotel-dup,186,Prakash Guesthouse,2009,Prakash Guesthouse,0
hotel-dup,182,Hotel Tilche,3982,Hotel Tilche,0
hotel-dup,180,Jungle Lodge Hotel,1696,Jungle Lodge Hotel,0
hotel-dup,179,Paradise Hotel,1695,Paradise Hotel,0
hotel-dup,178,Elephant Safari Resort,1694,Elephant Safari Resort,0
hotel-dup,176,Chitwan Resort and Camp,1693,Chitwan Resort and Camp,0
hotel-dup,174,Jungle Safari Lodge,1691,Jungle Safari Lodge,0
hotel-dup,173,Rhino Lodge,1690,Rhino Lodge,0
hotel-dup,172,Royal Park Hotel,1689,Royal Park Hotel,0
hotel-dup,171,Hotel Riverside,1688,Hotel Riverside,0
hotel-dup,170,Hotel Nature Heritage,1687,Hotel Nature Heritage,0
hotel-dup,169,Hambro Hotel,1686,Hambro Hotel,0
hotel-dup,168,Wendy's Lodge,1685,Wendy's Lodge,0
hotel-dup,167,Chitwan Forest Resort,200,Chitwan Forest Resort,115
hotel-dup,163,Green View Lodge,2008,Green View Lodge,0
hotel-dup,161,National Lodge,4133,National Lodge,0
hotel-dup,159,River Side Lodge,4132,River Side Lodge,0
hotel-dup,157,Potala Guesthouse,3130,Potala Guesthouse,0
hotel-dup,156,Panaroma Point Lodge,2007,Panaroma Point Lodge,0
hotel-dup,155,Green Land Hotel,2006,Green Land Hotel,0
hotel-dup,154,Yama Sakura Guesthouse,2005,Yama Sakura Guesthouse,0
hotel-dup,153,New Excellent View Guesthouse,2004,New Excellent View Guesthouse,0
hotel-dup,152,Nice View Guest House,2003,Nice View Guest House,0
hotel-dup,151,Dhaulagiri View Hotel,2002,Dhaulagiri View Hotel,0
hotel-dup,150,Paradise Hotel,2001,Paradise Hotel,0
hotel-dup,149,Archana Guesthouse & Restaurant,2000,Archana Guesthouse & Restaurant,0
hotel-dup,148,Sundar Guesthouse,1999,Sundar Guesthouse,0
hotel-dup,147,Hita Guesthouse Restaurant,1998,Hita Guesthouse Restaurant,0
hotel-dup,146,Sunlight Guesthouse & Restaurant,1997,Sunlight Guesthouse & Restaurant,0
hotel-dup,145,Excellent View Guesthouse & Restaurant,1996,Excellent View Guesthouse & Restaurant,0
hotel-dup,144,Sapna Lodge,1995,Sapna Lodge,0
hotel-dup,143,Ram Lodge,1994,Ram Lodge,0
hotel-dup,142,Tolka Guesthouse,1993,Tolka Guesthouse,0
hotel-dup,141,Hira Lodge,1992,Hira Lodge,0
hotel-dup,140,Sunny Guesthouse,1991,Sunny Guesthouse,0
hotel-dup,139,International Guesthouse,1990,International Guesthouse,0
hotel-dup,138,Super View Guesthouse,1989,Super View Guesthouse,0
hotel-dup,137,Paradise Guesthouse,1988,Paradise Guesthouse,0
hotel-dup,136,Bee Hive Guesthouse,1987,Bee Hive Guesthouse,0
hotel-dup,135,Bright Guesthouse,1986,Bright Guesthouse,0
hotel-dup,134,Manisha Hotel,1985,Manisha Hotel,0
hotel-dup,133,Peaceful Lodge,1984,Peaceful Lodge,0
hotel-dup,132,Sunrise Guesthouse,1983,Sunrise Guesthouse,0
hotel-dup,130,Chandra Guesthouse,1982,Chandra Guesthouse,0
hotel-dup,129,Kamala Guesthouse,1981,Kamala Guesthouse,0
hotel-dup,128,Dipak Guesthouse,1980,Dipak Guesthouse,0
hotel-dup,127,Laxmi Lodge,1979,Laxmi Lodge,0
hotel-dup,126,Sushma Guesthouse,1978,Sushma Guesthouse,0
hotel-dup,125,See You Lodge,1977,See You Lodge,0
hotel-dup,124,Mamta Guesthouse,1976,Mamta Guesthouse,0
hotel-dup,123,Anjana Lodge,1975,Anjana Lodge,0
hotel-dup,122,Mountain Lodge,1974,Mountain Lodge,0
hotel-dup,121,Mira Lodge,1973,Mira Lodge,0
hotel-dup,120,Evergreen Lodge,1972,Evergreen Lodge,0
hotel-dup,119,Hotel Sunrise,1971,Hotel Sunrise,0
hotel-dup,118,K2 Hotel,1970,K2 Hotel,0
hotel-dup,117,New Pokhara Lodge,1969,New Pokhara Lodge,0
hotel-dup,116,Summit Guesthouse,1968,Summit Guesthouse,0
hotel-dup,115,Gurkha Lodge,1967,Gurkha Lodge,0
hotel-dup,114,Fujihana Guest House,1966,Fujihana Guest House,0
hotel-dup,113,Lonely Guest House,1965,Lonely Guest House,0
hotel-dup,112,Buddha Hotel,1964,Buddha Hotel,0
hotel-dup,111,Millennium Guesthouse,1963,Millennium Guesthouse,0
hotel-dup,110,Nepal Hotel,1962,Nepal Hotel,0
hotel-dup,109,Peace Plaza Hotel,1961,Peace Plaza Hotel,0
hotel-dup,108,Plaza Annapurna Hotel,1960,Plaza Annapurna Hotel,0
hotel-dup,107,Crown Hotel,1959,Crown Hotel,0
hotel-dup,106,Laxmi Guesthouse,1958,Laxmi Guesthouse,0
hotel-dup,105,Be Happy Guesthouse,1957,Be Happy Guesthouse,0
hotel-dup,104,Mandap Hotel,1956,Mandap Hotel,0
hotel-dup,103,Hotel Tropicana,1955,Hotel Tropicana,0
hotel-dup,102,Shining Star Hotel,1954,Shining Star Hotel,0
hotel-dup,101,Lake Vision Guesthouse,1953,Lake Vision Guesthouse,0
hotel-dup,100,Snowland Hotel,1952,Snowland Hotel,0
hotel-dup,99,Hotel Kunga,4131,Hotel Kunga,0
hotel-dup,98,Hotel Dhaulagiri,4130,Hotel Dhaulagiri,0
hotel-dup,97,Nilgiri Hotel,4129,Nilgiri Hotel,0
hotel-dup,96,Hotel Anita,4128,Hotel Anita,0
hotel-dup,95,Green Hotel,4127,Green Hotel,0
hotel-dup,92,New Annapurna Guesthouse,1951,New Annapurna Guesthouse,0
hotel-dup,90,Peace Eye Guest House,1950,Peace Eye Guest House,0
hotel-dup,89,Snow Hill Lodge,1949,Snow Hill Lodge,0
hotel-dup,83,Lo Manthang Guesthouse,4125,Lo Manthang Guesthouse,0
hotel-dup,80,Ganesh Himal Hotel,3129,Ganesh Himal Hotel,0
hotel-dup,79,Lailai Hotel,3128,Lailai Hotel,0
hotel-dup,77,Marshyangdi Hotel,3126,Marshyangdi Hotel,0
hotel-dup,76,Kathmandu Grand Hotel,3125,Kathmandu Grand Hotel,0
hotel-dup,75,Hotel Manang,3124,Hotel Manang,0
hotel-dup,74,Kumari Hotel,3123,Kumari Hotel,0
hotel-dup,72,Pilgrims Guest House,3121,Pilgrims Guest House,0
hotel-dup,70,Thorong High Camp Hotel,3981,Thorong High Camp Hotel,0
hotel-dup,69,Marshiangdi Hotel,3980,Marshiangdi Hotel,0
hotel-dup,68,Hotel New Phedi,3979,Hotel New Phedi,0
hotel-dup,67,New Hotel Moon Lake,3978,New Hotel Moon Lake,0
hotel-dup,61,Taishan Hotel,3120,Taishan Hotel,0
hotel-dup,57,Eden Hotel,1947,Eden Hotel,0
hotel-dup,56,Hotel Lake Diamond,1946,Hotel Lake Diamond,0
hotel-dup,53,Phils Inn,1945,Phils Inn,0
hotel-dup,52,International Guesthouse,3201,International Guest House,27
hotel-dup,41,Hotel Green Land,1944,Hotel Green Land,0
hotel-dup,34,Tibet Peace Guest House,3118,Tibet Peace Guest House,0
hotel-dup,33,Hotel Landmark,1943,Hotel Landmark,0
hotel-dup,20,Hotel Shanker,3117,Hotel Shanker,0
hotel-dup,17,Lonely View Lodge,1942,Lonely View Lodge,0
hotel-dup,7,Nirvana Garden Hotel,3116,Nirvana Garden Hotel,0
hotel-dup,6,Indra Guest House,1941,Indra Guest House,0
hotel-dup,3,Yak Hotel,4124,Yak Hotel,0
hotel-dup,1,Rockland Hotel,1939,Rockland Hotel,0
name-cluster,6245,Shepherds Camp,1966,Shepherds Camp,19
name-cluster,6227,Temple Himalaya Hotel,5638,Temple Himalaya Hotel,27
name-cluster,6221,Hotel Doko,5984,Hotel Doko,22
name-cluster,6204,Namaste Buddha Lodge,4176,Namaste Buddha Lodge,2
name-cluster,6203,Hotel Green View and Lodge,5390,Hotel Green View and Lodge,26
name-cluster,6202,Hotel Sacred Hill,6201,Hotel Sacred Hill,12
name-cluster,6172,Silver pheasant,6171,Silver pheasant,6
name-cluster,6139,Zambala Hotel,5158,Zambala Hotel,15
name-cluster,6139,Zambala Hotel,2391,Zambala Hotel,29
name-cluster,5158,Zambala Hotel,2391,Zambala Hotel,19
name-cluster,6107,staff house,5890,staff house,95
name-cluster,6107,staff house,5888,staff house,109
name-cluster,5890,staff house,5888,staff house,20
name-cluster,6106,Narayani boys hostel,5904,Narayani boys hostel,36
name-cluster,6073,Araniko Hostel,5417,Araniko Hostel,33
name-cluster,6047,Bankatta Homestay,2967,Bankatta Homestay,8
name-cluster,6033,Hotel Morning View,6032,Hotel Morning View,17
name-cluster,6005,Sunakhada hotel,2754,Suna Khada Hotel,35
name-cluster,5998,Kiwi Backpackers Hostel Pokhara,4017,Kiwi Backpackers Hostel Pokhara,6
name-cluster,5994,Basanta Lodge,5699,Basanta Lodge,13
name-cluster,5977,Parbati Cave,2461,Parbati Cave,10
name-cluster,5974,Home Stay,5874,Home Stay,25
name-cluster,2945,Home Stay,2622,Home Stay,178
name-cluster,2694,Homestay,2682,Homestay,172
name-cluster,2629,Home Stay,2623,Home Stay,114
name-cluster,2629,Home Stay,2622,Home Stay,128
name-cluster,2623,Home Stay,2622,Home Stay,64
name-cluster,5965,Larke La Hotel & Lodge,5964,Larke La Hotel & Lodge,20
name-cluster,5958,Majestic Manaslu Cottages & Garden,5957,Majestic Manaslu Cottages & Garden,27
name-cluster,5947,Buddha Lodge,378,Buddha Lodge,72
name-cluster,5923,Rainbow Hotel,850,Rainbow Hotel,196
name-cluster,5902,Lumbini girls hostel,5901,Lumbini girls hostel,38
name-cluster,5873,Himalayan Sherpa INN,2526,Himalayan Sherpa Inn,128
name-cluster,5860,CST Hotel and Party Palace,2014,CST Hotel and Party Palace,14
name-cluster,5847,Green View Guest House,2717,Green View Guest House,12
name-cluster,5840,Nishan Lodge,2592,Nishan Lodge,18
name-cluster,5774,Hotel Indrasarobar and Lodge,1790,Hotel Indra Sarobar and Lodge,32
name-cluster,5765,Hotel Pathibhara,705,Hotel Pathibhara,10
name-cluster,5738,Snow Hill Lodge,89,Snow Hill Lodge,30
name-cluster,5731,Khaptad Hotel,5730,Khaptad Hotel,14
name-cluster,476,Lodge,475,Lodge,146
name-cluster,5691,Laxmi Group Guest house,5634,Laxmi Group Guest house,67
name-cluster,5408,Sakura hotel,2292,Sakura hotel,3
name-cluster,5652,newari khaja,1950,Newari Khaja,3
name-cluster,5362,thapa hotel,918,Thapa Hotel,132
name-cluster,5613,Sai Nath Boys Hostel,2084,Sai Nath Boys Hostel,1
name-cluster,5598,Hotel Rosemarry,5597,Hotel Rosemarry,22
name-cluster,5576,Lunbini Guest House,2010,Lunbini Guest House,16
name-cluster,5569,Shankar Guesthouse,2712,Shankar Guesthouse,14
name-cluster,5558,Four Seasons,532,Four Seasons,5
name-cluster,5491,Yeti Inn,11,Yeti Inn,17
name-cluster,5472,Hotel Laxmi,5471,Hotel Laxmi,17
name-cluster,5447,Kamala Guest House,5445,Kamala Guest House,24
name-cluster,5425,Hotel Recreation,3589,Hotel Recreation,33
name-cluster,5405,Mongolian cottage,3960,Mongolian cottage,24
name-cluster,5402,Hotel Chumvally Restaurant and Lodge,1879,Hotel Chumvally Restaurant and Lodge,1
name-cluster,5354,Tadapani Guest House,2686,Tadapani Guest House,0
name-cluster,5335,See You Lodge,735,See You Lodge,35
name-cluster,5320,Yak & Yeti,2690,Yak & Yeti,100
name-cluster,5258,Home Away from Home,5246,home away from home,161
name-cluster,5248,Hotel Camp de Base,5212,Hotel Camp de Base,47
name-cluster,5204,Hotel Karuna,1680,Hotel Karuna,0
name-cluster,5199,IT Park Hostel,5198,IT Park Hostel,34
name-cluster,5199,IT Park Hostel,5197,IT Park Hostel,52
name-cluster,5199,IT Park Hostel,5196,IT Park Hostel,24
name-cluster,5198,IT Park Hostel,5197,IT Park Hostel,20
name-cluster,5198,IT Park Hostel,5196,IT Park Hostel,49
name-cluster,5197,IT Park Hostel,5196,IT Park Hostel,69
name-cluster,5164,Hotel Elite,231,Hotel Elite,163
name-cluster,5141,SOS Herman Village School's Hostel,5140,SOS Herman Village School's Hostel,106
name-cluster,5141,SOS Herman Village School's Hostel,5139,SOS Herman Village School's Hostel,45
name-cluster,5141,SOS Herman Village School's Hostel,5138,SOS Herman Village School's Hostel,97
name-cluster,5141,SOS Herman Village School's Hostel,5137,SOS Herman Village School's Hostel,63
name-cluster,5141,SOS Herman Village School's Hostel,5136,SOS Herman Village School's Hostel,76
name-cluster,5141,SOS Herman Village School's Hostel,5135,SOS Herman Village School's Hostel,22
name-cluster,5141,SOS Herman Village School's Hostel,5134,SOS Herman Village School's Hostel,56
name-cluster,5140,SOS Herman Village School's Hostel,5139,SOS Herman Village School's Hostel,79
name-cluster,5140,SOS Herman Village School's Hostel,5138,SOS Herman Village School's Hostel,25
name-cluster,5140,SOS Herman Village School's Hostel,5137,SOS Herman Village School's Hostel,48
name-cluster,5140,SOS Herman Village School's Hostel,5136,SOS Herman Village School's Hostel,30
name-cluster,5140,SOS Herman Village School's Hostel,5135,SOS Herman Village School's Hostel,90
name-cluster,5140,SOS Herman Village School's Hostel,5134,SOS Herman Village School's Hostel,53
name-cluster,5139,SOS Herman Village School's Hostel,5138,SOS Herman Village School's Hostel,82
name-cluster,5139,SOS Herman Village School's Hostel,5137,SOS Herman Village School's Hostel,55
name-cluster,5139,SOS Herman Village School's Hostel,5136,SOS Herman Village School's Hostel,54
name-cluster,5139,SOS Herman Village School's Hostel,5135,SOS Herman Village School's Hostel,23
name-cluster,5139,SOS Herman Village School's Hostel,5134,SOS Herman Village School's Hostel,28
name-cluster,5138,SOS Herman Village School's Hostel,5137,SOS Herman Village School's Hostel,34
name-cluster,5138,SOS Herman Village School's Hostel,5136,SOS Herman Village School's Hostel,28
name-cluster,5138,SOS Herman Village School's Hostel,5135,SOS Herman Village School's Hostel,86
name-cluster,5138,SOS Herman Village School's Hostel,5134,SOS Herman Village School's Hostel,53
name-cluster,5137,SOS Herman Village School's Hostel,5136,SOS Herman Village School's Hostel,22
name-cluster,5137,SOS Herman Village School's Hostel,5135,SOS Herman Village School's Hostel,54
name-cluster,5137,SOS Herman Village School's Hostel,5134,SOS Herman Village School's Hostel,30
name-cluster,5136,SOS Herman Village School's Hostel,5135,SOS Herman Village School's Hostel,61
name-cluster,5136,SOS Herman Village School's Hostel,5134,SOS Herman Village School's Hostel,26
name-cluster,5135,SOS Herman Village School's Hostel,5134,SOS Herman Village School's Hostel,38
name-cluster,5084,Ghandruk Guest House and Restaurant,2787,Ghandruk Guest House and Restaurant,16
name-cluster,5074,Hotel Silver Home,2481,Hotel Silver Home,54
name-cluster,5059,Rameshwar temple,5058,Rameshwar temple,7
name-cluster,5054,Kathmandu Boutique Hotel,2605,Kathmandu boutique hotel,15
name-cluster,5053,Hotel Lai Lai,5052,Hotel Lai Lai,149
name-cluster,5037,Narayanhiti Palace Museum,4900,Narayanhiti Palace Museum,7
name-cluster,5031,Festoon Hotel Pvt. Ltd,5023,Festoon Hotel Pvt. Ltd,45
name-cluster,5028,Kathmandu Guesthouse,3130,Kathmandu Guest House,79
name-cluster,4758,Waterfall view,1858,Waterfall view,21
name-cluster,4752,Hotel Juju,4751,Hotel Juju,85
name-cluster,4698,Mani - Mur à prière,4682,Mani - Mur à prière,87
name-cluster,4516,Tibetan hotel,2372,Tibetan Hotel,171
name-cluster,4500,Mipra,4499,Mipra,198
name-cluster,4280,Hotel Bardan Pvt.ltd,4279,Hotel Bardan Pvt ltd,61
name-cluster,4180,Til Kumari Pun Homestay,2433,Til Kumari Pun Home Stay,86
name-cluster,4158,Mardi station hotel & restaurent,4157,mardi station hotel &  restaurent,17
name-cluster,3811,Om Shanti Boys Hostel,460,Om Shanti Boys Hostel,134
name-cluster,3794,Global Boys Hostel,3784,Global Boys Hostel,197
name-cluster,3261,Kulung hotel,3259,Kulung hotel,110
name-cluster,3140,Sky Line Hotel,3030,Skyline Hotel,36
name-cluster,2107,Royal Guest House,1012,Royal Guesthouse,5
name-cluster,2664,high camp,1050,high camp,145
name-cluster,2628,Nau Maya Gurung Homestay,2627,Naumaya Gurung Home Stay,175
name-cluster,2628,Nau Maya Gurung Homestay,2624,Nau Maya Gurung Homestay,134
name-cluster,2627,Naumaya Gurung Home Stay,2624,Nau Maya Gurung Homestay,199
name-cluster,960,Namaste,959,Namaste,144
name-cluster,2200,Pokhara Village Resort,1679,Pokhara Village Resort,178
name-cluster,1914,Everest View,1913,Everest View,72
name-cluster,1914,Everest View,12,Everest View,138
name-cluster,1066,Happiness,980,Happiness,129
name-cluster,991,Spontaneous camp,990,Spontaneous camp,164
name-cluster,540,International Guest House,52,International Guesthouse,27
name-cluster,28,Tharu Cultural Museum,27,Tharu Cultural Museum,140
