deactivated_id,name,correction_reason
6261,Himalaya Tourist Guest House,"Consolidation round 2026-09-21: duplicates Hotel record ""Himalaya Tourist Guest House"" (id 2871) ~3 m away.  Lodging records are managed in the Hotel table; this duplicate destination row was deactivated (data kept for audit)."
6257,Laughing Buddha Guesthouse & Villa,"Consolidation round 2026-09-21: duplicates Hotel record ""Laughing Buddha Guesthouse & Villa"" (id 3721) ~3 m away.  Lodging records are managed in the Hotel table; this duplicate destination row was deactivated (data kept for audit)."
6245,Shepherds Camp,"Consolidation round 2026-09-21: duplicate of destination ""Shepherds Camp"" (id 1966) ~19 m away.  Lodging records are managed in the Hotel table; this duplicate destination row was deactivated (data kept for audit)."
6236,Homestay Inn,"Consolidation round 2026-09-21: duplicates Hotel record ""Homestay Inn"" (id 1682) ~0 m away.  Lodging records are managed in the Hotel table; this duplicate destination row was deactivated (data kept for audit)."
6227,Temple Himalaya Hotel,"Consolidation round 2026-09-21: duplicates Hotel record ""Temple Himalaya Hotel"" (id 3007) ~27 m away.  Lodging records are managed in the Hotel table; this duplicate destination row was deactivated (data kept for audit)."
6221,Hotel Doko,"Consolidation round 2026-09-21: duplicate of destination ""Hotel Doko"" (id 5984) ~22 m away.  Lodging records are managed in the Hotel table; this duplicate destination row was deactivated (data kept for audit)."
6204,Namaste Buddha Lodge,"Consolidation round 2026-09-21: duplicates Hotel record ""Namaste Buddha Lodge"" (id 2817) ~2 m away.  Lodging records are managed in the Hotel table; this duplicate destination row was deactivated (data kept for audit)."
6203,Hotel Green View and Lodge,"Consolidation round 2026-09-21: duplicate of destination ""Hotel Green View and Lodge"" (id 5390) ~26 m away.  Lodging records are managed in the Hotel table; this duplicate destination row was deactivated (data kept for audit)."
6202,Hotel Sacred Hill,"Consolidation round 2026-09-21: duplicates Hotel record ""Hotel Sacred Hill"" (id 3114) ~12 m away.  Lodging records are managed in the Hotel table; this duplicate destination row was deactivated (data kept for audit)."
6201,Hotel Sacred Hill,"Consolidation round 2026-09-21: duplicates Hotel record ""Hotel Sacred Hill"" (id 3114) ~0 m away.  Lodging records are managed in the Hotel table; this duplicate destination row was deactivated (data kept for audit)."
6199,Lake Wave Cottage & Restaurent,"Consolidation round 2026-09-21: duplicates Hotel record ""Lake Wave Cottage & Restaurent"" (id 3113) ~0 m away.  Lodging records are managed in the Hotel table; this duplicate destination row was deactivated (data kept for audit)."
6192,Hotel Saptarangi,"Consolidation round 2026-09-21: duplicates Hotel record ""Hotel Saptarangi"" (id 3840) ~1 m away.  Lodging records are managed in the Hotel table; this duplicate destination row was deactivated (data kept for audit)."
6188,Alan Jack Private Homestay,"Consolidation round 2026-09-21: duplicates Hotel record ""Alan Jack Private Homestay"" (id 3975) ~2 m away.  Lodging records are managed in the Hotel table; this duplicate destination row was deactivated (data kept for audit)."
6186,Hermitage Hotel,"Consolidation round 2026-09-21: duplicates Hotel record ""Hermitage Hotel"" (id 1834) ~5 m away.  Lodging records are managed in the Hotel table; this duplicate destination row was deactivated (data kept for audit)."
6180,Hotel Potala,"Consolidation round 2026-09-21: duplicates Hotel record ""Hotel Potala"" (id 4249) ~0 m away.  Lodging records are managed in the Hotel table; this duplicate destination row was deactivated (data kept for audit)."
6172,Silver pheasant,"Consolidation round 2026-09-21: duplicate of destination ""Silver pheasant"" (id 6171) ~6 m away.  Lodging records are managed in the Hotel table; this duplicate destination row was deactivated (data kept for audit)."
6139,Zambala Hotel,"Consolidation round 2026-09-21: duplicates Hotel record ""Zambala Hotel"" (id 1859) ~29 m away.  Lodging records are managed in the Hotel table; this duplicate destination row was deactivated (data kept for audit)."
6135,Hotel Grand Shambala,"Consolidation round 2026-09-21: duplicates Hotel record ""Hotel Grand Shambala"" (id 4248) ~0 m away.  Lodging records are managed in the Hotel table; this duplicate destination row was deactivated (data kept for audit)."
6134,Unique Wild Resort,"Consolidation round 2026-09-21: duplicates Hotel record ""Unique Wild Resort"" (id 1833) ~2 m away.  Lodging records are managed in the Hotel table; this duplicate destination row was deactivated (data kept for audit)."
6107,staff house,"Consolidation round 2026-09-21: duplicate of destination ""staff house"" (id 5890) ~95 m away.  Lodging records are managed in the Hotel table; this duplicate destination row was deactivated (data kept for audit)."
6106,Narayani boys hostel,"Consolidation round 2026-09-21: duplicate of destination ""Narayani boys hostel"" (id 5904) ~36 m away.  Lodging records are managed in the Hotel table; this duplicate destination row was deactivated (data kept for audit)."
6097,Hotel 360 Khumai,"Consolidation round 2026-09-21: duplicates Hotel record ""Hotel 360 Khumai"" (id 3109) ~0 m away.  Lodging records are managed in the Hotel table; this duplicate destination row was deactivated (data kept for audit)."
6094,Global Hotel,"Consolidation round 2026-09-21: duplicates Hotel record ""Global Hotel"" (id 1832) ~11 m away.  Lodging records are managed in the Hotel table; this duplicate destination row was deactivated (data kept for audit)."
6093,Soaltee Hotel,"Consolidation round 2026-09-21: duplicates Hotel record ""Soaltee Hotel"" (id 3839) ~56 m away.  Lodging records are managed in the Hotel table; this duplicate destination row was deactivated (data kept for audit)."
6092,Lakshmi homestay,"Consolidation round 2026-09-21: duplicates Hotel record ""Lakshmi homestay"" (id 3106) ~0 m away.  Lodging records are managed in the Hotel table; this duplicate destination row was deactivated (data kept for audit)."
6091,Club ES Resort,"Consolidation round 2026-09-21: duplicates Hotel record ""Club ES Resort"" (id 3105) ~0 m away.  Lodging records are managed in the Hotel table; this duplicate destination row was deactivated (data kept for audit)."
6089,Mattikhan Mountain View Resort,"Consolidation round 2026-09-21: duplicates Hotel record ""Mattikhan Mountain View Resort"" (id 3104) ~0 m away.  Lodging records are managed in the Hotel table; this duplicate destination row was deactivated (data kept for audit)."
6083,Tibet Guest House & Restaurant,"Consolidation round 2026-09-21: duplicates Hotel record ""Tibet Guest House & Restaurant"" (id 4121) ~0 m away.  Lodging records are managed in the Hotel table; this duplicate destination row was deactivated (data kept for audit)."
6077,Nice View Guest House and Restaurant,"Consolidation round 2026-09-21: duplicates Hotel record ""Nice View Guest House and Restaurant"" (id 3102) ~0 m away.  Lodging records are managed in the Hotel table; this duplicate destination row was deactivated (data kept for audit)."
6073,Araniko Hostel,"Consolidation round 2026-09-21: duplicate of destination ""Araniko Hostel"" (id 5417) ~33 m away.  Lodging records are managed in the Hotel table; this duplicate destination row was deactivated (data kept for audit)."
6067,Everest Hotel,"Consolidation round 2026-09-21: duplicates Hotel record ""Everest Hotel"" (id 3838) ~1 m away.  Lodging records are managed in the Hotel table; this duplicate destination row was deactivated (data kept for audit)."
6061,The Malla Hotel,"Consolidation round 2026-09-21: duplicates Hotel record ""The Malla Hotel"" (id 3836) ~3 m away.  Lodging records are managed in the Hotel table; this duplicate destination row was deactivated (data kept for audit)."
6055,Hotel International,"Consolidation round 2026-09-21: duplicates Hotel record ""Hotel International"" (id 3831) ~0 m away.  Lodging records are managed in the Hotel table; this duplicate destination row was deactivated (data kept for audit)."
6048,Hotel Bharatpur Town Residency,"Consolidation round 2026-09-21: duplicates Hotel record ""Hotel Bharatpur Town Residency"" (id 1829) ~1 m away.  Lodging records are managed in the Hotel table; this duplicate destination row was deactivated (data kept for audit)."
6046,Hotel Kathmandu Base Camp,"Consolidation round 2026-09-21: duplicates Hotel record ""Hotel Kathmandu Base Camp"" (id 3826) ~1 m away.  Lodging records are managed in the Hotel table; this duplicate destination row was deactivated (data kept for audit)."
6044,KGH Hotel,"Consolidation round 2026-09-21: duplicates Hotel record ""KGH Hotel"" (id 3825) ~0 m away.  Lodging records are managed in the Hotel table; this duplicate destination row was deactivated (data kept for audit)."
6040,Low Camp Guest House,"Consolidation round 2026-09-21: duplicates Hotel record ""Low Camp Guest House"" (id 3101) ~0 m away.  Lodging records are managed in the Hotel table; this duplicate destination row was deactivated (data kept for audit)."
6033,Hotel Morning View,"Consolidation round 2026-09-21: duplicate of destination ""Hotel Morning View"" (id 6032) ~17 m away.  Lodging records are managed in the Hotel table; this duplicate destination row was deactivated (data kept for audit)."
6027,Hotel Saisa,"Consolidation round 2026-09-21: duplicates Hotel record ""Hotel Saisa"" (id 3100) ~1 m away.  Lodging records are managed in the Hotel table; this duplicate destination row was deactivated (data kept for audit)."
6021,Jungle Villa Resort,"Consolidation round 2026-09-21: duplicates Hotel record ""Jungle Villa Resort"" (id 1827) ~8 m away.  Lodging records are managed in the Hotel table; this duplicate destination row was deactivated (data kept for audit)."
6012,Tashi Delek Hotel,"Consolidation round 2026-09-21: duplicates Hotel record ""Tashi Delek Hotel"" (id 1937) ~0 m away.  Lodging records are managed in the Hotel table; this duplicate destination row was deactivated (data kept for audit)."
6005,Sunakhada hotel,"Consolidation round 2026-09-21: duplicate of destination ""Suna Khada Hotel"" (id 2754) ~35 m away.  Lodging records are managed in the Hotel table; this duplicate destination row was deactivated (data kept for audit)."
5998,Kiwi Backpackers Hostel Pokhara,"Consolidation round 2026-09-21: duplicate of destination ""Kiwi Backpackers Hostel Pokhara"" (id 4017) ~6 m away.  Lodging records are managed in the Hotel table; this duplicate destination row was deactivated (data kept for audit)."
5994,Basanta Lodge,"Consolidation round 2026-09-21: duplicates Hotel record ""Basanta Lodge"" (id 3060) ~13 m away.  Lodging records are managed in the Hotel table; this duplicate destination row was deactivated (data kept for audit)."
5993,Ghandruk Village Eco Lodge,"Consolidation round 2026-09-21: duplicates Hotel record ""Ghandruk Village Eco Lodge"" (id 3099) ~0 m away.  Lodging records are managed in the Hotel table; this duplicate destination row was deactivated (data kept for audit)."
5988,Royal Empire Boutique Hotel,"Consolidation round 2026-09-21: duplicates Hotel record ""Royal Empire Boutique Hotel"" (id 3823) ~1 m away.  Lodging records are managed in the Hotel table; this duplicate destination row was deactivated (data kept for audit)."
5982,Surya Heritage Hotel,"Consolidation round 2026-09-21: duplicates Hotel record ""Surya Heritage Hotel"" (id 3821) ~1 m away.  Lodging records are managed in the Hotel table; this duplicate destination row was deactivated (data kept for audit)."
5981,Hotel Darwin,"Consolidation round 2026-09-21: duplicates Hotel record ""Hotel Darwin"" (id 3820) ~0 m away.  Lodging records are managed in the Hotel table; this duplicate destination row was deactivated (data kept for audit)."
5977,Parbati Cave,"Consolidation round 2026-09-21: duplicate of destination ""Parbati Cave"" (id 2461) ~10 m away.  Lodging records are managed in the Hotel table; this duplicate destination row was deactivated (data kept for audit)."
5974,Home Stay,"Consolidation round 2026-09-21: duplicate of destination ""Home Stay"" (id 5874) ~25 m away.  Lodging records are managed in the Hotel table; this duplicate destination row was deactivated (data kept for audit)."
5965,Larke La Hotel & Lodge,"Consolidation round 2026-09-21: duplicates Hotel record ""Larke La Hotel & Lodge"" (id 1936) ~20 m away.  Lodging records are managed in the Hotel table; this duplicate destination row was deactivated (data kept for audit)."
5964,Larke La Hotel & Lodge,"Consolidation round 2026-09-21: duplicates Hotel record ""Larke La Hotel & Lodge"" (id 1936) ~0 m away.  Lodging records are managed in the Hotel table; this duplicate destination row was deactivated (data kept for audit)."
5963,Yak Hotel,"Consolidation round 2026-09-21: duplicates Hotel record ""Yak Hotel"" (id 1935) ~0 m away.  Lodging records are managed in the Hotel table; this duplicate destination row was deactivated (data kept for audit)."
5958,Majestic Manaslu Cottages & Garden,"Consolidation round 2026-09-21: duplicate of destination ""Majestic Manaslu Cottages & Garden"" (id 5957) ~27 m away.  Lodging records are managed in the Hotel table; this duplicate destination row was deactivated (data kept for audit)."
5956,Nile Norling Guest House,"Consolidation round 2026-09-21: duplicates Hotel record ""Nile Norling Guest House"" (id 1932) ~2 m away.  Lodging records are managed in the Hotel table; this duplicate destination row was deactivated (data kept for audit)."
5955,Milarepa Hotel & Lodge,"Consolidation round 2026-09-21: duplicates Hotel record ""Milarepa Hotel & Lodge"" (id 1931) ~0 m away.  Lodging records are managed in the Hotel table; this duplicate destination row was deactivated (data kept for audit)."
5954,Chumling Guest House,"Consolidation round 2026-09-21: duplicates Hotel record ""Chumling Guest House"" (id 1930) ~0 m away.  Lodging records are managed in the Hotel table; this duplicate destination row was deactivated (data kept for audit)."
5953,Chhumbeli Tibetan Yak Hotel,"Consolidation round 2026-09-21: duplicates Hotel record ""Chhumbeli Tibetan Yak Hotel"" (id 1929) ~0 m away.  Lodging records are managed in the Hotel table; this duplicate destination row was deactivated (data kept for audit)."
5952,Kham-Sangbo Hotel & Lodge,"Consolidation round 2026-09-21: duplicates Hotel record ""Kham-Sangbo Hotel & Lodge"" (id 1928) ~0 m away.  Lodging records are managed in the Hotel table; this duplicate destination row was deactivated (data kept for audit)."
5951,New Pewa Guesthouse,"Consolidation round 2026-09-21: duplicates Hotel record ""New Pewa Guesthouse"" (id 1927) ~0 m away.  Lodging records are managed in the Hotel table; this duplicate destination row was deactivated (data kept for audit)."
5947,Buddha Lodge,"Consolidation round 2026-09-21: duplicate of destination ""Buddha Lodge"" (id 378) ~72 m away.  Lodging records are managed in the Hotel table; this duplicate destination row was deactivated (data kept for audit)."
5938,Riverside Guesthouse & Waterfall Bar,"Consolidation round 2026-09-21: duplicates Hotel record ""Riverside Guesthouse & Waterfall Bar"" (id 3098) ~0 m away.  Lodging records are managed in the Hotel table; this duplicate destination row was deactivated (data kept for audit)."
5926,Hotel Gangar Manaslu & Restaurant,"Consolidation round 2026-09-21: duplicates Hotel record ""Hotel Gangar Manaslu & Restaurant"" (id 4120) ~1 m away.  Lodging records are managed in the Hotel table; this duplicate destination row was deactivated (data kept for audit)."
5925,Hotel Marshyangdi Mandala,"Consolidation round 2026-09-21: duplicates Hotel record ""Hotel Marshyangdi Mandala"" (id 4119) ~0 m away.  Lodging records are managed in the Hotel table; this duplicate destination row was deactivated (data kept for audit)."
5922,Hotel Puspanjali Restaurant & Bar,"Consolidation round 2026-09-21: duplicates Hotel record ""Hotel Puspanjali Restaurant & Bar"" (id 3974) ~0 m away.  Lodging records are managed in the Hotel table; this duplicate destination row was deactivated (data kept for audit)."
5921,New Chum Valley Guest House,"Consolidation round 2026-09-21: duplicates Hotel record ""New Chum Valley Guest House"" (id 1926) ~0 m away.  Lodging records are managed in the Hotel table; this duplicate destination row was deactivated (data kept for audit)."
5920,Royal Mountain Hotel & Lodge,"Consolidation round 2026-09-21: duplicates Hotel record ""Royal Mountain Hotel & Lodge"" (id 1925) ~0 m away.  Lodging records are managed in the Hotel table; this duplicate destination row was deactivated (data kept for audit)."
5919,Laprak Gurung Bamboo Cottage & Restaurant,"Consolidation round 2026-09-21: duplicates Hotel record ""Laprak Gurung Bamboo Cottage & Restaurant"" (id 1924) ~0 m away.  Lodging records are managed in the Hotel table; this duplicate destination row was deactivated (data kept for audit)."
5918,Chum Nubri Ekle Bhatti Chisopi Guest House,"Consolidation round 2026-09-21: duplicates Hotel record ""Chum Nubri Ekle Bhatti Chisopi Guest House"" (id 1923) ~0 m away.  Lodging records are managed in the Hotel table; this duplicate destination row was deactivated (data kept for audit)."
5910,Hotel Vajra,"Consolidation round 2026-09-21: duplicates Hotel record ""Hotel Vajra"" (id 3818) ~7 m away.  Lodging records are managed in the Hotel table; this duplicate destination row was deactivated (data kept for audit)."
5905,Sherpa Resort,"Consolidation round 2026-09-21: duplicates Hotel record ""Sherpa Resort"" (id 3097) ~5 m away.  Lodging records are managed in the Hotel table; this duplicate destination row was deactivated (data kept for audit)."
5902,Lumbini girls hostel,"Consolidation round 2026-09-21: duplicate of destination ""Lumbini girls hostel"" (id 5901) ~38 m away.  Lodging records are managed in the Hotel table; this duplicate destination row was deactivated (data kept for audit)."
5896,Hotel Nobel Inn,"Consolidation round 2026-09-21: duplicates Hotel record ""Hotel Nobel Inn"" (id 3096) ~1 m away.  Lodging records are managed in the Hotel table; this duplicate destination row was deactivated (data kept for audit)."
5895,Hotel Green Land,"Consolidation round 2026-09-21: duplicates Hotel record ""Hotel Green Land"" (id 4946) ~1 m away.  Lodging records are managed in the Hotel table; this duplicate destination row was deactivated (data kept for audit)."
5894,Hotel Mayur,"Consolidation round 2026-09-21: duplicates Hotel record ""Hotel Mayur"" (id 3095) ~0 m away.  Lodging records are managed in the Hotel table; this duplicate destination row was deactivated (data kept for audit)."
5890,staff house,"Consolidation round 2026-09-21: duplicate of destination ""staff house"" (id 5888) ~20 m away.  Lodging records are managed in the Hotel table; this duplicate destination row was deactivated (data kept for audit)."
5877,Hotel Darsan,"Consolidation round 2026-09-21: duplicates Hotel record ""Hotel Darsan"" (id 3091) ~0 m away.  Lodging records are managed in the Hotel table; this duplicate destination row was deactivated (data kept for audit)."
5873,Himalayan Sherpa INN,"Consolidation round 2026-09-21: duplicates Hotel record ""Himalayan Sherpa INN"" (id 3817) ~0 m away.  Lodging records are managed in the Hotel table; this duplicate destination row was deactivated (data kept for audit)."
5860,CST Hotel and Party Palace,"Consolidation round 2026-09-21: duplicate of destination ""CST Hotel and Party Palace"" (id 2014) ~14 m away.  Lodging records are managed in the Hotel table; this duplicate destination row was deactivated (data kept for audit)."
5851,Hotel Sherpa Restaurant,"Consolidation round 2026-09-21: duplicates Hotel record ""Hotel Sherpa Restaurant"" (id 3090) ~0 m away.  Lodging records are managed in the Hotel table; this duplicate destination row was deactivated (data kept for audit)."
5850,Metro Inn Pvt Ltd,"Consolidation round 2026-09-21: duplicates Hotel record ""Metro Inn Pvt Ltd"" (id 3816) ~0 m away.  Lodging records are managed in the Hotel table; this duplicate destination row was deactivated (data kept for audit)."
5847,Green View Guest House,"Consolidation round 2026-09-21: duplicates Hotel record ""Green View Guest House"" (id 2631) ~12 m away.  Lodging records are managed in the Hotel table; this duplicate destination row was deactivated (data kept for audit)."
5845,Hotel Peace Heven,"Consolidation round 2026-09-21: duplicates Hotel record ""Hotel Peace Heven"" (id 3087) ~0 m away.  Lodging records are managed in the Hotel table; this duplicate destination row was deactivated (data kept for audit)."
5844,A One View Hotel,"Consolidation round 2026-09-21: duplicates Hotel record ""A One View Hotel"" (id 3086) ~0 m away.  Lodging records are managed in the Hotel table; this duplicate destination row was deactivated (data kept for audit)."
5840,Nishan Lodge,"Consolidation round 2026-09-21: duplicates Hotel record ""Nishan Lodge"" (id 2572) ~18 m away.  Lodging records are managed in the Hotel table; this duplicate destination row was deactivated (data kept for audit)."
5838,Rupakot Resort,"Consolidation round 2026-09-21: duplicates Hotel record ""Rupakot Resort"" (id 3084) ~22 m away.  Lodging records are managed in the Hotel table; this duplicate destination row was deactivated (data kept for audit)."
5802,Nirvana Hotel,"Consolidation round 2026-09-21: duplicates Hotel record ""Nirvana Hotel"" (id 3083) ~1 m away.  Lodging records are managed in the Hotel table; this duplicate destination row was deactivated (data kept for audit)."
5798,Maharaja Hotel,"Consolidation round 2026-09-21: duplicates Hotel record ""Maharaja Hotel"" (id 3082) ~1 m away.  Lodging records are managed in the Hotel table; this duplicate destination row was deactivated (data kept for audit)."
5797,Hotel Lake Tower,"Consolidation round 2026-09-21: duplicates Hotel record ""Hotel Lake Tower"" (id 3081) ~0 m away.  Lodging records are managed in the Hotel table; this duplicate destination row was deactivated (data kept for audit)."
5793,Riverside Hotel and Lodge,"Consolidation round 2026-09-21: duplicates Hotel record ""Riverside Hotel and Lodge"" (id 1826) ~0 m away.  Lodging records are managed in the Hotel table; this duplicate destination row was deactivated (data kept for audit)."
5788,Archale Height Resort,"Consolidation round 2026-09-21: duplicates Hotel record ""Archale Height Resort"" (id 3080) ~0 m away.  Lodging records are managed in the Hotel table; this duplicate destination row was deactivated (data kept for audit)."
5785,Rock Garden Resort Pvt. Ltd,"Consolidation round 2026-09-21: duplicates Hotel record ""Rock Garden Resort Pvt. Ltd"" (id 3079) ~8 m away.  Lodging records are managed in the Hotel table; this duplicate destination row was deactivated (data kept for audit)."
5781,Hotel Manohara,"Consolidation round 2026-09-21: duplicates Hotel record ""Hotel Manohara"" (id 1679) ~0 m away.  Lodging records are managed in the Hotel table; this duplicate destination row was deactivated (data kept for audit)."
5774,Hotel Indrasarobar and Lodge,"Consolidation round 2026-09-21: duplicate of destination ""Hotel Indra Sarobar and Lodge"" (id 1790) ~32 m away.  Lodging records are managed in the Hotel table; this duplicate destination row was deactivated (data kept for audit)."
5765,Hotel Pathibhara,"Consolidation round 2026-09-21: duplicate of destination ""Hotel Pathibhara"" (id 705) ~10 m away.  Lodging records are managed in the Hotel table; this duplicate destination row was deactivated (data kept for audit)."
5762,Hotel Kaberi Inn,"Consolidation round 2026-09-21: duplicates Hotel record ""Hotel Kaberi Inn"" (id 3813) ~0 m away.  Lodging records are managed in the Hotel table; this duplicate destination row was deactivated (data kept for audit)."
5756,Kudbidanda Homestay,"Consolidation round 2026-09-21: duplicates Hotel record ""Kudbidanda Homestay"" (id 3078) ~1 m away.  Lodging records are managed in the Hotel table; this duplicate destination row was deactivated (data kept for audit)."
5751,Hotel Annapurna,"Consolidation round 2026-09-21: duplicates Hotel record ""Hotel Annapurna"" (id 3076) ~0 m away.  Lodging records are managed in the Hotel table; this duplicate destination row was deactivated (data kept for audit)."
5750,Hotel Isharu Green Point,"Consolidation round 2026-09-21: duplicates Hotel record ""Hotel Isharu Green Point"" (id 3075) ~0 m away.  Lodging records are managed in the Hotel table; this duplicate destination row was deactivated (data kept for audit)."
5749,Lali Gurans guesthouse & restaurant,"Consolidation round 2026-09-21: duplicates Hotel record ""Lali Gurans guesthouse & restaurant"" (id 3074) ~0 m away.  Lodging records are managed in the Hotel table; this duplicate destination row was deactivated (data kept for audit)."
5748,Hillside lodge & restaurant,"Consolidation round 2026-09-21: duplicates Hotel record ""Hillside lodge & restaurant"" (id 3073) ~0 m away.  Lodging records are managed in the Hotel table; this duplicate destination row was deactivated (data kept for audit)."
5746,High Camp guesthouse & restaurant,"Consolidation round 2026-09-21: duplicates Hotel record ""High Camp guesthouse & restaurant"" (id 3072) ~0 m away.  Lodging records are managed in the Hotel table; this duplicate destination row was deactivated (data kept for audit)."
5743,Tanting Guest House,"Consolidation round 2026-09-21: duplicates Hotel record ""Tanting Guest House"" (id 3071) ~0 m away.  Lodging records are managed in the Hotel table; this duplicate destination row was deactivated (data kept for audit)."
5740,Silver Sky Hotel,"Consolidation round 2026-09-21: duplicates Hotel record ""Silver Sky Hotel"" (id 3069) ~0 m away.  Lodging records are managed in the Hotel table; this duplicate destination row was deactivated (data kept for audit)."
5739,Gauri Shankar Guest House,"Consolidation round 2026-09-21: duplicates Hotel record ""Gauri Shankar Guest House"" (id 3068) ~2 m away.  Lodging records are managed in the Hotel table; this duplicate destination row was deactivated (data kept for audit)."
5738,Snow Hill Lodge,"Consolidation round 2026-09-21: duplicates Hotel record ""Snow Hill Lodge"" (id 1949) ~30 m away.  Lodging records are managed in the Hotel table; this duplicate destination row was deactivated (data kept for audit)."
5737,Sathi Guest House,"Consolidation round 2026-09-21: duplicates Hotel record ""Sathi Guest House"" (id 3812) ~1 m away.  Lodging records are managed in the Hotel table; this duplicate destination row was deactivated (data kept for audit)."
5731,Khaptad Hotel,"Consolidation round 2026-09-21: duplicate of destination ""Khaptad Hotel"" (id 5730) ~14 m away.  Lodging records are managed in the Hotel table; this duplicate destination row was deactivated (data kept for audit)."
5719,Hotel Le Himalaya,"Consolidation round 2026-09-21: duplicates Hotel record ""Hotel Le Himalaya"" (id 3811) ~2 m away.  Lodging records are managed in the Hotel table; this duplicate destination row was deactivated (data kept for audit)."
5711,Ever Green Guest House,"Consolidation round 2026-09-21: duplicates Hotel record ""Ever Green Guest House"" (id 3065) ~0 m away.  Lodging records are managed in the Hotel table; this duplicate destination row was deactivated (data kept for audit)."
5710,Sangri-La Village Resort Pokhara,"Consolidation round 2026-09-21: duplicates Hotel record ""Sangri-La Village Resort Pokhara"" (id 3064) ~9 m away.  Lodging records are managed in the Hotel table; this duplicate destination row was deactivated (data kept for audit)."
5709,Nepal Guest House,"Consolidation round 2026-09-21: duplicates Hotel record ""Nepal Guest House"" (id 3063) ~0 m away.  Lodging records are managed in the Hotel table; this duplicate destination row was deactivated (data kept for audit)."
5708,B & B Hotel,"Consolidation round 2026-09-21: duplicates Hotel record ""B & B Hotel"" (id 3062) ~3 m away.  Lodging records are managed in the Hotel table; this duplicate destination row was deactivated (data kept for audit)."
5707,Little Buddha Guest House,"Consolidation round 2026-09-21: duplicates Hotel record ""Little Buddha Guest House"" (id 3061) ~0 m away.  Lodging records are managed in the Hotel table; this duplicate destination row was deactivated (data kept for audit)."
5699,Basanta Lodge,"Consolidation round 2026-09-21: duplicates Hotel record ""Basanta Lodge"" (id 3060) ~0 m away.  Lodging records are managed in the Hotel table; this duplicate destination row was deactivated (data kept for audit)."
5698,Fire and Fishing Hotel,"Consolidation round 2026-09-21: duplicates Hotel record ""Fire and Fishing Hotel"" (id 3059) ~0 m away.  Lodging records are managed in the Hotel table; this duplicate destination row was deactivated (data kept for audit)."
5692,Thakali Lodge & Restaurant,"Consolidation round 2026-09-21: duplicates Hotel record ""Thakali Lodge & Restaurant"" (id 3057) ~0 m away.  Lodging records are managed in the Hotel table; this duplicate destination row was deactivated (data kept for audit)."
5691,Laxmi Group Guest house,"Consolidation round 2026-09-21: duplicates Hotel record ""Laxmi Group Guest house"" (id 3004) ~67 m away.  Lodging records are managed in the Hotel table; this duplicate destination row was deactivated (data kept for audit)."
5690,Siwai Guest House & Restaurant,"Consolidation round 2026-09-21: duplicates Hotel record ""Siwai Guest House & Restaurant"" (id 3056) ~0 m away.  Lodging records are managed in the Hotel table; this duplicate destination row was deactivated (data kept for audit)."
5689,Unique Guest House,"Consolidation round 2026-09-21: duplicates Hotel record ""Unique Guest House"" (id 3055) ~0 m away.  Lodging records are managed in the Hotel table; this duplicate destination row was deactivated (data kept for audit)."
5688,Indreni Guest House,"Consolidation round 2026-09-21: duplicates Hotel record ""Indreni Guest House"" (id 3054) ~0 m away.  Lodging records are managed in the Hotel table; this duplicate destination row was deactivated (data kept for audit)."
5687,Sakura Hotel,"Consolidation round 2026-09-21: duplicates Hotel record ""Sakura Hotel"" (id 3053) ~0 m away.  Lodging records are managed in the Hotel table; this duplicate destination row was deactivated (data kept for audit)."
5686,Kalabang Gharedi Homestay 2,"Consolidation round 2026-09-21: duplicates Hotel record ""Kalabang Gharedi Homestay 2"" (id 3052) ~0 m away.  Lodging records are managed in the Hotel table; this duplicate destination row was deactivated (data kept for audit)."
5685,Hotel Third Pole,"Consolidation round 2026-09-21: duplicates Hotel record ""Hotel Third Pole"" (id 3051) ~2 m away.  Lodging records are managed in the Hotel table; this duplicate destination row was deactivated (data kept for audit)."
5681,Tashling Guest House,"Consolidation round 2026-09-21: duplicates Hotel record ""Tashling Guest House"" (id 3048) ~0 m away.  Lodging records are managed in the Hotel table; this duplicate destination row was deactivated (data kept for audit)."
5678,Chautari Boutique Hotel,"Consolidation round 2026-09-21: duplicates Hotel record ""Chautari Boutique Hotel"" (id 3046) ~0 m away.  Lodging records are managed in the Hotel table; this duplicate destination row was deactivated (data kept for audit)."
5677,Crony Cottage Lodge,"Consolidation round 2026-09-21: duplicates Hotel record ""Crony Cottage Lodge"" (id 3045) ~0 m away.  Lodging records are managed in the Hotel table; this duplicate destination row was deactivated (data kept for audit)."
5676,Trekking Lodge,"Consolidation round 2026-09-21: duplicates Hotel record ""Trekking Lodge"" (id 3044) ~0 m away.  Lodging records are managed in the Hotel table; this duplicate destination row was deactivated (data kept for audit)."
5675,Hotel Rita Inn,"Consolidation round 2026-09-21: duplicates Hotel record ""Hotel Rita Inn"" (id 3043) ~0 m away.  Lodging records are managed in the Hotel table; this duplicate destination row was deactivated (data kept for audit)."
5674,Sports Hotel Pokhara,"Consolidation round 2026-09-21: duplicates Hotel record ""Sports Hotel Pokhara"" (id 3042) ~0 m away.  Lodging records are managed in the Hotel table; this duplicate destination row was deactivated (data kept for audit)."
5673,Florida Guest House,"Consolidation round 2026-09-21: duplicates Hotel record ""Florida Guest House"" (id 3041) ~0 m away.  Lodging records are managed in the Hotel table; this duplicate destination row was deactivated (data kept for audit)."
5672,Hotel Stay Pokhara,"Consolidation round 2026-09-21: duplicates Hotel record ""Hotel Stay Pokhara"" (id 3040) ~0 m away.  Lodging records are managed in the Hotel table; this duplicate destination row was deactivated (data kept for audit)."
5671,Hotel Aashika,"Consolidation round 2026-09-21: duplicates Hotel record ""Hotel Aashika"" (id 3039) ~0 m away.  Lodging records are managed in the Hotel table; this duplicate destination row was deactivated (data kept for audit)."
5670,Hotel Mantra Inn,"Consolidation round 2026-09-21: duplicates Hotel record ""Hotel Mantra Inn"" (id 3038) ~1 m away.  Lodging records are managed in the Hotel table; this duplicate destination row was deactivated (data kept for audit)."
5669,Hotel Swiss Home,"Consolidation round 2026-09-21: duplicates Hotel record ""Hotel Swiss Home"" (id 3037) ~0 m away.  Lodging records are managed in the Hotel table; this duplicate destination row was deactivated (data kept for audit)."
5668,hotel beizing,"Consolidation round 2026-09-21: duplicates Hotel record ""hotel beizing"" (id 3036) ~1 m away.  Lodging records are managed in the Hotel table; this duplicate destination row was deactivated (data kept for audit)."
5667,Hotel Utsab Himalaya,"Consolidation round 2026-09-21: duplicates Hotel record ""Hotel Utsab Himalaya"" (id 3035) ~1 m away.  Lodging records are managed in the Hotel table; this duplicate destination row was deactivated (data kept for audit)."
5666,Hotel Marcopolo,"Consolidation round 2026-09-21: duplicates Hotel record ""Hotel Marcopolo"" (id 3034) ~0 m away.  Lodging records are managed in the Hotel table; this duplicate destination row was deactivated (data kept for audit)."
5665,Hotel Yeti,"Consolidation round 2026-09-21: duplicates Hotel record ""Hotel Yeti"" (id 3033) ~0 m away.  Lodging records are managed in the Hotel table; this duplicate destination row was deactivated (data kept for audit)."
5664,Hotel Dragon,"Consolidation round 2026-09-21: duplicates Hotel record ""Hotel Dragon"" (id 3032) ~2 m away.  Lodging records are managed in the Hotel table; this duplicate destination row was deactivated (data kept for audit)."
5661,Ripisha Guest House,"Consolidation round 2026-09-21: duplicates Hotel record ""Ripisha Guest House"" (id 3030) ~0 m away.  Lodging records are managed in the Hotel table; this duplicate destination row was deactivated (data kept for audit)."
5660,Geo Guest House,"Consolidation round 2026-09-21: duplicates Hotel record ""Geo Guest House"" (id 3029) ~1 m away.  Lodging records are managed in the Hotel table; this duplicate destination row was deactivated (data kept for audit)."
5659,Hotel Rise Inn,"Consolidation round 2026-09-21: duplicates Hotel record ""Hotel Rise Inn"" (id 3028) ~0 m away.  Lodging records are managed in the Hotel table; this duplicate destination row was deactivated (data kept for audit)."
5658,New Hotel Castle,"Consolidation round 2026-09-21: duplicates Hotel record ""New Hotel Castle"" (id 3027) ~0 m away.  Lodging records are managed in the Hotel table; this duplicate destination row was deactivated (data kept for audit)."
5657,Baba Lodge,"Consolidation round 2026-09-21: duplicates Hotel record ""Baba Lodge"" (id 3026) ~0 m away.  Lodging records are managed in the Hotel table; this duplicate destination row was deactivated (data kept for audit)."
5656,Ming Tang Garden Cottage,"Consolidation round 2026-09-21: duplicates Hotel record ""Ming Tang Garden Cottage"" (id 3025) ~0 m away.  Lodging records are managed in the Hotel table; this duplicate destination row was deactivated (data kept for audit)."
5655,Hotel The Lake,"Consolidation round 2026-09-21: duplicates Hotel record ""Hotel The Lake"" (id 3024) ~0 m away.  Lodging records are managed in the Hotel table; this duplicate destination row was deactivated (data kept for audit)."
5651,Sakura Guest House and Restaurant,"Consolidation round 2026-09-21: duplicates Hotel record ""Sakura Guest House and Restaurant"" (id 3020) ~0 m away.  Lodging records are managed in the Hotel table; this duplicate destination row was deactivated (data kept for audit)."
5650,Hotel The City Corner,"Consolidation round 2026-09-21: duplicates Hotel record ""Hotel The City Corner"" (id 3019) ~0 m away.  Lodging records are managed in the Hotel table; this duplicate destination row was deactivated (data kept for audit)."
5649,Apsara Hotel & Lodge,"Consolidation round 2026-09-21: duplicates Hotel record ""Apsara Hotel & Lodge"" (id 3018) ~0 m away.  Lodging records are managed in the Hotel table; this duplicate destination row was deactivated (data kept for audit)."
5648,Berlin Guest House,"Consolidation round 2026-09-21: duplicates Hotel record ""Berlin Guest House"" (id 3017) ~0 m away.  Lodging records are managed in the Hotel table; this duplicate destination row was deactivated (data kept for audit)."
5643,Kangaroo Lodge,"Consolidation round 2026-09-21: duplicates Hotel record ""Kangaroo Lodge"" (id 3012) ~0 m away.  Lodging records are managed in the Hotel table; this duplicate destination row was deactivated (data kept for audit)."
5640,Hotel The Cock,"Consolidation round 2026-09-21: duplicates Hotel record ""Hotel The Cock"" (id 3009) ~0 m away.  Lodging records are managed in the Hotel table; this duplicate destination row was deactivated (data kept for audit)."
5639,Hotel Liberty,"Consolidation round 2026-09-21: duplicates Hotel record ""Hotel Liberty"" (id 3008) ~0 m away.  Lodging records are managed in the Hotel table; this duplicate destination row was deactivated (data kept for audit)."
5638,Temple Himalaya Hotel,"Consolidation round 2026-09-21: duplicates Hotel record ""Temple Himalaya Hotel"" (id 3007) ~0 m away.  Lodging records are managed in the Hotel table; this duplicate destination row was deactivated (data kept for audit)."
5637,Hotel ABC,"Consolidation round 2026-09-21: duplicates Hotel record ""Hotel ABC"" (id 3006) ~0 m away.  Lodging records are managed in the Hotel table; this duplicate destination row was deactivated (data kept for audit)."
5635,WRC Guest House,"Consolidation round 2026-09-21: duplicates Hotel record ""WRC Guest House"" (id 3005) ~0 m away.  Lodging records are managed in the Hotel table; this duplicate destination row was deactivated (data kept for audit)."
5634,Laxmi Group Guest house,"Consolidation round 2026-09-21: duplicates Hotel record ""Laxmi Group Guest house"" (id 3004) ~0 m away.  Lodging records are managed in the Hotel table; this duplicate destination row was deactivated (data kept for audit)."
5631,Foksing Hill Resort,"Consolidation round 2026-09-21: duplicates Hotel record ""Foksing Hill Resort"" (id 3001) ~0 m away.  Lodging records are managed in the Hotel table; this duplicate destination row was deactivated (data kept for audit)."
5628,Hotel Mountain View,"Consolidation round 2026-09-21: duplicates Hotel record ""Hotel Mountain View"" (id 2999) ~0 m away.  Lodging records are managed in the Hotel table; this duplicate destination row was deactivated (data kept for audit)."
5627,Thapa hotel,"Consolidation round 2026-09-21: duplicates Hotel record ""Thapa hotel"" (id 2998) ~0 m away.  Lodging records are managed in the Hotel table; this duplicate destination row was deactivated (data kept for audit)."
5625,Hotel Waterside,"Consolidation round 2026-09-21: duplicates Hotel record ""Hotel Waterside"" (id 2996) ~0 m away.  Lodging records are managed in the Hotel table; this duplicate destination row was deactivated (data kept for audit)."
5617,Hotel Goodwill,"Consolidation round 2026-09-21: duplicates Hotel record ""Hotel Goodwill"" (id 2989) ~1 m away.  Lodging records are managed in the Hotel table; this duplicate destination row was deactivated (data kept for audit)."
5616,Neeru's Guesthouse,"Consolidation round 2026-09-21: duplicates Hotel record ""Neeru's Guesthouse"" (id 4247) ~0 m away.  Lodging records are managed in the Hotel table; this duplicate destination row was deactivated (data kept for audit)."
5613,Sai Nath Boys Hostel,"Consolidation round 2026-09-21: duplicate of destination ""Sai Nath Boys Hostel"" (id 2084) ~1 m away.  Lodging records are managed in the Hotel table; this duplicate destination row was deactivated (data kept for audit)."
5612,Hotel P-Raj,"Consolidation round 2026-09-21: duplicates Hotel record ""Hotel P-Raj"" (id 2988) ~0 m away.  Lodging records are managed in the Hotel table; this duplicate destination row was deactivated (data kept for audit)."
5611,Hotel Raniban Arcade,"Consolidation round 2026-09-21: duplicates Hotel record ""Hotel Raniban Arcade"" (id 2987) ~1 m away.  Lodging records are managed in the Hotel table; this duplicate destination row was deactivated (data kept for audit)."
5609,Paradise Boutique Hotel,"Consolidation round 2026-09-21: duplicates Hotel record ""Paradise Boutique Hotel"" (id 2985) ~0 m away.  Lodging records are managed in the Hotel table; this duplicate destination row was deactivated (data kept for audit)."
5607,Pokhara Grande Hotel,"Consolidation round 2026-09-21: duplicates Hotel record ""Pokhara Grande Hotel"" (id 2983) ~8 m away.  Lodging records are managed in the Hotel table; this duplicate destination row was deactivated (data kept for audit)."
5605,Kalika Guest House,"Consolidation round 2026-09-21: duplicates Hotel record ""Kalika Guest House"" (id 2982) ~0 m away.  Lodging records are managed in the Hotel table; this duplicate destination row was deactivated (data kept for audit)."
5604,hotel adhmirekhara,"Consolidation round 2026-09-21: duplicates Hotel record ""hotel adhmirekhara"" (id 2981) ~1 m away.  Lodging records are managed in the Hotel table; this duplicate destination row was deactivated (data kept for audit)."
5602,Pokhara Eco Resort,"Consolidation round 2026-09-21: duplicates Hotel record ""Pokhara Eco Resort"" (id 2979) ~0 m away.  Lodging records are managed in the Hotel table; this duplicate destination row was deactivated (data kept for audit)."
5601,hotel white castel,"Consolidation round 2026-09-21: duplicates Hotel record ""hotel white castel"" (id 2978) ~0 m away.  Lodging records are managed in the Hotel table; this duplicate destination row was deactivated (data kept for audit)."
5600,Hotel Snow Leopard,"Consolidation round 2026-09-21: duplicates Hotel record ""Hotel Snow Leopard"" (id 2977) ~0 m away.  Lodging records are managed in the Hotel table; this duplicate destination row was deactivated (data kept for audit)."
5599,Hotel Sheraphic,"Consolidation round 2026-09-21: duplicates Hotel record ""Hotel Sheraphic"" (id 2976) ~1 m away.  Lodging records are managed in the Hotel table; this duplicate destination row was deactivated (data kept for audit)."
5598,Hotel Rosemarry,"Consolidation round 2026-09-21: duplicates Hotel record ""Hotel Rosemarry"" (id 2975) ~22 m away.  Lodging records are managed in the Hotel table; this duplicate destination row was deactivated (data kept for audit)."
5597,Hotel Rosemarry,"Consolidation round 2026-09-21: duplicates Hotel record ""Hotel Rosemarry"" (id 2975) ~2 m away.  Lodging records are managed in the Hotel table; this duplicate destination row was deactivated (data kept for audit)."
5596,Hotel Ranks Appartment,"Consolidation round 2026-09-21: duplicates Hotel record ""Hotel Ranks Appartment"" (id 2974) ~0 m away.  Lodging records are managed in the Hotel table; this duplicate destination row was deactivated (data kept for audit)."
5595,Hotel Point,"Consolidation round 2026-09-21: duplicates Hotel record ""Hotel Point"" (id 2973) ~0 m away.  Lodging records are managed in the Hotel table; this duplicate destination row was deactivated (data kept for audit)."
5594,Hotel Panaroma,"Consolidation round 2026-09-21: duplicates Hotel record ""Hotel Panaroma"" (id 2972) ~0 m away.  Lodging records are managed in the Hotel table; this duplicate destination row was deactivated (data kept for audit)."
5593,Hotel Maintain Dream,"Consolidation round 2026-09-21: duplicates Hotel record ""Hotel Maintain Dream"" (id 2971) ~0 m away.  Lodging records are managed in the Hotel table; this duplicate destination row was deactivated (data kept for audit)."
5592,Hotel Great Pokhara,"Consolidation round 2026-09-21: duplicates Hotel record ""Hotel Great Pokhara"" (id 2970) ~0 m away.  Lodging records are managed in the Hotel table; this duplicate destination row was deactivated (data kept for audit)."
5591,Hotel Grace,"Consolidation round 2026-09-21: duplicates Hotel record ""Hotel Grace"" (id 2969) ~0 m away.  Lodging records are managed in the Hotel table; this duplicate destination row was deactivated (data kept for audit)."
5590,Hotel Family Home,"Consolidation round 2026-09-21: duplicates Hotel record ""Hotel Family Home"" (id 2968) ~0 m away.  Lodging records are managed in the Hotel table; this duplicate destination row was deactivated (data kept for audit)."
5589,Hotel Delight Inn,"Consolidation round 2026-09-21: duplicates Hotel record ""Hotel Delight Inn"" (id 2967) ~0 m away.  Lodging records are managed in the Hotel table; this duplicate destination row was deactivated (data kept for audit)."
5588,Hotel Blevenue,"Consolidation round 2026-09-21: duplicates Hotel record ""Hotel Blevenue"" (id 2966) ~1 m away.  Lodging records are managed in the Hotel table; this duplicate destination row was deactivated (data kept for audit)."
5587,Silver Oaks Inn,"Consolidation round 2026-09-21: duplicates Hotel record ""Silver Oaks Inn"" (id 2965) ~0 m away.  Lodging records are managed in the Hotel table; this duplicate destination row was deactivated (data kept for audit)."
5584,hotel machhapuchre and lodge,"Consolidation round 2026-09-21: duplicates Hotel record ""hotel machhapuchre and lodge"" (id 2964) ~0 m away.  Lodging records are managed in the Hotel table; this duplicate destination row was deactivated (data kept for audit)."
5576,Lunbini Guest House,"Consolidation round 2026-09-21: duplicate of destination ""Lunbini Guest House"" (id 2010) ~16 m away.  Lodging records are managed in the Hotel table; this duplicate destination row was deactivated (data kept for audit)."
5571,Phulbari Hotel,"Consolidation round 2026-09-21: duplicates Hotel record ""Phulbari Hotel"" (id 2962) ~16 m away.  Lodging records are managed in the Hotel table; this duplicate destination row was deactivated (data kept for audit)."
5569,Shankar Guesthouse,"Consolidation round 2026-09-21: duplicates Hotel record ""Shankar Guesthouse"" (id 2629) ~14 m away.  Lodging records are managed in the Hotel table; this duplicate destination row was deactivated (data kept for audit)."
5567,Hotel Laligurans,"Consolidation round 2026-09-21: duplicates Hotel record ""Hotel Laligurans"" (id 3810) ~0 m away.  Lodging records are managed in the Hotel table; this duplicate destination row was deactivated (data kept for audit)."
5566,Hotel Rainbow Attractive,"Consolidation round 2026-09-21: duplicates Hotel record ""Hotel Rainbow Attractive"" (id 2961) ~1 m away.  Lodging records are managed in the Hotel table; this duplicate destination row was deactivated (data kept for audit)."
5564,Kathmandu Eco Hotel,"Consolidation round 2026-09-21: duplicates Hotel record ""Kathmandu Eco Hotel"" (id 180) ~23 m away.  Lodging records are managed in the Hotel table; this duplicate destination row was deactivated (data kept for audit)."
5560,Mystique Highland Resort,"Consolidation round 2026-09-21: duplicates Hotel record ""Mystique Highland Resort"" (id 2960) ~9 m away.  Lodging records are managed in the Hotel table; this duplicate destination row was deactivated (data kept for audit)."
5558,Four Seasons,"Consolidation round 2026-09-21: duplicate of destination ""Four Seasons"" (id 532) ~5 m away.  Lodging records are managed in the Hotel table; this duplicate destination row was deactivated (data kept for audit)."
5557,Hotel Sakura,"Consolidation round 2026-09-21: duplicates Hotel record ""Hotel Sakura"" (id 2959) ~3 m away.  Lodging records are managed in the Hotel table; this duplicate destination row was deactivated (data kept for audit)."
5556,Hotel Murano,"Consolidation round 2026-09-21: duplicates Hotel record ""Hotel Murano"" (id 2958) ~0 m away.  Lodging records are managed in the Hotel table; this duplicate destination row was deactivated (data kept for audit)."
5555,Hotel Fewa Holi Inn,"Consolidation round 2026-09-21: duplicates Hotel record ""Hotel Fewa Holi Inn"" (id 2957) ~0 m away.  Lodging records are managed in the Hotel table; this duplicate destination row was deactivated (data kept for audit)."
5554,Hotel Himalayan Inn,"Consolidation round 2026-09-21: duplicates Hotel record ""Hotel Himalayan Inn"" (id 2956) ~0 m away.  Lodging records are managed in the Hotel table; this duplicate destination row was deactivated (data kept for audit)."
5553,Hotel Diplomat,"Consolidation round 2026-09-21: duplicates Hotel record ""Hotel Diplomat"" (id 2955) ~0 m away.  Lodging records are managed in the Hotel table; this duplicate destination row was deactivated (data kept for audit)."
5552,Temple Tree Resort & Spa,"Consolidation round 2026-09-21: duplicates Hotel record ""Temple Tree Resort & Spa"" (id 2954) ~5 m away.  Lodging records are managed in the Hotel table; this duplicate destination row was deactivated (data kept for audit)."
5549,Atithi Resort & Spa,"Consolidation round 2026-09-21: duplicates Hotel record ""Atithi Resort & Spa"" (id 2953) ~7 m away.  Lodging records are managed in the Hotel table; this duplicate destination row was deactivated (data kept for audit)."
5547,Hotel City Inn,"Consolidation round 2026-09-21: duplicates Hotel record ""Hotel City Inn"" (id 2952) ~0 m away.  Lodging records are managed in the Hotel table; this duplicate destination row was deactivated (data kept for audit)."
5546,Hotel Tara,"Consolidation round 2026-09-21: duplicates Hotel record ""Hotel Tara"" (id 2951) ~0 m away.  Lodging records are managed in the Hotel table; this duplicate destination row was deactivated (data kept for audit)."
5545,Hotel Orchid,"Consolidation round 2026-09-21: duplicates Hotel record ""Hotel Orchid"" (id 2950) ~0 m away.  Lodging records are managed in the Hotel table; this duplicate destination row was deactivated (data kept for audit)."
5540,Hotel Green Valley,"Consolidation round 2026-09-21: duplicates Hotel record ""Hotel Green Valley"" (id 1921) ~0 m away.  Lodging records are managed in the Hotel table; this duplicate destination row was deactivated (data kept for audit)."
5539,Romeo & Juliet Lodge,"Consolidation round 2026-09-21: duplicates Hotel record ""Romeo & Juliet Lodge"" (id 4246) ~0 m away.  Lodging records are managed in the Hotel table; this duplicate destination row was deactivated (data kept for audit)."
5532,Royal Mustang Resort,"Consolidation round 2026-09-21: duplicates Hotel record ""Royal Mustang Resort"" (id 4245) ~0 m away.  Lodging records are managed in the Hotel table; this duplicate destination row was deactivated (data kept for audit)."
5531,Dovan Guest House,"Consolidation round 2026-09-21: duplicates Hotel record ""Dovan Guest House"" (id 2948) ~1 m away.  Lodging records are managed in the Hotel table; this duplicate destination row was deactivated (data kept for audit)."
5530,Annapurna-Approach Lodge,"Consolidation round 2026-09-21: duplicates Hotel record ""Annapurna-Approach Lodge"" (id 2947) ~2 m away.  Lodging records are managed in the Hotel table; this duplicate destination row was deactivated (data kept for audit)."
5529,Tip Top Lodge,"Consolidation round 2026-09-21: duplicates Hotel record ""Tip Top Lodge"" (id 2946) ~1 m away.  Lodging records are managed in the Hotel table; this duplicate destination row was deactivated (data kept for audit)."
5528,Hotel Mountain Yak,"Consolidation round 2026-09-21: duplicates Hotel record ""Hotel Mountain Yak"" (id 4118) ~0 m away.  Lodging records are managed in the Hotel table; this duplicate destination row was deactivated (data kept for audit)."
5527,Himalchuli Laxmi Hotel,"Consolidation round 2026-09-21: duplicates Hotel record ""Himalchuli Laxmi Hotel"" (id 4117) ~0 m away.  Lodging records are managed in the Hotel table; this duplicate destination row was deactivated (data kept for audit)."
5526,Maya Hotel,"Consolidation round 2026-09-21: duplicates Hotel record ""Maya Hotel"" (id 4116) ~0 m away.  Lodging records are managed in the Hotel table; this duplicate destination row was deactivated (data kept for audit)."
5506,Hotel Old Village Inn,"Consolidation round 2026-09-21: duplicates Hotel record ""Hotel Old Village Inn"" (id 2945) ~0 m away.  Lodging records are managed in the Hotel table; this duplicate destination row was deactivated (data kept for audit)."
5505,Annapurna Guesthouse,"Consolidation round 2026-09-21: duplicates Hotel record ""Annapurna Guesthouse"" (id 2944) ~0 m away.  Lodging records are managed in the Hotel table; this duplicate destination row was deactivated (data kept for audit)."
5501,Laligures Guest House,"Consolidation round 2026-09-21: duplicates Hotel record ""Laligures Guest House"" (id 2943) ~0 m away.  Lodging records are managed in the Hotel table; this duplicate destination row was deactivated (data kept for audit)."
5491,Yeti Inn,"Consolidation round 2026-09-21: duplicate of destination ""Yeti Inn"" (id 11) ~17 m away.  Lodging records are managed in the Hotel table; this duplicate destination row was deactivated (data kept for audit)."
5479,Nikunj Safari Guest House Sauraha,"Consolidation round 2026-09-21: duplicates Hotel record ""Nikunj Safari Guest House Sauraha"" (id 1824) ~0 m away.  Lodging records are managed in the Hotel table; this duplicate destination row was deactivated (data kept for audit)."
5475,Hotel Hiranya,"Consolidation round 2026-09-21: duplicates Hotel record ""Hotel Hiranya"" (id 3808) ~0 m away.  Lodging records are managed in the Hotel table; this duplicate destination row was deactivated (data kept for audit)."
5474,Hotel Moonlight Kathmandu,"Consolidation round 2026-09-21: duplicates Hotel record ""Hotel Moonlight Kathmandu"" (id 3807) ~1 m away.  Lodging records are managed in the Hotel table; this duplicate destination row was deactivated (data kept for audit)."
5473,Manaslu Guest House,"Consolidation round 2026-09-21: duplicates Hotel record ""Manaslu Guest House"" (id 1920) ~0 m away.  Lodging records are managed in the Hotel table; this duplicate destination row was deactivated (data kept for audit)."
5472,Hotel Laxmi,"Consolidation round 2026-09-21: duplicates Hotel record ""Hotel Laxmi"" (id 1919) ~17 m away.  Lodging records are managed in the Hotel table; this duplicate destination row was deactivated (data kept for audit)."
5471,Hotel Laxmi,"Consolidation round 2026-09-21: duplicates Hotel record ""Hotel Laxmi"" (id 1919) ~0 m away.  Lodging records are managed in the Hotel table; this duplicate destination row was deactivated (data kept for audit)."
5464,Chautari Garden Resort,"Consolidation round 2026-09-21: duplicates Hotel record ""Chautari Garden Resort"" (id 1823) ~0 m away.  Lodging records are managed in the Hotel table; this duplicate destination row was deactivated (data kept for audit)."
5447,Kamala Guest House,"Consolidation round 2026-09-21: duplicates Hotel record ""Kamala Guest House"" (id 2941) ~24 m away.  Lodging records are managed in the Hotel table; this duplicate destination row was deactivated (data kept for audit)."
5446,Mira guesthouse & restaurant,"Consolidation round 2026-09-21: duplicates Hotel record ""Mira guesthouse & restaurant"" (id 2942) ~1 m away.  Lodging records are managed in the Hotel table; this duplicate destination row was deactivated (data kept for audit)."
5445,Kamala Guest House,"Consolidation round 2026-09-21: duplicates Hotel record ""Kamala Guest House"" (id 2941) ~1 m away.  Lodging records are managed in the Hotel table; this duplicate destination row was deactivated (data kept for audit)."
5444,Pratap Guest House,"Consolidation round 2026-09-21: duplicates Hotel record ""Pratap Guest House"" (id 2940) ~0 m away.  Lodging records are managed in the Hotel table; this duplicate destination row was deactivated (data kept for audit)."
5437,Larke Hotel & Lodge,"Consolidation round 2026-09-21: duplicates Hotel record ""Larke Hotel & Lodge"" (id 1918) ~0 m away.  Lodging records are managed in the Hotel table; this duplicate destination row was deactivated (data kept for audit)."
5436,Manaslu Hotel & Lodge,"Consolidation round 2026-09-21: duplicates Hotel record ""Manaslu Hotel & Lodge"" (id 1917) ~1 m away.  Lodging records are managed in the Hotel table; this duplicate destination row was deactivated (data kept for audit)."
5428,Hardik Hotel,"Consolidation round 2026-09-21: duplicates Hotel record ""Hardik Hotel"" (id 3804) ~0 m away.  Lodging records are managed in the Hotel table; this duplicate destination row was deactivated (data kept for audit)."
5425,Hotel Recreation,"Consolidation round 2026-09-21: duplicate of destination ""Hotel Recreation"" (id 3589) ~33 m away.  Lodging records are managed in the Hotel table; this duplicate destination row was deactivated (data kept for audit)."
5418,Panaromic View Guesthouse,"Consolidation round 2026-09-21: duplicates Hotel record ""Panaromic View Guesthouse"" (id 2939) ~0 m away.  Lodging records are managed in the Hotel table; this duplicate destination row was deactivated (data kept for audit)."
5412,Hotel Manaslu,"Consolidation round 2026-09-21: duplicates Hotel record ""Hotel Manaslu"" (id 3803) ~5 m away.  Lodging records are managed in the Hotel table; this duplicate destination row was deactivated (data kept for audit)."
5410,Hotel Backpackers INN,"Consolidation round 2026-09-21: duplicates Hotel record ""Hotel Backpackers INN"" (id 3802) ~0 m away.  Lodging records are managed in the Hotel table; this duplicate destination row was deactivated (data kept for audit)."
5409,Shangri-la Boutique Hotel,"Consolidation round 2026-09-21: duplicates Hotel record ""Shangri-la Boutique Hotel"" (id 3801) ~0 m away.  Lodging records are managed in the Hotel table; this duplicate destination row was deactivated (data kept for audit)."
5408,Sakura hotel,"Consolidation round 2026-09-21: duplicates Hotel record ""Sakura hotel"" (id 3356) ~3 m away.  Lodging records are managed in the Hotel table; this duplicate destination row was deactivated (data kept for audit)."
5405,Mongolian cottage,"Consolidation round 2026-09-21: duplicates Hotel record ""Mongolian cottage"" (id 1873) ~24 m away.  Lodging records are managed in the Hotel table; this duplicate destination row was deactivated (data kept for audit)."
5404,Depche Village Resort,"Consolidation round 2026-09-21: duplicates Hotel record ""Depche Village Resort"" (id 5004) ~1 m away.  Lodging records are managed in the Hotel table; this duplicate destination row was deactivated (data kept for audit)."
5403,Rakshya Lodge,"Consolidation round 2026-09-21: duplicates Hotel record ""Rakshya Lodge"" (id 5003) ~0 m away.  Lodging records are managed in the Hotel table; this duplicate destination row was deactivated (data kept for audit)."
5402,Hotel Chumvally Restaurant and Lodge,"Consolidation round 2026-09-21: duplicates Hotel record ""Hotel Chumvally Restaurant and Lodge"" (id 1857) ~1 m away.  Lodging records are managed in the Hotel table; this duplicate destination row was deactivated (data kept for audit)."
5398,Paradise Hotel,"Consolidation round 2026-09-21: duplicates Hotel record ""Paradise Hotel"" (id 3973) ~1 m away.  Lodging records are managed in the Hotel table; this duplicate destination row was deactivated (data kept for audit)."
5396,Hotel Superb View & Top of the Town Restaurant,"Consolidation round 2026-09-21: duplicates Hotel record ""Hotel Superb View & Top of the Town Restaurant"" (id 3972) ~0 m away.  Lodging records are managed in the Hotel table; this duplicate destination row was deactivated (data kept for audit)."
5393,Diamond Hotel,"Consolidation round 2026-09-21: duplicates Hotel record ""Diamond Hotel"" (id 1916) ~0 m away.  Lodging records are managed in the Hotel table; this duplicate destination row was deactivated (data kept for audit)."
5392,Ashik Hotel,"Consolidation round 2026-09-21: duplicates Hotel record ""Ashik Hotel"" (id 5002) ~0 m away.  Lodging records are managed in the Hotel table; this duplicate destination row was deactivated (data kept for audit)."
5389,Family Guest House,"Consolidation round 2026-09-21: duplicates Hotel record ""Family Guest House"" (id 5001) ~0 m away.  Lodging records are managed in the Hotel table; this duplicate destination row was deactivated (data kept for audit)."
5387,The Old Inn,"Consolidation round 2026-09-21: duplicates Hotel record ""The Old Inn"" (id 155) ~85 m away.  Lodging records are managed in the Hotel table; this duplicate destination row was deactivated (data kept for audit)."
5385,Newa Hotel,"Consolidation round 2026-09-21: duplicates Hotel record ""Newa Hotel"" (id 4997) ~0 m away.  Lodging records are managed in the Hotel table; this duplicate destination row was deactivated (data kept for audit)."
5384,Hotel Maya & Restaurant,"Consolidation round 2026-09-21: duplicates Hotel record ""Hotel Maya & Restaurant"" (id 4996) ~0 m away.  Lodging records are managed in the Hotel table; this duplicate destination row was deactivated (data kept for audit)."
5383,Red Rose Hotel & Restaurant,"Consolidation round 2026-09-21: duplicates Hotel record ""Red Rose Hotel & Restaurant"" (id 4995) ~0 m away.  Lodging records are managed in the Hotel table; this duplicate destination row was deactivated (data kept for audit)."
5378,Hotel Tulsi,"Consolidation round 2026-09-21: duplicates Hotel record ""Hotel Tulsi"" (id 3970) ~0 m away.  Lodging records are managed in the Hotel table; this duplicate destination row was deactivated (data kept for audit)."
5377,Shrinki Guest House,"Consolidation round 2026-09-21: duplicates Hotel record ""Shrinki Guest House"" (id 1915) ~0 m away.  Lodging records are managed in the Hotel table; this duplicate destination row was deactivated (data kept for audit)."
5376,Shanti Guesthouse,"Consolidation round 2026-09-21: duplicates Hotel record ""Shanti Guesthouse"" (id 1914) ~1 m away.  Lodging records are managed in the Hotel table; this duplicate destination row was deactivated (data kept for audit)."
5369,Waterfront Resort,"Consolidation round 2026-09-21: duplicates Hotel record ""Waterfront Resort"" (id 2938) ~3 m away.  Lodging records are managed in the Hotel table; this duplicate destination row was deactivated (data kept for audit)."
5362,thapa hotel,"Consolidation round 2026-09-21: duplicate of destination ""Thapa Hotel"" (id 918) ~132 m away.  Lodging records are managed in the Hotel table; this duplicate destination row was deactivated (data kept for audit)."
5359,Dhampus Village Eco Lodge,"Consolidation round 2026-09-21: duplicates Hotel record ""Dhampus Village Eco Lodge"" (id 2937) ~0 m away.  Lodging records are managed in the Hotel table; this duplicate destination row was deactivated (data kept for audit)."
5355,Sherpa Guesthouse,"Consolidation round 2026-09-21: duplicates Hotel record ""Sherpa Guesthouse"" (id 2936) ~1 m away.  Lodging records are managed in the Hotel table; this duplicate destination row was deactivated (data kept for audit)."
5354,Tadapani Guest House,"Consolidation round 2026-09-21: duplicates Hotel record ""Tadapani Guest House"" (id 2612) ~0 m away.  Lodging records are managed in the Hotel table; this duplicate destination row was deactivated (data kept for audit)."
5353,Grand View Lodge,"Consolidation round 2026-09-21: duplicates Hotel record ""Grand View Lodge"" (id 2935) ~0 m away.  Lodging records are managed in the Hotel table; this duplicate destination row was deactivated (data kept for audit)."
5352,Hotel Tadapani Guest House,"Consolidation round 2026-09-21: duplicates Hotel record ""Hotel Tadapani Guest House"" (id 2934) ~1 m away.  Lodging records are managed in the Hotel table; this duplicate destination row was deactivated (data kept for audit)."
5335,See You Lodge,"Consolidation round 2026-09-21: duplicates Hotel record ""See You Lodge"" (id 4164) ~35 m away.  Lodging records are managed in the Hotel table; this duplicate destination row was deactivated (data kept for audit)."
5332,Gorkha Village Resort,"Consolidation round 2026-09-21: duplicates Hotel record ""Gorkha Village Resort"" (id 2933) ~30 m away.  Lodging records are managed in the Hotel table; this duplicate destination row was deactivated (data kept for audit)."
5331,Illam Pachthar Hotel and Lodge,"Consolidation round 2026-09-21: duplicates Hotel record ""Illam Pachthar Hotel and Lodge"" (id 3797) ~0 m away.  Lodging records are managed in the Hotel table; this duplicate destination row was deactivated (data kept for audit)."
5330,Chum Gate Way Hotel & Lodge,"Consolidation round 2026-09-21: duplicates Hotel record ""Chum Gate Way Hotel & Lodge"" (id 1913) ~0 m away.  Lodging records are managed in the Hotel table; this duplicate destination row was deactivated (data kept for audit)."
5329,kafle hotel,"Consolidation round 2026-09-21: duplicates Hotel record ""kafle hotel"" (id 1822) ~0 m away.  Lodging records are managed in the Hotel table; this duplicate destination row was deactivated (data kept for audit)."
5328,Vivanta Hotel,"Consolidation round 2026-09-21: duplicates Hotel record ""Vivanta Hotel"" (id 1821) ~0 m away.  Lodging records are managed in the Hotel table; this duplicate destination row was deactivated (data kept for audit)."
5327,Soni homestay,"Consolidation round 2026-09-21: duplicates Hotel record ""Soni homestay"" (id 4115) ~0 m away.  Lodging records are managed in the Hotel table; this duplicate destination row was deactivated (data kept for audit)."
5325,Island Jungle Resort,"Consolidation round 2026-09-21: duplicates Hotel record ""Island Jungle Resort"" (id 1820) ~2 m away.  Lodging records are managed in the Hotel table; this duplicate destination row was deactivated (data kept for audit)."
5324,Hotel Satanchuli In,"Consolidation round 2026-09-21: duplicates Hotel record ""Hotel Satanchuli In"" (id 1819) ~1 m away.  Lodging records are managed in the Hotel table; this duplicate destination row was deactivated (data kept for audit)."
5323,Hotel Image,"Consolidation round 2026-09-21: duplicates Hotel record ""Hotel Image"" (id 1818) ~0 m away.  Lodging records are managed in the Hotel table; this duplicate destination row was deactivated (data kept for audit)."
5321,Bharatpur Garden Resort,"Consolidation round 2026-09-21: duplicates Hotel record ""Bharatpur Garden Resort"" (id 1816) ~11 m away.  Lodging records are managed in the Hotel table; this duplicate destination row was deactivated (data kept for audit)."
5320,Yak & Yeti,"Consolidation round 2026-09-21: duplicate of destination ""Yak & Yeti"" (id 2690) ~100 m away.  Lodging records are managed in the Hotel table; this duplicate destination row was deactivated (data kept for audit)."
5319,Hotel Woodland,"Consolidation round 2026-09-21: duplicates Hotel record ""Hotel Woodland"" (id 3796) ~2 m away.  Lodging records are managed in the Hotel table; this duplicate destination row was deactivated (data kept for audit)."
5258,Home Away from Home,"Consolidation round 2026-09-21: duplicate of destination ""home away from home"" (id 5246) ~161 m away.  Lodging records are managed in the Hotel table; this duplicate destination row was deactivated (data kept for audit)."
5248,Hotel Camp de Base,"Consolidation round 2026-09-21: duplicate of destination ""Hotel Camp de Base"" (id 5212) ~47 m away.  Lodging records are managed in the Hotel table; this duplicate destination row was deactivated (data kept for audit)."
5244,Hotel High Desert,"Consolidation round 2026-09-21: duplicates Hotel record ""Hotel High Desert"" (id 4243) ~2 m away.  Lodging records are managed in the Hotel table; this duplicate destination row was deactivated (data kept for audit)."
5243,Hotel Nightingale,"Consolidation round 2026-09-21: duplicates Hotel record ""Hotel Nightingale"" (id 4242) ~0 m away.  Lodging records are managed in the Hotel table; this duplicate destination row was deactivated (data kept for audit)."
5242,Hotel 4 Seasons,"Consolidation round 2026-09-21: duplicates Hotel record ""Hotel 4 Seasons"" (id 4241) ~0 m away.  Lodging records are managed in the Hotel table; this duplicate destination row was deactivated (data kept for audit)."
5237,Ambience Guest House,"Consolidation round 2026-09-21: duplicates Hotel record ""Ambience Guest House"" (id 3909) ~0 m away.  Lodging records are managed in the Hotel table; this duplicate destination row was deactivated (data kept for audit)."
5235,Gateway Himalayan Resort,"Consolidation round 2026-09-21: duplicates Hotel record ""Gateway Himalayan Resort"" (id 3968) ~1 m away.  Lodging records are managed in the Hotel table; this duplicate destination row was deactivated (data kept for audit)."
5234,Hotel Moonlight Resort,"Consolidation round 2026-09-21: duplicates Hotel record ""Hotel Moonlight Resort"" (id 2932) ~2 m away.  Lodging records are managed in the Hotel table; this duplicate destination row was deactivated (data kept for audit)."
5233,Hotel LakeSide,"Consolidation round 2026-09-21: duplicates Hotel record ""Hotel LakeSide"" (id 2931) ~3 m away.  Lodging records are managed in the Hotel table; this duplicate destination row was deactivated (data kept for audit)."
5231,Hotel New Yak,"Consolidation round 2026-09-21: duplicates Hotel record ""Hotel New Yak"" (id 4112) ~0 m away.  Lodging records are managed in the Hotel table; this duplicate destination row was deactivated (data kept for audit)."
5230,Himalaya Lodge,"Consolidation round 2026-09-21: duplicates Hotel record ""Himalaya Lodge"" (id 4111) ~0 m away.  Lodging records are managed in the Hotel table; this duplicate destination row was deactivated (data kept for audit)."
5220,Hotel Norling,"Consolidation round 2026-09-21: duplicates Hotel record ""Hotel Norling"" (id 4239) ~0 m away.  Lodging records are managed in the Hotel table; this duplicate destination row was deactivated (data kept for audit)."
5219,Potala Guest House,"Consolidation round 2026-09-21: duplicates Hotel record ""Potala Guest House"" (id 4238) ~0 m away.  Lodging records are managed in the Hotel table; this duplicate destination row was deactivated (data kept for audit)."
5218,Hotel Caravan,"Consolidation round 2026-09-21: duplicates Hotel record ""Hotel Caravan"" (id 4237) ~0 m away.  Lodging records are managed in the Hotel table; this duplicate destination row was deactivated (data kept for audit)."
5208,Shrestha Guest House,"Consolidation round 2026-09-21: duplicates Hotel record ""Shrestha Guest House"" (id 3794) ~0 m away.  Lodging records are managed in the Hotel table; this duplicate destination row was deactivated (data kept for audit)."
5207,New Panas Hotel,"Consolidation round 2026-09-21: duplicates Hotel record ""New Panas Hotel"" (id 3793) ~0 m away.  Lodging records are managed in the Hotel table; this duplicate destination row was deactivated (data kept for audit)."
5204,Hotel Karuna,"Consolidation round 2026-09-21: duplicates Hotel record ""Hotel Karuna"" (id 2331) ~0 m away.  Lodging records are managed in the Hotel table; this duplicate destination row was deactivated (data kept for audit)."
5203,Octagon Guesthouse,"Consolidation round 2026-09-21: duplicates Hotel record ""Octagon Guesthouse"" (id 2930) ~0 m away.  Lodging records are managed in the Hotel table; this duplicate destination row was deactivated (data kept for audit)."
5199,IT Park Hostel,"Consolidation round 2026-09-21: duplicate of destination ""IT Park Hostel"" (id 5198) ~34 m away.  Lodging records are managed in the Hotel table; this duplicate destination row was deactivated (data kept for audit)."
5198,IT Park Hostel,"Consolidation round 2026-09-21: duplicate of destination ""IT Park Hostel"" (id 5197) ~20 m away.  Lodging records are managed in the Hotel table; this duplicate destination row was deactivated (data kept for audit)."
5197,IT Park Hostel,"Consolidation round 2026-09-21: duplicate of destination ""IT Park Hostel"" (id 5196) ~69 m away.  Lodging records are managed in the Hotel table; this duplicate destination row was deactivated (data kept for audit)."
5195,Hotel Mount Kailash,"Consolidation round 2026-09-21: duplicates Hotel record ""Hotel Mount Kailash"" (id 4236) ~0 m away.  Lodging records are managed in the Hotel table; this duplicate destination row was deactivated (data kept for audit)."
5194,The Face Resort,"Consolidation round 2026-09-21: duplicates Hotel record ""The Face Resort"" (id 4235) ~2 m away.  Lodging records are managed in the Hotel table; this duplicate destination row was deactivated (data kept for audit)."
5193,Hotel Moonlight,"Consolidation round 2026-09-21: duplicates Hotel record ""Hotel Moonlight"" (id 4234) ~0 m away.  Lodging records are managed in the Hotel table; this duplicate destination row was deactivated (data kept for audit)."
5191,Hotel Super View Ngadi,"Consolidation round 2026-09-21: duplicates Hotel record ""Hotel Super View Ngadi"" (id 3967) ~0 m away.  Lodging records are managed in the Hotel table; this duplicate destination row was deactivated (data kept for audit)."
5190,Holidays Trekkers Lodge & Restaurant,"Consolidation round 2026-09-21: duplicates Hotel record ""Holidays Trekkers Lodge & Restaurant"" (id 3966) ~0 m away.  Lodging records are managed in the Hotel table; this duplicate destination row was deactivated (data kept for audit)."
5189,Hotel Mountain Lake,"Consolidation round 2026-09-21: duplicates Hotel record ""Hotel Mountain Lake"" (id 4110) ~1 m away.  Lodging records are managed in the Hotel table; this duplicate destination row was deactivated (data kept for audit)."
5180,Tilicho Hotel & Restaurant,"Consolidation round 2026-09-21: duplicates Hotel record ""Tilicho Hotel & Restaurant"" (id 4109) ~1 m away.  Lodging records are managed in the Hotel table; this duplicate destination row was deactivated (data kept for audit)."
5179,Himalayan Singi Hotel,"Consolidation round 2026-09-21: duplicates Hotel record ""Himalayan Singi Hotel"" (id 4108) ~0 m away.  Lodging records are managed in the Hotel table; this duplicate destination row was deactivated (data kept for audit)."
5178,Hotel Yeti,"Consolidation round 2026-09-21: duplicates Hotel record ""Hotel Yeti"" (id 4107) ~0 m away.  Lodging records are managed in the Hotel table; this duplicate destination row was deactivated (data kept for audit)."
5165,Kotee Home Hotel,"Consolidation round 2026-09-21: duplicates Hotel record ""Kotee Home Hotel"" (id 2927) ~0 m away.  Lodging records are managed in the Hotel table; this duplicate destination row was deactivated (data kept for audit)."
5163,Hotel New Sahara,"Consolidation round 2026-09-21: duplicates Hotel record ""Hotel New Sahara"" (id 3792) ~1 m away.  Lodging records are managed in the Hotel table; this duplicate destination row was deactivated (data kept for audit)."
5160,@home Guesthouse,"Consolidation round 2026-09-21: duplicates Hotel record ""@home Guesthouse"" (id 3906) ~0 m away.  Lodging records are managed in the Hotel table; this duplicate destination row was deactivated (data kept for audit)."
5159,Peace Lodge,"Consolidation round 2026-09-21: duplicates Hotel record ""Peace Lodge"" (id 1912) ~0 m away.  Lodging records are managed in the Hotel table; this duplicate destination row was deactivated (data kept for audit)."
5158,Zambala Hotel,"Consolidation round 2026-09-21: duplicates Hotel record ""Zambala Hotel"" (id 1859) ~19 m away.  Lodging records are managed in the Hotel table; this duplicate destination row was deactivated (data kept for audit)."
5156,ponkar ganga hotel,"Consolidation round 2026-09-21: duplicates Hotel record ""ponkar ganga hotel"" (id 4106) ~0 m away.  Lodging records are managed in the Hotel table; this duplicate destination row was deactivated (data kept for audit)."
5151,Hotel Brihaspati,"Consolidation round 2026-09-21: duplicates Hotel record ""Hotel Brihaspati"" (id 3789) ~0 m away.  Lodging records are managed in the Hotel table; this duplicate destination row was deactivated (data kept for audit)."
5150,"Hotel Ambassador, Lazimpat","Consolidation round 2026-09-21: duplicates Hotel record ""Hotel Ambassador, Lazimpat"" (id 3788) ~0 m away.  Lodging records are managed in the Hotel table; this duplicate destination row was deactivated (data kept for audit)."
5149,Hotel Pacific Pvt.Ltd,"Consolidation round 2026-09-21: duplicates Hotel record ""Hotel Pacific Pvt.Ltd"" (id 3787) ~0 m away.  Lodging records are managed in the Hotel table; this duplicate destination row was deactivated (data kept for audit)."
5147,Hotel Tibet,"Consolidation round 2026-09-21: duplicates Hotel record ""Hotel Tibet"" (id 3785) ~0 m away.  Lodging records are managed in the Hotel table; this duplicate destination row was deactivated (data kept for audit)."
5146,The Fern Residency Platinum,"Consolidation round 2026-09-21: duplicates Hotel record ""The Fern Residency Platinum"" (id 3784) ~0 m away.  Lodging records are managed in the Hotel table; this duplicate destination row was deactivated (data kept for audit)."
5145,Grand Hotel,"Consolidation round 2026-09-21: duplicates Hotel record ""Grand Hotel"" (id 97) ~10 m away.  Lodging records are managed in the Hotel table; this duplicate destination row was deactivated (data kept for audit)."
5144,Tise Guesthouse,"Consolidation round 2026-09-21: duplicates Hotel record ""Tise Guesthouse"" (id 3782) ~0 m away.  Lodging records are managed in the Hotel table; this duplicate destination row was deactivated (data kept for audit)."
5141,SOS Herman Village School's Hostel,"Consolidation round 2026-09-21: duplicate of destination ""SOS Herman Village School's Hostel"" (id 5140) ~106 m away.  Lodging records are managed in the Hotel table; this duplicate destination row was deactivated (data kept for audit)."
5140,SOS Herman Village School's Hostel,"Consolidation round 2026-09-21: duplicate of destination ""SOS Herman Village School's Hostel"" (id 5139) ~79 m away.  Lodging records are managed in the Hotel table; this duplicate destination row was deactivated (data kept for audit)."
5139,SOS Herman Village School's Hostel,"Consolidation round 2026-09-21: duplicate of destination ""SOS Herman Village School's Hostel"" (id 5138) ~82 m away.  Lodging records are managed in the Hotel table; this duplicate destination row was deactivated (data kept for audit)."
5138,SOS Herman Village School's Hostel,"Consolidation round 2026-09-21: duplicate of destination ""SOS Herman Village School's Hostel"" (id 5137) ~34 m away.  Lodging records are managed in the Hotel table; this duplicate destination row was deactivated (data kept for audit)."
5137,SOS Herman Village School's Hostel,"Consolidation round 2026-09-21: duplicate of destination ""SOS Herman Village School's Hostel"" (id 5136) ~22 m away.  Lodging records are managed in the Hotel table; this duplicate destination row was deactivated (data kept for audit)."
5136,SOS Herman Village School's Hostel,"Consolidation round 2026-09-21: duplicate of destination ""SOS Herman Village School's Hostel"" (id 5135) ~61 m away.  Lodging records are managed in the Hotel table; this duplicate destination row was deactivated (data kept for audit)."
5135,SOS Herman Village School's Hostel,"Consolidation round 2026-09-21: duplicate of destination ""SOS Herman Village School's Hostel"" (id 5134) ~38 m away.  Lodging records are managed in the Hotel table; this duplicate destination row was deactivated (data kept for audit)."
5131,Hotel Golden,"Consolidation round 2026-09-21: duplicates Hotel record ""Hotel Golden"" (id 3781) ~0 m away.  Lodging records are managed in the Hotel table; this duplicate destination row was deactivated (data kept for audit)."
5130,Hotel Twin Tower,"Consolidation round 2026-09-21: duplicates Hotel record ""Hotel Twin Tower"" (id 3780) ~0 m away.  Lodging records are managed in the Hotel table; this duplicate destination row was deactivated (data kept for audit)."
5129,Parbat Shikhar Hotel,"Consolidation round 2026-09-21: duplicates Hotel record ""Parbat Shikhar Hotel"" (id 3779) ~0 m away.  Lodging records are managed in the Hotel table; this duplicate destination row was deactivated (data kept for audit)."
5128,Hotel Pomelo House Inn,"Consolidation round 2026-09-21: duplicates Hotel record ""Hotel Pomelo House Inn"" (id 3778) ~0 m away.  Lodging records are managed in the Hotel table; this duplicate destination row was deactivated (data kept for audit)."
5127,Hotel Orchid,"Consolidation round 2026-09-21: duplicates Hotel record ""Hotel Orchid"" (id 3777) ~0 m away.  Lodging records are managed in the Hotel table; this duplicate destination row was deactivated (data kept for audit)."
5125,Hotel Mahadev,"Consolidation round 2026-09-21: duplicates Hotel record ""Hotel Mahadev"" (id 3775) ~0 m away.  Lodging records are managed in the Hotel table; this duplicate destination row was deactivated (data kept for audit)."
5122,Lake View Resort,"Consolidation round 2026-09-21: duplicates Hotel record ""Lake View Resort"" (id 2926) ~0 m away.  Lodging records are managed in the Hotel table; this duplicate destination row was deactivated (data kept for audit)."
5121,Hotel Trekkers Paradise,"Consolidation round 2026-09-21: duplicates Hotel record ""Hotel Trekkers Paradise"" (id 2925) ~0 m away.  Lodging records are managed in the Hotel table; this duplicate destination row was deactivated (data kept for audit)."
5120,Hotel Tiger Top & Restaurant,"Consolidation round 2026-09-21: duplicates Hotel record ""Hotel Tiger Top & Restaurant"" (id 2924) ~0 m away.  Lodging records are managed in the Hotel table; this duplicate destination row was deactivated (data kept for audit)."
5119,Hotel Fishtail & Restaurant,"Consolidation round 2026-09-21: duplicates Hotel record ""Hotel Fishtail & Restaurant"" (id 2923) ~0 m away.  Lodging records are managed in the Hotel table; this duplicate destination row was deactivated (data kept for audit)."
5118,Super View Lodge,"Consolidation round 2026-09-21: duplicates Hotel record ""Super View Lodge"" (id 2922) ~0 m away.  Lodging records are managed in the Hotel table; this duplicate destination row was deactivated (data kept for audit)."
5117,Sun Rise Lodge and Restaurant,"Consolidation round 2026-09-21: duplicates Hotel record ""Sun Rise Lodge and Restaurant"" (id 2921) ~0 m away.  Lodging records are managed in the Hotel table; this duplicate destination row was deactivated (data kept for audit)."
5116,Snowland Lodge and Restaurant,"Consolidation round 2026-09-21: duplicates Hotel record ""Snowland Lodge and Restaurant"" (id 2920) ~0 m away.  Lodging records are managed in the Hotel table; this duplicate destination row was deactivated (data kept for audit)."
5114,Sangrila Guest House,"Consolidation round 2026-09-21: duplicates Hotel record ""Sangrila Guest House"" (id 2918) ~0 m away.  Lodging records are managed in the Hotel table; this duplicate destination row was deactivated (data kept for audit)."
5113,Panorama Guest House,"Consolidation round 2026-09-21: duplicates Hotel record ""Panorama Guest House"" (id 2917) ~0 m away.  Lodging records are managed in the Hotel table; this duplicate destination row was deactivated (data kept for audit)."
5111,New Chhomrong Guest House and Restaurant,"Consolidation round 2026-09-21: duplicates Hotel record ""New Chhomrong Guest House and Restaurant"" (id 2916) ~1 m away.  Lodging records are managed in the Hotel table; this duplicate destination row was deactivated (data kept for audit)."
5110,Monalisha Lodge (Moonlight),"Consolidation round 2026-09-21: duplicates Hotel record ""Monalisha Lodge (Moonlight)"" (id 2915) ~1 m away.  Lodging records are managed in the Hotel table; this duplicate destination row was deactivated (data kept for audit)."
5109,Maya Guest House and Restaurant,"Consolidation round 2026-09-21: duplicates Hotel record ""Maya Guest House and Restaurant"" (id 2914) ~0 m away.  Lodging records are managed in the Hotel table; this duplicate destination row was deactivated (data kept for audit)."
5107,Lucky Guest House and Restaurant,"Consolidation round 2026-09-21: duplicates Hotel record ""Lucky Guest House and Restaurant"" (id 2913) ~0 m away.  Lodging records are managed in the Hotel table; this duplicate destination row was deactivated (data kept for audit)."
5106,Hotel Laligurans,"Consolidation round 2026-09-21: duplicates Hotel record ""Hotel Laligurans"" (id 2912) ~0 m away.  Lodging records are managed in the Hotel table; this duplicate destination row was deactivated (data kept for audit)."
5105,Kimrong Guest House,"Consolidation round 2026-09-21: duplicates Hotel record ""Kimrong Guest House"" (id 2911) ~0 m away.  Lodging records are managed in the Hotel table; this duplicate destination row was deactivated (data kept for audit)."
5104,Hotel Rest Camp and Restaurant,"Consolidation round 2026-09-21: duplicates Hotel record ""Hotel Rest Camp and Restaurant"" (id 2910) ~0 m away.  Lodging records are managed in the Hotel table; this duplicate destination row was deactivated (data kept for audit)."
5101,Hungry Eye Lodge and Restaurant,"Consolidation round 2026-09-21: duplicates Hotel record ""Hungry Eye Lodge and Restaurant"" (id 2907) ~0 m away.  Lodging records are managed in the Hotel table; this duplicate destination row was deactivated (data kept for audit)."
5100,Hotel Tibet Guest House and Restaurant,"Consolidation round 2026-09-21: duplicates Hotel record ""Hotel Tibet Guest House and Restaurant"" (id 2906) ~0 m away.  Lodging records are managed in the Hotel table; this duplicate destination row was deactivated (data kept for audit)."
5099,Hotel Sherpa and Restaurant,"Consolidation round 2026-09-21: duplicates Hotel record ""Hotel Sherpa and Restaurant"" (id 2905) ~0 m away.  Lodging records are managed in the Hotel table; this duplicate destination row was deactivated (data kept for audit)."
5098,Hotel Sherpa,"Consolidation round 2026-09-21: duplicates Hotel record ""Hotel Sherpa"" (id 2904) ~0 m away.  Lodging records are managed in the Hotel table; this duplicate destination row was deactivated (data kept for audit)."
5097,Hotel River Side and Restaurant,"Consolidation round 2026-09-21: duplicates Hotel record ""Hotel River Side and Restaurant"" (id 2903) ~0 m away.  Lodging records are managed in the Hotel table; this duplicate destination row was deactivated (data kept for audit)."
5096,Hotel Mount Travel and Restaurant,"Consolidation round 2026-09-21: duplicates Hotel record ""Hotel Mount Travel and Restaurant"" (id 2902) ~0 m away.  Lodging records are managed in the Hotel table; this duplicate destination row was deactivated (data kept for audit)."
5095,Hotel Machhapuchhre Samjhana & Restaurant,"Consolidation round 2026-09-21: duplicates Hotel record ""Hotel Machhapuchhre Samjhana & Restaurant"" (id 2901) ~0 m away.  Lodging records are managed in the Hotel table; this duplicate destination row was deactivated (data kept for audit)."
5094,Hotel Lali Gurans Restaurant,"Consolidation round 2026-09-21: duplicates Hotel record ""Hotel Lali Gurans Restaurant"" (id 2900) ~0 m away.  Lodging records are managed in the Hotel table; this duplicate destination row was deactivated (data kept for audit)."
5093,Hotel Hungry Eye and Restaurant,"Consolidation round 2026-09-21: duplicates Hotel record ""Hotel Hungry Eye and Restaurant"" (id 2899) ~2 m away.  Lodging records are managed in the Hotel table; this duplicate destination row was deactivated (data kept for audit)."
5092,Hotel Gurans & Devkota Camping Place,"Consolidation round 2026-09-21: duplicates Hotel record ""Hotel Gurans & Devkota Camping Place"" (id 2898) ~1 m away.  Lodging records are managed in the Hotel table; this duplicate destination row was deactivated (data kept for audit)."
5091,Hotel Forest Camp and Restaurant,"Consolidation round 2026-09-21: duplicates Hotel record ""Hotel Forest Camp and Restaurant"" (id 2897) ~0 m away.  Lodging records are managed in the Hotel table; this duplicate destination row was deactivated (data kept for audit)."
5090,Honest Lodge and Restaurant,"Consolidation round 2026-09-21: duplicates Hotel record ""Honest Lodge and Restaurant"" (id 2896) ~0 m away.  Lodging records are managed in the Hotel table; this duplicate destination row was deactivated (data kept for audit)."
5089,Hiunchuli Lodge and Restaurant,"Consolidation round 2026-09-21: duplicates Hotel record ""Hiunchuli Lodge and Restaurant"" (id 2895) ~0 m away.  Lodging records are managed in the Hotel table; this duplicate destination row was deactivated (data kept for audit)."
5086,Heaven View Guest House and Restaurant,"Consolidation round 2026-09-21: duplicates Hotel record ""Heaven View Guest House and Restaurant"" (id 2894) ~0 m away.  Lodging records are managed in the Hotel table; this duplicate destination row was deactivated (data kept for audit)."
5085,Green View Guest House and Restaurant,"Consolidation round 2026-09-21: duplicates Hotel record ""Green View Guest House and Restaurant"" (id 2893) ~0 m away.  Lodging records are managed in the Hotel table; this duplicate destination row was deactivated (data kept for audit)."
5084,Ghandruk Guest House and Restaurant,"Consolidation round 2026-09-21: duplicates Hotel record ""Ghandruk Guest House and Restaurant"" (id 2676) ~16 m away.  Lodging records are managed in the Hotel table; this duplicate destination row was deactivated (data kept for audit)."
5082,Excellent View Top Lodge and Restaurant,"Consolidation round 2026-09-21: duplicates Hotel record ""Excellent View Top Lodge and Restaurant"" (id 2892) ~0 m away.  Lodging records are managed in the Hotel table; this duplicate destination row was deactivated (data kept for audit)."
5081,Ex Captain Lali Gurans Guest House,"Consolidation round 2026-09-21: duplicates Hotel record ""Ex Captain Lali Gurans Guest House"" (id 2891) ~0 m away.  Lodging records are managed in the Hotel table; this duplicate destination row was deactivated (data kept for audit)."
5080,Elysium Guest House,"Consolidation round 2026-09-21: duplicates Hotel record ""Elysium Guest House"" (id 2890) ~0 m away.  Lodging records are managed in the Hotel table; this duplicate destination row was deactivated (data kept for audit)."
5079,Chomrong Mountain View Lodge and Restaurant,"Consolidation round 2026-09-21: duplicates Hotel record ""Chomrong Mountain View Lodge and Restaurant"" (id 2889) ~0 m away.  Lodging records are managed in the Hotel table; this duplicate destination row was deactivated (data kept for audit)."
5078,Chomrong Cottage,"Consolidation round 2026-09-21: duplicates Hotel record ""Chomrong Cottage"" (id 2888) ~1 m away.  Lodging records are managed in the Hotel table; this duplicate destination row was deactivated (data kept for audit)."
5077,Australian Camp Guest House and Restaurant,"Consolidation round 2026-09-21: duplicates Hotel record ""Australian Camp Guest House and Restaurant"" (id 2887) ~0 m away.  Lodging records are managed in the Hotel table; this duplicate destination row was deactivated (data kept for audit)."
5076,Angel's Guest House and Restaurant,"Consolidation round 2026-09-21: duplicates Hotel record ""Angel's Guest House and Restaurant"" (id 2886) ~1 m away.  Lodging records are managed in the Hotel table; this duplicate destination row was deactivated (data kept for audit)."
5074,Hotel Silver Home,"Consolidation round 2026-09-21: duplicates Hotel record ""Hotel Silver Home"" (id 3369) ~54 m away.  Lodging records are managed in the Hotel table; this duplicate destination row was deactivated (data kept for audit)."
5073,Annapurna Guesthouse and Restaurant,"Consolidation round 2026-09-21: duplicates Hotel record ""Annapurna Guesthouse and Restaurant"" (id 2885) ~0 m away.  Lodging records are managed in the Hotel table; this duplicate destination row was deactivated (data kept for audit)."
5072,Hotel Vacation Home & Restaurant,"Consolidation round 2026-09-21: duplicates Hotel record ""Hotel Vacation Home & Restaurant"" (id 2884) ~1 m away.  Lodging records are managed in the Hotel table; this duplicate destination row was deactivated (data kept for audit)."
5071,Fishtail Guest House and Restaurant,"Consolidation round 2026-09-21: duplicates Hotel record ""Fishtail Guest House and Restaurant"" (id 2883) ~0 m away.  Lodging records are managed in the Hotel table; this duplicate destination row was deactivated (data kept for audit)."
5070,Trekkers Inn Lodge and Restaurant,"Consolidation round 2026-09-21: duplicates Hotel record ""Trekkers Inn Lodge and Restaurant"" (id 2882) ~0 m away.  Lodging records are managed in the Hotel table; this duplicate destination row was deactivated (data kept for audit)."
5068,Nabin Tanbee Restaurant and Guest House,"Consolidation round 2026-09-21: duplicates Hotel record ""Nabin Tanbee Restaurant and Guest House"" (id 1669) ~1 m away.  Lodging records are managed in the Hotel table; this duplicate destination row was deactivated (data kept for audit)."
5063,Dream Nepal Hotel and Apartment,"Consolidation round 2026-09-21: duplicates Hotel record ""Dream Nepal Hotel and Apartment"" (id 3771) ~0 m away.  Lodging records are managed in the Hotel table; this duplicate destination row was deactivated (data kept for audit)."
5062,Chill Out Resort,"Consolidation round 2026-09-21: duplicates Hotel record ""Chill Out Resort"" (id 3770) ~0 m away.  Lodging records are managed in the Hotel table; this duplicate destination row was deactivated (data kept for audit)."
5061,Hotel Siddhartha Gautam,"Consolidation round 2026-09-21: duplicates Hotel record ""Hotel Siddhartha Gautam"" (id 3769) ~0 m away.  Lodging records are managed in the Hotel table; this duplicate destination row was deactivated (data kept for audit)."
5059,Rameshwar temple,"Consolidation round 2026-09-21: duplicate of destination ""Rameshwar temple"" (id 5058) ~7 m away.  Lodging records are managed in the Hotel table; this duplicate destination row was deactivated (data kept for audit)."
5057,Summit Holiday Home Hotel,"Consolidation round 2026-09-21: duplicates Hotel record ""Summit Holiday Home Hotel"" (id 3768) ~0 m away.  Lodging records are managed in the Hotel table; this duplicate destination row was deactivated (data kept for audit)."
5056,Royal Penguin Boutique Hotel,"Consolidation round 2026-09-21: duplicates Hotel record ""Royal Penguin Boutique Hotel"" (id 3767) ~2 m away.  Lodging records are managed in the Hotel table; this duplicate destination row was deactivated (data kept for audit)."
5054,Kathmandu Boutique Hotel,"Consolidation round 2026-09-21: duplicates Hotel record ""Kathmandu Boutique Hotel"" (id 3766) ~0 m away.  Lodging records are managed in the Hotel table; this duplicate destination row was deactivated (data kept for audit)."
5052,Hotel Lai Lai,"Consolidation round 2026-09-21: duplicates Hotel record ""Hotel Lai Lai"" (id 3765) ~1 m away.  Lodging records are managed in the Hotel table; this duplicate destination row was deactivated (data kept for audit)."
5051,Royal Penguin Boutique Hotel Pvt. Ltd,"Consolidation round 2026-09-21: duplicates Hotel record ""Royal Penguin Boutique Hotel Pvt. Ltd"" (id 3764) ~1 m away.  Lodging records are managed in the Hotel table; this duplicate destination row was deactivated (data kept for audit)."
5044,Hotel Pashupati Darshan,"Consolidation round 2026-09-21: duplicates Hotel record ""Hotel Pashupati Darshan"" (id 3763) ~0 m away.  Lodging records are managed in the Hotel table; this duplicate destination row was deactivated (data kept for audit)."
5037,Narayanhiti Palace Museum,"Consolidation round 2026-09-21: duplicate of destination ""Narayanhiti Palace Museum"" (id 4900) ~7 m away.  Lodging records are managed in the Hotel table; this duplicate destination row was deactivated (data kept for audit)."
5033,Mi Casa Hotel in Nepal,"Consolidation round 2026-09-21: duplicates Hotel record ""Mi Casa Hotel in Nepal"" (id 3759) ~0 m away.  Lodging records are managed in the Hotel table; this duplicate destination row was deactivated (data kept for audit)."
5032,Hotel Tradition,"Consolidation round 2026-09-21: duplicates Hotel record ""Hotel Tradition"" (id 3758) ~0 m away.  Lodging records are managed in the Hotel table; this duplicate destination row was deactivated (data kept for audit)."
5031,Festoon Hotel Pvt. Ltd,"Consolidation round 2026-09-21: duplicates Hotel record ""Festoon Hotel Pvt. Ltd"" (id 3752) ~45 m away.  Lodging records are managed in the Hotel table; this duplicate destination row was deactivated (data kept for audit)."
5030,Hotel Blue Horizon,"Consolidation round 2026-09-21: duplicates Hotel record ""Hotel Blue Horizon"" (id 3757) ~0 m away.  Lodging records are managed in the Hotel table; this duplicate destination row was deactivated (data kept for audit)."
5028,Kathmandu Guesthouse,"Consolidation round 2026-09-21: duplicates Hotel record ""Kathmandu Guest House"" (id 3485) ~79 m away.  Lodging records are managed in the Hotel table; this duplicate destination row was deactivated (data kept for audit)."
5027,Hotel Florid,"Consolidation round 2026-09-21: duplicates Hotel record ""Hotel Florid"" (id 3755) ~1 m away.  Lodging records are managed in the Hotel table; this duplicate destination row was deactivated (data kept for audit)."
5025,Hotel Lucky Star,"Consolidation round 2026-09-21: duplicates Hotel record ""Hotel Lucky Star"" (id 3754) ~0 m away.  Lodging records are managed in the Hotel table; this duplicate destination row was deactivated (data kept for audit)."
5023,Festoon Hotel Pvt. Ltd,"Consolidation round 2026-09-21: duplicates Hotel record ""Festoon Hotel Pvt. Ltd"" (id 3752) ~0 m away.  Lodging records are managed in the Hotel table; this duplicate destination row was deactivated (data kept for audit)."
5022,Avataar Kathmandu Hotel,"Consolidation round 2026-09-21: duplicates Hotel record ""Avataar Kathmandu Hotel"" (id 3751) ~0 m away.  Lodging records are managed in the Hotel table; this duplicate destination row was deactivated (data kept for audit)."
5021,Shree Tibet Family Guest House,"Consolidation round 2026-09-21: duplicates Hotel record ""Shree Tibet Family Guest House"" (id 3750) ~0 m away.  Lodging records are managed in the Hotel table; this duplicate destination row was deactivated (data kept for audit)."
5020,Courtyard Hotel,"Consolidation round 2026-09-21: duplicates Hotel record ""Courtyard Hotel"" (id 3749) ~0 m away.  Lodging records are managed in the Hotel table; this duplicate destination row was deactivated (data kept for audit)."
5019,Hotel ACME,"Consolidation round 2026-09-21: duplicates Hotel record ""Hotel ACME"" (id 3748) ~0 m away.  Lodging records are managed in the Hotel table; this duplicate destination row was deactivated (data kept for audit)."
5015,Hotel Dudhpokhari & Lodge,"Consolidation round 2026-09-21: duplicates Hotel record ""Hotel Dudhpokhari & Lodge"" (id 3746) ~0 m away.  Lodging records are managed in the Hotel table; this duplicate destination row was deactivated (data kept for audit)."
5014,Hotel Aangan,"Consolidation round 2026-09-21: duplicates Hotel record ""Hotel Aangan"" (id 3745) ~0 m away.  Lodging records are managed in the Hotel table; this duplicate destination row was deactivated (data kept for audit)."
5013,Hotel Majesty,"Consolidation round 2026-09-21: duplicates Hotel record ""Hotel Majesty"" (id 3744) ~1 m away.  Lodging records are managed in the Hotel table; this duplicate destination row was deactivated (data kept for audit)."
5012,The Himanchal Lodge & Hotel,"Consolidation round 2026-09-21: duplicates Hotel record ""The Himanchal Lodge & Hotel"" (id 3743) ~0 m away.  Lodging records are managed in the Hotel table; this duplicate destination row was deactivated (data kept for audit)."
5011,Hotel Krishna Palace,"Consolidation round 2026-09-21: duplicates Hotel record ""Hotel Krishna Palace"" (id 3742) ~0 m away.  Lodging records are managed in the Hotel table; this duplicate destination row was deactivated (data kept for audit)."
5010,Hotel Mount Dhaulagiri,"Consolidation round 2026-09-21: duplicates Hotel record ""Hotel Mount Dhaulagiri"" (id 3741) ~0 m away.  Lodging records are managed in the Hotel table; this duplicate destination row was deactivated (data kept for audit)."
5009,New Namaste Guest House,"Consolidation round 2026-09-21: duplicates Hotel record ""New Namaste Guest House"" (id 3740) ~0 m away.  Lodging records are managed in the Hotel table; this duplicate destination row was deactivated (data kept for audit)."
5008,Hotel Isan,"Consolidation round 2026-09-21: duplicates Hotel record ""Hotel Isan"" (id 3739) ~0 m away.  Lodging records are managed in the Hotel table; this duplicate destination row was deactivated (data kept for audit)."
5007,Hotel Central Park,"Consolidation round 2026-09-21: duplicates Hotel record ""Hotel Central Park"" (id 3738) ~0 m away.  Lodging records are managed in the Hotel table; this duplicate destination row was deactivated (data kept for audit)."
5005,Hotel U and I,"Consolidation round 2026-09-21: duplicates Hotel record ""Hotel U and I"" (id 2881) ~0 m away.  Lodging records are managed in the Hotel table; this duplicate destination row was deactivated (data kept for audit)."
5002,Mount Kailash Resort,"Consolidation round 2026-09-21: duplicates Hotel record ""Mount Kailash Resort"" (id 2880) ~0 m away.  Lodging records are managed in the Hotel table; this duplicate destination row was deactivated (data kept for audit)."
4999,Dev Guest House,"Consolidation round 2026-09-21: duplicates Hotel record ""Dev Guest House"" (id 3902) ~0 m away.  Lodging records are managed in the Hotel table; this duplicate destination row was deactivated (data kept for audit)."
4998,Hotel Clarion,"Consolidation round 2026-09-21: duplicates Hotel record ""Hotel Clarion"" (id 3901) ~0 m away.  Lodging records are managed in the Hotel table; this duplicate destination row was deactivated (data kept for audit)."
4996,Jomsom Mountain Resort,"Consolidation round 2026-09-21: duplicates Hotel record ""Jomsom Mountain Resort"" (id 4232) ~1 m away.  Lodging records are managed in the Hotel table; this duplicate destination row was deactivated (data kept for audit)."
4994,Hotel Harmika,"Consolidation round 2026-09-21: duplicates Hotel record ""Hotel Harmika"" (id 3732) ~0 m away.  Lodging records are managed in the Hotel table; this duplicate destination row was deactivated (data kept for audit)."
4993,Hotel Kaze Darbar,"Consolidation round 2026-09-21: duplicates Hotel record ""Hotel Kaze Darbar"" (id 3731) ~0 m away.  Lodging records are managed in the Hotel table; this duplicate destination row was deactivated (data kept for audit)."
4986,Hotel Fewa,"Consolidation round 2026-09-21: duplicates Hotel record ""Hotel Fewa"" (id 2879) ~0 m away.  Lodging records are managed in the Hotel table; this duplicate destination row was deactivated (data kept for audit)."
4984,Papaya House Apartment Hotel (AirBnB),"Consolidation round 2026-09-21: duplicates Hotel record ""Papaya House Apartment Hotel (AirBnB)"" (id 3729) ~0 m away.  Lodging records are managed in the Hotel table; this duplicate destination row was deactivated (data kept for audit)."
4981,Hotel Deepjoyti Pvt. Ltd,"Consolidation round 2026-09-21: duplicates Hotel record ""Hotel Deepjoyti Pvt. Ltd"" (id 3728) ~0 m away.  Lodging records are managed in the Hotel table; this duplicate destination row was deactivated (data kept for audit)."
4977,Hotel Shangri-La,"Consolidation round 2026-09-21: duplicates Hotel record ""Hotel Shangri-La"" (id 3727) ~4 m away.  Lodging records are managed in the Hotel table; this duplicate destination row was deactivated (data kept for audit)."
4975,Hotel Planet Bhaktapur,"Consolidation round 2026-09-21: duplicates Hotel record ""Hotel Planet Bhaktapur"" (id 1668) ~0 m away.  Lodging records are managed in the Hotel table; this duplicate destination row was deactivated (data kept for audit)."
4970,Hotel Himalaya,"Consolidation round 2026-09-21: duplicates Hotel record ""Hotel Himalaya"" (id 3899) ~6 m away.  Lodging records are managed in the Hotel table; this duplicate destination row was deactivated (data kept for audit)."
4923,Tiger Moutain Pokhara Lodge,"Consolidation round 2026-09-21: duplicates Hotel record ""Tiger Moutain Pokhara Lodge"" (id 2877) ~3 m away.  Lodging records are managed in the Hotel table; this duplicate destination row was deactivated (data kept for audit)."
4922,Godavari Village Resort,"Consolidation round 2026-09-21: duplicates Hotel record ""Godavari Village Resort"" (id 3896) ~29 m away.  Lodging records are managed in the Hotel table; this duplicate destination row was deactivated (data kept for audit)."
4921,Khumbila Hotel,"Consolidation round 2026-09-21: duplicates Hotel record ""Khumbila Hotel"" (id 3725) ~0 m away.  Lodging records are managed in the Hotel table; this duplicate destination row was deactivated (data kept for audit)."
4919,Hotel Tulsi,"Consolidation round 2026-09-21: duplicates Hotel record ""Hotel Tulsi"" (id 2876) ~0 m away.  Lodging records are managed in the Hotel table; this duplicate destination row was deactivated (data kept for audit)."
4918,Hotel Barahi,"Consolidation round 2026-09-21: duplicates Hotel record ""Hotel Barahi"" (id 2875) ~7 m away.  Lodging records are managed in the Hotel table; this duplicate destination row was deactivated (data kept for audit)."
4917,Hotel Tilicho,"Consolidation round 2026-09-21: duplicates Hotel record ""Hotel Tilicho"" (id 2874) ~1 m away.  Lodging records are managed in the Hotel table; this duplicate destination row was deactivated (data kept for audit)."
4915,Fish Tail Lodge,"Consolidation round 2026-09-21: duplicates Hotel record ""Fish Tail Lodge"" (id 2872) ~5 m away.  Lodging records are managed in the Hotel table; this duplicate destination row was deactivated (data kept for audit)."
4914,Dwarika's Hotel,"Consolidation round 2026-09-21: duplicates Hotel record ""Dwarika's Hotel"" (id 3724) ~7 m away.  Lodging records are managed in the Hotel table; this duplicate destination row was deactivated (data kept for audit)."
4913,Central Palms Hotel,"Consolidation round 2026-09-21: duplicates Hotel record ""Central Palms Hotel"" (id 1814) ~9 m away.  Lodging records are managed in the Hotel table; this duplicate destination row was deactivated (data kept for audit)."
4912,Royal Singi Hotel,"Consolidation round 2026-09-21: duplicates Hotel record ""Royal Singi Hotel"" (id 3723) ~0 m away.  Lodging records are managed in the Hotel table; this duplicate destination row was deactivated (data kept for audit)."
4902,Hotel Greenwich,"Consolidation round 2026-09-21: duplicates Hotel record ""Hotel Greenwich"" (id 3895) ~3 m away.  Lodging records are managed in the Hotel table; this duplicate destination row was deactivated (data kept for audit)."
4901,Summit Hotel Kathmandu,"Consolidation round 2026-09-21: duplicates Hotel record ""Summit Hotel Kathmandu"" (id 3894) ~7 m away.  Lodging records are managed in the Hotel table; this duplicate destination row was deactivated (data kept for audit)."
4897,Hotel Smart,"Consolidation round 2026-09-21: duplicates Hotel record ""Hotel Smart"" (id 3720) ~0 m away.  Lodging records are managed in the Hotel table; this duplicate destination row was deactivated (data kept for audit)."
4873,Homestay,"Consolidation round 2026-09-21: duplicates Hotel record ""Homestay"" (id 4994) ~0 m away.  Lodging records are managed in the Hotel table; this duplicate destination row was deactivated (data kept for audit)."
4872,Kaligandaki Riverside Resort,"Consolidation round 2026-09-21: duplicates Hotel record ""Kaligandaki Riverside Resort"" (id 4993) ~0 m away.  Lodging records are managed in the Hotel table; this duplicate destination row was deactivated (data kept for audit)."
4867,Rukumeli Hotel and Lodge,"Consolidation round 2026-09-21: duplicates Hotel record ""Rukumeli Hotel and Lodge"" (id 2870) ~0 m away.  Lodging records are managed in the Hotel table; this duplicate destination row was deactivated (data kept for audit)."
4864,Greenland guest house and restaurant,"Consolidation round 2026-09-21: duplicates Hotel record ""Greenland guest house and restaurant"" (id 2868) ~0 m away.  Lodging records are managed in the Hotel table; this duplicate destination row was deactivated (data kept for audit)."
4860,New Lali Gurans guest house and restaurant,"Consolidation round 2026-09-21: duplicates Hotel record ""New Lali Gurans guest house and restaurant"" (id 2867) ~0 m away.  Lodging records are managed in the Hotel table; this duplicate destination row was deactivated (data kept for audit)."
4820,Excellent View Hotel & Restaurant,"Consolidation round 2026-09-21: duplicates Hotel record ""Excellent View Hotel & Restaurant"" (id 2866) ~0 m away.  Lodging records are managed in the Hotel table; this duplicate destination row was deactivated (data kept for audit)."
4818,Ekelebhatti Long Bridge Guesthouse & Restaurant,"Consolidation round 2026-09-21: duplicates Hotel record ""Ekelebhatti Long Bridge Guesthouse & Restaurant"" (id 1911) ~0 m away.  Lodging records are managed in the Hotel table; this duplicate destination row was deactivated (data kept for audit)."
4814,Tsum Valey Pangpoche Guest House,"Consolidation round 2026-09-21: duplicates Hotel record ""Tsum Valey Pangpoche Guest House"" (id 1910) ~0 m away.  Lodging records are managed in the Hotel table; this duplicate destination row was deactivated (data kept for audit)."
4807,Temba's Homestay,"Consolidation round 2026-09-21: duplicates Hotel record ""Temba's Homestay"" (id 3715) ~0 m away.  Lodging records are managed in the Hotel table; this duplicate destination row was deactivated (data kept for audit)."
4804,Tashi Yangchen Hotel & Lodge,"Consolidation round 2026-09-21: duplicates Hotel record ""Tashi Yangchen Hotel & Lodge"" (id 1909) ~0 m away.  Lodging records are managed in the Hotel table; this duplicate destination row was deactivated (data kept for audit)."
4803,Samsgaun Hotel & Lodge,"Consolidation round 2026-09-21: duplicates Hotel record ""Samsgaun Hotel & Lodge"" (id 1908) ~0 m away.  Lodging records are managed in the Hotel table; this duplicate destination row was deactivated (data kept for audit)."
4802,Joyful Hotel,"Consolidation round 2026-09-21: duplicates Hotel record ""Joyful Hotel"" (id 1907) ~0 m away.  Lodging records are managed in the Hotel table; this duplicate destination row was deactivated (data kept for audit)."
4801,Boddhisattva Hotel & Lodge,"Consolidation round 2026-09-21: duplicates Hotel record ""Boddhisattva Hotel & Lodge"" (id 1906) ~0 m away.  Lodging records are managed in the Hotel table; this duplicate destination row was deactivated (data kept for audit)."
4800,Hotel Base Camp,"Consolidation round 2026-09-21: duplicates Hotel record ""Hotel Base Camp"" (id 1905) ~0 m away.  Lodging records are managed in the Hotel table; this duplicate destination row was deactivated (data kept for audit)."
4799,Peace Heaven Hotel & Lodge,"Consolidation round 2026-09-21: duplicates Hotel record ""Peace Heaven Hotel & Lodge"" (id 1904) ~0 m away.  Lodging records are managed in the Hotel table; this duplicate destination row was deactivated (data kept for audit)."
4788,Tashi Delek Hotel & Lodge,"Consolidation round 2026-09-21: duplicates Hotel record ""Tashi Delek Hotel & Lodge"" (id 1903) ~0 m away.  Lodging records are managed in the Hotel table; this duplicate destination row was deactivated (data kept for audit)."
4787,Bur Guest House,"Consolidation round 2026-09-21: duplicates Hotel record ""Bur Guest House"" (id 1902) ~0 m away.  Lodging records are managed in the Hotel table; this duplicate destination row was deactivated (data kept for audit)."
4786,Akley Bhatti Hotel & Lodge,"Consolidation round 2026-09-21: duplicates Hotel record ""Akley Bhatti Hotel & Lodge"" (id 1901) ~0 m away.  Lodging records are managed in the Hotel table; this duplicate destination row was deactivated (data kept for audit)."
4785,Namgyal Guest House,"Consolidation round 2026-09-21: duplicates Hotel record ""Namgyal Guest House"" (id 1900) ~0 m away.  Lodging records are managed in the Hotel table; this duplicate destination row was deactivated (data kept for audit)."
4784,Manju Baha Hotel School,"Consolidation round 2026-09-21: duplicates Hotel record ""Manju Baha Hotel School"" (id 1667) ~0 m away.  Lodging records are managed in the Hotel table; this duplicate destination row was deactivated (data kept for audit)."
4779,Drakon Nest Homestay,"Consolidation round 2026-09-21: duplicates Hotel record ""Drakon Nest Homestay"" (id 3712) ~0 m away.  Lodging records are managed in the Hotel table; this duplicate destination row was deactivated (data kept for audit)."
4773,Bodhi Guest House and Spa,"Consolidation round 2026-09-21: duplicates Hotel record ""Bodhi Guest House and Spa"" (id 3710) ~0 m away.  Lodging records are managed in the Hotel table; this duplicate destination row was deactivated (data kept for audit)."
4768,Hotel trekkers Sanctuary Ghandruk,"Consolidation round 2026-09-21: duplicates Hotel record ""Hotel trekkers Sanctuary Ghandruk"" (id 2864) ~0 m away.  Lodging records are managed in the Hotel table; this duplicate destination row was deactivated (data kept for audit)."
4767,Laliguras hotel & restaurant,"Consolidation round 2026-09-21: duplicates Hotel record ""Laliguras hotel & restaurant"" (id 4105) ~0 m away.  Lodging records are managed in the Hotel table; this duplicate destination row was deactivated (data kept for audit)."
4758,Waterfall view,"Consolidation round 2026-09-21: duplicate of destination ""Waterfall view"" (id 1858) ~21 m away.  Lodging records are managed in the Hotel table; this duplicate destination row was deactivated (data kept for audit)."
4752,Hotel Juju,"Consolidation round 2026-09-21: duplicates Hotel record ""Hotel Juju"" (id 2863) ~85 m away.  Lodging records are managed in the Hotel table; this duplicate destination row was deactivated (data kept for audit)."
4751,Hotel Juju,"Consolidation round 2026-09-21: duplicates Hotel record ""Hotel Juju"" (id 2863) ~0 m away.  Lodging records are managed in the Hotel table; this duplicate destination row was deactivated (data kept for audit)."
4749,Hotel Siraichuli,"Consolidation round 2026-09-21: duplicates Hotel record ""Hotel Siraichuli"" (id 1813) ~0 m away.  Lodging records are managed in the Hotel table; this duplicate destination row was deactivated (data kept for audit)."
4743,Gap Cottage,"Consolidation round 2026-09-21: duplicates Hotel record ""Gap Cottage"" (id 1899) ~0 m away.  Lodging records are managed in the Hotel table; this duplicate destination row was deactivated (data kept for audit)."
4738,Hotel  Gurkha's Inn & Restaurant,"Consolidation round 2026-09-21: duplicates Hotel record ""Hotel  Gurkha's Inn & Restaurant"" (id 4104) ~0 m away.  Lodging records are managed in the Hotel table; this duplicate destination row was deactivated (data kept for audit)."
4719,Kimrong Viewpoint Guest House,"Consolidation round 2026-09-21: duplicates Hotel record ""Kimrong Viewpoint Guest House"" (id 2862) ~0 m away.  Lodging records are managed in the Hotel table; this duplicate destination row was deactivated (data kept for audit)."
4716,Hotel Hidden Paradise,"Consolidation round 2026-09-21: duplicates Hotel record ""Hotel Hidden Paradise"" (id 2861) ~0 m away.  Lodging records are managed in the Hotel table; this duplicate destination row was deactivated (data kept for audit)."
4708,Hotel Kyimolung,"Consolidation round 2026-09-21: duplicates Hotel record ""Hotel Kyimolung"" (id 1898) ~0 m away.  Lodging records are managed in the Hotel table; this duplicate destination row was deactivated (data kept for audit)."
4704,Lhaptang Guest House,"Consolidation round 2026-09-21: duplicates Hotel record ""Lhaptang Guest House"" (id 1897) ~0 m away.  Lodging records are managed in the Hotel table; this duplicate destination row was deactivated (data kept for audit)."
4701,Ghap Cottage Guest House,"Consolidation round 2026-09-21: duplicates Hotel record ""Ghap Cottage Guest House"" (id 1896) ~0 m away.  Lodging records are managed in the Hotel table; this duplicate destination row was deactivated (data kept for audit)."
4698,Mani - Mur à prière,"Consolidation round 2026-09-21: duplicate of destination ""Mani - Mur à prière"" (id 4682) ~87 m away.  Lodging records are managed in the Hotel table; this duplicate destination row was deactivated (data kept for audit)."
4693,Zambala Manaslu Sho Guest House,"Consolidation round 2026-09-21: duplicates Hotel record ""Zambala Manaslu Sho Guest House"" (id 1895) ~0 m away.  Lodging records are managed in the Hotel table; this duplicate destination row was deactivated (data kept for audit)."
4689,Hotel Sherpa Lodge & Café - Magasin,"Consolidation round 2026-09-21: duplicates Hotel record ""Hotel Sherpa Lodge & Café - Magasin"" (id 1894) ~0 m away.  Lodging records are managed in the Hotel table; this duplicate destination row was deactivated (data kept for audit)."
4687,Budhi Gandaki Hotel,"Consolidation round 2026-09-21: duplicates Hotel record ""Budhi Gandaki Hotel"" (id 1893) ~0 m away.  Lodging records are managed in the Hotel table; this duplicate destination row was deactivated (data kept for audit)."
4679,Gapkaltal Guest House,"Consolidation round 2026-09-21: duplicates Hotel record ""Gapkaltal Guest House"" (id 1892) ~0 m away.  Lodging records are managed in the Hotel table; this duplicate destination row was deactivated (data kept for audit)."
4676,Karma Hotel,"Consolidation round 2026-09-21: duplicates Hotel record ""Karma Hotel"" (id 1891) ~0 m away.  Lodging records are managed in the Hotel table; this duplicate destination row was deactivated (data kept for audit)."
4670,hotel arati,"Consolidation round 2026-09-21: duplicates Hotel record ""hotel arati"" (id 3707) ~0 m away.  Lodging records are managed in the Hotel table; this duplicate destination row was deactivated (data kept for audit)."
4667,Chameri Himal Guesthouse,"Consolidation round 2026-09-21: duplicates Hotel record ""Chameri Himal Guesthouse"" (id 1888) ~0 m away.  Lodging records are managed in the Hotel table; this duplicate destination row was deactivated (data kept for audit)."
4666,Tashi Delek Lobshang Lodge & Restaurant,"Consolidation round 2026-09-21: duplicates Hotel record ""Tashi Delek Lobshang Lodge & Restaurant"" (id 1887) ~0 m away.  Lodging records are managed in the Hotel table; this duplicate destination row was deactivated (data kept for audit)."
4665,River View Guest House,"Consolidation round 2026-09-21: duplicates Hotel record ""River View Guest House"" (id 1886) ~0 m away.  Lodging records are managed in the Hotel table; this duplicate destination row was deactivated (data kept for audit)."
4664,Hotel Motherland Tsum,"Consolidation round 2026-09-21: duplicates Hotel record ""Hotel Motherland Tsum"" (id 1885) ~0 m away.  Lodging records are managed in the Hotel table; this duplicate destination row was deactivated (data kept for audit)."
4662,"Dharche Namaste Hotel, Restaurant &  Cofee Shop","Consolidation round 2026-09-21: duplicates Hotel record ""Dharche Namaste Hotel, Restaurant &  Cofee Shop"" (id 1884) ~0 m away.  Lodging records are managed in the Hotel table; this duplicate destination row was deactivated (data kept for audit)."
4648,Tibet Boutique Hotel,"Consolidation round 2026-09-21: duplicates Hotel record ""Tibet Boutique Hotel"" (id 3706) ~0 m away.  Lodging records are managed in the Hotel table; this duplicate destination row was deactivated (data kept for audit)."
4647,New Himalayan cottage,"Consolidation round 2026-09-21: duplicates Hotel record ""New Himalayan cottage"" (id 4103) ~0 m away.  Lodging records are managed in the Hotel table; this duplicate destination row was deactivated (data kept for audit)."
4640,Shiva lodge,"Consolidation round 2026-09-21: duplicates Hotel record ""Shiva lodge"" (id 2859) ~0 m away.  Lodging records are managed in the Hotel table; this duplicate destination row was deactivated (data kept for audit)."
4633,Hotel Janmabhumi 2,"Consolidation round 2026-09-21: duplicates Hotel record ""Hotel Janmabhumi 2"" (id 3705) ~0 m away.  Lodging records are managed in the Hotel table; this duplicate destination row was deactivated (data kept for audit)."
4630,Hotel Rita,"Consolidation round 2026-09-21: duplicates Hotel record ""Hotel Rita"" (id 4229) ~0 m away.  Lodging records are managed in the Hotel table; this duplicate destination row was deactivated (data kept for audit)."
4627,Nature Inn,"Consolidation round 2026-09-21: duplicates Hotel record ""Nature Inn"" (id 4226) ~0 m away.  Lodging records are managed in the Hotel table; this duplicate destination row was deactivated (data kept for audit)."
4610,Hotel Thrive,"Consolidation round 2026-09-21: duplicates Hotel record ""Hotel Thrive"" (id 3704) ~0 m away.  Lodging records are managed in the Hotel table; this duplicate destination row was deactivated (data kept for audit)."
4603,Hotel Mona Lisa,"Consolidation round 2026-09-21: duplicates Hotel record ""Hotel Mona Lisa"" (id 4206) ~0 m away.  Lodging records are managed in the Hotel table; this duplicate destination row was deactivated (data kept for audit)."
4602,Hotel Laligurans,"Consolidation round 2026-09-21: duplicates Hotel record ""Hotel Laligurans"" (id 4205) ~0 m away.  Lodging records are managed in the Hotel table; this duplicate destination row was deactivated (data kept for audit)."
4599,Dolma Inn,"Consolidation round 2026-09-21: duplicates Hotel record ""Dolma Inn"" (id 4202) ~0 m away.  Lodging records are managed in the Hotel table; this duplicate destination row was deactivated (data kept for audit)."
4597,Hotel Buddha Himalayan,"Consolidation round 2026-09-21: duplicates Hotel record ""Hotel Buddha Himalayan"" (id 4200) ~0 m away.  Lodging records are managed in the Hotel table; this duplicate destination row was deactivated (data kept for audit)."
4595,Panorama Inn,"Consolidation round 2026-09-21: duplicates Hotel record ""Panorama Inn"" (id 4198) ~0 m away.  Lodging records are managed in the Hotel table; this duplicate destination row was deactivated (data kept for audit)."
4594,Saino Lodge,"Consolidation round 2026-09-21: duplicates Hotel record ""Saino Lodge"" (id 4102) ~0 m away.  Lodging records are managed in the Hotel table; this duplicate destination row was deactivated (data kept for audit)."
4593,Hotel Trekkers,"Consolidation round 2026-09-21: duplicates Hotel record ""Hotel Trekkers"" (id 4101) ~0 m away.  Lodging records are managed in the Hotel table; this duplicate destination row was deactivated (data kept for audit)."
4592,Hotel Nyeshyang,"Consolidation round 2026-09-21: duplicates Hotel record ""Hotel Nyeshyang"" (id 4100) ~0 m away.  Lodging records are managed in the Hotel table; this duplicate destination row was deactivated (data kept for audit)."
4591,Hotel New Himalayan,"Consolidation round 2026-09-21: duplicates Hotel record ""Hotel New Himalayan"" (id 4099) ~0 m away.  Lodging records are managed in the Hotel table; this duplicate destination row was deactivated (data kept for audit)."
4588,New Norbu Ling Hotel,"Consolidation round 2026-09-21: duplicates Hotel record ""New Norbu Ling Hotel"" (id 4097) ~0 m away.  Lodging records are managed in the Hotel table; this duplicate destination row was deactivated (data kept for audit)."
4587,Hotel mountain view,"Consolidation round 2026-09-21: duplicates Hotel record ""Hotel mountain view"" (id 4096) ~0 m away.  Lodging records are managed in the Hotel table; this duplicate destination row was deactivated (data kept for audit)."
4585,Hotel Basecamp Inn,"Consolidation round 2026-09-21: duplicates Hotel record ""Hotel Basecamp Inn"" (id 4094) ~0 m away.  Lodging records are managed in the Hotel table; this duplicate destination row was deactivated (data kept for audit)."
4584,Mountain eco cottage,"Consolidation round 2026-09-21: duplicates Hotel record ""Mountain eco cottage"" (id 4093) ~0 m away.  Lodging records are managed in the Hotel table; this duplicate destination row was deactivated (data kept for audit)."
4581,Norbu Ling Hotel,"Consolidation round 2026-09-21: duplicates Hotel record ""Norbu Ling Hotel"" (id 4091) ~0 m away.  Lodging records are managed in the Hotel table; this duplicate destination row was deactivated (data kept for audit)."
4580,Ghale guest house,"Consolidation round 2026-09-21: duplicates Hotel record ""Ghale guest house"" (id 4090) ~0 m away.  Lodging records are managed in the Hotel table; this duplicate destination row was deactivated (data kept for audit)."
4579,Xchongla Homestay,"Consolidation round 2026-09-21: duplicates Hotel record ""Xchongla Homestay"" (id 4089) ~0 m away.  Lodging records are managed in the Hotel table; this duplicate destination row was deactivated (data kept for audit)."
4574,Happy Guest House,"Consolidation round 2026-09-21: duplicates Hotel record ""Happy Guest House"" (id 4085) ~0 m away.  Lodging records are managed in the Hotel table; this duplicate destination row was deactivated (data kept for audit)."
4571,Luma inn,"Consolidation round 2026-09-21: duplicates Hotel record ""Luma inn"" (id 2856) ~0 m away.  Lodging records are managed in the Hotel table; this duplicate destination row was deactivated (data kept for audit)."
4569,Hotel Royal corner,"Consolidation round 2026-09-21: duplicates Hotel record ""Hotel Royal corner"" (id 2854) ~0 m away.  Lodging records are managed in the Hotel table; this duplicate destination row was deactivated (data kept for audit)."
4568,Hotel Tibet international,"Consolidation round 2026-09-21: duplicates Hotel record ""Hotel Tibet international"" (id 3703) ~0 m away.  Lodging records are managed in the Hotel table; this duplicate destination row was deactivated (data kept for audit)."
4567,Home Guest House,"Consolidation round 2026-09-21: duplicates Hotel record ""Home Guest House"" (id 3702) ~0 m away.  Lodging records are managed in the Hotel table; this duplicate destination row was deactivated (data kept for audit)."
4566,Aarya Chaita Inn,"Consolidation round 2026-09-21: duplicates Hotel record ""Aarya Chaita Inn"" (id 3701) ~0 m away.  Lodging records are managed in the Hotel table; this duplicate destination row was deactivated (data kept for audit)."
4560,Hotel Phenix,"Consolidation round 2026-09-21: duplicates Hotel record ""Hotel Phenix"" (id 3699) ~0 m away.  Lodging records are managed in the Hotel table; this duplicate destination row was deactivated (data kept for audit)."
4555,Hotel Mringkyo,"Consolidation round 2026-09-21: duplicates Hotel record ""Hotel Mringkyo"" (id 4084) ~0 m away.  Lodging records are managed in the Hotel table; this duplicate destination row was deactivated (data kept for audit)."
4553,Hotel Maa Manakamana,"Consolidation round 2026-09-21: duplicates Hotel record ""Hotel Maa Manakamana"" (id 3697) ~0 m away.  Lodging records are managed in the Hotel table; this duplicate destination row was deactivated (data kept for audit)."
4550,Everest Holiday Inn,"Consolidation round 2026-09-21: duplicates Hotel record ""Everest Holiday Inn"" (id 3694) ~0 m away.  Lodging records are managed in the Hotel table; this duplicate destination row was deactivated (data kept for audit)."
4545,Hotel Om,"Consolidation round 2026-09-21: duplicates Hotel record ""Hotel Om"" (id 2849) ~0 m away.  Lodging records are managed in the Hotel table; this duplicate destination row was deactivated (data kept for audit)."
4536,Mount Fuji Homestay,"Consolidation round 2026-09-21: duplicates Hotel record ""Mount Fuji Homestay"" (id 2842) ~0 m away.  Lodging records are managed in the Hotel table; this duplicate destination row was deactivated (data kept for audit)."
4535,Hotel Alpine,"Consolidation round 2026-09-21: duplicates Hotel record ""Hotel Alpine"" (id 2841) ~0 m away.  Lodging records are managed in the Hotel table; this duplicate destination row was deactivated (data kept for audit)."
4533,Best step inn,"Consolidation round 2026-09-21: duplicates Hotel record ""Best step inn"" (id 4197) ~0 m away.  Lodging records are managed in the Hotel table; this duplicate destination row was deactivated (data kept for audit)."
4529,New Annapurna Guest house,"Consolidation round 2026-09-21: duplicates Hotel record ""New Annapurna Guest house"" (id 4081) ~0 m away.  Lodging records are managed in the Hotel table; this duplicate destination row was deactivated (data kept for audit)."
4527,Buddha Kitchen Hotel,"Consolidation round 2026-09-21: duplicates Hotel record ""Buddha Kitchen Hotel"" (id 4079) ~0 m away.  Lodging records are managed in the Hotel table; this duplicate destination row was deactivated (data kept for audit)."
4526,Shanti Hotel,"Consolidation round 2026-09-21: duplicates Hotel record ""Shanti Hotel"" (id 4078) ~0 m away.  Lodging records are managed in the Hotel table; this duplicate destination row was deactivated (data kept for audit)."
4524,Hotel Mandala,"Consolidation round 2026-09-21: duplicates Hotel record ""Hotel Mandala"" (id 3965) ~0 m away.  Lodging records are managed in the Hotel table; this duplicate destination row was deactivated (data kept for audit)."
4523,Natural View guest house,"Consolidation round 2026-09-21: duplicates Hotel record ""Natural View guest house"" (id 3964) ~0 m away.  Lodging records are managed in the Hotel table; this duplicate destination row was deactivated (data kept for audit)."
4520,Garden Hotel,"Consolidation round 2026-09-21: duplicates Hotel record ""Garden Hotel"" (id 4076) ~0 m away.  Lodging records are managed in the Hotel table; this duplicate destination row was deactivated (data kept for audit)."
4519,Manasalu Guest House,"Consolidation round 2026-09-21: duplicates Hotel record ""Manasalu Guest House"" (id 3962) ~0 m away.  Lodging records are managed in the Hotel table; this duplicate destination row was deactivated (data kept for audit)."
4518,Annapurna Guesthouse,"Consolidation round 2026-09-21: duplicates Hotel record ""Annapurna Guesthouse"" (id 3961) ~0 m away.  Lodging records are managed in the Hotel table; this duplicate destination row was deactivated (data kept for audit)."
4517,Through Peak guest house,"Consolidation round 2026-09-21: duplicates Hotel record ""Through Peak guest house"" (id 3960) ~0 m away.  Lodging records are managed in the Hotel table; this duplicate destination row was deactivated (data kept for audit)."
4515,Hotel Era,"Consolidation round 2026-09-21: duplicates Hotel record ""Hotel Era"" (id 3692) ~0 m away.  Lodging records are managed in the Hotel table; this duplicate destination row was deactivated (data kept for audit)."
4514,Hotel Tik Tok,"Consolidation round 2026-09-21: duplicates Hotel record ""Hotel Tik Tok"" (id 3691) ~0 m away.  Lodging records are managed in the Hotel table; this duplicate destination row was deactivated (data kept for audit)."
4507,Airport Diana Hotel,"Consolidation round 2026-09-21: duplicates Hotel record ""Airport Diana Hotel"" (id 3690) ~0 m away.  Lodging records are managed in the Hotel table; this duplicate destination row was deactivated (data kept for audit)."
4503,Bandipur Mountain Resort,"Consolidation round 2026-09-21: duplicates Hotel record ""Bandipur Mountain Resort"" (id 4991) ~0 m away.  Lodging records are managed in the Hotel table; this duplicate destination row was deactivated (data kept for audit)."
4500,Mipra,"Consolidation round 2026-09-21: duplicate of destination ""Mipra"" (id 4499) ~198 m away.  Lodging records are managed in the Hotel table; this duplicate destination row was deactivated (data kept for audit)."
4490,Hotel Heaven Mountain & Restaurant,"Consolidation round 2026-09-21: duplicates Hotel record ""Hotel Heaven Mountain & Restaurant"" (id 4075) ~0 m away.  Lodging records are managed in the Hotel table; this duplicate destination row was deactivated (data kept for audit)."
4459,Srishti Srijana Hotel,"Consolidation round 2026-09-21: duplicates Hotel record ""Srishti Srijana Hotel"" (id 1812) ~0 m away.  Lodging records are managed in the Hotel table; this duplicate destination row was deactivated (data kept for audit)."
4456,Thorong Peak Hotel,"Consolidation round 2026-09-21: duplicates Hotel record ""Thorong Peak Hotel"" (id 4074) ~0 m away.  Lodging records are managed in the Hotel table; this duplicate destination row was deactivated (data kept for audit)."
4452,Himalayan Hotel,"Consolidation round 2026-09-21: duplicates Hotel record ""Himalayan Hotel"" (id 4073) ~0 m away.  Lodging records are managed in the Hotel table; this duplicate destination row was deactivated (data kept for audit)."
4447,Hotel Sarowar,"Consolidation round 2026-09-21: duplicates Hotel record ""Hotel Sarowar"" (id 31) ~94 m away.  Lodging records are managed in the Hotel table; this duplicate destination row was deactivated (data kept for audit)."
4437,Hotel Himalayan Paradise,"Consolidation round 2026-09-21: duplicates Hotel record ""Hotel Himalayan Paradise"" (id 4196) ~0 m away.  Lodging records are managed in the Hotel table; this duplicate destination row was deactivated (data kept for audit)."
4434,Maya Hotel & Restaurant,"Consolidation round 2026-09-21: duplicates Hotel record ""Maya Hotel & Restaurant"" (id 4071) ~0 m away.  Lodging records are managed in the Hotel table; this duplicate destination row was deactivated (data kept for audit)."
4433,Hôtel Yumpo & Lodge,"Consolidation round 2026-09-21: duplicates Hotel record ""Hôtel Yumpo & Lodge"" (id 3958) ~0 m away.  Lodging records are managed in the Hotel table; this duplicate destination row was deactivated (data kept for audit)."
4426,Tokyi Guest House,"Consolidation round 2026-09-21: duplicates Hotel record ""Tokyi Guest House"" (id 3685) ~0 m away.  Lodging records are managed in the Hotel table; this duplicate destination row was deactivated (data kept for audit)."
4419,Hotel High Ground Inn,"Consolidation round 2026-09-21: duplicates Hotel record ""Hotel High Ground Inn"" (id 2838) ~0 m away.  Lodging records are managed in the Hotel table; this duplicate destination row was deactivated (data kept for audit)."
4418,Hotel glamorous View,"Consolidation round 2026-09-21: duplicates Hotel record ""Hotel glamorous View"" (id 2837) ~0 m away.  Lodging records are managed in the Hotel table; this duplicate destination row was deactivated (data kept for audit)."
4410,Bandipur Kaushi Inn,"Consolidation round 2026-09-21: duplicates Hotel record ""Bandipur Kaushi Inn"" (id 4990) ~0 m away.  Lodging records are managed in the Hotel table; this duplicate destination row was deactivated (data kept for audit)."
4404,Thamel Hotel & Spa,"Consolidation round 2026-09-21: duplicates Hotel record ""Thamel Hotel & Spa"" (id 3681) ~0 m away.  Lodging records are managed in the Hotel table; this duplicate destination row was deactivated (data kept for audit)."
4397,Buddha Guest House & Restaurant,"Consolidation round 2026-09-21: duplicates Hotel record ""Buddha Guest House & Restaurant"" (id 4070) ~0 m away.  Lodging records are managed in the Hotel table; this duplicate destination row was deactivated (data kept for audit)."
4395,Hotel Narpa,"Consolidation round 2026-09-21: duplicates Hotel record ""Hotel Narpa"" (id 4068) ~0 m away.  Lodging records are managed in the Hotel table; this duplicate destination row was deactivated (data kept for audit)."
4393,Hotel de Purang,"Consolidation round 2026-09-21: duplicates Hotel record ""Hotel de Purang"" (id 4195) ~0 m away.  Lodging records are managed in the Hotel table; this duplicate destination row was deactivated (data kept for audit)."
4390,Hotel Silverline Pvt. Ltd,"Consolidation round 2026-09-21: duplicates Hotel record ""Hotel Silverline Pvt. Ltd"" (id 2835) ~0 m away.  Lodging records are managed in the Hotel table; this duplicate destination row was deactivated (data kept for audit)."
4389,Everland Kathmandu Hotel (Thamel),"Consolidation round 2026-09-21: duplicates Hotel record ""Everland Kathmandu Hotel (Thamel)"" (id 3680) ~0 m away.  Lodging records are managed in the Hotel table; this duplicate destination row was deactivated (data kept for audit)."
4387,Hotel Gumbu,"Consolidation round 2026-09-21: duplicates Hotel record ""Hotel Gumbu"" (id 3678) ~0 m away.  Lodging records are managed in the Hotel table; this duplicate destination row was deactivated (data kept for audit)."
4386,Kaylas Boutique Hotel,"Consolidation round 2026-09-21: duplicates Hotel record ""Kaylas Boutique Hotel"" (id 3677) ~0 m away.  Lodging records are managed in the Hotel table; this duplicate destination row was deactivated (data kept for audit)."
4385,ViaVia Boutique Hotel - Kathmandu,"Consolidation round 2026-09-21: duplicates Hotel record ""ViaVia Boutique Hotel - Kathmandu"" (id 3676) ~0 m away.  Lodging records are managed in the Hotel table; this duplicate destination row was deactivated (data kept for audit)."
4384,Jungle World Resort,"Consolidation round 2026-09-21: duplicates Hotel record ""Jungle World Resort"" (id 1810) ~0 m away.  Lodging records are managed in the Hotel table; this duplicate destination row was deactivated (data kept for audit)."
4365,Hotel Durbar Side,"Consolidation round 2026-09-21: duplicates Hotel record ""Hotel Durbar Side"" (id 1666) ~0 m away.  Lodging records are managed in the Hotel table; this duplicate destination row was deactivated (data kept for audit)."
4364,Hotel Layaku Durbar,"Consolidation round 2026-09-21: duplicates Hotel record ""Hotel Layaku Durbar"" (id 1665) ~0 m away.  Lodging records are managed in the Hotel table; this duplicate destination row was deactivated (data kept for audit)."
4363,Hotel Vintage Home,"Consolidation round 2026-09-21: duplicates Hotel record ""Hotel Vintage Home"" (id 1664) ~0 m away.  Lodging records are managed in the Hotel table; this duplicate destination row was deactivated (data kept for audit)."
4343,Hotel Vistara,"Consolidation round 2026-09-21: duplicates Hotel record ""Hotel Vistara"" (id 3675) ~0 m away.  Lodging records are managed in the Hotel table; this duplicate destination row was deactivated (data kept for audit)."
4342,Himalaya Hotel & Restaurant,"Consolidation round 2026-09-21: duplicates Hotel record ""Himalaya Hotel & Restaurant"" (id 2834) ~0 m away.  Lodging records are managed in the Hotel table; this duplicate destination row was deactivated (data kept for audit)."
4341,Bambou Guest House & Restaurant,"Consolidation round 2026-09-21: duplicates Hotel record ""Bambou Guest House & Restaurant"" (id 2833) ~0 m away.  Lodging records are managed in the Hotel table; this duplicate destination row was deactivated (data kept for audit)."
4340,Greenland Lodge & Restaurant,"Consolidation round 2026-09-21: duplicates Hotel record ""Greenland Lodge & Restaurant"" (id 2832) ~0 m away.  Lodging records are managed in the Hotel table; this duplicate destination row was deactivated (data kept for audit)."
4331,Tujala Boutique Hotel,"Consolidation round 2026-09-21: duplicates Hotel record ""Tujala Boutique Hotel"" (id 1663) ~0 m away.  Lodging records are managed in the Hotel table; this duplicate destination row was deactivated (data kept for audit)."
4330,Boudha Apart Hotel,"Consolidation round 2026-09-21: duplicates Hotel record ""Boudha Apart Hotel"" (id 3672) ~0 m away.  Lodging records are managed in the Hotel table; this duplicate destination row was deactivated (data kept for audit)."
4328,Hotel Shambala,"Consolidation round 2026-09-21: duplicates Hotel record ""Hotel Shambala"" (id 3671) ~0 m away.  Lodging records are managed in the Hotel table; this duplicate destination row was deactivated (data kept for audit)."
4326,Ocean Inn,"Consolidation round 2026-09-21: duplicates Hotel record ""Ocean Inn"" (id 3669) ~0 m away.  Lodging records are managed in the Hotel table; this duplicate destination row was deactivated (data kept for audit)."
4322,Shambala hotel,"Consolidation round 2026-09-21: duplicates Hotel record ""Shambala hotel"" (id 4194) ~0 m away.  Lodging records are managed in the Hotel table; this duplicate destination row was deactivated (data kept for audit)."
4319,Hotel Mandala,"Consolidation round 2026-09-21: duplicates Hotel record ""Hotel Mandala"" (id 4193) ~0 m away.  Lodging records are managed in the Hotel table; this duplicate destination row was deactivated (data kept for audit)."
4318,KC Heaven Hotel,"Consolidation round 2026-09-21: duplicates Hotel record ""KC Heaven Hotel"" (id 4192) ~0 m away.  Lodging records are managed in the Hotel table; this duplicate destination row was deactivated (data kept for audit)."
4317,Hotel The Norbuling,"Consolidation round 2026-09-21: duplicates Hotel record ""Hotel The Norbuling"" (id 4191) ~0 m away.  Lodging records are managed in the Hotel table; this duplicate destination row was deactivated (data kept for audit)."
4316,Hotel Ghalegaun Cottage,"Consolidation round 2026-09-21: duplicates Hotel record ""Hotel Ghalegaun Cottage"" (id 3957) ~0 m away.  Lodging records are managed in the Hotel table; this duplicate destination row was deactivated (data kept for audit)."
4315,Hotel New Model Lodge,"Consolidation round 2026-09-21: duplicates Hotel record ""Hotel New Model Lodge"" (id 1809) ~0 m away.  Lodging records are managed in the Hotel table; this duplicate destination row was deactivated (data kept for audit)."
4314,New Hotel Jhamkavet Restaurant & Guest House,"Consolidation round 2026-09-21: duplicates Hotel record ""New Hotel Jhamkavet Restaurant & Guest House"" (id 1808) ~0 m away.  Lodging records are managed in the Hotel table; this duplicate destination row was deactivated (data kept for audit)."
4313,Himal Lodge & Restaurent,"Consolidation round 2026-09-21: duplicates Hotel record ""Himal Lodge & Restaurent"" (id 1807) ~0 m away.  Lodging records are managed in the Hotel table; this duplicate destination row was deactivated (data kept for audit)."
4312,Lumbini Guest House,"Consolidation round 2026-09-21: duplicates Hotel record ""Lumbini Guest House"" (id 1806) ~0 m away.  Lodging records are managed in the Hotel table; this duplicate destination row was deactivated (data kept for audit)."
4311,New Siddhi Baba Guest House,"Consolidation round 2026-09-21: duplicates Hotel record ""New Siddhi Baba Guest House"" (id 1805) ~0 m away.  Lodging records are managed in the Hotel table; this duplicate destination row was deactivated (data kept for audit)."
4309,Ashish Guest House,"Consolidation round 2026-09-21: duplicates Hotel record ""Ashish Guest House"" (id 1803) ~0 m away.  Lodging records are managed in the Hotel table; this duplicate destination row was deactivated (data kept for audit)."
4308,Nirvaya Guest House,"Consolidation round 2026-09-21: duplicates Hotel record ""Nirvaya Guest House"" (id 1802) ~0 m away.  Lodging records are managed in the Hotel table; this duplicate destination row was deactivated (data kept for audit)."
4307,Dipjyoti Guest House,"Consolidation round 2026-09-21: duplicates Hotel record ""Dipjyoti Guest House"" (id 1801) ~0 m away.  Lodging records are managed in the Hotel table; this duplicate destination row was deactivated (data kept for audit)."
4306,Sunrise Hotel Lodge,"Consolidation round 2026-09-21: duplicates Hotel record ""Sunrise Hotel Lodge"" (id 1800) ~0 m away.  Lodging records are managed in the Hotel table; this duplicate destination row was deactivated (data kept for audit)."
4305,Chaudari Staff Hotel,"Consolidation round 2026-09-21: duplicates Hotel record ""Chaudari Staff Hotel"" (id 1799) ~0 m away.  Lodging records are managed in the Hotel table; this duplicate destination row was deactivated (data kept for audit)."
4304,Ashika Hotel & Lodge,"Consolidation round 2026-09-21: duplicates Hotel record ""Ashika Hotel & Lodge"" (id 1798) ~0 m away.  Lodging records are managed in the Hotel table; this duplicate destination row was deactivated (data kept for audit)."
4303,Ilamely Hotel & Lodge,"Consolidation round 2026-09-21: duplicates Hotel record ""Ilamely Hotel & Lodge"" (id 1797) ~0 m away.  Lodging records are managed in the Hotel table; this duplicate destination row was deactivated (data kept for audit)."
4302,Hotel Old House,"Consolidation round 2026-09-21: duplicates Hotel record ""Hotel Old House"" (id 1796) ~0 m away.  Lodging records are managed in the Hotel table; this duplicate destination row was deactivated (data kept for audit)."
4301,Lama Hotel,"Consolidation round 2026-09-21: duplicates Hotel record ""Lama Hotel"" (id 1795) ~0 m away.  Lodging records are managed in the Hotel table; this duplicate destination row was deactivated (data kept for audit)."
4300,Hotel Gorkha Palace Lodge & Restaurant,"Consolidation round 2026-09-21: duplicates Hotel record ""Hotel Gorkha Palace Lodge & Restaurant"" (id 1794) ~0 m away.  Lodging records are managed in the Hotel table; this duplicate destination row was deactivated (data kept for audit)."
4299,Bhairab Hotel & Lodge,"Consolidation round 2026-09-21: duplicates Hotel record ""Bhairab Hotel & Lodge"" (id 1793) ~0 m away.  Lodging records are managed in the Hotel table; this duplicate destination row was deactivated (data kept for audit)."
4298,Hotel Dhaulagiri,"Consolidation round 2026-09-21: duplicates Hotel record ""Hotel Dhaulagiri"" (id 1792) ~0 m away.  Lodging records are managed in the Hotel table; this duplicate destination row was deactivated (data kept for audit)."
4297,Ale Hotel,"Consolidation round 2026-09-21: duplicates Hotel record ""Ale Hotel"" (id 1791) ~0 m away.  Lodging records are managed in the Hotel table; this duplicate destination row was deactivated (data kept for audit)."
4296,Janta Hotel & Lodge,"Consolidation round 2026-09-21: duplicates Hotel record ""Janta Hotel & Lodge"" (id 1790) ~0 m away.  Lodging records are managed in the Hotel table; this duplicate destination row was deactivated (data kept for audit)."
4295,Kavreli Staff Hotel,"Consolidation round 2026-09-21: duplicates Hotel record ""Kavreli Staff Hotel"" (id 1789) ~0 m away.  Lodging records are managed in the Hotel table; this duplicate destination row was deactivated (data kept for audit)."
4294,Luv Kush Hotel & Lodge,"Consolidation round 2026-09-21: duplicates Hotel record ""Luv Kush Hotel & Lodge"" (id 1788) ~0 m away.  Lodging records are managed in the Hotel table; this duplicate destination row was deactivated (data kept for audit)."
4293,Laligurash Hotel & Lodge,"Consolidation round 2026-09-21: duplicates Hotel record ""Laligurash Hotel & Lodge"" (id 1787) ~0 m away.  Lodging records are managed in the Hotel table; this duplicate destination row was deactivated (data kept for audit)."
4290,Peacock Guest House,"Consolidation round 2026-09-21: duplicates Hotel record ""Peacock Guest House"" (id 1662) ~0 m away.  Lodging records are managed in the Hotel table; this duplicate destination row was deactivated (data kept for audit)."
4289,Pradhan House Homestay,"Consolidation round 2026-09-21: duplicates Hotel record ""Pradhan House Homestay"" (id 1661) ~0 m away.  Lodging records are managed in the Hotel table; this duplicate destination row was deactivated (data kept for audit)."
4288,Big Bell Guest House,"Consolidation round 2026-09-21: duplicates Hotel record ""Big Bell Guest House"" (id 1660) ~0 m away.  Lodging records are managed in the Hotel table; this duplicate destination row was deactivated (data kept for audit)."
4287,Moon Light Guest House & Rootop Newari Foodland,"Consolidation round 2026-09-21: duplicates Hotel record ""Moon Light Guest House & Rootop Newari Foodland"" (id 1659) ~0 m away.  Lodging records are managed in the Hotel table; this duplicate destination row was deactivated (data kept for audit)."
4286,Sunny Guest House,"Consolidation round 2026-09-21: duplicates Hotel record ""Sunny Guest House"" (id 1658) ~0 m away.  Lodging records are managed in the Hotel table; this duplicate destination row was deactivated (data kept for audit)."
4285,khwopa Guest House,"Consolidation round 2026-09-21: duplicates Hotel record ""khwopa Guest House"" (id 1657) ~0 m away.  Lodging records are managed in the Hotel table; this duplicate destination row was deactivated (data kept for audit)."
4284,Kanchanjunga Guest House and Special Bhancha Ghar,"Consolidation round 2026-09-21: duplicates Hotel record ""Kanchanjunga Guest House and Special Bhancha Ghar"" (id 1656) ~0 m away.  Lodging records are managed in the Hotel table; this duplicate destination row was deactivated (data kept for audit)."
4283,Bhaktapur Guest House,"Consolidation round 2026-09-21: duplicates Hotel record ""Bhaktapur Guest House"" (id 1655) ~0 m away.  Lodging records are managed in the Hotel table; this duplicate destination row was deactivated (data kept for audit)."
4280,Hotel Bardan Pvt.ltd,"Consolidation round 2026-09-21: duplicates Hotel record ""Hotel Bardan Pvt ltd"" (id 2828) ~61 m away.  Lodging records are managed in the Hotel table; this duplicate destination row was deactivated (data kept for audit)."
4279,Hotel Bardan Pvt ltd,"Consolidation round 2026-09-21: duplicates Hotel record ""Hotel Bardan Pvt ltd"" (id 2828) ~0 m away.  Lodging records are managed in the Hotel table; this duplicate destination row was deactivated (data kept for audit)."
4275,"Himalayan View Hotel, Bhimthang, Manang","Consolidation round 2026-09-21: duplicates Hotel record ""Himalayan View Hotel, Bhimthang, Manang"" (id 4065) ~0 m away.  Lodging records are managed in the Hotel table; this duplicate destination row was deactivated (data kept for audit)."
4274,Manaslu Bamboo Hotel,"Consolidation round 2026-09-21: duplicates Hotel record ""Manaslu Bamboo Hotel"" (id 1883) ~0 m away.  Lodging records are managed in the Hotel table; this duplicate destination row was deactivated (data kept for audit)."
4273,Namrung Guest House,"Consolidation round 2026-09-21: duplicates Hotel record ""Namrung Guest House"" (id 1882) ~0 m away.  Lodging records are managed in the Hotel table; this duplicate destination row was deactivated (data kept for audit)."
4272,Kitchen Guest House,"Consolidation round 2026-09-21: duplicates Hotel record ""Kitchen Guest House"" (id 2826) ~0 m away.  Lodging records are managed in the Hotel table; this duplicate destination row was deactivated (data kept for audit)."
4271,Everest Guest House,"Consolidation round 2026-09-21: duplicates Hotel record ""Everest Guest House"" (id 2825) ~0 m away.  Lodging records are managed in the Hotel table; this duplicate destination row was deactivated (data kept for audit)."
4270,Syangja Hotel and Lodge,"Consolidation round 2026-09-21: duplicates Hotel record ""Syangja Hotel and Lodge"" (id 2824) ~0 m away.  Lodging records are managed in the Hotel table; this duplicate destination row was deactivated (data kept for audit)."
4269,Hotel Santoshi,"Consolidation round 2026-09-21: duplicates Hotel record ""Hotel Santoshi"" (id 2823) ~0 m away.  Lodging records are managed in the Hotel table; this duplicate destination row was deactivated (data kept for audit)."
4262,Mandala Hotel,"Consolidation round 2026-09-21: duplicates Hotel record ""Mandala Hotel"" (id 1881) ~0 m away.  Lodging records are managed in the Hotel table; this duplicate destination row was deactivated (data kept for audit)."
4261,Kagni Lodge,"Consolidation round 2026-09-21: duplicates Hotel record ""Kagni Lodge"" (id 1880) ~0 m away.  Lodging records are managed in the Hotel table; this duplicate destination row was deactivated (data kept for audit)."
4260,Namrung Tibetan Guest House,"Consolidation round 2026-09-21: duplicates Hotel record ""Namrung Tibetan Guest House"" (id 1879) ~0 m away.  Lodging records are managed in the Hotel table; this duplicate destination row was deactivated (data kept for audit)."
4259,Organic Apple Farme Guest House,"Consolidation round 2026-09-21: duplicates Hotel record ""Organic Apple Farme Guest House"" (id 1878) ~0 m away.  Lodging records are managed in the Hotel table; this duplicate destination row was deactivated (data kept for audit)."
4257,Hotel National Park Sauraha,"Consolidation round 2026-09-21: duplicates Hotel record ""Hotel National Park Sauraha"" (id 1786) ~0 m away.  Lodging records are managed in the Hotel table; this duplicate destination row was deactivated (data kept for audit)."
4249,Hotel Amazon,"Consolidation round 2026-09-21: duplicates Hotel record ""Hotel Amazon"" (id 2821) ~0 m away.  Lodging records are managed in the Hotel table; this duplicate destination row was deactivated (data kept for audit)."
4244,Hotel Dream Home,"Consolidation round 2026-09-21: duplicates Hotel record ""Hotel Dream Home"" (id 1877) ~0 m away.  Lodging records are managed in the Hotel table; this duplicate destination row was deactivated (data kept for audit)."
4243,Hotel Blue Sky,"Consolidation round 2026-09-21: duplicates Hotel record ""Hotel Blue Sky"" (id 1876) ~0 m away.  Lodging records are managed in the Hotel table; this duplicate destination row was deactivated (data kept for audit)."
4242,The River View Cottage,"Consolidation round 2026-09-21: duplicates Hotel record ""The River View Cottage"" (id 1875) ~0 m away.  Lodging records are managed in the Hotel table; this duplicate destination row was deactivated (data kept for audit)."
4239,Hotel Tilicho Peak and Restaurant,"Consolidation round 2026-09-21: duplicates Hotel record ""Hotel Tilicho Peak and Restaurant"" (id 4064) ~0 m away.  Lodging records are managed in the Hotel table; this duplicate destination row was deactivated (data kept for audit)."
4230,Hotel Odyssey Nepal,"Consolidation round 2026-09-21: duplicates Hotel record ""Hotel Odyssey Nepal"" (id 3667) ~0 m away.  Lodging records are managed in the Hotel table; this duplicate destination row was deactivated (data kept for audit)."
4225,Hotel Himalayan Hide Way,"Consolidation round 2026-09-21: duplicates Hotel record ""Hotel Himalayan Hide Way"" (id 4989) ~0 m away.  Lodging records are managed in the Hotel table; this duplicate destination row was deactivated (data kept for audit)."
4214,Hotel Rupakot restaurant & Rooftop,"Consolidation round 2026-09-21: duplicates Hotel record ""Hotel Rupakot restaurant & Rooftop"" (id 1654) ~0 m away.  Lodging records are managed in the Hotel table; this duplicate destination row was deactivated (data kept for audit)."
4208,Hotel Blue Moon,"Consolidation round 2026-09-21: duplicates Hotel record ""Hotel Blue Moon"" (id 2820) ~0 m away.  Lodging records are managed in the Hotel table; this duplicate destination row was deactivated (data kept for audit)."
4206,Rimal Guest House and catering Services,"Consolidation round 2026-09-21: duplicates Hotel record ""Rimal Guest House and catering Services"" (id 4988) ~0 m away.  Lodging records are managed in the Hotel table; this duplicate destination row was deactivated (data kept for audit)."
4204,Lamsal Hotel and Lodge,"Consolidation round 2026-09-21: duplicates Hotel record ""Lamsal Hotel and Lodge"" (id 4987) ~0 m away.  Lodging records are managed in the Hotel table; this duplicate destination row was deactivated (data kept for audit)."
4202,Hill Tower Hotel & Restaurant,"Consolidation round 2026-09-21: duplicates Hotel record ""Hill Tower Hotel & Restaurant"" (id 3956) ~0 m away.  Lodging records are managed in the Hotel table; this duplicate destination row was deactivated (data kept for audit)."
4192,Sunshine Hotel,"Consolidation round 2026-09-21: duplicates Hotel record ""Sunshine Hotel"" (id 4986) ~0 m away.  Lodging records are managed in the Hotel table; this duplicate destination row was deactivated (data kept for audit)."
4190,Hotel 260° Kyupche,"Consolidation round 2026-09-21: duplicates Hotel record ""Hotel 260° Kyupche"" (id 2818) ~0 m away.  Lodging records are managed in the Hotel table; this duplicate destination row was deactivated (data kept for audit)."
4180,Til Kumari Pun Homestay,"Consolidation round 2026-09-21: duplicate of destination ""Til Kumari Pun Home Stay"" (id 2433) ~86 m away.  Lodging records are managed in the Hotel table; this duplicate destination row was deactivated (data kept for audit)."
4176,Namaste Buddha Lodge,"Consolidation round 2026-09-21: duplicates Hotel record ""Namaste Buddha Lodge"" (id 2817) ~0 m away.  Lodging records are managed in the Hotel table; this duplicate destination row was deactivated (data kept for audit)."
4166,Marley Cottage,"Consolidation round 2026-09-21: duplicates Hotel record ""Marley Cottage"" (id 2816) ~0 m away.  Lodging records are managed in the Hotel table; this duplicate destination row was deactivated (data kept for audit)."
4165,Hotel Goma,"Consolidation round 2026-09-21: duplicates Hotel record ""Hotel Goma"" (id 2815) ~0 m away.  Lodging records are managed in the Hotel table; this duplicate destination row was deactivated (data kept for audit)."
4164,Hotel Brothers Tasa,"Consolidation round 2026-09-21: duplicates Hotel record ""Hotel Brothers Tasa"" (id 2814) ~0 m away.  Lodging records are managed in the Hotel table; this duplicate destination row was deactivated (data kept for audit)."
4162,Icefall Hotel Kori,"Consolidation round 2026-09-21: duplicates Hotel record ""Icefall Hotel Kori"" (id 2812) ~0 m away.  Lodging records are managed in the Hotel table; this duplicate destination row was deactivated (data kept for audit)."
4160,Hotel Bhagawati,"Consolidation round 2026-09-21: duplicates Hotel record ""Hotel Bhagawati"" (id 3660) ~0 m away.  Lodging records are managed in the Hotel table; this duplicate destination row was deactivated (data kept for audit)."
4159,Nirvana hotel,"Consolidation round 2026-09-21: duplicates Hotel record ""Nirvana hotel"" (id 4063) ~0 m away.  Lodging records are managed in the Hotel table; this duplicate destination row was deactivated (data kept for audit)."
4158,Mardi station hotel & restaurent,"Consolidation round 2026-09-21: duplicates Hotel record ""Mardi station hotel & restaurent"" (id 2811) ~0 m away.  Lodging records are managed in the Hotel table; this duplicate destination row was deactivated (data kept for audit)."
4157,mardi station hotel &  restaurent,"Consolidation round 2026-09-21: duplicates Hotel record ""Mardi station hotel & restaurent"" (id 2811) ~17 m away.  Lodging records are managed in the Hotel table; this duplicate destination row was deactivated (data kept for audit)."
4146,Chitwan Gaida Lodge,"Consolidation round 2026-09-21: duplicates Hotel record ""Chitwan Gaida Lodge"" (id 1784) ~0 m away.  Lodging records are managed in the Hotel table; this duplicate destination row was deactivated (data kept for audit)."
4145,Grand Yak Boutique Hotel,"Consolidation round 2026-09-21: duplicates Hotel record ""Grand Yak Boutique Hotel"" (id 3659) ~0 m away.  Lodging records are managed in the Hotel table; this duplicate destination row was deactivated (data kept for audit)."
4144,Vastu Boutique Hotel,"Consolidation round 2026-09-21: duplicates Hotel record ""Vastu Boutique Hotel"" (id 3658) ~0 m away.  Lodging records are managed in the Hotel table; this duplicate destination row was deactivated (data kept for audit)."
4143,Kumari Boutique Hotel,"Consolidation round 2026-09-21: duplicates Hotel record ""Kumari Boutique Hotel"" (id 3657) ~0 m away.  Lodging records are managed in the Hotel table; this duplicate destination row was deactivated (data kept for audit)."
4134,Everest Boutique Hotel,"Consolidation round 2026-09-21: duplicates Hotel record ""Everest Boutique Hotel"" (id 3654) ~0 m away.  Lodging records are managed in the Hotel table; this duplicate destination row was deactivated (data kept for audit)."
4123,Renzam Ganesh Himal Guesthouse,"Consolidation round 2026-09-21: duplicates Hotel record ""Renzam Ganesh Himal Guesthouse"" (id 1874) ~0 m away.  Lodging records are managed in the Hotel table; this duplicate destination row was deactivated (data kept for audit)."
4120,Hotel Holiday Inn,"Consolidation round 2026-09-21: duplicates Hotel record ""Hotel Holiday Inn"" (id 3653) ~0 m away.  Lodging records are managed in the Hotel table; this duplicate destination row was deactivated (data kept for audit)."
4119,Ganga Holiday Inn,"Consolidation round 2026-09-21: duplicates Hotel record ""Ganga Holiday Inn"" (id 3652) ~0 m away.  Lodging records are managed in the Hotel table; this duplicate destination row was deactivated (data kept for audit)."
4105,Ashoka Resort,"Consolidation round 2026-09-21: duplicates Hotel record ""Ashoka Resort"" (id 1783) ~0 m away.  Lodging records are managed in the Hotel table; this duplicate destination row was deactivated (data kept for audit)."
4087,Hotel Blue Sky,"Consolidation round 2026-09-21: duplicates Hotel record ""Hotel Blue Sky"" (id 1782) ~0 m away.  Lodging records are managed in the Hotel table; this duplicate destination row was deactivated (data kept for audit)."
4079,Panaroma inn,"Consolidation round 2026-09-21: duplicates Hotel record ""Panaroma inn"" (id 1649) ~0 m away.  Lodging records are managed in the Hotel table; this duplicate destination row was deactivated (data kept for audit)."
4077,Hotel Rhino Land,"Consolidation round 2026-09-21: duplicates Hotel record ""Hotel Rhino Land"" (id 1781) ~0 m away.  Lodging records are managed in the Hotel table; this duplicate destination row was deactivated (data kept for audit)."
4063,Thakuri guest house,"Consolidation round 2026-09-21: duplicates Hotel record ""Thakuri guest house"" (id 3953) ~0 m away.  Lodging records are managed in the Hotel table; this duplicate destination row was deactivated (data kept for audit)."
4062,Hotel Nepalaya,"Consolidation round 2026-09-21: duplicates Hotel record ""Hotel Nepalaya"" (id 3649) ~0 m away.  Lodging records are managed in the Hotel table; this duplicate destination row was deactivated (data kept for audit)."
4060,Hotel Aerocity,"Consolidation round 2026-09-21: duplicates Hotel record ""Hotel Aerocity"" (id 3648) ~0 m away.  Lodging records are managed in the Hotel table; this duplicate destination row was deactivated (data kept for audit)."
4048,Hotel Golden View,"Consolidation round 2026-09-21: duplicates Hotel record ""Hotel Golden View"" (id 2806) ~0 m away.  Lodging records are managed in the Hotel table; this duplicate destination row was deactivated (data kept for audit)."
4047,Hotel Trekker's Inn & Restaurant,"Consolidation round 2026-09-21: duplicates Hotel record ""Hotel Trekker's Inn & Restaurant"" (id 2805) ~0 m away.  Lodging records are managed in the Hotel table; this duplicate destination row was deactivated (data kept for audit)."
4046,Hotel Shanan & Sukuti,"Consolidation round 2026-09-21: duplicates Hotel record ""Hotel Shanan & Sukuti"" (id 2804) ~0 m away.  Lodging records are managed in the Hotel table; this duplicate destination row was deactivated (data kept for audit)."
4045,Hotel Grace & Restaurant,"Consolidation round 2026-09-21: duplicates Hotel record ""Hotel Grace & Restaurant"" (id 2803) ~0 m away.  Lodging records are managed in the Hotel table; this duplicate destination row was deactivated (data kept for audit)."
4044,Hotel Moonlight & Restaurant,"Consolidation round 2026-09-21: duplicates Hotel record ""Hotel Moonlight & Restaurant"" (id 2802) ~0 m away.  Lodging records are managed in the Hotel table; this duplicate destination row was deactivated (data kept for audit)."
4043,Hotel Yak & Restaurant,"Consolidation round 2026-09-21: duplicates Hotel record ""Hotel Yak & Restaurant"" (id 2801) ~0 m away.  Lodging records are managed in the Hotel table; this duplicate destination row was deactivated (data kept for audit)."
4042,Heaven View Guesthouse & Restaurant,"Consolidation round 2026-09-21: duplicates Hotel record ""Heaven View Guesthouse & Restaurant"" (id 2800) ~0 m away.  Lodging records are managed in the Hotel table; this duplicate destination row was deactivated (data kept for audit)."
4041,Hotel Magic Mountain,"Consolidation round 2026-09-21: duplicates Hotel record ""Hotel Magic Mountain"" (id 2799) ~0 m away.  Lodging records are managed in the Hotel table; this duplicate destination row was deactivated (data kept for audit)."
4040,Hotel Snowland,"Consolidation round 2026-09-21: duplicates Hotel record ""Hotel Snowland"" (id 2798) ~0 m away.  Lodging records are managed in the Hotel table; this duplicate destination row was deactivated (data kept for audit)."
4039,Hotel Himalayan Nest,"Consolidation round 2026-09-21: duplicates Hotel record ""Hotel Himalayan Nest"" (id 2797) ~0 m away.  Lodging records are managed in the Hotel table; this duplicate destination row was deactivated (data kept for audit)."
4034,Hotel Dreamy Mountains & Restaurant,"Consolidation round 2026-09-21: duplicates Hotel record ""Hotel Dreamy Mountains & Restaurant"" (id 4062) ~0 m away.  Lodging records are managed in the Hotel table; this duplicate destination row was deactivated (data kept for audit)."
4033,Celesty Inn,"Consolidation round 2026-09-21: duplicates Hotel record ""Celesty Inn"" (id 2796) ~0 m away.  Lodging records are managed in the Hotel table; this duplicate destination row was deactivated (data kept for audit)."
4032,Hotel Aerial View,"Consolidation round 2026-09-21: duplicates Hotel record ""Hotel Aerial View"" (id 2795) ~0 m away.  Lodging records are managed in the Hotel table; this duplicate destination row was deactivated (data kept for audit)."
4031,Singhi hotel,"Consolidation round 2026-09-21: duplicates Hotel record ""Singhi hotel"" (id 4190) ~0 m away.  Lodging records are managed in the Hotel table; this duplicate destination row was deactivated (data kept for audit)."
4027,Hotel Mardi Peak,"Consolidation round 2026-09-21: duplicates Hotel record ""Hotel Mardi Peak"" (id 2794) ~0 m away.  Lodging records are managed in the Hotel table; this duplicate destination row was deactivated (data kept for audit)."
4026,Angel Guest House,"Consolidation round 2026-09-21: duplicates Hotel record ""Angel Guest House"" (id 4189) ~0 m away.  Lodging records are managed in the Hotel table; this duplicate destination row was deactivated (data kept for audit)."
4025,Hotel Narbulinka Pisang,"Consolidation round 2026-09-21: duplicates Hotel record ""Hotel Narbulinka Pisang"" (id 4061) ~0 m away.  Lodging records are managed in the Hotel table; this duplicate destination row was deactivated (data kept for audit)."
4023,Hotel The Glacier View,"Consolidation round 2026-09-21: duplicates Hotel record ""Hotel The Glacier View"" (id 2793) ~0 m away.  Lodging records are managed in the Hotel table; this duplicate destination row was deactivated (data kept for audit)."
4022,Hotel Peace Forest & Restaurant,"Consolidation round 2026-09-21: duplicates Hotel record ""Hotel Peace Forest & Restaurant"" (id 2792) ~0 m away.  Lodging records are managed in the Hotel table; this duplicate destination row was deactivated (data kept for audit)."
4021,Hotel Himchuli & Restaurant,"Consolidation round 2026-09-21: duplicates Hotel record ""Hotel Himchuli & Restaurant"" (id 2791) ~0 m away.  Lodging records are managed in the Hotel table; this duplicate destination row was deactivated (data kept for audit)."
4020,Hotel Himalayan Majesty,"Consolidation round 2026-09-21: duplicates Hotel record ""Hotel Himalayan Majesty"" (id 2790) ~0 m away.  Lodging records are managed in the Hotel table; this duplicate destination row was deactivated (data kept for audit)."
4013,The North Face Inn,"Consolidation round 2026-09-21: duplicates Hotel record ""The North Face Inn"" (id 2786) ~0 m away.  Lodging records are managed in the Hotel table; this duplicate destination row was deactivated (data kept for audit)."
4011,New Star Hotel,"Consolidation round 2026-09-21: duplicates Hotel record ""New Star Hotel"" (id 4984) ~0 m away.  Lodging records are managed in the Hotel table; this duplicate destination row was deactivated (data kept for audit)."
4010,Phu Mountain Lodge,"Consolidation round 2026-09-21: duplicates Hotel record ""Phu Mountain Lodge"" (id 4060) ~0 m away.  Lodging records are managed in the Hotel table; this duplicate destination row was deactivated (data kept for audit)."
3998,Hotel Grand View,"Consolidation round 2026-09-21: duplicates Hotel record ""Hotel Grand View"" (id 3646) ~0 m away.  Lodging records are managed in the Hotel table; this duplicate destination row was deactivated (data kept for audit)."
3997,Hotel Sonam,"Consolidation round 2026-09-21: duplicates Hotel record ""Hotel Sonam"" (id 4188) ~0 m away.  Lodging records are managed in the Hotel table; this duplicate destination row was deactivated (data kept for audit)."
3972,Hotel Sukun,"Consolidation round 2026-09-21: duplicates Hotel record ""Hotel Sukun"" (id 3645) ~0 m away.  Lodging records are managed in the Hotel table; this duplicate destination row was deactivated (data kept for audit)."
3970,blue poppy lodge & restaurant,"Consolidation round 2026-09-21: duplicates Hotel record ""blue poppy lodge & restaurant"" (id 2785) ~0 m away.  Lodging records are managed in the Hotel table; this duplicate destination row was deactivated (data kept for audit)."
3969,Shikshya Homestay,"Consolidation round 2026-09-21: duplicates Hotel record ""Shikshya Homestay"" (id 2784) ~0 m away.  Lodging records are managed in the Hotel table; this duplicate destination row was deactivated (data kept for audit)."
3968,Mahendra Guest House,"Consolidation round 2026-09-21: duplicates Hotel record ""Mahendra Guest House"" (id 2783) ~0 m away.  Lodging records are managed in the Hotel table; this duplicate destination row was deactivated (data kept for audit)."
3967,Sandesh hotel,"Consolidation round 2026-09-21: duplicates Hotel record ""Sandesh hotel"" (id 2782) ~0 m away.  Lodging records are managed in the Hotel table; this duplicate destination row was deactivated (data kept for audit)."
3960,Mongolian cottage,"Consolidation round 2026-09-21: duplicates Hotel record ""Mongolian cottage"" (id 1873) ~0 m away.  Lodging records are managed in the Hotel table; this duplicate destination row was deactivated (data kept for audit)."
3959,Throungh Peak Hotel,"Consolidation round 2026-09-21: duplicates Hotel record ""Throungh Peak Hotel"" (id 3952) ~0 m away.  Lodging records are managed in the Hotel table; this duplicate destination row was deactivated (data kept for audit)."
3957,Hotel SnowLion,"Consolidation round 2026-09-21: duplicates Hotel record ""Hotel SnowLion"" (id 1872) ~0 m away.  Lodging records are managed in the Hotel table; this duplicate destination row was deactivated (data kept for audit)."
3956,Hotel Sweet Dreams,"Consolidation round 2026-09-21: duplicates Hotel record ""Hotel Sweet Dreams"" (id 3644) ~0 m away.  Lodging records are managed in the Hotel table; this duplicate destination row was deactivated (data kept for audit)."
3949,Hotel Aagaman,"Consolidation round 2026-09-21: duplicates Hotel record ""Hotel Aagaman"" (id 4983) ~0 m away.  Lodging records are managed in the Hotel table; this duplicate destination row was deactivated (data kept for audit)."
3885,Malika Hotel,"Consolidation round 2026-09-21: duplicates Hotel record ""Malika Hotel"" (id 3951) ~0 m away.  Lodging records are managed in the Hotel table; this duplicate destination row was deactivated (data kept for audit)."
3876,Johnny Cash Hotel & Restaurant,"Consolidation round 2026-09-21: duplicates Hotel record ""Johnny Cash Hotel & Restaurant"" (id 4187) ~0 m away.  Lodging records are managed in the Hotel table; this duplicate destination row was deactivated (data kept for audit)."
3875,Hotel Gangapurna,"Consolidation round 2026-09-21: duplicates Hotel record ""Hotel Gangapurna"" (id 4058) ~0 m away.  Lodging records are managed in the Hotel table; this duplicate destination row was deactivated (data kept for audit)."
3874,Hotel California,"Consolidation round 2026-09-21: duplicates Hotel record ""Hotel California"" (id 4057) ~0 m away.  Lodging records are managed in the Hotel table; this duplicate destination row was deactivated (data kept for audit)."
3867,Sushma Hotel & Restaurant,"Consolidation round 2026-09-21: duplicates Hotel record ""Sushma Hotel & Restaurant"" (id 4056) ~0 m away.  Lodging records are managed in the Hotel table; this duplicate destination row was deactivated (data kept for audit)."
3866,Larke Peak Guest House & Restaura,"Consolidation round 2026-09-21: duplicates Hotel record ""Larke Peak Guest House & Restaura"" (id 4055) ~0 m away.  Lodging records are managed in the Hotel table; this duplicate destination row was deactivated (data kept for audit)."
3865,Himlung Hotel & Restaurant,"Consolidation round 2026-09-21: duplicates Hotel record ""Himlung Hotel & Restaurant"" (id 4054) ~0 m away.  Lodging records are managed in the Hotel table; this duplicate destination row was deactivated (data kept for audit)."
3862,Cheers Lilita Hotel & Restaurant,"Consolidation round 2026-09-21: duplicates Hotel record ""Cheers Lilita Hotel & Restaurant"" (id 4053) ~0 m away.  Lodging records are managed in the Hotel table; this duplicate destination row was deactivated (data kept for audit)."
3859,Hotel Living Lion,"Consolidation round 2026-09-21: duplicates Hotel record ""Hotel Living Lion"" (id 3641) ~0 m away.  Lodging records are managed in the Hotel table; this duplicate destination row was deactivated (data kept for audit)."
3857,Hotel B And D Fastfood Cafe,"Consolidation round 2026-09-21: duplicates Hotel record ""Hotel B And D Fastfood Cafe"" (id 3639) ~0 m away.  Lodging records are managed in the Hotel table; this duplicate destination row was deactivated (data kept for audit)."
3856,Hotel Ratnajyoti,"Consolidation round 2026-09-21: duplicates Hotel record ""Hotel Ratnajyoti"" (id 3638) ~0 m away.  Lodging records are managed in the Hotel table; this duplicate destination row was deactivated (data kept for audit)."
3853,Shree Bagwasori Hotel,"Consolidation round 2026-09-21: duplicates Hotel record ""Shree Bagwasori Hotel"" (id 3635) ~0 m away.  Lodging records are managed in the Hotel table; this duplicate destination row was deactivated (data kept for audit)."
3850,Anisha Shrestha Hotel,"Consolidation round 2026-09-21: duplicates Hotel record ""Anisha Shrestha Hotel"" (id 3632) ~0 m away.  Lodging records are managed in the Hotel table; this duplicate destination row was deactivated (data kept for audit)."
3849,Prathista Guest House,"Consolidation round 2026-09-21: duplicates Hotel record ""Prathista Guest House"" (id 3631) ~0 m away.  Lodging records are managed in the Hotel table; this duplicate destination row was deactivated (data kept for audit)."
3845,Banepali Guest House,"Consolidation round 2026-09-21: duplicates Hotel record ""Banepali Guest House"" (id 3627) ~0 m away.  Lodging records are managed in the Hotel table; this duplicate destination row was deactivated (data kept for audit)."
3844,Himalayan Guest House,"Consolidation round 2026-09-21: duplicates Hotel record ""Himalayan Guest House"" (id 3626) ~0 m away.  Lodging records are managed in the Hotel table; this duplicate destination row was deactivated (data kept for audit)."
3842,Buddhi Gandaki Homestay and Teahouse,"Consolidation round 2026-09-21: duplicates Hotel record ""Buddhi Gandaki Homestay and Teahouse"" (id 1871) ~0 m away.  Lodging records are managed in the Hotel table; this duplicate destination row was deactivated (data kept for audit)."
3841,Tashi Delek Lobsang Lodge & Restaurant,"Consolidation round 2026-09-21: duplicates Hotel record ""Tashi Delek Lobsang Lodge & Restaurant"" (id 1870) ~0 m away.  Lodging records are managed in the Hotel table; this duplicate destination row was deactivated (data kept for audit)."
3838,Milestone hotel,"Consolidation round 2026-09-21: duplicates Hotel record ""Milestone hotel"" (id 3624) ~0 m away.  Lodging records are managed in the Hotel table; this duplicate destination row was deactivated (data kept for audit)."
3836,Apple farm hotel,"Consolidation round 2026-09-21: duplicates Hotel record ""Apple farm hotel"" (id 4052) ~0 m away.  Lodging records are managed in the Hotel table; this duplicate destination row was deactivated (data kept for audit)."
3833,Surya Homestay,"Consolidation round 2026-09-21: duplicates Hotel record ""Surya Homestay"" (id 3623) ~0 m away.  Lodging records are managed in the Hotel table; this duplicate destination row was deactivated (data kept for audit)."
3827,Jasmine Apartment Hotel,"Consolidation round 2026-09-21: duplicates Hotel record ""Jasmine Apartment Hotel"" (id 3617) ~0 m away.  Lodging records are managed in the Hotel table; this duplicate destination row was deactivated (data kept for audit)."
3822,Hotel Namaste Pathivara,"Consolidation round 2026-09-21: duplicates Hotel record ""Hotel Namaste Pathivara"" (id 3612) ~0 m away.  Lodging records are managed in the Hotel table; this duplicate destination row was deactivated (data kept for audit)."
3821,Prabashi Hotel,"Consolidation round 2026-09-21: duplicates Hotel record ""Prabashi Hotel"" (id 3611) ~0 m away.  Lodging records are managed in the Hotel table; this duplicate destination row was deactivated (data kept for audit)."
3820,Oyo Hotel And Resturant Tapoban,"Consolidation round 2026-09-21: duplicates Hotel record ""Oyo Hotel And Resturant Tapoban"" (id 3610) ~0 m away.  Lodging records are managed in the Hotel table; this duplicate destination row was deactivated (data kept for audit)."
3819,Kantipur Guest House,"Consolidation round 2026-09-21: duplicates Hotel record ""Kantipur Guest House"" (id 3609) ~0 m away.  Lodging records are managed in the Hotel table; this duplicate destination row was deactivated (data kept for audit)."
3816,The Sunkoshi Guest House,"Consolidation round 2026-09-21: duplicates Hotel record ""The Sunkoshi Guest House"" (id 3606) ~0 m away.  Lodging records are managed in the Hotel table; this duplicate destination row was deactivated (data kept for audit)."
3814,Paris Boys Hotel,"Consolidation round 2026-09-21: duplicates Hotel record ""Paris Boys Hotel"" (id 3604) ~0 m away.  Lodging records are managed in the Hotel table; this duplicate destination row was deactivated (data kept for audit)."
3811,Om Shanti Boys Hostel,"Consolidation round 2026-09-21: duplicate of destination ""Om Shanti Boys Hostel"" (id 460) ~134 m away.  Lodging records are managed in the Hotel table; this duplicate destination row was deactivated (data kept for audit)."
3805,Manakamana Guest House Tatha Hotel,"Consolidation round 2026-09-21: duplicates Hotel record ""Manakamana Guest House Tatha Hotel"" (id 3596) ~0 m away.  Lodging records are managed in the Hotel table; this duplicate destination row was deactivated (data kept for audit)."
3803,Hotel Blissful Pvt.Ltd,"Consolidation round 2026-09-21: duplicates Hotel record ""Hotel Blissful Pvt.Ltd"" (id 3594) ~0 m away.  Lodging records are managed in the Hotel table; this duplicate destination row was deactivated (data kept for audit)."
3795,Purbeli Guest House,"Consolidation round 2026-09-21: duplicates Hotel record ""Purbeli Guest House"" (id 3587) ~0 m away.  Lodging records are managed in the Hotel table; this duplicate destination row was deactivated (data kept for audit)."
3794,Global Boys Hostel,"Consolidation round 2026-09-21: duplicate of destination ""Global Boys Hostel"" (id 3784) ~197 m away.  Lodging records are managed in the Hotel table; this duplicate destination row was deactivated (data kept for audit)."
3792,Gajurmukhi Hotel,"Consolidation round 2026-09-21: duplicates Hotel record ""Gajurmukhi Hotel"" (id 3585) ~0 m away.  Lodging records are managed in the Hotel table; this duplicate destination row was deactivated (data kept for audit)."
3791,Hotel Chandragiri Inn Guest House,"Consolidation round 2026-09-21: duplicates Hotel record ""Hotel Chandragiri Inn Guest House"" (id 3584) ~0 m away.  Lodging records are managed in the Hotel table; this duplicate destination row was deactivated (data kept for audit)."
3790,Hotel Paris Plaza,"Consolidation round 2026-09-21: duplicates Hotel record ""Hotel Paris Plaza"" (id 3583) ~0 m away.  Lodging records are managed in the Hotel table; this duplicate destination row was deactivated (data kept for audit)."
3780,Khotang Kirat Hotel,"Consolidation round 2026-09-21: duplicates Hotel record ""Khotang Kirat Hotel"" (id 3573) ~0 m away.  Lodging records are managed in the Hotel table; this duplicate destination row was deactivated (data kept for audit)."
3779,Nor Guest House,"Consolidation round 2026-09-21: duplicates Hotel record ""Nor Guest House"" (id 3572) ~0 m away.  Lodging records are managed in the Hotel table; this duplicate destination row was deactivated (data kept for audit)."
3778,Bihani Guest House,"Consolidation round 2026-09-21: duplicates Hotel record ""Bihani Guest House"" (id 3571) ~0 m away.  Lodging records are managed in the Hotel table; this duplicate destination row was deactivated (data kept for audit)."
3773,Sijan Guest House,"Consolidation round 2026-09-21: duplicates Hotel record ""Sijan Guest House"" (id 1644) ~0 m away.  Lodging records are managed in the Hotel table; this duplicate destination row was deactivated (data kept for audit)."
3767,Hotel Magic Mountain,"Consolidation round 2026-09-21: duplicates Hotel record ""Hotel Magic Mountain"" (id 4185) ~0 m away.  Lodging records are managed in the Hotel table; this duplicate destination row was deactivated (data kept for audit)."
3757,Moon Light Hotel & Restaurant,"Consolidation round 2026-09-21: duplicates Hotel record ""Moon Light Hotel & Restaurant"" (id 4051) ~0 m away.  Lodging records are managed in the Hotel table; this duplicate destination row was deactivated (data kept for audit)."
3756,Hotel Mardi,"Consolidation round 2026-09-21: duplicates Hotel record ""Hotel Mardi"" (id 2775) ~0 m away.  Lodging records are managed in the Hotel table; this duplicate destination row was deactivated (data kept for audit)."
3755,Hotel Munal & Restaurant,"Consolidation round 2026-09-21: duplicates Hotel record ""Hotel Munal & Restaurant"" (id 2774) ~0 m away.  Lodging records are managed in the Hotel table; this duplicate destination row was deactivated (data kept for audit)."
3754,Hotel Humal,"Consolidation round 2026-09-21: duplicates Hotel record ""Hotel Humal"" (id 2773) ~0 m away.  Lodging records are managed in the Hotel table; this duplicate destination row was deactivated (data kept for audit)."
3753,Hotel Demand & Restaurant,"Consolidation round 2026-09-21: duplicates Hotel record ""Hotel Demand & Restaurant"" (id 2772) ~0 m away.  Lodging records are managed in the Hotel table; this duplicate destination row was deactivated (data kept for audit)."
3752,Hotel Dhod Kharkha,"Consolidation round 2026-09-21: duplicates Hotel record ""Hotel Dhod Kharkha"" (id 2771) ~0 m away.  Lodging records are managed in the Hotel table; this duplicate destination row was deactivated (data kept for audit)."
3751,Hotel Makkar Pvt. Ltd.,"Consolidation round 2026-09-21: duplicates Hotel record ""Hotel Makkar Pvt. Ltd."" (id 4982) ~0 m away.  Lodging records are managed in the Hotel table; this duplicate destination row was deactivated (data kept for audit)."
3749,Chandra Krishna Hotel,"Consolidation round 2026-09-21: duplicates Hotel record ""Chandra Krishna Hotel"" (id 1643) ~0 m away.  Lodging records are managed in the Hotel table; this duplicate destination row was deactivated (data kept for audit)."
3748,Rubinala Inn,"Consolidation round 2026-09-21: duplicates Hotel record ""Rubinala Inn"" (id 1869) ~0 m away.  Lodging records are managed in the Hotel table; this duplicate destination row was deactivated (data kept for audit)."
3747,Thulodhunga Hotel and Lodge,"Consolidation round 2026-09-21: duplicates Hotel record ""Thulodhunga Hotel and Lodge"" (id 1868) ~0 m away.  Lodging records are managed in the Hotel table; this duplicate destination row was deactivated (data kept for audit)."
3746,Jagat Guest House,"Consolidation round 2026-09-21: duplicates Hotel record ""Jagat Guest House"" (id 1867) ~0 m away.  Lodging records are managed in the Hotel table; this duplicate destination row was deactivated (data kept for audit)."
3745,18 Saya Khola Family Guest House,"Consolidation round 2026-09-21: duplicates Hotel record ""18 Saya Khola Family Guest House"" (id 1866) ~0 m away.  Lodging records are managed in the Hotel table; this duplicate destination row was deactivated (data kept for audit)."
3660,A One Minawasi Hotel,"Consolidation round 2026-09-21: duplicates Hotel record ""A One Minawasi Hotel"" (id 1641) ~0 m away.  Lodging records are managed in the Hotel table; this duplicate destination row was deactivated (data kept for audit)."
3659,Sagarmatha Hotel and Lodge,"Consolidation round 2026-09-21: duplicates Hotel record ""Sagarmatha Hotel and Lodge"" (id 1640) ~0 m away.  Lodging records are managed in the Hotel table; this duplicate destination row was deactivated (data kept for audit)."
3657,Hotel Height And Kasturi Guest House,"Consolidation round 2026-09-21: duplicates Hotel record ""Hotel Height And Kasturi Guest House"" (id 3564) ~0 m away.  Lodging records are managed in the Hotel table; this duplicate destination row was deactivated (data kept for audit)."
3654,Hotel Kutumba,"Consolidation round 2026-09-21: duplicates Hotel record ""Hotel Kutumba"" (id 3885) ~0 m away.  Lodging records are managed in the Hotel table; this duplicate destination row was deactivated (data kept for audit)."
3653,Hotel Liyoli Inn,"Consolidation round 2026-09-21: duplicates Hotel record ""Hotel Liyoli Inn"" (id 3562) ~0 m away.  Lodging records are managed in the Hotel table; this duplicate destination row was deactivated (data kept for audit)."
3652,SAS Hotel,"Consolidation round 2026-09-21: duplicates Hotel record ""SAS Hotel"" (id 3561) ~0 m away.  Lodging records are managed in the Hotel table; this duplicate destination row was deactivated (data kept for audit)."
3651,Sandhar Guest House and Rooftop Khaja and Khana ghar,"Consolidation round 2026-09-21: duplicates Hotel record ""Sandhar Guest House and Rooftop Khaja and Khana ghar"" (id 3560) ~0 m away.  Lodging records are managed in the Hotel table; this duplicate destination row was deactivated (data kept for audit)."
3650,Beni Bhojanalaya and Guest House,"Consolidation round 2026-09-21: duplicates Hotel record ""Beni Bhojanalaya and Guest House"" (id 3559) ~0 m away.  Lodging records are managed in the Hotel table; this duplicate destination row was deactivated (data kept for audit)."
3649,Parbat Guest House,"Consolidation round 2026-09-21: duplicates Hotel record ""Parbat Guest House"" (id 3558) ~0 m away.  Lodging records are managed in the Hotel table; this duplicate destination row was deactivated (data kept for audit)."
3648,Subhim Guest House,"Consolidation round 2026-09-21: duplicates Hotel record ""Subhim Guest House"" (id 3557) ~0 m away.  Lodging records are managed in the Hotel table; this duplicate destination row was deactivated (data kept for audit)."
3647,Namaste Guest House,"Consolidation round 2026-09-21: duplicates Hotel record ""Namaste Guest House"" (id 3556) ~0 m away.  Lodging records are managed in the Hotel table; this duplicate destination row was deactivated (data kept for audit)."
3646,Mitra Guest House,"Consolidation round 2026-09-21: duplicates Hotel record ""Mitra Guest House"" (id 3555) ~0 m away.  Lodging records are managed in the Hotel table; this duplicate destination row was deactivated (data kept for audit)."
3645,Hotel View Point and Guest House,"Consolidation round 2026-09-21: duplicates Hotel record ""Hotel View Point and Guest House"" (id 3554) ~0 m away.  Lodging records are managed in the Hotel table; this duplicate destination row was deactivated (data kept for audit)."
3644,Amara Hotel and Guest House,"Consolidation round 2026-09-21: duplicates Hotel record ""Amara Hotel and Guest House"" (id 3553) ~0 m away.  Lodging records are managed in the Hotel table; this duplicate destination row was deactivated (data kept for audit)."
3643,Hair Hotel,"Consolidation round 2026-09-21: duplicates Hotel record ""Hair Hotel"" (id 3552) ~0 m away.  Lodging records are managed in the Hotel table; this duplicate destination row was deactivated (data kept for audit)."
3642,Dipika Guest House and Restaurant,"Consolidation round 2026-09-21: duplicates Hotel record ""Dipika Guest House and Restaurant"" (id 3551) ~0 m away.  Lodging records are managed in the Hotel table; this duplicate destination row was deactivated (data kept for audit)."
3641,Hotel Home Guest House,"Consolidation round 2026-09-21: duplicates Hotel record ""Hotel Home Guest House"" (id 3550) ~0 m away.  Lodging records are managed in the Hotel table; this duplicate destination row was deactivated (data kept for audit)."
3640,Bisram Guest House,"Consolidation round 2026-09-21: duplicates Hotel record ""Bisram Guest House"" (id 3549) ~0 m away.  Lodging records are managed in the Hotel table; this duplicate destination row was deactivated (data kept for audit)."
3639,City Guest House,"Consolidation round 2026-09-21: duplicates Hotel record ""City Guest House"" (id 3548) ~0 m away.  Lodging records are managed in the Hotel table; this duplicate destination row was deactivated (data kept for audit)."
3638,Hotel Happy Stay,"Consolidation round 2026-09-21: duplicates Hotel record ""Hotel Happy Stay"" (id 3547) ~0 m away.  Lodging records are managed in the Hotel table; this duplicate destination row was deactivated (data kept for audit)."
3637,Hotel Trimurti Pvt.Ltd,"Consolidation round 2026-09-21: duplicates Hotel record ""Hotel Trimurti Pvt.Ltd"" (id 3546) ~0 m away.  Lodging records are managed in the Hotel table; this duplicate destination row was deactivated (data kept for audit)."
3636,Hotel Sewantika Pvt.Ltd,"Consolidation round 2026-09-21: duplicates Hotel record ""Hotel Sewantika Pvt.Ltd"" (id 3545) ~0 m away.  Lodging records are managed in the Hotel table; this duplicate destination row was deactivated (data kept for audit)."
3635,Monalisha Hotel And Lodge,"Consolidation round 2026-09-21: duplicates Hotel record ""Monalisha Hotel And Lodge"" (id 3544) ~0 m away.  Lodging records are managed in the Hotel table; this duplicate destination row was deactivated (data kept for audit)."
3634,New Illameli Guest House,"Consolidation round 2026-09-21: duplicates Hotel record ""New Illameli Guest House"" (id 3543) ~0 m away.  Lodging records are managed in the Hotel table; this duplicate destination row was deactivated (data kept for audit)."
3633,Welcome Guest House,"Consolidation round 2026-09-21: duplicates Hotel record ""Welcome Guest House"" (id 3542) ~0 m away.  Lodging records are managed in the Hotel table; this duplicate destination row was deactivated (data kept for audit)."
3632,New Samyukta Guest House,"Consolidation round 2026-09-21: duplicates Hotel record ""New Samyukta Guest House"" (id 3541) ~0 m away.  Lodging records are managed in the Hotel table; this duplicate destination row was deactivated (data kept for audit)."
3631,Sevika Guest House,"Consolidation round 2026-09-21: duplicates Hotel record ""Sevika Guest House"" (id 3540) ~0 m away.  Lodging records are managed in the Hotel table; this duplicate destination row was deactivated (data kept for audit)."
3630,Aakashey Pul Guest House And Resturant And Thakali Bansa Ghar,"Consolidation round 2026-09-21: duplicates Hotel record ""Aakashey Pul Guest House And Resturant And Thakali Bansa Ghar"" (id 3539) ~0 m away.  Lodging records are managed in the Hotel table; this duplicate destination row was deactivated (data kept for audit)."
3629,Ramailo Lodge And Bhojanayala,"Consolidation round 2026-09-21: duplicates Hotel record ""Ramailo Lodge And Bhojanayala"" (id 3538) ~0 m away.  Lodging records are managed in the Hotel table; this duplicate destination row was deactivated (data kept for audit)."
3628,Indreni Hotel And Guest House,"Consolidation round 2026-09-21: duplicates Hotel record ""Indreni Hotel And Guest House"" (id 3537) ~0 m away.  Lodging records are managed in the Hotel table; this duplicate destination row was deactivated (data kept for audit)."
3627,Hotel Indreni And Lodge,"Consolidation round 2026-09-21: duplicates Hotel record ""Hotel Indreni And Lodge"" (id 3536) ~0 m away.  Lodging records are managed in the Hotel table; this duplicate destination row was deactivated (data kept for audit)."
3622,police guest house,"Consolidation round 2026-09-21: duplicates Hotel record ""police guest house"" (id 3534) ~0 m away.  Lodging records are managed in the Hotel table; this duplicate destination row was deactivated (data kept for audit)."
3618,Sambanda Guest House And Special Sekuwaa House,"Consolidation round 2026-09-21: duplicates Hotel record ""Sambanda Guest House And Special Sekuwaa House"" (id 3530) ~0 m away.  Lodging records are managed in the Hotel table; this duplicate destination row was deactivated (data kept for audit)."
3617,Tiger Of Jiri Hotel,"Consolidation round 2026-09-21: duplicates Hotel record ""Tiger Of Jiri Hotel"" (id 1639) ~0 m away.  Lodging records are managed in the Hotel table; this duplicate destination row was deactivated (data kept for audit)."
3614,Hotel Kimbu,"Consolidation round 2026-09-21: duplicates Hotel record ""Hotel Kimbu"" (id 3883) ~0 m away.  Lodging records are managed in the Hotel table; this duplicate destination row was deactivated (data kept for audit)."
3612,K. B. Guest House,"Consolidation round 2026-09-21: duplicates Hotel record ""K. B. Guest House"" (id 3881) ~0 m away.  Lodging records are managed in the Hotel table; this duplicate destination row was deactivated (data kept for audit)."
3610,Madhuban Hotel,"Consolidation round 2026-09-21: duplicates Hotel record ""Madhuban Hotel"" (id 3529) ~0 m away.  Lodging records are managed in the Hotel table; this duplicate destination row was deactivated (data kept for audit)."
3609,Himalayan Panchpokhari Hotel & Bar,"Consolidation round 2026-09-21: duplicates Hotel record ""Himalayan Panchpokhari Hotel & Bar"" (id 3528) ~0 m away.  Lodging records are managed in the Hotel table; this duplicate destination row was deactivated (data kept for audit)."
3608,Rara Guest House and Resturant,"Consolidation round 2026-09-21: duplicates Hotel record ""Rara Guest House and Resturant"" (id 3527) ~0 m away.  Lodging records are managed in the Hotel table; this duplicate destination row was deactivated (data kept for audit)."
3607,New Soni Guest House,"Consolidation round 2026-09-21: duplicates Hotel record ""New Soni Guest House"" (id 3526) ~0 m away.  Lodging records are managed in the Hotel table; this duplicate destination row was deactivated (data kept for audit)."
3606,Hotel Meridian Nepal Pvt.Ltd,"Consolidation round 2026-09-21: duplicates Hotel record ""Hotel Meridian Nepal Pvt.Ltd"" (id 3525) ~0 m away.  Lodging records are managed in the Hotel table; this duplicate destination row was deactivated (data kept for audit)."
3605,Hotel Shalimar,"Consolidation round 2026-09-21: duplicates Hotel record ""Hotel Shalimar"" (id 3524) ~0 m away.  Lodging records are managed in the Hotel table; this duplicate destination row was deactivated (data kept for audit)."
3603,Global Hotel,"Consolidation round 2026-09-21: duplicates Hotel record ""Global Hotel"" (id 3522) ~0 m away.  Lodging records are managed in the Hotel table; this duplicate destination row was deactivated (data kept for audit)."
3602,Vivantta Hotel,"Consolidation round 2026-09-21: duplicates Hotel record ""Vivantta Hotel"" (id 3521) ~0 m away.  Lodging records are managed in the Hotel table; this duplicate destination row was deactivated (data kept for audit)."
3588,Hotel Nova Nook,"Consolidation round 2026-09-21: duplicates Hotel record ""Hotel Nova Nook"" (id 3519) ~0 m away.  Lodging records are managed in the Hotel table; this duplicate destination row was deactivated (data kept for audit)."
3573,Shangri-La blu hotel,"Consolidation round 2026-09-21: duplicates Hotel record ""Shangri-La blu hotel"" (id 3878) ~0 m away.  Lodging records are managed in the Hotel table; this duplicate destination row was deactivated (data kept for audit)."
3459,Kalopani Guesthouse,"Consolidation round 2026-09-21: duplicates Hotel record ""Kalopani Guesthouse"" (id 4184) ~0 m away.  Lodging records are managed in the Hotel table; this duplicate destination row was deactivated (data kept for audit)."
3451,Hotel Ranjeu & Restaurant,"Consolidation round 2026-09-21: duplicates Hotel record ""Hotel Ranjeu & Restaurant"" (id 2768) ~0 m away.  Lodging records are managed in the Hotel table; this duplicate destination row was deactivated (data kept for audit)."
3450,Hotel Royal Mountain & Restaurant,"Consolidation round 2026-09-21: duplicates Hotel record ""Hotel Royal Mountain & Restaurant"" (id 2767) ~0 m away.  Lodging records are managed in the Hotel table; this duplicate destination row was deactivated (data kept for audit)."
3449,Hotel Mountain View & Restaurant,"Consolidation round 2026-09-21: duplicates Hotel record ""Hotel Mountain View & Restaurant"" (id 2766) ~0 m away.  Lodging records are managed in the Hotel table; this duplicate destination row was deactivated (data kept for audit)."
3442,Kusang Hotel & Restaurant,"Consolidation round 2026-09-21: duplicates Hotel record ""Kusang Hotel & Restaurant"" (id 4050) ~0 m away.  Lodging records are managed in the Hotel table; this duplicate destination row was deactivated (data kept for audit)."
3440,Gurungseni Hotel and Restaurant,"Consolidation round 2026-09-21: duplicates Hotel record ""Gurungseni Hotel and Restaurant"" (id 4049) ~0 m away.  Lodging records are managed in the Hotel table; this duplicate destination row was deactivated (data kept for audit)."
3439,Lho Norbu Hotel,"Consolidation round 2026-09-21: duplicates Hotel record ""Lho Norbu Hotel"" (id 1865) ~0 m away.  Lodging records are managed in the Hotel table; this duplicate destination row was deactivated (data kept for audit)."
3438,Lama Guest House,"Consolidation round 2026-09-21: duplicates Hotel record ""Lama Guest House"" (id 1864) ~0 m away.  Lodging records are managed in the Hotel table; this duplicate destination row was deactivated (data kept for audit)."
3437,Hamra Khaja Ghar Hotel,"Consolidation round 2026-09-21: duplicates Hotel record ""Hamra Khaja Ghar Hotel"" (id 1863) ~0 m away.  Lodging records are managed in the Hotel table; this duplicate destination row was deactivated (data kept for audit)."
3436,Norgyun Hotel,"Consolidation round 2026-09-21: duplicates Hotel record ""Norgyun Hotel"" (id 1862) ~0 m away.  Lodging records are managed in the Hotel table; this duplicate destination row was deactivated (data kept for audit)."
3435,Himal chuli hotel,"Consolidation round 2026-09-21: duplicates Hotel record ""Himal chuli hotel"" (id 1861) ~0 m away.  Lodging records are managed in the Hotel table; this duplicate destination row was deactivated (data kept for audit)."
3388,Hotel Jampa,"Consolidation round 2026-09-21: duplicates Hotel record ""Hotel Jampa"" (id 3518) ~0 m away.  Lodging records are managed in the Hotel table; this duplicate destination row was deactivated (data kept for audit)."
3333,Unique Guest House,"Consolidation round 2026-09-21: duplicates Hotel record ""Unique Guest House"" (id 3516) ~0 m away.  Lodging records are managed in the Hotel table; this duplicate destination row was deactivated (data kept for audit)."
3332,Hotel Hardik,"Consolidation round 2026-09-21: duplicates Hotel record ""Hotel Hardik"" (id 3515) ~0 m away.  Lodging records are managed in the Hotel table; this duplicate destination row was deactivated (data kept for audit)."
3330,Khotanghalesi guest house,"Consolidation round 2026-09-21: duplicates Hotel record ""Khotanghalesi guest house"" (id 3514) ~0 m away.  Lodging records are managed in the Hotel table; this duplicate destination row was deactivated (data kept for audit)."
3329,Sagarmatha top guest house,"Consolidation round 2026-09-21: duplicates Hotel record ""Sagarmatha top guest house"" (id 3513) ~0 m away.  Lodging records are managed in the Hotel table; this duplicate destination row was deactivated (data kept for audit)."
3328,Gorkhali guest house,"Consolidation round 2026-09-21: duplicates Hotel record ""Gorkhali guest house"" (id 3512) ~0 m away.  Lodging records are managed in the Hotel table; this duplicate destination row was deactivated (data kept for audit)."
3327,Sher Kanchanjanga guest house,"Consolidation round 2026-09-21: duplicates Hotel record ""Sher Kanchanjanga guest house"" (id 3511) ~0 m away.  Lodging records are managed in the Hotel table; this duplicate destination row was deactivated (data kept for audit)."
3326,Taplejung Dhankuta guest house,"Consolidation round 2026-09-21: duplicates Hotel record ""Taplejung Dhankuta guest house"" (id 3510) ~0 m away.  Lodging records are managed in the Hotel table; this duplicate destination row was deactivated (data kept for audit)."
3325,Gimiko guest house,"Consolidation round 2026-09-21: duplicates Hotel record ""Gimiko guest house"" (id 3509) ~0 m away.  Lodging records are managed in the Hotel table; this duplicate destination row was deactivated (data kept for audit)."
3324,3D Guest house,"Consolidation round 2026-09-21: duplicates Hotel record ""3D Guest house"" (id 3508) ~0 m away.  Lodging records are managed in the Hotel table; this duplicate destination row was deactivated (data kept for audit)."
3313,Hotel Bhu. Pu. Sainik Khaja Ghar and Guest House,"Consolidation round 2026-09-21: duplicates Hotel record ""Hotel Bhu. Pu. Sainik Khaja Ghar and Guest House"" (id 1780) ~0 m away.  Lodging records are managed in the Hotel table; this duplicate destination row was deactivated (data kept for audit)."
3312,Sainik Hotel and Guest House,"Consolidation round 2026-09-21: duplicates Hotel record ""Sainik Hotel and Guest House"" (id 1779) ~0 m away.  Lodging records are managed in the Hotel table; this duplicate destination row was deactivated (data kept for audit)."
3311,Shrestha Guest House,"Consolidation round 2026-09-21: duplicates Hotel record ""Shrestha Guest House"" (id 1778) ~0 m away.  Lodging records are managed in the Hotel table; this duplicate destination row was deactivated (data kept for audit)."
3310,Narayan Bicaneri Hotel,"Consolidation round 2026-09-21: duplicates Hotel record ""Narayan Bicaneri Hotel"" (id 1777) ~0 m away.  Lodging records are managed in the Hotel table; this duplicate destination row was deactivated (data kept for audit)."
3309,New Madina Hotel,"Consolidation round 2026-09-21: duplicates Hotel record ""New Madina Hotel"" (id 1776) ~0 m away.  Lodging records are managed in the Hotel table; this duplicate destination row was deactivated (data kept for audit)."
3308,Aama Hotel,"Consolidation round 2026-09-21: duplicates Hotel record ""Aama Hotel"" (id 1775) ~0 m away.  Lodging records are managed in the Hotel table; this duplicate destination row was deactivated (data kept for audit)."
3307,Madina Hotel,"Consolidation round 2026-09-21: duplicates Hotel record ""Madina Hotel"" (id 1774) ~0 m away.  Lodging records are managed in the Hotel table; this duplicate destination row was deactivated (data kept for audit)."
3305,Hotel Sakar  Restaurant and Lodge,"Consolidation round 2026-09-21: duplicates Hotel record ""Hotel Sakar  Restaurant and Lodge"" (id 4981) ~0 m away.  Lodging records are managed in the Hotel table; this duplicate destination row was deactivated (data kept for audit)."
3302,Muktinath Hotel,"Consolidation round 2026-09-21: duplicates Hotel record ""Muktinath Hotel"" (id 2765) ~0 m away.  Lodging records are managed in the Hotel table; this duplicate destination row was deactivated (data kept for audit)."
3299,Fair Mount Hotel,"Consolidation round 2026-09-21: duplicates Hotel record ""Fair Mount Hotel"" (id 2764) ~0 m away.  Lodging records are managed in the Hotel table; this duplicate destination row was deactivated (data kept for audit)."
3261,Kulung hotel,"Consolidation round 2026-09-21: duplicate of destination ""Kulung hotel"" (id 3259) ~110 m away.  Lodging records are managed in the Hotel table; this duplicate destination row was deactivated (data kept for audit)."
3234,Boudha Boutique Hotel,"Consolidation round 2026-09-21: duplicates Hotel record ""Boudha Boutique Hotel"" (id 3507) ~0 m away.  Lodging records are managed in the Hotel table; this duplicate destination row was deactivated (data kept for audit)."
3233,Hotel Butsugen,"Consolidation round 2026-09-21: duplicates Hotel record ""Hotel Butsugen"" (id 3506) ~0 m away.  Lodging records are managed in the Hotel table; this duplicate destination row was deactivated (data kept for audit)."
3230,HOTEL RANI MAHAL PVT. LTD.,"Consolidation round 2026-09-21: duplicates Hotel record ""HOTEL RANI MAHAL PVT. LTD."" (id 3504) ~0 m away.  Lodging records are managed in the Hotel table; this duplicate destination row was deactivated (data kept for audit)."
3229,Hotel Sunset View,"Consolidation round 2026-09-21: duplicates Hotel record ""Hotel Sunset View"" (id 3503) ~0 m away.  Lodging records are managed in the Hotel table; this duplicate destination row was deactivated (data kept for audit)."
3228,ARYAL INT'L HOTEL,"Consolidation round 2026-09-21: duplicates Hotel record ""ARYAL INT'L HOTEL"" (id 3502) ~0 m away.  Lodging records are managed in the Hotel table; this duplicate destination row was deactivated (data kept for audit)."
3227,AI boutique Hotel,"Consolidation round 2026-09-21: duplicates Hotel record ""AI boutique Hotel"" (id 3501) ~0 m away.  Lodging records are managed in the Hotel table; this duplicate destination row was deactivated (data kept for audit)."
3226,Chesspane Pahunghar Homestay,"Consolidation round 2026-09-21: duplicates Hotel record ""Chesspane Pahunghar Homestay"" (id 2761) ~0 m away.  Lodging records are managed in the Hotel table; this duplicate destination row was deactivated (data kept for audit)."
3225,River View Hotel Lodge,"Consolidation round 2026-09-21: duplicates Hotel record ""River View Hotel Lodge"" (id 2760) ~0 m away.  Lodging records are managed in the Hotel table; this duplicate destination row was deactivated (data kept for audit)."
3224,Rupakot Guest House Resturant & Bar,"Consolidation round 2026-09-21: duplicates Hotel record ""Rupakot Guest House Resturant & Bar"" (id 2759) ~0 m away.  Lodging records are managed in the Hotel table; this duplicate destination row was deactivated (data kept for audit)."
3213,Friend's Lake Inn,"Consolidation round 2026-09-21: duplicates Hotel record ""Friend's Lake Inn"" (id 2757) ~0 m away.  Lodging records are managed in the Hotel table; this duplicate destination row was deactivated (data kept for audit)."
3178,Hotel Icefall,"Consolidation round 2026-09-21: duplicates Hotel record ""Hotel Icefall"" (id 2756) ~0 m away.  Lodging records are managed in the Hotel table; this duplicate destination row was deactivated (data kept for audit)."
3177,Maya's Inn,"Consolidation round 2026-09-21: duplicates Hotel record ""Maya's Inn"" (id 4183) ~0 m away.  Lodging records are managed in the Hotel table; this duplicate destination row was deactivated (data kept for audit)."
3175,Hotel Mother's & Lalupate restaurant,"Consolidation round 2026-09-21: duplicates Hotel record ""Hotel Mother's & Lalupate restaurant"" (id 3950) ~0 m away.  Lodging records are managed in the Hotel table; this duplicate destination row was deactivated (data kept for audit)."
3174,HOTEL MOUNTAIN VIEW ROOFTOP RESTAURANT,"Consolidation round 2026-09-21: duplicates Hotel record ""HOTEL MOUNTAIN VIEW ROOFTOP RESTAURANT"" (id 3949) ~0 m away.  Lodging records are managed in the Hotel table; this duplicate destination row was deactivated (data kept for audit)."
3172,Hotel Mountain Peak,"Consolidation round 2026-09-21: duplicates Hotel record ""Hotel Mountain Peak"" (id 2755) ~0 m away.  Lodging records are managed in the Hotel table; this duplicate destination row was deactivated (data kept for audit)."
3171,Labin Cottage,"Consolidation round 2026-09-21: duplicates Hotel record ""Labin Cottage"" (id 2754) ~0 m away.  Lodging records are managed in the Hotel table; this duplicate destination row was deactivated (data kept for audit)."
3149,Hotel Task International,"Consolidation round 2026-09-21: duplicates Hotel record ""Hotel Task International"" (id 2752) ~0 m away.  Lodging records are managed in the Hotel table; this duplicate destination row was deactivated (data kept for audit)."
3148,Hotel Luna Kathmandu,"Consolidation round 2026-09-21: duplicates Hotel record ""Hotel Luna Kathmandu"" (id 3497) ~0 m away.  Lodging records are managed in the Hotel table; this duplicate destination row was deactivated (data kept for audit)."
3141,New White Lotus Guest House And Roof Top Garden,"Consolidation round 2026-09-21: duplicates Hotel record ""New White Lotus Guest House And Roof Top Garden"" (id 3496) ~0 m away.  Lodging records are managed in the Hotel table; this duplicate destination row was deactivated (data kept for audit)."
3140,Sky Line Hotel,"Consolidation round 2026-09-21: duplicates Hotel record ""Sky Line Hotel"" (id 3495) ~0 m away.  Lodging records are managed in the Hotel table; this duplicate destination row was deactivated (data kept for audit)."
3138,Thamel Peace Villa Hotel,"Consolidation round 2026-09-21: duplicates Hotel record ""Thamel Peace Villa Hotel"" (id 3493) ~0 m away.  Lodging records are managed in the Hotel table; this duplicate destination row was deactivated (data kept for audit)."
3137,Hotel Nepal Tara,"Consolidation round 2026-09-21: duplicates Hotel record ""Hotel Nepal Tara"" (id 3492) ~0 m away.  Lodging records are managed in the Hotel table; this duplicate destination row was deactivated (data kept for audit)."
3136,Hotel Seven Star Pvt Ltd,"Consolidation round 2026-09-21: duplicates Hotel record ""Hotel Seven Star Pvt Ltd"" (id 3491) ~0 m away.  Lodging records are managed in the Hotel table; this duplicate destination row was deactivated (data kept for audit)."
3134,Hotel Agaman With Apartment,"Consolidation round 2026-09-21: duplicates Hotel record ""Hotel Agaman With Apartment"" (id 3489) ~0 m away.  Lodging records are managed in the Hotel table; this duplicate destination row was deactivated (data kept for audit)."
3133,New Shree Guest House,"Consolidation round 2026-09-21: duplicates Hotel record ""New Shree Guest House"" (id 3488) ~0 m away.  Lodging records are managed in the Hotel table; this duplicate destination row was deactivated (data kept for audit)."
3131,Hotel President Thamel,"Consolidation round 2026-09-21: duplicates Hotel record ""Hotel President Thamel"" (id 3486) ~0 m away.  Lodging records are managed in the Hotel table; this duplicate destination row was deactivated (data kept for audit)."
3130,Kathmandu Guest House,"Consolidation round 2026-09-21: duplicates Hotel record ""Kathmandu Guest House"" (id 3485) ~0 m away.  Lodging records are managed in the Hotel table; this duplicate destination row was deactivated (data kept for audit)."
3128,Hotel Namaste And Spa,"Consolidation round 2026-09-21: duplicates Hotel record ""Hotel Namaste And Spa"" (id 3484) ~0 m away.  Lodging records are managed in the Hotel table; this duplicate destination row was deactivated (data kept for audit)."
3127,The Address Kathmandu Hotel,"Consolidation round 2026-09-21: duplicates Hotel record ""The Address Kathmandu Hotel"" (id 3483) ~0 m away.  Lodging records are managed in the Hotel table; this duplicate destination row was deactivated (data kept for audit)."
3125,The Kathamndu Hotel Pvt. Ltd,"Consolidation round 2026-09-21: duplicates Hotel record ""The Kathamndu Hotel Pvt. Ltd"" (id 3482) ~0 m away.  Lodging records are managed in the Hotel table; this duplicate destination row was deactivated (data kept for audit)."
3124,Oscar Guest House,"Consolidation round 2026-09-21: duplicates Hotel record ""Oscar Guest House"" (id 3481) ~0 m away.  Lodging records are managed in the Hotel table; this duplicate destination row was deactivated (data kept for audit)."
3122,Hotel Travelers Home,"Consolidation round 2026-09-21: duplicates Hotel record ""Hotel Travelers Home"" (id 3479) ~0 m away.  Lodging records are managed in the Hotel table; this duplicate destination row was deactivated (data kept for audit)."
3120,Hotel Green Horizon,"Consolidation round 2026-09-21: duplicates Hotel record ""Hotel Green Horizon"" (id 3477) ~0 m away.  Lodging records are managed in the Hotel table; this duplicate destination row was deactivated (data kept for audit)."
3119,Hotel Yukhang,"Consolidation round 2026-09-21: duplicates Hotel record ""Hotel Yukhang"" (id 3476) ~0 m away.  Lodging records are managed in the Hotel table; this duplicate destination row was deactivated (data kept for audit)."
3115,Hotel De Universe,"Consolidation round 2026-09-21: duplicates Hotel record ""Hotel De Universe"" (id 3473) ~0 m away.  Lodging records are managed in the Hotel table; this duplicate destination row was deactivated (data kept for audit)."
3114,Fujiya Guest House,"Consolidation round 2026-09-21: duplicates Hotel record ""Fujiya Guest House"" (id 3472) ~0 m away.  Lodging records are managed in the Hotel table; this duplicate destination row was deactivated (data kept for audit)."
3113,Kathmandu Regency Hotel,"Consolidation round 2026-09-21: duplicates Hotel record ""Kathmandu Regency Hotel"" (id 3471) ~0 m away.  Lodging records are managed in the Hotel table; this duplicate destination row was deactivated (data kept for audit)."
3112,Tibet Guest House,"Consolidation round 2026-09-21: duplicates Hotel record ""Tibet Guest House"" (id 3470) ~0 m away.  Lodging records are managed in the Hotel table; this duplicate destination row was deactivated (data kept for audit)."
3111,Hotel Thamel House,"Consolidation round 2026-09-21: duplicates Hotel record ""Hotel Thamel House"" (id 3469) ~0 m away.  Lodging records are managed in the Hotel table; this duplicate destination row was deactivated (data kept for audit)."
3110,Hotel Felicity Pvt. Ltd.,"Consolidation round 2026-09-21: duplicates Hotel record ""Hotel Felicity Pvt. Ltd."" (id 3468) ~0 m away.  Lodging records are managed in the Hotel table; this duplicate destination row was deactivated (data kept for audit)."
3109,Hotel Namtso,"Consolidation round 2026-09-21: duplicates Hotel record ""Hotel Namtso"" (id 3467) ~0 m away.  Lodging records are managed in the Hotel table; this duplicate destination row was deactivated (data kept for audit)."
3108,Hotel Blue Diamond Pvt.Ltd,"Consolidation round 2026-09-21: duplicates Hotel record ""Hotel Blue Diamond Pvt.Ltd"" (id 3466) ~0 m away.  Lodging records are managed in the Hotel table; this duplicate destination row was deactivated (data kept for audit)."
3107,Jyatha Inn Guest House,"Consolidation round 2026-09-21: duplicates Hotel record ""Jyatha Inn Guest House"" (id 3465) ~0 m away.  Lodging records are managed in the Hotel table; this duplicate destination row was deactivated (data kept for audit)."
3106,Buddha Bagaicha Hotel Pvt.Ltd,"Consolidation round 2026-09-21: duplicates Hotel record ""Buddha Bagaicha Hotel Pvt.Ltd"" (id 3464) ~0 m away.  Lodging records are managed in the Hotel table; this duplicate destination row was deactivated (data kept for audit)."
3105,Lhasa Guest House,"Consolidation round 2026-09-21: duplicates Hotel record ""Lhasa Guest House"" (id 3463) ~0 m away.  Lodging records are managed in the Hotel table; this duplicate destination row was deactivated (data kept for audit)."
3101,Annapurna Guest house,"Consolidation round 2026-09-21: duplicates Hotel record ""Annapurna Guest house"" (id 3459) ~0 m away.  Lodging records are managed in the Hotel table; this duplicate destination row was deactivated (data kept for audit)."
3100,Hotel Bright Star,"Consolidation round 2026-09-21: duplicates Hotel record ""Hotel Bright Star"" (id 3458) ~0 m away.  Lodging records are managed in the Hotel table; this duplicate destination row was deactivated (data kept for audit)."
3096,Souvenir Guest House,"Consolidation round 2026-09-21: duplicates Hotel record ""Souvenir Guest House"" (id 3454) ~0 m away.  Lodging records are managed in the Hotel table; this duplicate destination row was deactivated (data kept for audit)."
3091,Hotel buddy,"Consolidation round 2026-09-21: duplicates Hotel record ""Hotel buddy"" (id 3450) ~0 m away.  Lodging records are managed in the Hotel table; this duplicate destination row was deactivated (data kept for audit)."
3084,Amar Hotel,"Consolidation round 2026-09-21: duplicates Hotel record ""Amar Hotel"" (id 3448) ~0 m away.  Lodging records are managed in the Hotel table; this duplicate destination row was deactivated (data kept for audit)."
3082,Rosebud Hotel & Resort,"Consolidation round 2026-09-21: duplicates Hotel record ""Rosebud Hotel & Resort"" (id 3446) ~0 m away.  Lodging records are managed in the Hotel table; this duplicate destination row was deactivated (data kept for audit)."
3081,Platinum Hotel,"Consolidation round 2026-09-21: duplicates Hotel record ""Platinum Hotel"" (id 3445) ~0 m away.  Lodging records are managed in the Hotel table; this duplicate destination row was deactivated (data kept for audit)."
3078,Fairmount Hotel,"Consolidation round 2026-09-21: duplicates Hotel record ""Fairmount Hotel"" (id 2751) ~0 m away.  Lodging records are managed in the Hotel table; this duplicate destination row was deactivated (data kept for audit)."
3077,Maula Cottage,"Consolidation round 2026-09-21: duplicates Hotel record ""Maula Cottage"" (id 2750) ~0 m away.  Lodging records are managed in the Hotel table; this duplicate destination row was deactivated (data kept for audit)."
3068,Ramada Encore Hotel,"Consolidation round 2026-09-21: duplicates Hotel record ""Ramada Encore Hotel"" (id 3442) ~0 m away.  Lodging records are managed in the Hotel table; this duplicate destination row was deactivated (data kept for audit)."
3067,Four Seasons Boutique Hotel & Spa,"Consolidation round 2026-09-21: duplicates Hotel record ""Four Seasons Boutique Hotel & Spa"" (id 3441) ~0 m away.  Lodging records are managed in the Hotel table; this duplicate destination row was deactivated (data kept for audit)."
3066,Aria Boutique Hotel & Spa,"Consolidation round 2026-09-21: duplicates Hotel record ""Aria Boutique Hotel & Spa"" (id 3440) ~0 m away.  Lodging records are managed in the Hotel table; this duplicate destination row was deactivated (data kept for audit)."
3065,Traditional Comfort- A Boutique Hotel,"Consolidation round 2026-09-21: duplicates Hotel record ""Traditional Comfort- A Boutique Hotel"" (id 3439) ~0 m away.  Lodging records are managed in the Hotel table; this duplicate destination row was deactivated (data kept for audit)."
3064,The Everest Hotel Kathmandu,"Consolidation round 2026-09-21: duplicates Hotel record ""The Everest Hotel Kathmandu"" (id 3438) ~0 m away.  Lodging records are managed in the Hotel table; this duplicate destination row was deactivated (data kept for audit)."
3063,Hotel Sagarmatha and Lodge,"Consolidation round 2026-09-21: duplicates Hotel record ""Hotel Sagarmatha and Lodge"" (id 3437) ~0 m away.  Lodging records are managed in the Hotel table; this duplicate destination row was deactivated (data kept for audit)."
3062,Hotel Jyoti and Guest House,"Consolidation round 2026-09-21: duplicates Hotel record ""Hotel Jyoti and Guest House"" (id 3436) ~0 m away.  Lodging records are managed in the Hotel table; this duplicate destination row was deactivated (data kept for audit)."
3061,Hotel Adhar and Guest House,"Consolidation round 2026-09-21: duplicates Hotel record ""Hotel Adhar and Guest House"" (id 3435) ~0 m away.  Lodging records are managed in the Hotel table; this duplicate destination row was deactivated (data kept for audit)."
3060,Hotel Surya,"Consolidation round 2026-09-21: duplicates Hotel record ""Hotel Surya"" (id 3434) ~0 m away.  Lodging records are managed in the Hotel table; this duplicate destination row was deactivated (data kept for audit)."
3054,Kasthamandap Boutique Hotel,"Consolidation round 2026-09-21: duplicates Hotel record ""Kasthamandap Boutique Hotel"" (id 3433) ~0 m away.  Lodging records are managed in the Hotel table; this duplicate destination row was deactivated (data kept for audit)."
3053,Hotel Everest Nepal,"Consolidation round 2026-09-21: duplicates Hotel record ""Hotel Everest Nepal"" (id 3432) ~0 m away.  Lodging records are managed in the Hotel table; this duplicate destination row was deactivated (data kept for audit)."
3051,Hotel Arts,"Consolidation round 2026-09-21: duplicates Hotel record ""Hotel Arts"" (id 3430) ~0 m away.  Lodging records are managed in the Hotel table; this duplicate destination row was deactivated (data kept for audit)."
3046,Shiva Shankhar Hotel,"Consolidation round 2026-09-21: duplicates Hotel record ""Shiva Shankhar Hotel"" (id 3429) ~0 m away.  Lodging records are managed in the Hotel table; this duplicate destination row was deactivated (data kept for audit)."
3045,Hotel Ananda Pashupati P Ltd,"Consolidation round 2026-09-21: duplicates Hotel record ""Hotel Ananda Pashupati P Ltd"" (id 3428) ~0 m away.  Lodging records are managed in the Hotel table; this duplicate destination row was deactivated (data kept for audit)."
3044,Comfort Inn Hotel and Apartments,"Consolidation round 2026-09-21: duplicates Hotel record ""Comfort Inn Hotel and Apartments"" (id 3427) ~0 m away.  Lodging records are managed in the Hotel table; this duplicate destination row was deactivated (data kept for audit)."
3042,Readers Inn,"Consolidation round 2026-09-21: duplicates Hotel record ""Readers Inn"" (id 3425) ~0 m away.  Lodging records are managed in the Hotel table; this duplicate destination row was deactivated (data kept for audit)."
3041,Hotel Narayana,"Consolidation round 2026-09-21: duplicates Hotel record ""Hotel Narayana"" (id 3424) ~0 m away.  Lodging records are managed in the Hotel table; this duplicate destination row was deactivated (data kept for audit)."
3038,Dom Himalaya Hotel,"Consolidation round 2026-09-21: duplicates Hotel record ""Dom Himalaya Hotel"" (id 3423) ~0 m away.  Lodging records are managed in the Hotel table; this duplicate destination row was deactivated (data kept for audit)."
3037,Hotel Lily,"Consolidation round 2026-09-21: duplicates Hotel record ""Hotel Lily"" (id 3422) ~0 m away.  Lodging records are managed in the Hotel table; this duplicate destination row was deactivated (data kept for audit)."
3036,Holyland Guest House,"Consolidation round 2026-09-21: duplicates Hotel record ""Holyland Guest House"" (id 3421) ~0 m away.  Lodging records are managed in the Hotel table; this duplicate destination row was deactivated (data kept for audit)."
3035,Hotel Festoon,"Consolidation round 2026-09-21: duplicates Hotel record ""Hotel Festoon"" (id 3420) ~0 m away.  Lodging records are managed in the Hotel table; this duplicate destination row was deactivated (data kept for audit)."
3034,Mirage Lords Inn,"Consolidation round 2026-09-21: duplicates Hotel record ""Mirage Lords Inn"" (id 3419) ~0 m away.  Lodging records are managed in the Hotel table; this duplicate destination row was deactivated (data kept for audit)."
3033,Shiva Tirupati Hotel,"Consolidation round 2026-09-21: duplicates Hotel record ""Shiva Tirupati Hotel"" (id 3418) ~0 m away.  Lodging records are managed in the Hotel table; this duplicate destination row was deactivated (data kept for audit)."
3031,Taleju Boutique Hotel,"Consolidation round 2026-09-21: duplicates Hotel record ""Taleju Boutique Hotel"" (id 3417) ~0 m away.  Lodging records are managed in the Hotel table; this duplicate destination row was deactivated (data kept for audit)."
3030,Skyline Hotel,"Consolidation round 2026-09-21: duplicates Hotel record ""Sky Line Hotel"" (id 3495) ~36 m away.  Lodging records are managed in the Hotel table; this duplicate destination row was deactivated (data kept for audit)."
3027,Thamel Eco Resort,"Consolidation round 2026-09-21: duplicates Hotel record ""Thamel Eco Resort"" (id 3414) ~0 m away.  Lodging records are managed in the Hotel table; this duplicate destination row was deactivated (data kept for audit)."
3025,Hotel Holiday Taj,"Consolidation round 2026-09-21: duplicates Hotel record ""Hotel Holiday Taj"" (id 3412) ~0 m away.  Lodging records are managed in the Hotel table; this duplicate destination row was deactivated (data kept for audit)."
3024,Hotel Thorong Peak,"Consolidation round 2026-09-21: duplicates Hotel record ""Hotel Thorong Peak"" (id 3411) ~0 m away.  Lodging records are managed in the Hotel table; this duplicate destination row was deactivated (data kept for audit)."
3023,Hotel Shivam Plaza Pvt. Ltd.,"Consolidation round 2026-09-21: duplicates Hotel record ""Hotel Shivam Plaza Pvt. Ltd."" (id 3410) ~0 m away.  Lodging records are managed in the Hotel table; this duplicate destination row was deactivated (data kept for audit)."
3022,Hotel Crown Plaza,"Consolidation round 2026-09-21: duplicates Hotel record ""Hotel Crown Plaza"" (id 3409) ~0 m away.  Lodging records are managed in the Hotel table; this duplicate destination row was deactivated (data kept for audit)."
3021,Hotel Prince Plaza Pvt. Ltd.,"Consolidation round 2026-09-21: duplicates Hotel record ""Hotel Prince Plaza Pvt. Ltd."" (id 3408) ~0 m away.  Lodging records are managed in the Hotel table; this duplicate destination row was deactivated (data kept for audit)."
3019,Hotel Landmark Kathmandu,"Consolidation round 2026-09-21: duplicates Hotel record ""Hotel Landmark Kathmandu"" (id 3406) ~0 m away.  Lodging records are managed in the Hotel table; this duplicate destination row was deactivated (data kept for audit)."
3018,Airport Hotel,"Consolidation round 2026-09-21: duplicates Hotel record ""Airport Hotel"" (id 3405) ~0 m away.  Lodging records are managed in the Hotel table; this duplicate destination row was deactivated (data kept for audit)."
3017,Hotel Everest Mount Holiday,"Consolidation round 2026-09-21: duplicates Hotel record ""Hotel Everest Mount Holiday"" (id 3404) ~0 m away.  Lodging records are managed in the Hotel table; this duplicate destination row was deactivated (data kept for audit)."
3016,Hotel Le Himalya,"Consolidation round 2026-09-21: duplicates Hotel record ""Hotel Le Himalya"" (id 3403) ~0 m away.  Lodging records are managed in the Hotel table; this duplicate destination row was deactivated (data kept for audit)."
3015,New Hotel Panda,"Consolidation round 2026-09-21: duplicates Hotel record ""New Hotel Panda"" (id 3402) ~0 m away.  Lodging records are managed in the Hotel table; this duplicate destination row was deactivated (data kept for audit)."
3013,Hotel Access Nepal,"Consolidation round 2026-09-21: duplicates Hotel record ""Hotel Access Nepal"" (id 3401) ~0 m away.  Lodging records are managed in the Hotel table; this duplicate destination row was deactivated (data kept for audit)."
2983,Tamu hotel,"Consolidation round 2026-09-21: duplicates Hotel record ""Tamu hotel"" (id 3948) ~0 m away.  Lodging records are managed in the Hotel table; this duplicate destination row was deactivated (data kept for audit)."
2967,Bankatta Homestay,"Consolidation round 2026-09-21: duplicate of destination ""Bankatta Homestay"" (id 6047) ~8 m away.  Lodging records are managed in the Hotel table; this duplicate destination row was deactivated (data kept for audit)."
2946,Bhadrasingh Homestay,"Consolidation round 2026-09-21: duplicates Hotel record ""Bhadrasingh Homestay"" (id 2749) ~0 m away.  Lodging records are managed in the Hotel table; this duplicate destination row was deactivated (data kept for audit)."
2945,Home Stay,"Consolidation round 2026-09-21: duplicate of destination ""Home Stay"" (id 2622) ~178 m away.  Lodging records are managed in the Hotel table; this duplicate destination row was deactivated (data kept for audit)."
2929,Kathmandu Marriott Hotel,"Consolidation round 2026-09-21: duplicates Hotel record ""Kathmandu Marriott Hotel"" (id 3396) ~0 m away.  Lodging records are managed in the Hotel table; this duplicate destination row was deactivated (data kept for audit)."
2923,Thamel Villa Heritage Hotel,"Consolidation round 2026-09-21: duplicates Hotel record ""Thamel Villa Heritage Hotel"" (id 3394) ~0 m away.  Lodging records are managed in the Hotel table; this duplicate destination row was deactivated (data kept for audit)."
2915,Gurung Lodge,"Consolidation round 2026-09-21: duplicates Hotel record ""Gurung Lodge"" (id 2745) ~0 m away.  Lodging records are managed in the Hotel table; this duplicate destination row was deactivated (data kept for audit)."
2911,Hotel Backyard,"Consolidation round 2026-09-21: duplicates Hotel record ""Hotel Backyard"" (id 3393) ~0 m away.  Lodging records are managed in the Hotel table; this duplicate destination row was deactivated (data kept for audit)."
2901,Hotel Four Seasons,"Consolidation round 2026-09-21: duplicates Hotel record ""Hotel Four Seasons"" (id 4048) ~0 m away.  Lodging records are managed in the Hotel table; this duplicate destination row was deactivated (data kept for audit)."
2895,Tibet Lhasha Hotel & Restaurant,"Consolidation round 2026-09-21: duplicates Hotel record ""Tibet Lhasha Hotel & Restaurant"" (id 3947) ~0 m away.  Lodging records are managed in the Hotel table; this duplicate destination row was deactivated (data kept for audit)."
2886,Hotel Marinha,"Consolidation round 2026-09-21: duplicates Hotel record ""Hotel Marinha"" (id 3392) ~0 m away.  Lodging records are managed in the Hotel table; this duplicate destination row was deactivated (data kept for audit)."
2869,Riverside Lodge and restaurant,"Consolidation round 2026-09-21: duplicates Hotel record ""Riverside Lodge and restaurant"" (id 2742) ~0 m away.  Lodging records are managed in the Hotel table; this duplicate destination row was deactivated (data kept for audit)."
2865,Gurung Guesthouse,"Consolidation round 2026-09-21: duplicates Hotel record ""Gurung Guesthouse"" (id 2740) ~0 m away.  Lodging records are managed in the Hotel table; this duplicate destination row was deactivated (data kept for audit)."
2864,Pothana Guest House,"Consolidation round 2026-09-21: duplicates Hotel record ""Pothana Guest House"" (id 2739) ~0 m away.  Lodging records are managed in the Hotel table; this duplicate destination row was deactivated (data kept for audit)."
2862,Safari Wildlife Lodge & Camp,"Consolidation round 2026-09-21: duplicates Hotel record ""Safari Wildlife Lodge & Camp"" (id 1773) ~0 m away.  Lodging records are managed in the Hotel table; this duplicate destination row was deactivated (data kept for audit)."
2859,Ker & Downy Resort,"Consolidation round 2026-09-21: duplicates Hotel record ""Ker & Downy Resort"" (id 2738) ~0 m away.  Lodging records are managed in the Hotel table; this duplicate destination row was deactivated (data kept for audit)."
2858,Mala Lodge,"Consolidation round 2026-09-21: duplicates Hotel record ""Mala Lodge"" (id 2737) ~0 m away.  Lodging records are managed in the Hotel table; this duplicate destination row was deactivated (data kept for audit)."
2857,Hot Spring Cottage,"Consolidation round 2026-09-21: duplicates Hotel record ""Hot Spring Cottage"" (id 2736) ~0 m away.  Lodging records are managed in the Hotel table; this duplicate destination row was deactivated (data kept for audit)."
2856,Jhinu Guest House,"Consolidation round 2026-09-21: duplicates Hotel record ""Jhinu Guest House"" (id 2735) ~0 m away.  Lodging records are managed in the Hotel table; this duplicate destination row was deactivated (data kept for audit)."
2855,Modi Khola Guest House and Fast Food Restaurant,"Consolidation round 2026-09-21: duplicates Hotel record ""Modi Khola Guest House and Fast Food Restaurant"" (id 2734) ~0 m away.  Lodging records are managed in the Hotel table; this duplicate destination row was deactivated (data kept for audit)."
2854,New Bridge Guest House & Fast Food Restaurant,"Consolidation round 2026-09-21: duplicates Hotel record ""New Bridge Guest House & Fast Food Restaurant"" (id 2733) ~0 m away.  Lodging records are managed in the Hotel table; this duplicate destination row was deactivated (data kept for audit)."
2853,Hiunchuli Guest House and Restaurant,"Consolidation round 2026-09-21: duplicates Hotel record ""Hiunchuli Guest House and Restaurant"" (id 2732) ~0 m away.  Lodging records are managed in the Hotel table; this duplicate destination row was deactivated (data kept for audit)."
2852,Kalpana Guesthouse and Fast Food Restaurant,"Consolidation round 2026-09-21: duplicates Hotel record ""Kalpana Guesthouse and Fast Food Restaurant"" (id 2731) ~0 m away.  Lodging records are managed in the Hotel table; this duplicate destination row was deactivated (data kept for audit)."
2851,Himalpani Guest House,"Consolidation round 2026-09-21: duplicates Hotel record ""Himalpani Guest House"" (id 2730) ~0 m away.  Lodging records are managed in the Hotel table; this duplicate destination row was deactivated (data kept for audit)."
2850,Hotel Ever Green and Restaurant,"Consolidation round 2026-09-21: duplicates Hotel record ""Hotel Ever Green and Restaurant"" (id 2729) ~0 m away.  Lodging records are managed in the Hotel table; this duplicate destination row was deactivated (data kept for audit)."
2848,River Side Guest House,"Consolidation round 2026-09-21: duplicates Hotel record ""River Side Guest House"" (id 2728) ~0 m away.  Lodging records are managed in the Hotel table; this duplicate destination row was deactivated (data kept for audit)."
2847,Rupen restaurant and Lodge,"Consolidation round 2026-09-21: duplicates Hotel record ""Rupen restaurant and Lodge"" (id 2727) ~0 m away.  Lodging records are managed in the Hotel table; this duplicate destination row was deactivated (data kept for audit)."
2846,Himchuli Hotel Lodge and Restaurant Lunch Center,"Consolidation round 2026-09-21: duplicates Hotel record ""Himchuli Hotel Lodge and Restaurant Lunch Center"" (id 2726) ~0 m away.  Lodging records are managed in the Hotel table; this duplicate destination row was deactivated (data kept for audit)."
2845,See You Lodge and Restaurant,"Consolidation round 2026-09-21: duplicates Hotel record ""See You Lodge and Restaurant"" (id 2725) ~0 m away.  Lodging records are managed in the Hotel table; this duplicate destination row was deactivated (data kept for audit)."
2844,Hotel Allure Hill and Restaurant,"Consolidation round 2026-09-21: duplicates Hotel record ""Hotel Allure Hill and Restaurant"" (id 2724) ~0 m away.  Lodging records are managed in the Hotel table; this duplicate destination row was deactivated (data kept for audit)."
2843,Hotel Gurans,"Consolidation round 2026-09-21: duplicates Hotel record ""Hotel Gurans"" (id 2723) ~0 m away.  Lodging records are managed in the Hotel table; this duplicate destination row was deactivated (data kept for audit)."
2842,Machhapuchree Lodge,"Consolidation round 2026-09-21: duplicates Hotel record ""Machhapuchree Lodge"" (id 2722) ~0 m away.  Lodging records are managed in the Hotel table; this duplicate destination row was deactivated (data kept for audit)."
2841,Australian Camp Guest House,"Consolidation round 2026-09-21: duplicates Hotel record ""Australian Camp Guest House"" (id 2721) ~0 m away.  Lodging records are managed in the Hotel table; this duplicate destination row was deactivated (data kept for audit)."
2839,Diamir - Heaven's Gate - Guest House and Restaurant,"Consolidation round 2026-09-21: duplicates Hotel record ""Diamir - Heaven's Gate - Guest House and Restaurant"" (id 2719) ~0 m away.  Lodging records are managed in the Hotel table; this duplicate destination row was deactivated (data kept for audit)."
2837,Sunita Hotel,"Consolidation round 2026-09-21: duplicates Hotel record ""Sunita Hotel"" (id 2717) ~0 m away.  Lodging records are managed in the Hotel table; this duplicate destination row was deactivated (data kept for audit)."
2836,Hotel Green View Thakali Bhanchha & Lodge,"Consolidation round 2026-09-21: duplicates Hotel record ""Hotel Green View Thakali Bhanchha & Lodge"" (id 2716) ~0 m away.  Lodging records are managed in the Hotel table; this duplicate destination row was deactivated (data kept for audit)."
2835,Maili Hotel,"Consolidation round 2026-09-21: duplicates Hotel record ""Maili Hotel"" (id 2715) ~0 m away.  Lodging records are managed in the Hotel table; this duplicate destination row was deactivated (data kept for audit)."
2834,Step Up Hotel & Restaurant,"Consolidation round 2026-09-21: duplicates Hotel record ""Step Up Hotel & Restaurant"" (id 2714) ~0 m away.  Lodging records are managed in the Hotel table; this duplicate destination row was deactivated (data kept for audit)."
2833,Hotel Durga Puja,"Consolidation round 2026-09-21: duplicates Hotel record ""Hotel Durga Puja"" (id 2713) ~0 m away.  Lodging records are managed in the Hotel table; this duplicate destination row was deactivated (data kept for audit)."
2832,Dipsha & Dipshika Hotel,"Consolidation round 2026-09-21: duplicates Hotel record ""Dipsha & Dipshika Hotel"" (id 2712) ~0 m away.  Lodging records are managed in the Hotel table; this duplicate destination row was deactivated (data kept for audit)."
2830,Kande Inn Guest House & Restaurent,"Consolidation round 2026-09-21: duplicates Hotel record ""Kande Inn Guest House & Restaurent"" (id 2711) ~0 m away.  Lodging records are managed in the Hotel table; this duplicate destination row was deactivated (data kept for audit)."
2829,Sujit & Sonika Hotel,"Consolidation round 2026-09-21: duplicates Hotel record ""Sujit & Sonika Hotel"" (id 2710) ~0 m away.  Lodging records are managed in the Hotel table; this duplicate destination row was deactivated (data kept for audit)."
2828,Nisha Hotel and Khaja Ghar,"Consolidation round 2026-09-21: duplicates Hotel record ""Nisha Hotel and Khaja Ghar"" (id 2709) ~0 m away.  Lodging records are managed in the Hotel table; this duplicate destination row was deactivated (data kept for audit)."
2827,Namaste Dhaulagiri Lodge And Restaurant,"Consolidation round 2026-09-21: duplicates Hotel record ""Namaste Dhaulagiri Lodge And Restaurant"" (id 2708) ~0 m away.  Lodging records are managed in the Hotel table; this duplicate destination row was deactivated (data kept for audit)."
2826,Baglung Burtibang Nabina Staff Hotel,"Consolidation round 2026-09-21: duplicates Hotel record ""Baglung Burtibang Nabina Staff Hotel"" (id 2707) ~0 m away.  Lodging records are managed in the Hotel table; this duplicate destination row was deactivated (data kept for audit)."
2825,Baglung Burtiban Manisha Staff Hotel,"Consolidation round 2026-09-21: duplicates Hotel record ""Baglung Burtiban Manisha Staff Hotel"" (id 2706) ~0 m away.  Lodging records are managed in the Hotel table; this duplicate destination row was deactivated (data kept for audit)."
2824,Mahalaxmi Staff Hotel,"Consolidation round 2026-09-21: duplicates Hotel record ""Mahalaxmi Staff Hotel"" (id 2705) ~0 m away.  Lodging records are managed in the Hotel table; this duplicate destination row was deactivated (data kept for audit)."
2823,Paudel Hotel,"Consolidation round 2026-09-21: duplicates Hotel record ""Paudel Hotel"" (id 2704) ~0 m away.  Lodging records are managed in the Hotel table; this duplicate destination row was deactivated (data kept for audit)."
2822,Early Bird Lodge & Restaurant,"Consolidation round 2026-09-21: duplicates Hotel record ""Early Bird Lodge & Restaurant"" (id 2703) ~0 m away.  Lodging records are managed in the Hotel table; this duplicate destination row was deactivated (data kept for audit)."
2821,Safalta Family Restaurant & Lodge,"Consolidation round 2026-09-21: duplicates Hotel record ""Safalta Family Restaurant & Lodge"" (id 2702) ~0 m away.  Lodging records are managed in the Hotel table; this duplicate destination row was deactivated (data kept for audit)."
2820,Ganesh Lodge & Restaurant,"Consolidation round 2026-09-21: duplicates Hotel record ""Ganesh Lodge & Restaurant"" (id 2701) ~0 m away.  Lodging records are managed in the Hotel table; this duplicate destination row was deactivated (data kept for audit)."
2815,Sandesh Khaja Ghar & Lodge,"Consolidation round 2026-09-21: duplicates Hotel record ""Sandesh Khaja Ghar & Lodge"" (id 2700) ~0 m away.  Lodging records are managed in the Hotel table; this duplicate destination row was deactivated (data kept for audit)."
2814,Goredaiko Guest House & Restaurant,"Consolidation round 2026-09-21: duplicates Hotel record ""Goredaiko Guest House & Restaurant"" (id 2699) ~0 m away.  Lodging records are managed in the Hotel table; this duplicate destination row was deactivated (data kept for audit)."
2813,Ambika Hotel,"Consolidation round 2026-09-21: duplicates Hotel record ""Ambika Hotel"" (id 2698) ~0 m away.  Lodging records are managed in the Hotel table; this duplicate destination row was deactivated (data kept for audit)."
2811,Amrti lodge & Restaurant,"Consolidation round 2026-09-21: duplicates Hotel record ""Amrti lodge & Restaurant"" (id 2697) ~0 m away.  Lodging records are managed in the Hotel table; this duplicate destination row was deactivated (data kept for audit)."
2810,New Saksham Hotel & Restaurant,"Consolidation round 2026-09-21: duplicates Hotel record ""New Saksham Hotel & Restaurant"" (id 2696) ~0 m away.  Lodging records are managed in the Hotel table; this duplicate destination row was deactivated (data kept for audit)."
2809,Gopi Guest House,"Consolidation round 2026-09-21: duplicates Hotel record ""Gopi Guest House"" (id 2695) ~0 m away.  Lodging records are managed in the Hotel table; this duplicate destination row was deactivated (data kept for audit)."
2808,Hotel Everest Thakali Lodge and Restaurant,"Consolidation round 2026-09-21: duplicates Hotel record ""Hotel Everest Thakali Lodge and Restaurant"" (id 2694) ~0 m away.  Lodging records are managed in the Hotel table; this duplicate destination row was deactivated (data kept for audit)."
2807,Mamta Hotel & Resturant,"Consolidation round 2026-09-21: duplicates Hotel record ""Mamta Hotel & Resturant"" (id 2693) ~0 m away.  Lodging records are managed in the Hotel table; this duplicate destination row was deactivated (data kept for audit)."
2806,Kamana Hotel,"Consolidation round 2026-09-21: duplicates Hotel record ""Kamana Hotel"" (id 2692) ~0 m away.  Lodging records are managed in the Hotel table; this duplicate destination row was deactivated (data kept for audit)."
2805,Gurung Hotel & Lodge,"Consolidation round 2026-09-21: duplicates Hotel record ""Gurung Hotel & Lodge"" (id 2691) ~0 m away.  Lodging records are managed in the Hotel table; this duplicate destination row was deactivated (data kept for audit)."
2804,K.C Hotel Lodge & Resturant,"Consolidation round 2026-09-21: duplicates Hotel record ""K.C Hotel Lodge & Resturant"" (id 2690) ~0 m away.  Lodging records are managed in the Hotel table; this duplicate destination row was deactivated (data kept for audit)."
2803,Sirmor Hotel & Resturant,"Consolidation round 2026-09-21: duplicates Hotel record ""Sirmor Hotel & Resturant"" (id 2689) ~0 m away.  Lodging records are managed in the Hotel table; this duplicate destination row was deactivated (data kept for audit)."
2802,Krishna Hotel & Resturant,"Consolidation round 2026-09-21: duplicates Hotel record ""Krishna Hotel & Resturant"" (id 2688) ~0 m away.  Lodging records are managed in the Hotel table; this duplicate destination row was deactivated (data kept for audit)."
2801,Buddha Restaurant & Guest House,"Consolidation round 2026-09-21: duplicates Hotel record ""Buddha Restaurant & Guest House"" (id 2687) ~0 m away.  Lodging records are managed in the Hotel table; this duplicate destination row was deactivated (data kept for audit)."
2799,Prisha Hotel & Restaurant,"Consolidation round 2026-09-21: duplicates Hotel record ""Prisha Hotel & Restaurant"" (id 2685) ~0 m away.  Lodging records are managed in the Hotel table; this duplicate destination row was deactivated (data kept for audit)."
2798,Fistail Guest House & Restaurant,"Consolidation round 2026-09-21: duplicates Hotel record ""Fistail Guest House & Restaurant"" (id 2684) ~0 m away.  Lodging records are managed in the Hotel table; this duplicate destination row was deactivated (data kept for audit)."
2797,Garden Villa Lodge and Restaurant,"Consolidation round 2026-09-21: duplicates Hotel record ""Garden Villa Lodge and Restaurant"" (id 2683) ~0 m away.  Lodging records are managed in the Hotel table; this duplicate destination row was deactivated (data kept for audit)."
2795,Hotel Shree Muktinath & Potála Guest House,"Consolidation round 2026-09-21: duplicates Hotel record ""Hotel Shree Muktinath & Potála Guest House"" (id 4182) ~0 m away.  Lodging records are managed in the Hotel table; this duplicate destination row was deactivated (data kept for audit)."
2793,Preeti Guest House and Restaurant,"Consolidation round 2026-09-21: duplicates Hotel record ""Preeti Guest House and Restaurant"" (id 2682) ~0 m away.  Lodging records are managed in the Hotel table; this duplicate destination row was deactivated (data kept for audit)."
2791,Sinuwa lodge and Restaurant,"Consolidation round 2026-09-21: duplicates Hotel record ""Sinuwa lodge and Restaurant"" (id 2680) ~0 m away.  Lodging records are managed in the Hotel table; this duplicate destination row was deactivated (data kept for audit)."
2790,Sunrise Lodge and Hotel,"Consolidation round 2026-09-21: duplicates Hotel record ""Sunrise Lodge and Hotel"" (id 2679) ~0 m away.  Lodging records are managed in the Hotel table; this duplicate destination row was deactivated (data kept for audit)."
2789,Foo Guest House,"Consolidation round 2026-09-21: duplicates Hotel record ""Foo Guest House"" (id 2678) ~0 m away.  Lodging records are managed in the Hotel table; this duplicate destination row was deactivated (data kept for audit)."
2788,Snowland Traditional Lodge and Restaurant,"Consolidation round 2026-09-21: duplicates Hotel record ""Snowland Traditional Lodge and Restaurant"" (id 2677) ~0 m away.  Lodging records are managed in the Hotel table; this duplicate destination row was deactivated (data kept for audit)."
2787,Ghandruk Guest House and Restaurant,"Consolidation round 2026-09-21: duplicates Hotel record ""Ghandruk Guest House and Restaurant"" (id 2676) ~0 m away.  Lodging records are managed in the Hotel table; this duplicate destination row was deactivated (data kept for audit)."
2786,Karan arjun Homestay and Restaurant,"Consolidation round 2026-09-21: duplicates Hotel record ""Karan arjun Homestay and Restaurant"" (id 2675) ~0 m away.  Lodging records are managed in the Hotel table; this duplicate destination row was deactivated (data kept for audit)."
2784,Macchapucchre View Top Guest House & Restaurant,"Consolidation round 2026-09-21: duplicates Hotel record ""Macchapucchre View Top Guest House & Restaurant"" (id 2673) ~0 m away.  Lodging records are managed in the Hotel table; this duplicate destination row was deactivated (data kept for audit)."
2782,Hotel Kailash and Restaurant,"Consolidation round 2026-09-21: duplicates Hotel record ""Hotel Kailash and Restaurant"" (id 2671) ~0 m away.  Lodging records are managed in the Hotel table; this duplicate destination row was deactivated (data kept for audit)."
2781,Hotel Hungry Eye,"Consolidation round 2026-09-21: duplicates Hotel record ""Hotel Hungry Eye"" (id 2670) ~0 m away.  Lodging records are managed in the Hotel table; this duplicate destination row was deactivated (data kept for audit)."
2779,Hotel Robin and Restaurant,"Consolidation round 2026-09-21: duplicates Hotel record ""Hotel Robin and Restaurant"" (id 2669) ~0 m away.  Lodging records are managed in the Hotel table; this duplicate destination row was deactivated (data kept for audit)."
2778,Hotel Mountain View and Restaurant,"Consolidation round 2026-09-21: duplicates Hotel record ""Hotel Mountain View and Restaurant"" (id 2668) ~0 m away.  Lodging records are managed in the Hotel table; this duplicate destination row was deactivated (data kept for audit)."
2777,Hotel Trekkers Inn And Restaurant,"Consolidation round 2026-09-21: duplicates Hotel record ""Hotel Trekkers Inn And Restaurant"" (id 2667) ~0 m away.  Lodging records are managed in the Hotel table; this duplicate destination row was deactivated (data kept for audit)."
2776,Breeze Guesthouse&Restaurant,"Consolidation round 2026-09-21: duplicates Hotel record ""Breeze Guesthouse&Restaurant"" (id 2666) ~0 m away.  Lodging records are managed in the Hotel table; this duplicate destination row was deactivated (data kept for audit)."
2775,Annapurna Guesthouse Restaurant And Bar,"Consolidation round 2026-09-21: duplicates Hotel record ""Annapurna Guesthouse Restaurant And Bar"" (id 2665) ~0 m away.  Lodging records are managed in the Hotel table; this duplicate destination row was deactivated (data kept for audit)."
2770,Hotel Prashant & Nice Wind Restaurant,"Consolidation round 2026-09-21: duplicates Hotel record ""Hotel Prashant & Nice Wind Restaurant"" (id 2661) ~0 m away.  Lodging records are managed in the Hotel table; this duplicate destination row was deactivated (data kept for audit)."
2767,Hotel Danfe And Guest House,"Consolidation round 2026-09-21: duplicates Hotel record ""Hotel Danfe And Guest House"" (id 2658) ~0 m away.  Lodging records are managed in the Hotel table; this duplicate destination row was deactivated (data kept for audit)."
2766,Himalaya View Hotel,"Consolidation round 2026-09-21: duplicates Hotel record ""Himalaya View Hotel"" (id 2657) ~0 m away.  Lodging records are managed in the Hotel table; this duplicate destination row was deactivated (data kept for audit)."
2765,Sun Moon Lodge and Restaurant,"Consolidation round 2026-09-21: duplicates Hotel record ""Sun Moon Lodge and Restaurant"" (id 2656) ~0 m away.  Lodging records are managed in the Hotel table; this duplicate destination row was deactivated (data kept for audit)."
2764,Nice View Lodge & Restaurant,"Consolidation round 2026-09-21: duplicates Hotel record ""Nice View Lodge & Restaurant"" (id 2655) ~0 m away.  Lodging records are managed in the Hotel table; this duplicate destination row was deactivated (data kept for audit)."
2763,Captain Lali Gurans Guest House & Restuarant,"Consolidation round 2026-09-21: duplicates Hotel record ""Captain Lali Gurans Guest House & Restuarant"" (id 2654) ~0 m away.  Lodging records are managed in the Hotel table; this duplicate destination row was deactivated (data kept for audit)."
2762,Tibet Guest House & Restaurant,"Consolidation round 2026-09-21: duplicates Hotel record ""Tibet Guest House & Restaurant"" (id 2653) ~0 m away.  Lodging records are managed in the Hotel table; this duplicate destination row was deactivated (data kept for audit)."
2761,Moonlight Guest House,"Consolidation round 2026-09-21: duplicates Hotel record ""Moonlight Guest House"" (id 2652) ~0 m away.  Lodging records are managed in the Hotel table; this duplicate destination row was deactivated (data kept for audit)."
2760,Maya Guest House,"Consolidation round 2026-09-21: duplicates Hotel record ""Maya Guest House"" (id 2651) ~0 m away.  Lodging records are managed in the Hotel table; this duplicate destination row was deactivated (data kept for audit)."
2751,New Chitreli Supriya Staf Hotel,"Consolidation round 2026-09-21: duplicates Hotel record ""New Chitreli Supriya Staf Hotel"" (id 2648) ~0 m away.  Lodging records are managed in the Hotel table; this duplicate destination row was deactivated (data kept for audit)."
2750,Annapurna Lodge & Restaurant,"Consolidation round 2026-09-21: duplicates Hotel record ""Annapurna Lodge & Restaurant"" (id 2647) ~0 m away.  Lodging records are managed in the Hotel table; this duplicate destination row was deactivated (data kept for audit)."
2749,Thakalu Hotel & Restaurant,"Consolidation round 2026-09-21: duplicates Hotel record ""Thakalu Hotel & Restaurant"" (id 2646) ~0 m away.  Lodging records are managed in the Hotel table; this duplicate destination row was deactivated (data kept for audit)."
2748,Yak Hotel,"Consolidation round 2026-09-21: duplicates Hotel record ""Yak Hotel"" (id 2645) ~0 m away.  Lodging records are managed in the Hotel table; this duplicate destination row was deactivated (data kept for audit)."
2743,Chandi Homestay,"Consolidation round 2026-09-21: duplicates Hotel record ""Chandi Homestay"" (id 2644) ~0 m away.  Lodging records are managed in the Hotel table; this duplicate destination row was deactivated (data kept for audit)."
2734,Sagar Gurung Homestay,"Consolidation round 2026-09-21: duplicates Hotel record ""Sagar Gurung Homestay"" (id 2643) ~0 m away.  Lodging records are managed in the Hotel table; this duplicate destination row was deactivated (data kept for audit)."
2731,Mountain Lodge and Restaurant,"Consolidation round 2026-09-21: duplicates Hotel record ""Mountain Lodge and Restaurant"" (id 2642) ~0 m away.  Lodging records are managed in the Hotel table; this duplicate destination row was deactivated (data kept for audit)."
2729,Thakali Homestay,"Consolidation round 2026-09-21: duplicates Hotel record ""Thakali Homestay"" (id 2641) ~0 m away.  Lodging records are managed in the Hotel table; this duplicate destination row was deactivated (data kept for audit)."
2727,Lama Heritage Resort,"Consolidation round 2026-09-21: duplicates Hotel record ""Lama Heritage Resort"" (id 2640) ~0 m away.  Lodging records are managed in the Hotel table; this duplicate destination row was deactivated (data kept for audit)."
2726,Hotel Laligurans Lodge & Restaurant,"Consolidation round 2026-09-21: duplicates Hotel record ""Hotel Laligurans Lodge & Restaurant"" (id 2639) ~0 m away.  Lodging records are managed in the Hotel table; this duplicate destination row was deactivated (data kept for audit)."
2725,Center Guesthouse and Restaurant,"Consolidation round 2026-09-21: duplicates Hotel record ""Center Guesthouse and Restaurant"" (id 2638) ~0 m away.  Lodging records are managed in the Hotel table; this duplicate destination row was deactivated (data kept for audit)."
2724,Hotel Sushila and Thakali Kitchen,"Consolidation round 2026-09-21: duplicates Hotel record ""Hotel Sushila and Thakali Kitchen"" (id 2637) ~0 m away.  Lodging records are managed in the Hotel table; this duplicate destination row was deactivated (data kept for audit)."
2723,Hotel Peaceful Garden and Restaurant,"Consolidation round 2026-09-21: duplicates Hotel record ""Hotel Peaceful Garden and Restaurant"" (id 2636) ~0 m away.  Lodging records are managed in the Hotel table; this duplicate destination row was deactivated (data kept for audit)."
2720,Four Season Lodge and Restaurant,"Consolidation round 2026-09-21: duplicates Hotel record ""Four Season Lodge and Restaurant"" (id 2634) ~0 m away.  Lodging records are managed in the Hotel table; this duplicate destination row was deactivated (data kept for audit)."
2719,Annapurna View Lodge and Restuarant,"Consolidation round 2026-09-21: duplicates Hotel record ""Annapurna View Lodge and Restuarant"" (id 2633) ~0 m away.  Lodging records are managed in the Hotel table; this duplicate destination row was deactivated (data kept for audit)."
2718,Komrong Guest House,"Consolidation round 2026-09-21: duplicates Hotel record ""Komrong Guest House"" (id 2632) ~0 m away.  Lodging records are managed in the Hotel table; this duplicate destination row was deactivated (data kept for audit)."
2717,Green View Guest House,"Consolidation round 2026-09-21: duplicates Hotel record ""Green View Guest House"" (id 2631) ~0 m away.  Lodging records are managed in the Hotel table; this duplicate destination row was deactivated (data kept for audit)."
2713,Manisha Guest House,"Consolidation round 2026-09-21: duplicates Hotel record ""Manisha Guest House"" (id 2630) ~0 m away.  Lodging records are managed in the Hotel table; this duplicate destination row was deactivated (data kept for audit)."
2712,Shankar Guesthouse,"Consolidation round 2026-09-21: duplicates Hotel record ""Shankar Guesthouse"" (id 2629) ~0 m away.  Lodging records are managed in the Hotel table; this duplicate destination row was deactivated (data kept for audit)."
2707,Hill-Top Guest House and Restaurant,"Consolidation round 2026-09-21: duplicates Hotel record ""Hill-Top Guest House and Restaurant"" (id 2625) ~0 m away.  Lodging records are managed in the Hotel table; this duplicate destination row was deactivated (data kept for audit)."
2706,Machhapuchhre Guest House,"Consolidation round 2026-09-21: duplicates Hotel record ""Machhapuchhre Guest House"" (id 2624) ~0 m away.  Lodging records are managed in the Hotel table; this duplicate destination row was deactivated (data kept for audit)."
2705,Hotel Mountain View Guest House,"Consolidation round 2026-09-21: duplicates Hotel record ""Hotel Mountain View Guest House"" (id 2623) ~0 m away.  Lodging records are managed in the Hotel table; this duplicate destination row was deactivated (data kept for audit)."
2704,Fishtail View Point Guest House,"Consolidation round 2026-09-21: duplicates Hotel record ""Fishtail View Point Guest House"" (id 2622) ~0 m away.  Lodging records are managed in the Hotel table; this duplicate destination row was deactivated (data kept for audit)."
2703,Alina Guest House & Restaurant,"Consolidation round 2026-09-21: duplicates Hotel record ""Alina Guest House & Restaurant"" (id 2621) ~0 m away.  Lodging records are managed in the Hotel table; this duplicate destination row was deactivated (data kept for audit)."
2702,Lali Gurans Guesthouse & Restaurant,"Consolidation round 2026-09-21: duplicates Hotel record ""Lali Gurans Guesthouse & Restaurant"" (id 2620) ~0 m away.  Lodging records are managed in the Hotel table; this duplicate destination row was deactivated (data kept for audit)."
2701,Purnima guest house and restrurent,"Consolidation round 2026-09-21: duplicates Hotel record ""Purnima guest house and restrurent"" (id 2619) ~0 m away.  Lodging records are managed in the Hotel table; this duplicate destination row was deactivated (data kept for audit)."
2700,Himalayan Guest House and Restaurent,"Consolidation round 2026-09-21: duplicates Hotel record ""Himalayan Guest House and Restaurent"" (id 2618) ~0 m away.  Lodging records are managed in the Hotel table; this duplicate destination row was deactivated (data kept for audit)."
2699,Hotel Four Seasons & Restaurant,"Consolidation round 2026-09-21: duplicates Hotel record ""Hotel Four Seasons & Restaurant"" (id 2617) ~0 m away.  Lodging records are managed in the Hotel table; this duplicate destination row was deactivated (data kept for audit)."
2698,Peacefull Guest House & Restaurant,"Consolidation round 2026-09-21: duplicates Hotel record ""Peacefull Guest House & Restaurant"" (id 2616) ~0 m away.  Lodging records are managed in the Hotel table; this duplicate destination row was deactivated (data kept for audit)."
2697,Green Hill View Lodge & Restaurant,"Consolidation round 2026-09-21: duplicates Hotel record ""Green Hill View Lodge & Restaurant"" (id 2615) ~0 m away.  Lodging records are managed in the Hotel table; this duplicate destination row was deactivated (data kept for audit)."
2696,Hotel,"Consolidation round 2026-09-21: duplicates Hotel record ""Hotel"" (id 2614) ~0 m away.  Lodging records are managed in the Hotel table; this duplicate destination row was deactivated (data kept for audit)."
2694,Homestay,"Consolidation round 2026-09-21: duplicate of destination ""Homestay"" (id 2682) ~172 m away.  Lodging records are managed in the Hotel table; this duplicate destination row was deactivated (data kept for audit)."
2689,Hotel Annapurna,"Consolidation round 2026-09-21: duplicates Hotel record ""Hotel Annapurna"" (id 52) ~68 m away.  Lodging records are managed in the Hotel table; this duplicate destination row was deactivated (data kept for audit)."
2687,Hotel Super Viewpoint,"Consolidation round 2026-09-21: duplicates Hotel record ""Hotel Super Viewpoint"" (id 2613) ~0 m away.  Lodging records are managed in the Hotel table; this duplicate destination row was deactivated (data kept for audit)."
2686,Tadapani Guest House,"Consolidation round 2026-09-21: duplicates Hotel record ""Tadapani Guest House"" (id 2612) ~0 m away.  Lodging records are managed in the Hotel table; this duplicate destination row was deactivated (data kept for audit)."
2685,Hotel Panorama Point,"Consolidation round 2026-09-21: duplicates Hotel record ""Hotel Panorama Point"" (id 2611) ~0 m away.  Lodging records are managed in the Hotel table; this duplicate destination row was deactivated (data kept for audit)."
2684,Hotel Grand View,"Consolidation round 2026-09-21: duplicates Hotel record ""Hotel Grand View"" (id 2610) ~0 m away.  Lodging records are managed in the Hotel table; this duplicate destination row was deactivated (data kept for audit)."
2683,Deurali Hotel and Homestay,"Consolidation round 2026-09-21: duplicates Hotel record ""Deurali Hotel and Homestay"" (id 2609) ~0 m away.  Lodging records are managed in the Hotel table; this duplicate destination row was deactivated (data kept for audit)."
2681,Tamu Hyaula Homestay,"Consolidation round 2026-09-21: duplicates Hotel record ""Tamu Hyaula Homestay"" (id 2608) ~0 m away.  Lodging records are managed in the Hotel table; this duplicate destination row was deactivated (data kept for audit)."
2680,Gyanu Homestay,"Consolidation round 2026-09-21: duplicates Hotel record ""Gyanu Homestay"" (id 2607) ~0 m away.  Lodging records are managed in the Hotel table; this duplicate destination row was deactivated (data kept for audit)."
2679,Rimal Homestay,"Consolidation round 2026-09-21: duplicates Hotel record ""Rimal Homestay"" (id 2606) ~0 m away.  Lodging records are managed in the Hotel table; this duplicate destination row was deactivated (data kept for audit)."
2668,Hotel Namaste,"Consolidation round 2026-09-21: duplicates Hotel record ""Hotel Namaste"" (id 2603) ~0 m away.  Lodging records are managed in the Hotel table; this duplicate destination row was deactivated (data kept for audit)."
2664,high camp,"Consolidation round 2026-09-21: duplicate of destination ""high camp"" (id 1050) ~145 m away.  Lodging records are managed in the Hotel table; this duplicate destination row was deactivated (data kept for audit)."
2656,Yaman Homestay,"Consolidation round 2026-09-21: duplicates Hotel record ""Yaman Homestay"" (id 2602) ~0 m away.  Lodging records are managed in the Hotel table; this duplicate destination row was deactivated (data kept for audit)."
2655,Ali Homestay,"Consolidation round 2026-09-21: duplicates Hotel record ""Ali Homestay"" (id 2601) ~0 m away.  Lodging records are managed in the Hotel table; this duplicate destination row was deactivated (data kept for audit)."
2653,Brijal Homestay,"Consolidation round 2026-09-21: duplicates Hotel record ""Brijal Homestay"" (id 2600) ~0 m away.  Lodging records are managed in the Hotel table; this duplicate destination row was deactivated (data kept for audit)."
2652,Purnima Homestay,"Consolidation round 2026-09-21: duplicates Hotel record ""Purnima Homestay"" (id 2599) ~0 m away.  Lodging records are managed in the Hotel table; this duplicate destination row was deactivated (data kept for audit)."
2651,Chandra Homestay,"Consolidation round 2026-09-21: duplicates Hotel record ""Chandra Homestay"" (id 2598) ~0 m away.  Lodging records are managed in the Hotel table; this duplicate destination row was deactivated (data kept for audit)."
2650,Maya Homestay,"Consolidation round 2026-09-21: duplicates Hotel record ""Maya Homestay"" (id 2597) ~0 m away.  Lodging records are managed in the Hotel table; this duplicate destination row was deactivated (data kept for audit)."
2649,Tai Maya Homestay,"Consolidation round 2026-09-21: duplicates Hotel record ""Tai Maya Homestay"" (id 2596) ~0 m away.  Lodging records are managed in the Hotel table; this duplicate destination row was deactivated (data kept for audit)."
2648,Annapurna Guest House,"Consolidation round 2026-09-21: duplicates Hotel record ""Annapurna Guest House"" (id 2595) ~0 m away.  Lodging records are managed in the Hotel table; this duplicate destination row was deactivated (data kept for audit)."
2647,Soltee Hotel,"Consolidation round 2026-09-21: duplicates Hotel record ""Soltee Hotel"" (id 2594) ~0 m away.  Lodging records are managed in the Hotel table; this duplicate destination row was deactivated (data kept for audit)."
2646,Hotel Gurung Cottage,"Consolidation round 2026-09-21: duplicates Hotel record ""Hotel Gurung Cottage"" (id 2593) ~0 m away.  Lodging records are managed in the Hotel table; this duplicate destination row was deactivated (data kept for audit)."
2645,Homestay,"Consolidation round 2026-09-21: duplicates Hotel record ""Homestay"" (id 2592) ~0 m away.  Lodging records are managed in the Hotel table; this duplicate destination row was deactivated (data kept for audit)."
2644,Himalayan Deurali Resort,"Consolidation round 2026-09-21: duplicates Hotel record ""Himalayan Deurali Resort"" (id 2591) ~0 m away.  Lodging records are managed in the Hotel table; this duplicate destination row was deactivated (data kept for audit)."
2635,Laxmi Guest House,"Consolidation round 2026-09-21: duplicates Hotel record ""Laxmi Guest House"" (id 2587) ~0 m away.  Lodging records are managed in the Hotel table; this duplicate destination row was deactivated (data kept for audit)."
2629,Home Stay,"Consolidation round 2026-09-21: duplicate of destination ""Home Stay"" (id 2623) ~114 m away.  Lodging records are managed in the Hotel table; this duplicate destination row was deactivated (data kept for audit)."
2628,Nau Maya Gurung Homestay,"Consolidation round 2026-09-21: duplicates Hotel record ""Nau Maya Gurung Homestay"" (id 2584) ~134 m away.  Lodging records are managed in the Hotel table; this duplicate destination row was deactivated (data kept for audit)."
2625,Sikles Homestay,"Consolidation round 2026-09-21: duplicates Hotel record ""Sikles Homestay"" (id 2585) ~0 m away.  Lodging records are managed in the Hotel table; this duplicate destination row was deactivated (data kept for audit)."
2624,Nau Maya Gurung Homestay,"Consolidation round 2026-09-21: duplicates Hotel record ""Nau Maya Gurung Homestay"" (id 2584) ~0 m away.  Lodging records are managed in the Hotel table; this duplicate destination row was deactivated (data kept for audit)."
2623,Home Stay,"Consolidation round 2026-09-21: duplicate of destination ""Home Stay"" (id 2622) ~64 m away.  Lodging records are managed in the Hotel table; this duplicate destination row was deactivated (data kept for audit)."
2620,Anjila Homestay,"Consolidation round 2026-09-21: duplicates Hotel record ""Anjila Homestay"" (id 2582) ~0 m away.  Lodging records are managed in the Hotel table; this duplicate destination row was deactivated (data kept for audit)."
2619,Dil Homestay,"Consolidation round 2026-09-21: duplicates Hotel record ""Dil Homestay"" (id 2581) ~0 m away.  Lodging records are managed in the Hotel table; this duplicate destination row was deactivated (data kept for audit)."
2618,Laxmi Homestay,"Consolidation round 2026-09-21: duplicates Hotel record ""Laxmi Homestay"" (id 2580) ~0 m away.  Lodging records are managed in the Hotel table; this duplicate destination row was deactivated (data kept for audit)."
2609,Dudhpokhari Resturant and Lodge,"Consolidation round 2026-09-21: duplicates Hotel record ""Dudhpokhari Resturant and Lodge"" (id 2578) ~0 m away.  Lodging records are managed in the Hotel table; this duplicate destination row was deactivated (data kept for audit)."
2607,Sirusuba Homestay,"Consolidation round 2026-09-21: duplicates Hotel record ""Sirusuba Homestay"" (id 2577) ~0 m away.  Lodging records are managed in the Hotel table; this duplicate destination row was deactivated (data kept for audit)."
2605,Kathmandu boutique hotel,"Consolidation round 2026-09-21: duplicates Hotel record ""Kathmandu Boutique Hotel"" (id 3766) ~15 m away.  Lodging records are managed in the Hotel table; this duplicate destination row was deactivated (data kept for audit)."
2603,Hotel Little Buddha Inn,"Consolidation round 2026-09-21: duplicates Hotel record ""Hotel Little Buddha Inn"" (id 3386) ~0 m away.  Lodging records are managed in the Hotel table; this duplicate destination row was deactivated (data kept for audit)."
2602,Hotel Gurung and Lodge,"Consolidation round 2026-09-21: duplicates Hotel record ""Hotel Gurung and Lodge"" (id 4980) ~0 m away.  Lodging records are managed in the Hotel table; this duplicate destination row was deactivated (data kept for audit)."
2601,Bandipur Village Resort,"Consolidation round 2026-09-21: duplicates Hotel record ""Bandipur Village Resort"" (id 348) ~126 m away.  Lodging records are managed in the Hotel table; this duplicate destination row was deactivated (data kept for audit)."
2600,Presidency Resort,"Consolidation round 2026-09-21: duplicates Hotel record ""Presidency Resort"" (id 1772) ~0 m away.  Lodging records are managed in the Hotel table; this duplicate destination row was deactivated (data kept for audit)."
2599,Hotel Peaceful,"Consolidation round 2026-09-21: duplicates Hotel record ""Hotel Peaceful"" (id 2575) ~0 m away.  Lodging records are managed in the Hotel table; this duplicate destination row was deactivated (data kept for audit)."
2598,Samira Homestay,"Consolidation round 2026-09-21: duplicates Hotel record ""Samira Homestay"" (id 4978) ~0 m away.  Lodging records are managed in the Hotel table; this duplicate destination row was deactivated (data kept for audit)."
2597,Hotel The North Face,"Consolidation round 2026-09-21: duplicates Hotel record ""Hotel The North Face"" (id 4977) ~0 m away.  Lodging records are managed in the Hotel table; this duplicate destination row was deactivated (data kept for audit)."
2593,Sapana Homestay,"Consolidation round 2026-09-21: duplicates Hotel record ""Sapana Homestay"" (id 2573) ~0 m away.  Lodging records are managed in the Hotel table; this duplicate destination row was deactivated (data kept for audit)."
2592,Nishan Lodge,"Consolidation round 2026-09-21: duplicates Hotel record ""Nishan Lodge"" (id 2572) ~0 m away.  Lodging records are managed in the Hotel table; this duplicate destination row was deactivated (data kept for audit)."
2590,Homestay#1,"Consolidation round 2026-09-21: duplicates Hotel record ""Homestay#1"" (id 2570) ~0 m away.  Lodging records are managed in the Hotel table; this duplicate destination row was deactivated (data kept for audit)."
2589,Tanahun Gorkha Guest House,"Consolidation round 2026-09-21: duplicates Hotel record ""Tanahun Gorkha Guest House"" (id 3385) ~0 m away.  Lodging records are managed in the Hotel table; this duplicate destination row was deactivated (data kept for audit)."
2555,Bandipur Eco Hotel,"Consolidation round 2026-09-21: duplicates Hotel record ""Bandipur Eco Hotel"" (id 4976) ~0 m away.  Lodging records are managed in the Hotel table; this duplicate destination row was deactivated (data kept for audit)."
2549,Rhino Land Jungle Lodge,"Consolidation round 2026-09-21: duplicates Hotel record ""Rhino Land Jungle Lodge"" (id 1771) ~0 m away.  Lodging records are managed in the Hotel table; this duplicate destination row was deactivated (data kept for audit)."
2544,Hotel Triratna,"Consolidation round 2026-09-21: duplicates Hotel record ""Hotel Triratna"" (id 3379) ~0 m away.  Lodging records are managed in the Hotel table; this duplicate destination row was deactivated (data kept for audit)."
2539,Hotel Blue Magnet,"Consolidation round 2026-09-21: duplicates Hotel record ""Hotel Blue Magnet"" (id 2568) ~0 m away.  Lodging records are managed in the Hotel table; this duplicate destination row was deactivated (data kept for audit)."
2533,Hotel peacock,"Consolidation round 2026-09-21: duplicates Hotel record ""Hotel peacock"" (id 1770) ~0 m away.  Lodging records are managed in the Hotel table; this duplicate destination row was deactivated (data kept for audit)."
2530,Maya Hotel,"Consolidation round 2026-09-21: duplicates Hotel record ""Maya Hotel"" (id 3946) ~0 m away.  Lodging records are managed in the Hotel table; this duplicate destination row was deactivated (data kept for audit)."
2527,Siddhi Manakamana hotel,"Consolidation round 2026-09-21: duplicates Hotel record ""Siddhi Manakamana hotel"" (id 3376) ~0 m away.  Lodging records are managed in the Hotel table; this duplicate destination row was deactivated (data kept for audit)."
2526,Himalayan Sherpa Inn,"Consolidation round 2026-09-21: duplicates Hotel record ""Himalayan Sherpa INN"" (id 3817) ~127 m away.  Lodging records are managed in the Hotel table; this duplicate destination row was deactivated (data kept for audit)."
2516,Hotel Kali Gandaki,"Consolidation round 2026-09-21: duplicates Hotel record ""Hotel Kali Gandaki"" (id 3373) ~0 m away.  Lodging records are managed in the Hotel table; this duplicate destination row was deactivated (data kept for audit)."
2512,Popular Tourist Guest House & Restaurant,"Consolidation round 2026-09-21: duplicates Hotel record ""Popular Tourist Guest House & Restaurant"" (id 2566) ~0 m away.  Lodging records are managed in the Hotel table; this duplicate destination row was deactivated (data kept for audit)."
2509,Tiger Corner Inn,"Consolidation round 2026-09-21: duplicates Hotel record ""Tiger Corner Inn"" (id 1769) ~0 m away.  Lodging records are managed in the Hotel table; this duplicate destination row was deactivated (data kept for audit)."
2500,Hotel White Himal Pvt.Ltd.,"Consolidation round 2026-09-21: duplicates Hotel record ""Hotel White Himal Pvt.Ltd."" (id 2565) ~0 m away.  Lodging records are managed in the Hotel table; this duplicate destination row was deactivated (data kept for audit)."
2499,Aalaya guesthouse,"Consolidation round 2026-09-21: duplicates Hotel record ""Aalaya guesthouse"" (id 3372) ~0 m away.  Lodging records are managed in the Hotel table; this duplicate destination row was deactivated (data kept for audit)."
2494,Safari Narayani Hotel,"Consolidation round 2026-09-21: duplicates Hotel record ""Safari Narayani Hotel"" (id 1768) ~0 m away.  Lodging records are managed in the Hotel table; this duplicate destination row was deactivated (data kept for audit)."
2487,Hotel Elite Pokhara,"Consolidation round 2026-09-21: duplicates Hotel record ""Hotel Elite Pokhara"" (id 2564) ~0 m away.  Lodging records are managed in the Hotel table; this duplicate destination row was deactivated (data kept for audit)."
2485,Hotel Royal Manang,"Consolidation round 2026-09-21: duplicates Hotel record ""Hotel Royal Manang"" (id 4046) ~0 m away.  Lodging records are managed in the Hotel table; this duplicate destination row was deactivated (data kept for audit)."
2481,Hotel Silver Home,"Consolidation round 2026-09-21: duplicates Hotel record ""Hotel Silver Home"" (id 3369) ~0 m away.  Lodging records are managed in the Hotel table; this duplicate destination row was deactivated (data kept for audit)."
2480,Gauchan Lodge,"Consolidation round 2026-09-21: duplicates Hotel record ""Gauchan Lodge"" (id 2563) ~0 m away.  Lodging records are managed in the Hotel table; this duplicate destination row was deactivated (data kept for audit)."
2479,OYO 11460 Hotel Romantica,"Consolidation round 2026-09-21: duplicates Hotel record ""OYO 11460 Hotel Romantica"" (id 2562) ~0 m away.  Lodging records are managed in the Hotel table; this duplicate destination row was deactivated (data kept for audit)."
2477,Double View Guest House,"Consolidation round 2026-09-21: duplicates Hotel record ""Double View Guest House"" (id 2561) ~0 m away.  Lodging records are managed in the Hotel table; this duplicate destination row was deactivated (data kept for audit)."
2476,Hotel Mandala,"Consolidation round 2026-09-21: duplicates Hotel record ""Hotel Mandala"" (id 4045) ~0 m away.  Lodging records are managed in the Hotel table; this duplicate destination row was deactivated (data kept for audit)."
2410,Kathmandu City Hotel,"Consolidation round 2026-09-21: duplicates Hotel record ""Kathmandu City Hotel"" (id 3367) ~0 m away.  Lodging records are managed in the Hotel table; this duplicate destination row was deactivated (data kept for audit)."
2408,Throungla Guest House,"Consolidation round 2026-09-21: duplicates Hotel record ""Throungla Guest House"" (id 3945) ~0 m away.  Lodging records are managed in the Hotel table; this duplicate destination row was deactivated (data kept for audit)."
2405,Hotel Tranquil,"Consolidation round 2026-09-21: duplicates Hotel record ""Hotel Tranquil"" (id 3365) ~0 m away.  Lodging records are managed in the Hotel table; this duplicate destination row was deactivated (data kept for audit)."
2398,Hotel Mardi Himal Pride,"Consolidation round 2026-09-21: duplicates Hotel record ""Hotel Mardi Himal Pride"" (id 2560) ~0 m away.  Lodging records are managed in the Hotel table; this duplicate destination row was deactivated (data kept for audit)."
2396,Panoramic Guest House and Restaurant,"Consolidation round 2026-09-21: duplicates Hotel record ""Panoramic Guest House and Restaurant"" (id 2559) ~0 m away.  Lodging records are managed in the Hotel table; this duplicate destination row was deactivated (data kept for audit)."
2395,Twin Peak Guest House,"Consolidation round 2026-09-21: duplicates Hotel record ""Twin Peak Guest House"" (id 2558) ~0 m away.  Lodging records are managed in the Hotel table; this duplicate destination row was deactivated (data kept for audit)."
2392,Solukhumbu Guest House,"Consolidation round 2026-09-21: duplicates Hotel record ""Solukhumbu Guest House"" (id 1860) ~0 m away.  Lodging records are managed in the Hotel table; this duplicate destination row was deactivated (data kept for audit)."
2391,Zambala Hotel,"Consolidation round 2026-09-21: duplicates Hotel record ""Zambala Hotel"" (id 1859) ~0 m away.  Lodging records are managed in the Hotel table; this duplicate destination row was deactivated (data kept for audit)."
2380,Hotel Ancient Centre,"Consolidation round 2026-09-21: duplicates Hotel record ""Hotel Ancient Centre"" (id 3364) ~0 m away.  Lodging records are managed in the Hotel table; this duplicate destination row was deactivated (data kept for audit)."
2378,Crush Candy Hotel,"Consolidation round 2026-09-21: duplicates Hotel record ""Crush Candy Hotel"" (id 3363) ~0 m away.  Lodging records are managed in the Hotel table; this duplicate destination row was deactivated (data kept for audit)."
2377,Hotel Dynasty,"Consolidation round 2026-09-21: duplicates Hotel record ""Hotel Dynasty"" (id 3362) ~0 m away.  Lodging records are managed in the Hotel table; this duplicate destination row was deactivated (data kept for audit)."
2375,Happy Lemon Tree Lodge,"Consolidation round 2026-09-21: duplicates Hotel record ""Happy Lemon Tree Lodge"" (id 1767) ~0 m away.  Lodging records are managed in the Hotel table; this duplicate destination row was deactivated (data kept for audit)."
2373,Hotel Red Rose,"Consolidation round 2026-09-21: duplicates Hotel record ""Hotel Red Rose"" (id 2556) ~0 m away.  Lodging records are managed in the Hotel table; this duplicate destination row was deactivated (data kept for audit)."
2372,Tibetan Hotel,"Consolidation round 2026-09-21: duplicates Hotel record ""Tibetan Hotel"" (id 3944) ~0 m away.  Lodging records are managed in the Hotel table; this duplicate destination row was deactivated (data kept for audit)."
2342,Hotel Center Lake,"Consolidation round 2026-09-21: duplicates Hotel record ""Hotel Center Lake"" (id 2554) ~0 m away.  Lodging records are managed in the Hotel table; this duplicate destination row was deactivated (data kept for audit)."
2340,My hotel,"Consolidation round 2026-09-21: duplicates Hotel record ""My hotel"" (id 3359) ~0 m away.  Lodging records are managed in the Hotel table; this duplicate destination row was deactivated (data kept for audit)."
2328,Hotel Himalayan Star,"Consolidation round 2026-09-21: duplicates Hotel record ""Hotel Himalayan Star"" (id 2552) ~0 m away.  Lodging records are managed in the Hotel table; this duplicate destination row was deactivated (data kept for audit)."
2315,Malla Guest House,"Consolidation round 2026-09-21: duplicates Hotel record ""Malla Guest House"" (id 2551) ~0 m away.  Lodging records are managed in the Hotel table; this duplicate destination row was deactivated (data kept for audit)."
2313,Lemon Tree Guest House,"Consolidation round 2026-09-21: duplicates Hotel record ""Lemon Tree Guest House"" (id 2549) ~0 m away.  Lodging records are managed in the Hotel table; this duplicate destination row was deactivated (data kept for audit)."
2306,Peace Pinacle Homestay,"Consolidation round 2026-09-21: duplicates Hotel record ""Peace Pinacle Homestay"" (id 2547) ~0 m away.  Lodging records are managed in the Hotel table; this duplicate destination row was deactivated (data kept for audit)."
2305,Mount View Greenland Hotel And Resort,"Consolidation round 2026-09-21: duplicates Hotel record ""Mount View Greenland Hotel And Resort"" (id 2546) ~0 m away.  Lodging records are managed in the Hotel table; this duplicate destination row was deactivated (data kept for audit)."
2298,Hotel Himilayan Inn,"Consolidation round 2026-09-21: duplicates Hotel record ""Hotel Himilayan Inn"" (id 4181) ~0 m away.  Lodging records are managed in the Hotel table; this duplicate destination row was deactivated (data kept for audit)."
2292,Sakura hotel,"Consolidation round 2026-09-21: duplicates Hotel record ""Sakura hotel"" (id 3356) ~0 m away.  Lodging records are managed in the Hotel table; this duplicate destination row was deactivated (data kept for audit)."
2286,Hotel Earth House,"Consolidation round 2026-09-21: duplicates Hotel record ""Hotel Earth House"" (id 3355) ~0 m away.  Lodging records are managed in the Hotel table; this duplicate destination row was deactivated (data kept for audit)."
2285,Hotel Shirish,"Consolidation round 2026-09-21: duplicates Hotel record ""Hotel Shirish"" (id 2542) ~0 m away.  Lodging records are managed in the Hotel table; this duplicate destination row was deactivated (data kept for audit)."
2284,Nisan Guest House,"Consolidation round 2026-09-21: duplicates Hotel record ""Nisan Guest House"" (id 2541) ~0 m away.  Lodging records are managed in the Hotel table; this duplicate destination row was deactivated (data kept for audit)."
2282,Hotel Double Lake,"Consolidation round 2026-09-21: duplicates Hotel record ""Hotel Double Lake"" (id 2539) ~0 m away.  Lodging records are managed in the Hotel table; this duplicate destination row was deactivated (data kept for audit)."
2281,Hotel Panaroma Inn Restaurant & Bar,"Consolidation round 2026-09-21: duplicates Hotel record ""Hotel Panaroma Inn Restaurant & Bar"" (id 1637) ~0 m away.  Lodging records are managed in the Hotel table; this duplicate destination row was deactivated (data kept for audit)."
2280,Shuva Yatra Hotel,"Consolidation round 2026-09-21: duplicates Hotel record ""Shuva Yatra Hotel"" (id 2538) ~0 m away.  Lodging records are managed in the Hotel table; this duplicate destination row was deactivated (data kept for audit)."
2276,Hotel Deep Sagar,"Consolidation round 2026-09-21: duplicates Hotel record ""Hotel Deep Sagar"" (id 2535) ~0 m away.  Lodging records are managed in the Hotel table; this duplicate destination row was deactivated (data kept for audit)."
2274,Pristine Himalaya Lodge & Restaurant,"Consolidation round 2026-09-21: duplicates Hotel record ""Pristine Himalaya Lodge & Restaurant"" (id 2534) ~0 m away.  Lodging records are managed in the Hotel table; this duplicate destination row was deactivated (data kept for audit)."
2269,Anand Buisness Hotel,"Consolidation round 2026-09-21: duplicates Hotel record ""Anand Buisness Hotel"" (id 2532) ~0 m away.  Lodging records are managed in the Hotel table; this duplicate destination row was deactivated (data kept for audit)."
2268,Myagdi Namaste Guest House,"Consolidation round 2026-09-21: duplicates Hotel record ""Myagdi Namaste Guest House"" (id 2531) ~0 m away.  Lodging records are managed in the Hotel table; this duplicate destination row was deactivated (data kept for audit)."
2267,Staniya Baglung Guest House,"Consolidation round 2026-09-21: duplicates Hotel record ""Staniya Baglung Guest House"" (id 2530) ~0 m away.  Lodging records are managed in the Hotel table; this duplicate destination row was deactivated (data kept for audit)."
2266,Ghandruk Guesthouse And Restaurent,"Consolidation round 2026-09-21: duplicates Hotel record ""Ghandruk Guesthouse And Restaurent"" (id 2529) ~0 m away.  Lodging records are managed in the Hotel table; this duplicate destination row was deactivated (data kept for audit)."
2265,Bhandari Guest House and Restaurent,"Consolidation round 2026-09-21: duplicates Hotel record ""Bhandari Guest House and Restaurent"" (id 2528) ~0 m away.  Lodging records are managed in the Hotel table; this duplicate destination row was deactivated (data kept for audit)."
2264,Sahara Guesthouse,"Consolidation round 2026-09-21: duplicates Hotel record ""Sahara Guesthouse"" (id 2527) ~0 m away.  Lodging records are managed in the Hotel table; this duplicate destination row was deactivated (data kept for audit)."
2263,Hotel Sagar And Guest House,"Consolidation round 2026-09-21: duplicates Hotel record ""Hotel Sagar And Guest House"" (id 2526) ~0 m away.  Lodging records are managed in the Hotel table; this duplicate destination row was deactivated (data kept for audit)."
2257,Dhaulagiri Parbat Guest House,"Consolidation round 2026-09-21: duplicates Hotel record ""Dhaulagiri Parbat Guest House"" (id 2525) ~0 m away.  Lodging records are managed in the Hotel table; this duplicate destination row was deactivated (data kept for audit)."
2256,Myagdi Parbat Guesthouse And Restaurent,"Consolidation round 2026-09-21: duplicates Hotel record ""Myagdi Parbat Guesthouse And Restaurent"" (id 2524) ~0 m away.  Lodging records are managed in the Hotel table; this duplicate destination row was deactivated (data kept for audit)."
2255,Kali Gandaki Guest House And Restauret,"Consolidation round 2026-09-21: duplicates Hotel record ""Kali Gandaki Guest House And Restauret"" (id 2523) ~0 m away.  Lodging records are managed in the Hotel table; this duplicate destination row was deactivated (data kept for audit)."
2254,Saino Guesthouse,"Consolidation round 2026-09-21: duplicates Hotel record ""Saino Guesthouse"" (id 2522) ~0 m away.  Lodging records are managed in the Hotel table; this duplicate destination row was deactivated (data kept for audit)."
2250,Thakali Guest House,"Consolidation round 2026-09-21: duplicates Hotel record ""Thakali Guest House"" (id 2521) ~0 m away.  Lodging records are managed in the Hotel table; this duplicate destination row was deactivated (data kept for audit)."
2249,Hotel Sherchan,"Consolidation round 2026-09-21: duplicates Hotel record ""Hotel Sherchan"" (id 2520) ~0 m away.  Lodging records are managed in the Hotel table; this duplicate destination row was deactivated (data kept for audit)."
2248,Hotel Nilgiri,"Consolidation round 2026-09-21: duplicates Hotel record ""Hotel Nilgiri"" (id 2519) ~0 m away.  Lodging records are managed in the Hotel table; this duplicate destination row was deactivated (data kept for audit)."
2247,Hotel Syangja Tirupati & Bhanchha Ghar,"Consolidation round 2026-09-21: duplicates Hotel record ""Hotel Syangja Tirupati & Bhanchha Ghar"" (id 2518) ~0 m away.  Lodging records are managed in the Hotel table; this duplicate destination row was deactivated (data kept for audit)."
2246,New Chintang Devi Guest House,"Consolidation round 2026-09-21: duplicates Hotel record ""New Chintang Devi Guest House"" (id 2517) ~0 m away.  Lodging records are managed in the Hotel table; this duplicate destination row was deactivated (data kept for audit)."
2245,Hotel Om Shanta,"Consolidation round 2026-09-21: duplicates Hotel record ""Hotel Om Shanta"" (id 2516) ~0 m away.  Lodging records are managed in the Hotel table; this duplicate destination row was deactivated (data kept for audit)."
2244,Hotel Sunrise & Thakali Kitchen,"Consolidation round 2026-09-21: duplicates Hotel record ""Hotel Sunrise & Thakali Kitchen"" (id 2515) ~0 m away.  Lodging records are managed in the Hotel table; this duplicate destination row was deactivated (data kept for audit)."
2243,Thakali Hotel & Restaurant,"Consolidation round 2026-09-21: duplicates Hotel record ""Thakali Hotel & Restaurant"" (id 2514) ~0 m away.  Lodging records are managed in the Hotel table; this duplicate destination row was deactivated (data kept for audit)."
2242,Hotel New Sangrila,"Consolidation round 2026-09-21: duplicates Hotel record ""Hotel New Sangrila"" (id 2513) ~0 m away.  Lodging records are managed in the Hotel table; this duplicate destination row was deactivated (data kept for audit)."
2241,Shree Krishna Vojanalaya & Guest House,"Consolidation round 2026-09-21: duplicates Hotel record ""Shree Krishna Vojanalaya & Guest House"" (id 2512) ~0 m away.  Lodging records are managed in the Hotel table; this duplicate destination row was deactivated (data kept for audit)."
2240,Piyush Hotel & Guest House,"Consolidation round 2026-09-21: duplicates Hotel record ""Piyush Hotel & Guest House"" (id 2511) ~0 m away.  Lodging records are managed in the Hotel table; this duplicate destination row was deactivated (data kept for audit)."
2239,Hotel Himal Darsan,"Consolidation round 2026-09-21: duplicates Hotel record ""Hotel Himal Darsan"" (id 2510) ~0 m away.  Lodging records are managed in the Hotel table; this duplicate destination row was deactivated (data kept for audit)."
2238,Hotel Gorkha Homes,"Consolidation round 2026-09-21: duplicates Hotel record ""Hotel Gorkha Homes"" (id 2509) ~0 m away.  Lodging records are managed in the Hotel table; this duplicate destination row was deactivated (data kept for audit)."
2237,Joshi Hotel & Restaurant,"Consolidation round 2026-09-21: duplicates Hotel record ""Joshi Hotel & Restaurant"" (id 2508) ~0 m away.  Lodging records are managed in the Hotel table; this duplicate destination row was deactivated (data kept for audit)."
2236,New Pokhara Bisram Hotel,"Consolidation round 2026-09-21: duplicates Hotel record ""New Pokhara Bisram Hotel"" (id 2507) ~0 m away.  Lodging records are managed in the Hotel table; this duplicate destination row was deactivated (data kept for audit)."
2235,Dhawalagiri Guest House & Khaja Ghar,"Consolidation round 2026-09-21: duplicates Hotel record ""Dhawalagiri Guest House & Khaja Ghar"" (id 2506) ~0 m away.  Lodging records are managed in the Hotel table; this duplicate destination row was deactivated (data kept for audit)."
2234,Hotel Cross Road Bar,"Consolidation round 2026-09-21: duplicates Hotel record ""Hotel Cross Road Bar"" (id 2505) ~0 m away.  Lodging records are managed in the Hotel table; this duplicate destination row was deactivated (data kept for audit)."
2232,Hotel Peace View,"Consolidation round 2026-09-21: duplicates Hotel record ""Hotel Peace View"" (id 2504) ~0 m away.  Lodging records are managed in the Hotel table; this duplicate destination row was deactivated (data kept for audit)."
2231,Hotel Snow Peak,"Consolidation round 2026-09-21: duplicates Hotel record ""Hotel Snow Peak"" (id 2503) ~0 m away.  Lodging records are managed in the Hotel table; this duplicate destination row was deactivated (data kept for audit)."
2230,Hotel Ice View,"Consolidation round 2026-09-21: duplicates Hotel record ""Hotel Ice View"" (id 2502) ~0 m away.  Lodging records are managed in the Hotel table; this duplicate destination row was deactivated (data kept for audit)."
2229,Hotel Kantipur,"Consolidation round 2026-09-21: duplicates Hotel record ""Hotel Kantipur"" (id 2501) ~0 m away.  Lodging records are managed in the Hotel table; this duplicate destination row was deactivated (data kept for audit)."
2228,Hotel Freindship Lodge,"Consolidation round 2026-09-21: duplicates Hotel record ""Hotel Freindship Lodge"" (id 2500) ~0 m away.  Lodging records are managed in the Hotel table; this duplicate destination row was deactivated (data kept for audit)."
2227,Blue Planet Lodge,"Consolidation round 2026-09-21: duplicates Hotel record ""Blue Planet Lodge"" (id 2499) ~0 m away.  Lodging records are managed in the Hotel table; this duplicate destination row was deactivated (data kept for audit)."
2224,Manakamana Guest House,"Consolidation round 2026-09-21: duplicates Hotel record ""Manakamana Guest House"" (id 2497) ~0 m away.  Lodging records are managed in the Hotel table; this duplicate destination row was deactivated (data kept for audit)."
2223,River View Guest House & Restaurant,"Consolidation round 2026-09-21: duplicates Hotel record ""River View Guest House & Restaurant"" (id 2496) ~0 m away.  Lodging records are managed in the Hotel table; this duplicate destination row was deactivated (data kept for audit)."
2222,hotel pokhara peace correct location!!,"Consolidation round 2026-09-21: duplicates Hotel record ""hotel pokhara peace correct location!!"" (id 3353) ~0 m away.  Lodging records are managed in the Hotel table; this duplicate destination row was deactivated (data kept for audit)."
2221,Syangja Hotel,"Consolidation round 2026-09-21: duplicates Hotel record ""Syangja Hotel"" (id 2495) ~0 m away.  Lodging records are managed in the Hotel table; this duplicate destination row was deactivated (data kept for audit)."
2220,Hotel Him Sagar,"Consolidation round 2026-09-21: duplicates Hotel record ""Hotel Him Sagar"" (id 2494) ~0 m away.  Lodging records are managed in the Hotel table; this duplicate destination row was deactivated (data kept for audit)."
2218,Hotel Lakeside,"Consolidation round 2026-09-21: duplicates Hotel record ""Hotel Lakeside"" (id 2493) ~0 m away.  Lodging records are managed in the Hotel table; this duplicate destination row was deactivated (data kept for audit)."
2216,Visitor's Inn,"Consolidation round 2026-09-21: duplicates Hotel record ""Visitor's Inn"" (id 2491) ~0 m away.  Lodging records are managed in the Hotel table; this duplicate destination row was deactivated (data kept for audit)."
2215,Gantavya Resort & Spa,"Consolidation round 2026-09-21: duplicates Hotel record ""Gantavya Resort & Spa"" (id 2490) ~0 m away.  Lodging records are managed in the Hotel table; this duplicate destination row was deactivated (data kept for audit)."
2213,Souvenir Apartment Hotel,"Consolidation round 2026-09-21: duplicates Hotel record ""Souvenir Apartment Hotel"" (id 2488) ~0 m away.  Lodging records are managed in the Hotel table; this duplicate destination row was deactivated (data kept for audit)."
2212,Hotel Pokhara Blue Lake,"Consolidation round 2026-09-21: duplicates Hotel record ""Hotel Pokhara Blue Lake"" (id 2487) ~0 m away.  Lodging records are managed in the Hotel table; this duplicate destination row was deactivated (data kept for audit)."
2211,Baghmara Guest House & Wine House,"Consolidation round 2026-09-21: duplicates Hotel record ""Baghmara Guest House & Wine House"" (id 2486) ~0 m away.  Lodging records are managed in the Hotel table; this duplicate destination row was deactivated (data kept for audit)."
2210,Hotel Pokhara Peace,"Consolidation round 2026-09-21: duplicates Hotel record ""Hotel Pokhara Peace"" (id 3352) ~0 m away.  Lodging records are managed in the Hotel table; this duplicate destination row was deactivated (data kept for audit)."
2209,Hotel Kailash,"Consolidation round 2026-09-21: duplicates Hotel record ""Hotel Kailash"" (id 2485) ~0 m away.  Lodging records are managed in the Hotel table; this duplicate destination row was deactivated (data kept for audit)."
2208,Tuki Resort,"Consolidation round 2026-09-21: duplicates Hotel record ""Tuki Resort"" (id 2484) ~0 m away.  Lodging records are managed in the Hotel table; this duplicate destination row was deactivated (data kept for audit)."
2207,Hotel Taj Pokhara,"Consolidation round 2026-09-21: duplicates Hotel record ""Hotel Taj Pokhara"" (id 2483) ~0 m away.  Lodging records are managed in the Hotel table; this duplicate destination row was deactivated (data kept for audit)."
2206,Om Shiva Guest House,"Consolidation round 2026-09-21: duplicates Hotel record ""Om Shiva Guest House"" (id 2482) ~0 m away.  Lodging records are managed in the Hotel table; this duplicate destination row was deactivated (data kept for audit)."
2205,Bhandari Guest House,"Consolidation round 2026-09-21: duplicates Hotel record ""Bhandari Guest House"" (id 2481) ~0 m away.  Lodging records are managed in the Hotel table; this duplicate destination row was deactivated (data kept for audit)."
2204,Hotel Lagoon,"Consolidation round 2026-09-21: duplicates Hotel record ""Hotel Lagoon"" (id 2480) ~0 m away.  Lodging records are managed in the Hotel table; this duplicate destination row was deactivated (data kept for audit)."
2201,Tika Resort,"Consolidation round 2026-09-21: duplicates Hotel record ""Tika Resort"" (id 2479) ~0 m away.  Lodging records are managed in the Hotel table; this duplicate destination row was deactivated (data kept for audit)."
2199,Hotel Public Choice,"Consolidation round 2026-09-21: duplicates Hotel record ""Hotel Public Choice"" (id 2478) ~0 m away.  Lodging records are managed in the Hotel table; this duplicate destination row was deactivated (data kept for audit)."
2198,Hotel Blue Berry Nepal,"Consolidation round 2026-09-21: duplicates Hotel record ""Hotel Blue Berry Nepal"" (id 2477) ~0 m away.  Lodging records are managed in the Hotel table; this duplicate destination row was deactivated (data kept for audit)."
2196,Hotel Rudrakshya,"Consolidation round 2026-09-21: duplicates Hotel record ""Hotel Rudrakshya"" (id 2476) ~0 m away.  Lodging records are managed in the Hotel table; this duplicate destination row was deactivated (data kept for audit)."
2195,Hotel Planet,"Consolidation round 2026-09-21: duplicates Hotel record ""Hotel Planet"" (id 2475) ~0 m away.  Lodging records are managed in the Hotel table; this duplicate destination row was deactivated (data kept for audit)."
2194,Hotel Evy Inn,"Consolidation round 2026-09-21: duplicates Hotel record ""Hotel Evy Inn"" (id 2474) ~0 m away.  Lodging records are managed in the Hotel table; this duplicate destination row was deactivated (data kept for audit)."
2193,Hotel Surya,"Consolidation round 2026-09-21: duplicates Hotel record ""Hotel Surya"" (id 2473) ~0 m away.  Lodging records are managed in the Hotel table; this duplicate destination row was deactivated (data kept for audit)."
2192,Three Jewels Boutique Hotel,"Consolidation round 2026-09-21: duplicates Hotel record ""Three Jewels Boutique Hotel"" (id 2472) ~0 m away.  Lodging records are managed in the Hotel table; this duplicate destination row was deactivated (data kept for audit)."
2190,Fewa Resort,"Consolidation round 2026-09-21: duplicates Hotel record ""Fewa Resort"" (id 2470) ~0 m away.  Lodging records are managed in the Hotel table; this duplicate destination row was deactivated (data kept for audit)."
2188,Hotel Marigold,"Consolidation round 2026-09-21: duplicates Hotel record ""Hotel Marigold"" (id 2469) ~0 m away.  Lodging records are managed in the Hotel table; this duplicate destination row was deactivated (data kept for audit)."
2186,Hotel Peninsula,"Consolidation round 2026-09-21: duplicates Hotel record ""Hotel Peninsula"" (id 2468) ~0 m away.  Lodging records are managed in the Hotel table; this duplicate destination row was deactivated (data kept for audit)."
2185,Hotel Khukuri,"Consolidation round 2026-09-21: duplicates Hotel record ""Hotel Khukuri"" (id 2467) ~0 m away.  Lodging records are managed in the Hotel table; this duplicate destination row was deactivated (data kept for audit)."
2184,Sanctuary Lodge Pokhara,"Consolidation round 2026-09-21: duplicates Hotel record ""Sanctuary Lodge Pokhara"" (id 2466) ~0 m away.  Lodging records are managed in the Hotel table; this duplicate destination row was deactivated (data kept for audit)."
2183,Hotel Nimto,"Consolidation round 2026-09-21: duplicates Hotel record ""Hotel Nimto"" (id 2465) ~0 m away.  Lodging records are managed in the Hotel table; this duplicate destination row was deactivated (data kept for audit)."
2177,Sagar Guest House,"Consolidation round 2026-09-21: duplicates Hotel record ""Sagar Guest House"" (id 2463) ~0 m away.  Lodging records are managed in the Hotel table; this duplicate destination row was deactivated (data kept for audit)."
2176,Hotel Sunkoshi,"Consolidation round 2026-09-21: duplicates Hotel record ""Hotel Sunkoshi"" (id 2462) ~0 m away.  Lodging records are managed in the Hotel table; this duplicate destination row was deactivated (data kept for audit)."
2174,Hotel Green View,"Consolidation round 2026-09-21: duplicates Hotel record ""Hotel Green View"" (id 2460) ~0 m away.  Lodging records are managed in the Hotel table; this duplicate destination row was deactivated (data kept for audit)."
2173,Alka Guest House,"Consolidation round 2026-09-21: duplicates Hotel record ""Alka Guest House"" (id 2459) ~0 m away.  Lodging records are managed in the Hotel table; this duplicate destination row was deactivated (data kept for audit)."
2172,Hotel Harmony Rise,"Consolidation round 2026-09-21: duplicates Hotel record ""Hotel Harmony Rise"" (id 2458) ~0 m away.  Lodging records are managed in the Hotel table; this duplicate destination row was deactivated (data kept for audit)."
2171,Hotel Portland,"Consolidation round 2026-09-21: duplicates Hotel record ""Hotel Portland"" (id 2457) ~0 m away.  Lodging records are managed in the Hotel table; this duplicate destination row was deactivated (data kept for audit)."
2166,Hotel Mountain Garden,"Consolidation round 2026-09-21: duplicates Hotel record ""Hotel Mountain Garden"" (id 2455) ~0 m away.  Lodging records are managed in the Hotel table; this duplicate destination row was deactivated (data kept for audit)."
2161,Hotel Annapurna View Sarangkot,"Consolidation round 2026-09-21: duplicates Hotel record ""Hotel Annapurna View Sarangkot"" (id 2452) ~0 m away.  Lodging records are managed in the Hotel table; this duplicate destination row was deactivated (data kept for audit)."
2159,Hotel Peace Ganga Inn,"Consolidation round 2026-09-21: duplicates Hotel record ""Hotel Peace Ganga Inn"" (id 2450) ~0 m away.  Lodging records are managed in the Hotel table; this duplicate destination row was deactivated (data kept for audit)."
2158,Hotel Goa Palace,"Consolidation round 2026-09-21: duplicates Hotel record ""Hotel Goa Palace"" (id 2449) ~0 m away.  Lodging records are managed in the Hotel table; this duplicate destination row was deactivated (data kept for audit)."
2157,Hotel Manaslu II,"Consolidation round 2026-09-21: duplicates Hotel record ""Hotel Manaslu II"" (id 2448) ~0 m away.  Lodging records are managed in the Hotel table; this duplicate destination row was deactivated (data kept for audit)."
2156,Hotel Angan,"Consolidation round 2026-09-21: duplicates Hotel record ""Hotel Angan"" (id 2447) ~0 m away.  Lodging records are managed in the Hotel table; this duplicate destination row was deactivated (data kept for audit)."
2155,Hotel Pigeon,"Consolidation round 2026-09-21: duplicates Hotel record ""Hotel Pigeon"" (id 2446) ~0 m away.  Lodging records are managed in the Hotel table; this duplicate destination row was deactivated (data kept for audit)."
2154,Hotel Pokhara International,"Consolidation round 2026-09-21: duplicates Hotel record ""Hotel Pokhara International"" (id 2445) ~0 m away.  Lodging records are managed in the Hotel table; this duplicate destination row was deactivated (data kept for audit)."
2153,Himalayan Front Hotel,"Consolidation round 2026-09-21: duplicates Hotel record ""Himalayan Front Hotel"" (id 2444) ~0 m away.  Lodging records are managed in the Hotel table; this duplicate destination row was deactivated (data kept for audit)."
2151,Himalaya View Guest House and Restaurant,"Consolidation round 2026-09-21: duplicates Hotel record ""Himalaya View Guest House and Restaurant"" (id 2443) ~0 m away.  Lodging records are managed in the Hotel table; this duplicate destination row was deactivated (data kept for audit)."
2150,Fewa View Family Guest House and Resturent,"Consolidation round 2026-09-21: duplicates Hotel record ""Fewa View Family Guest House and Resturent"" (id 2442) ~0 m away.  Lodging records are managed in the Hotel table; this duplicate destination row was deactivated (data kept for audit)."
2146,Hotel Garden Orchid Bar and Restaurant,"Consolidation round 2026-09-21: duplicates Hotel record ""Hotel Garden Orchid Bar and Restaurant"" (id 2441) ~0 m away.  Lodging records are managed in the Hotel table; this duplicate destination row was deactivated (data kept for audit)."
2145,Ashok Guest House & Restaurant,"Consolidation round 2026-09-21: duplicates Hotel record ""Ashok Guest House & Restaurant"" (id 2440) ~0 m away.  Lodging records are managed in the Hotel table; this duplicate destination row was deactivated (data kept for audit)."
2144,Hotel Fishtail Inn,"Consolidation round 2026-09-21: duplicates Hotel record ""Hotel Fishtail Inn"" (id 2439) ~0 m away.  Lodging records are managed in the Hotel table; this duplicate destination row was deactivated (data kept for audit)."
2142,New Thapa Catering & Guest House,"Consolidation round 2026-09-21: duplicates Hotel record ""New Thapa Catering & Guest House"" (id 2437) ~0 m away.  Lodging records are managed in the Hotel table; this duplicate destination row was deactivated (data kept for audit)."
2141,Hotel Yad,"Consolidation round 2026-09-21: duplicates Hotel record ""Hotel Yad"" (id 2436) ~0 m away.  Lodging records are managed in the Hotel table; this duplicate destination row was deactivated (data kept for audit)."
2140,Hotel Sublime,"Consolidation round 2026-09-21: duplicates Hotel record ""Hotel Sublime"" (id 2435) ~0 m away.  Lodging records are managed in the Hotel table; this duplicate destination row was deactivated (data kept for audit)."
2139,Hotel Durbar Inn,"Consolidation round 2026-09-21: duplicates Hotel record ""Hotel Durbar Inn"" (id 2434) ~0 m away.  Lodging records are managed in the Hotel table; this duplicate destination row was deactivated (data kept for audit)."
2138,Hotel Lake Valley,"Consolidation round 2026-09-21: duplicates Hotel record ""Hotel Lake Valley"" (id 2433) ~0 m away.  Lodging records are managed in the Hotel table; this duplicate destination row was deactivated (data kept for audit)."
2137,Hotel Galaxy Inn,"Consolidation round 2026-09-21: duplicates Hotel record ""Hotel Galaxy Inn"" (id 2432) ~0 m away.  Lodging records are managed in the Hotel table; this duplicate destination row was deactivated (data kept for audit)."
2136,Hotel White Pearl,"Consolidation round 2026-09-21: duplicates Hotel record ""Hotel White Pearl"" (id 2431) ~0 m away.  Lodging records are managed in the Hotel table; this duplicate destination row was deactivated (data kept for audit)."
2135,Hotel Spring,"Consolidation round 2026-09-21: duplicates Hotel record ""Hotel Spring"" (id 2430) ~0 m away.  Lodging records are managed in the Hotel table; this duplicate destination row was deactivated (data kept for audit)."
2134,Hotel Mount View Pokhara,"Consolidation round 2026-09-21: duplicates Hotel record ""Hotel Mount View Pokhara"" (id 2429) ~0 m away.  Lodging records are managed in the Hotel table; this duplicate destination row was deactivated (data kept for audit)."
2133,Hotel Bishram,"Consolidation round 2026-09-21: duplicates Hotel record ""Hotel Bishram"" (id 2428) ~0 m away.  Lodging records are managed in the Hotel table; this duplicate destination row was deactivated (data kept for audit)."
2132,Thakali Banchha Ghar & Guest House,"Consolidation round 2026-09-21: duplicates Hotel record ""Thakali Banchha Ghar & Guest House"" (id 2427) ~0 m away.  Lodging records are managed in the Hotel table; this duplicate destination row was deactivated (data kept for audit)."
2130,Hakuniwa Guest House,"Consolidation round 2026-09-21: duplicates Hotel record ""Hakuniwa Guest House"" (id 2425) ~0 m away.  Lodging records are managed in the Hotel table; this duplicate destination row was deactivated (data kept for audit)."
2129,Kuti Resort,"Consolidation round 2026-09-21: duplicates Hotel record ""Kuti Resort"" (id 2424) ~0 m away.  Lodging records are managed in the Hotel table; this duplicate destination row was deactivated (data kept for audit)."
2128,Satya Guest House,"Consolidation round 2026-09-21: duplicates Hotel record ""Satya Guest House"" (id 2423) ~0 m away.  Lodging records are managed in the Hotel table; this duplicate destination row was deactivated (data kept for audit)."
2127,Fuji Guest House,"Consolidation round 2026-09-21: duplicates Hotel record ""Fuji Guest House"" (id 2422) ~0 m away.  Lodging records are managed in the Hotel table; this duplicate destination row was deactivated (data kept for audit)."
2125,Bishal Guest House,"Consolidation round 2026-09-21: duplicates Hotel record ""Bishal Guest House"" (id 2421) ~0 m away.  Lodging records are managed in the Hotel table; this duplicate destination row was deactivated (data kept for audit)."
2123,Hotel Dream Lake,"Consolidation round 2026-09-21: duplicates Hotel record ""Hotel Dream Lake"" (id 2419) ~0 m away.  Lodging records are managed in the Hotel table; this duplicate destination row was deactivated (data kept for audit)."
2122,Shova Guest House,"Consolidation round 2026-09-21: duplicates Hotel record ""Shova Guest House"" (id 2418) ~0 m away.  Lodging records are managed in the Hotel table; this duplicate destination row was deactivated (data kept for audit)."
2121,Hotel Rhythmic Palace,"Consolidation round 2026-09-21: duplicates Hotel record ""Hotel Rhythmic Palace"" (id 2417) ~0 m away.  Lodging records are managed in the Hotel table; this duplicate destination row was deactivated (data kept for audit)."
2120,Hotel Lakeside Inn,"Consolidation round 2026-09-21: duplicates Hotel record ""Hotel Lakeside Inn"" (id 2416) ~0 m away.  Lodging records are managed in the Hotel table; this duplicate destination row was deactivated (data kept for audit)."
2119,Hotel Holy Lodge,"Consolidation round 2026-09-21: duplicates Hotel record ""Hotel Holy Lodge"" (id 2415) ~0 m away.  Lodging records are managed in the Hotel table; this duplicate destination row was deactivated (data kept for audit)."
2118,Hotel Pokhara Batika,"Consolidation round 2026-09-21: duplicates Hotel record ""Hotel Pokhara Batika"" (id 2414) ~0 m away.  Lodging records are managed in the Hotel table; this duplicate destination row was deactivated (data kept for audit)."
2117,New Hotel Nature Land,"Consolidation round 2026-09-21: duplicates Hotel record ""New Hotel Nature Land"" (id 2413) ~0 m away.  Lodging records are managed in the Hotel table; this duplicate destination row was deactivated (data kept for audit)."
2115,Kaushal Hotel,"Consolidation round 2026-09-21: duplicates Hotel record ""Kaushal Hotel"" (id 2411) ~0 m away.  Lodging records are managed in the Hotel table; this duplicate destination row was deactivated (data kept for audit)."
2112,Hotel Rythm,"Consolidation round 2026-09-21: duplicates Hotel record ""Hotel Rythm"" (id 2408) ~0 m away.  Lodging records are managed in the Hotel table; this duplicate destination row was deactivated (data kept for audit)."
2111,Hotel Smriti & lodge,"Consolidation round 2026-09-21: duplicates Hotel record ""Hotel Smriti & lodge"" (id 2407) ~0 m away.  Lodging records are managed in the Hotel table; this duplicate destination row was deactivated (data kept for audit)."
2110,Rustika Guest House,"Consolidation round 2026-09-21: duplicates Hotel record ""Rustika Guest House"" (id 2406) ~0 m away.  Lodging records are managed in the Hotel table; this duplicate destination row was deactivated (data kept for audit)."
2108,Hotel King Fisher,"Consolidation round 2026-09-21: duplicates Hotel record ""Hotel King Fisher"" (id 2405) ~0 m away.  Lodging records are managed in the Hotel table; this duplicate destination row was deactivated (data kept for audit)."
2107,Royal Guest House,"Consolidation round 2026-09-21: duplicates Hotel record ""Royal Guest House"" (id 2404) ~0 m away.  Lodging records are managed in the Hotel table; this duplicate destination row was deactivated (data kept for audit)."
2105,Hotel Magnolia,"Consolidation round 2026-09-21: duplicates Hotel record ""Hotel Magnolia"" (id 2402) ~0 m away.  Lodging records are managed in the Hotel table; this duplicate destination row was deactivated (data kept for audit)."
2104,Life You Inn,"Consolidation round 2026-09-21: duplicates Hotel record ""Life You Inn"" (id 2401) ~0 m away.  Lodging records are managed in the Hotel table; this duplicate destination row was deactivated (data kept for audit)."
2101,Kaskikot Homestay,"Consolidation round 2026-09-21: duplicates Hotel record ""Kaskikot Homestay"" (id 2399) ~0 m away.  Lodging records are managed in the Hotel table; this duplicate destination row was deactivated (data kept for audit)."
2097,Hotel Milarepa,"Consolidation round 2026-09-21: duplicates Hotel record ""Hotel Milarepa"" (id 2396) ~0 m away.  Lodging records are managed in the Hotel table; this duplicate destination row was deactivated (data kept for audit)."
2096,Best Inn,"Consolidation round 2026-09-21: duplicates Hotel record ""Best Inn"" (id 2395) ~0 m away.  Lodging records are managed in the Hotel table; this duplicate destination row was deactivated (data kept for audit)."
2095,hotel lake peace,"Consolidation round 2026-09-21: duplicates Hotel record ""hotel lake peace"" (id 2394) ~0 m away.  Lodging records are managed in the Hotel table; this duplicate destination row was deactivated (data kept for audit)."
2094,Hotel Suite Inn,"Consolidation round 2026-09-21: duplicates Hotel record ""Hotel Suite Inn"" (id 2393) ~0 m away.  Lodging records are managed in the Hotel table; this duplicate destination row was deactivated (data kept for audit)."
2093,Hotel Royal Choice,"Consolidation round 2026-09-21: duplicates Hotel record ""Hotel Royal Choice"" (id 2392) ~0 m away.  Lodging records are managed in the Hotel table; this duplicate destination row was deactivated (data kept for audit)."
2089,Pokhara Mount Resort,"Consolidation round 2026-09-21: duplicates Hotel record ""Pokhara Mount Resort"" (id 2391) ~0 m away.  Lodging records are managed in the Hotel table; this duplicate destination row was deactivated (data kept for audit)."
2088,Hotel Pokhara View,"Consolidation round 2026-09-21: duplicates Hotel record ""Hotel Pokhara View"" (id 2390) ~0 m away.  Lodging records are managed in the Hotel table; this duplicate destination row was deactivated (data kept for audit)."
2087,Hotel Jungle View,"Consolidation round 2026-09-21: duplicates Hotel record ""Hotel Jungle View"" (id 2389) ~0 m away.  Lodging records are managed in the Hotel table; this duplicate destination row was deactivated (data kept for audit)."
2083,Old Durbar Guest House,"Consolidation round 2026-09-21: duplicates Hotel record ""Old Durbar Guest House"" (id 2388) ~0 m away.  Lodging records are managed in the Hotel table; this duplicate destination row was deactivated (data kept for audit)."
2079,Mangal Homestay,"Consolidation round 2026-09-21: duplicates Hotel record ""Mangal Homestay"" (id 2386) ~0 m away.  Lodging records are managed in the Hotel table; this duplicate destination row was deactivated (data kept for audit)."
1990,Hotel Nandini,"Consolidation round 2026-09-21: duplicates Hotel record ""Hotel Nandini"" (id 3350) ~0 m away.  Lodging records are managed in the Hotel table; this duplicate destination row was deactivated (data kept for audit)."
1979,Hotel Virgin Pokhara,"Consolidation round 2026-09-21: duplicates Hotel record ""Hotel Virgin Pokhara"" (id 2383) ~0 m away.  Lodging records are managed in the Hotel table; this duplicate destination row was deactivated (data kept for audit)."
1976,Sunset Lodge and Restaurant,"Consolidation round 2026-09-21: duplicates Hotel record ""Sunset Lodge and Restaurant"" (id 2382) ~0 m away.  Lodging records are managed in the Hotel table; this duplicate destination row was deactivated (data kept for audit)."
1953,Annapurna Inn,"Consolidation round 2026-09-21: duplicates Hotel record ""Annapurna Inn"" (id 4179) ~0 m away.  Lodging records are managed in the Hotel table; this duplicate destination row was deactivated (data kept for audit)."
1951,Dhading Lodge,"Consolidation round 2026-09-21: duplicates Hotel record ""Dhading Lodge"" (id 4042) ~0 m away.  Lodging records are managed in the Hotel table; this duplicate destination row was deactivated (data kept for audit)."
1950,Newari Khaja,"Consolidation round 2026-09-21: duplicate of destination ""newari khaja"" (id 5652) ~3 m away.  Lodging records are managed in the Hotel table; this duplicate destination row was deactivated (data kept for audit)."
1949,Sworgadwari Hotel & Restaurant,"Consolidation round 2026-09-21: duplicates Hotel record ""Sworgadwari Hotel & Restaurant"" (id 4041) ~0 m away.  Lodging records are managed in the Hotel table; this duplicate destination row was deactivated (data kept for audit)."
1948,5 Brother's Hotel Jungle Village and Lake View Resort,"Consolidation round 2026-09-21: duplicates Hotel record ""5 Brother's Hotel Jungle Village and Lake View Resort"" (id 2380) ~0 m away.  Lodging records are managed in the Hotel table; this duplicate destination row was deactivated (data kept for audit)."
1946,Hotel Seven Days Paradise,"Consolidation round 2026-09-21: duplicates Hotel record ""Hotel Seven Days Paradise"" (id 2379) ~0 m away.  Lodging records are managed in the Hotel table; this duplicate destination row was deactivated (data kept for audit)."
1945,Hotel Himshikar Restaurant and Lodge,"Consolidation round 2026-09-21: duplicates Hotel record ""Hotel Himshikar Restaurant and Lodge"" (id 2378) ~0 m away.  Lodging records are managed in the Hotel table; this duplicate destination row was deactivated (data kept for audit)."
1944,Hotel Happy Home,"Consolidation round 2026-09-21: duplicates Hotel record ""Hotel Happy Home"" (id 2377) ~0 m away.  Lodging records are managed in the Hotel table; this duplicate destination row was deactivated (data kept for audit)."
1943,Rupa Begnas Lake Inn,"Consolidation round 2026-09-21: duplicates Hotel record ""Rupa Begnas Lake Inn"" (id 2376) ~0 m away.  Lodging records are managed in the Hotel table; this duplicate destination row was deactivated (data kept for audit)."
1942,Hotel Young's Stupa,"Consolidation round 2026-09-21: duplicates Hotel record ""Hotel Young's Stupa"" (id 2375) ~0 m away.  Lodging records are managed in the Hotel table; this duplicate destination row was deactivated (data kept for audit)."
1941,Hotel Saptadip and Lodge,"Consolidation round 2026-09-21: duplicates Hotel record ""Hotel Saptadip and Lodge"" (id 2374) ~0 m away.  Lodging records are managed in the Hotel table; this duplicate destination row was deactivated (data kept for audit)."
1939,Hotel Aama,"Consolidation round 2026-09-21: duplicates Hotel record ""Hotel Aama"" (id 2373) ~0 m away.  Lodging records are managed in the Hotel table; this duplicate destination row was deactivated (data kept for audit)."
1938,Sarita Hotel and Lodge,"Consolidation round 2026-09-21: duplicates Hotel record ""Sarita Hotel and Lodge"" (id 2372) ~0 m away.  Lodging records are managed in the Hotel table; this duplicate destination row was deactivated (data kept for audit)."
1937,Marpha Hotel and Lodge,"Consolidation round 2026-09-21: duplicates Hotel record ""Marpha Hotel and Lodge"" (id 2371) ~0 m away.  Lodging records are managed in the Hotel table; this duplicate destination row was deactivated (data kept for audit)."
1936,Hotel Jomsom and Restaurant,"Consolidation round 2026-09-21: duplicates Hotel record ""Hotel Jomsom and Restaurant"" (id 2370) ~0 m away.  Lodging records are managed in the Hotel table; this duplicate destination row was deactivated (data kept for audit)."
1935,Hotel Gorkhali,"Consolidation round 2026-09-21: duplicates Hotel record ""Hotel Gorkhali"" (id 2369) ~0 m away.  Lodging records are managed in the Hotel table; this duplicate destination row was deactivated (data kept for audit)."
1934,Hotel Daybreak,"Consolidation round 2026-09-21: duplicates Hotel record ""Hotel Daybreak"" (id 2368) ~0 m away.  Lodging records are managed in the Hotel table; this duplicate destination row was deactivated (data kept for audit)."
1932,Grand Hotel Begnas,"Consolidation round 2026-09-21: duplicates Hotel record ""Grand Hotel Begnas"" (id 2367) ~0 m away.  Lodging records are managed in the Hotel table; this duplicate destination row was deactivated (data kept for audit)."
1931,Dhaulagiri Hotel,"Consolidation round 2026-09-21: duplicates Hotel record ""Dhaulagiri Hotel"" (id 2366) ~0 m away.  Lodging records are managed in the Hotel table; this duplicate destination row was deactivated (data kept for audit)."
1914,Everest View,"Consolidation round 2026-09-21: duplicate of destination ""Everest View"" (id 1913) ~72 m away.  Lodging records are managed in the Hotel table; this duplicate destination row was deactivated (data kept for audit)."
1905,Mitra Garden Inn,"Consolidation round 2026-09-21: duplicates Hotel record ""Mitra Garden Inn"" (id 3345) ~0 m away.  Lodging records are managed in the Hotel table; this duplicate destination row was deactivated (data kept for audit)."
1903,Dhampus Mahili Hotel and Lodge,"Consolidation round 2026-09-21: duplicates Hotel record ""Dhampus Mahili Hotel and Lodge"" (id 2365) ~0 m away.  Lodging records are managed in the Hotel table; this duplicate destination row was deactivated (data kept for audit)."
1889,Apple Garden Hotel Wooden cabins,"Consolidation round 2026-09-21: duplicates Hotel record ""Apple Garden Hotel Wooden cabins"" (id 4040) ~0 m away.  Lodging records are managed in the Hotel table; this duplicate destination row was deactivated (data kept for audit)."
1885,Greatwall Hotel,"Consolidation round 2026-09-21: duplicates Hotel record ""Greatwall Hotel"" (id 3344) ~0 m away.  Lodging records are managed in the Hotel table; this duplicate destination row was deactivated (data kept for audit)."
1879,Hotel Chumvally Restaurant and Lodge,"Consolidation round 2026-09-21: duplicates Hotel record ""Hotel Chumvally Restaurant and Lodge"" (id 1857) ~0 m away.  Lodging records are managed in the Hotel table; this duplicate destination row was deactivated (data kept for audit)."
1870,Mustang Hoyrl & Bandipur Lodge,"Consolidation round 2026-09-21: duplicates Hotel record ""Mustang Hoyrl & Bandipur Lodge"" (id 4975) ~0 m away.  Lodging records are managed in the Hotel table; this duplicate destination row was deactivated (data kept for audit)."
1869,Green Park Hotel,"Consolidation round 2026-09-21: duplicates Hotel record ""Green Park Hotel"" (id 4974) ~0 m away.  Lodging records are managed in the Hotel table; this duplicate destination row was deactivated (data kept for audit)."
1857,Hotel Hilton,"Consolidation round 2026-09-21: duplicates Hotel record ""Hotel Hilton"" (id 3943) ~0 m away.  Lodging records are managed in the Hotel table; this duplicate destination row was deactivated (data kept for audit)."
1853,Ganesh restaurant and lodge,"Consolidation round 2026-09-21: duplicates Hotel record ""Ganesh restaurant and lodge"" (id 4973) ~0 m away.  Lodging records are managed in the Hotel table; this duplicate destination row was deactivated (data kept for audit)."
1852,Hotel River View,"Consolidation round 2026-09-21: duplicates Hotel record ""Hotel River View"" (id 4972) ~0 m away.  Lodging records are managed in the Hotel table; this duplicate destination row was deactivated (data kept for audit)."
1850,Hotel Stupa,"Consolidation round 2026-09-21: duplicates Hotel record ""Hotel Stupa"" (id 2362) ~0 m away.  Lodging records are managed in the Hotel table; this duplicate destination row was deactivated (data kept for audit)."
1848,Hotel Lonely Planet,"Consolidation round 2026-09-21: duplicates Hotel record ""Hotel Lonely Planet"" (id 2361) ~0 m away.  Lodging records are managed in the Hotel table; this duplicate destination row was deactivated (data kept for audit)."
1847,Hotel Paradise Inn,"Consolidation round 2026-09-21: duplicates Hotel record ""Hotel Paradise Inn"" (id 2360) ~0 m away.  Lodging records are managed in the Hotel table; this duplicate destination row was deactivated (data kept for audit)."
1843,New Buddha Guest House,"Consolidation round 2026-09-21: duplicates Hotel record ""New Buddha Guest House"" (id 3342) ~0 m away.  Lodging records are managed in the Hotel table; this duplicate destination row was deactivated (data kept for audit)."
1836,Hotel Middle East,"Consolidation round 2026-09-21: duplicates Hotel record ""Hotel Middle East"" (id 2359) ~0 m away.  Lodging records are managed in the Hotel table; this duplicate destination row was deactivated (data kept for audit)."
1834,Hotel Sports Nepal,"Consolidation round 2026-09-21: duplicates Hotel record ""Hotel Sports Nepal"" (id 2358) ~0 m away.  Lodging records are managed in the Hotel table; this duplicate destination row was deactivated (data kept for audit)."
1831,Hotel Potala,"Consolidation round 2026-09-21: duplicates Hotel record ""Hotel Potala"" (id 3340) ~0 m away.  Lodging records are managed in the Hotel table; this duplicate destination row was deactivated (data kept for audit)."
1822,Sukhavati  Hotel,"Consolidation round 2026-09-21: duplicates Hotel record ""Sukhavati  Hotel"" (id 3339) ~0 m away.  Lodging records are managed in the Hotel table; this duplicate destination row was deactivated (data kept for audit)."
1821,Noryang Hotel,"Consolidation round 2026-09-21: duplicates Hotel record ""Noryang Hotel"" (id 3338) ~0 m away.  Lodging records are managed in the Hotel table; this duplicate destination row was deactivated (data kept for audit)."
1820,Maya Boutique Hotel,"Consolidation round 2026-09-21: duplicates Hotel record ""Maya Boutique Hotel"" (id 3337) ~0 m away.  Lodging records are managed in the Hotel table; this duplicate destination row was deactivated (data kept for audit)."
1815,Hotel Anupam,"Consolidation round 2026-09-21: duplicates Hotel record ""Hotel Anupam"" (id 3336) ~0 m away.  Lodging records are managed in the Hotel table; this duplicate destination row was deactivated (data kept for audit)."
1809,Kestrel Nest Studio Inn,"Consolidation round 2026-09-21: duplicates Hotel record ""Kestrel Nest Studio Inn"" (id 2356) ~0 m away.  Lodging records are managed in the Hotel table; this duplicate destination row was deactivated (data kept for audit)."
1795,Cheese Karsay Lodge,"Consolidation round 2026-09-21: duplicates Hotel record ""Cheese Karsay Lodge"" (id 1856) ~0 m away.  Lodging records are managed in the Hotel table; this duplicate destination row was deactivated (data kept for audit)."
1783,Homestay with Thupten,"Consolidation round 2026-09-21: duplicates Hotel record ""Homestay with Thupten"" (id 2354) ~0 m away.  Lodging records are managed in the Hotel table; this duplicate destination row was deactivated (data kept for audit)."
1781,Himalayan Travellers' Inn,"Consolidation round 2026-09-21: duplicates Hotel record ""Himalayan Travellers' Inn"" (id 3334) ~0 m away.  Lodging records are managed in the Hotel table; this duplicate destination row was deactivated (data kept for audit)."
1780,Hotel Once More,"Consolidation round 2026-09-21: duplicates Hotel record ""Hotel Once More"" (id 2352) ~0 m away.  Lodging records are managed in the Hotel table; this duplicate destination row was deactivated (data kept for audit)."
1776,Himalayan Guest House,"Consolidation round 2026-09-21: duplicates Hotel record ""Himalayan Guest House"" (id 2349) ~0 m away.  Lodging records are managed in the Hotel table; this duplicate destination row was deactivated (data kept for audit)."
1767,Hotel Ezen,"Consolidation round 2026-09-21: duplicates Hotel record ""Hotel Ezen"" (id 2347) ~0 m away.  Lodging records are managed in the Hotel table; this duplicate destination row was deactivated (data kept for audit)."
1764,Hotel Windfall,"Consolidation round 2026-09-21: duplicates Hotel record ""Hotel Windfall"" (id 2346) ~0 m away.  Lodging records are managed in the Hotel table; this duplicate destination row was deactivated (data kept for audit)."
1761,Moon Light hotel,"Consolidation round 2026-09-21: duplicates Hotel record ""Moon Light hotel"" (id 4039) ~0 m away.  Lodging records are managed in the Hotel table; this duplicate destination row was deactivated (data kept for audit)."
1759,Hotel Dream Pokhara,"Consolidation round 2026-09-21: duplicates Hotel record ""Hotel Dream Pokhara"" (id 2345) ~0 m away.  Lodging records are managed in the Hotel table; this duplicate destination row was deactivated (data kept for audit)."
1742,Hotel Osho Home,"Consolidation round 2026-09-21: duplicates Hotel record ""Hotel Osho Home"" (id 3331) ~0 m away.  Lodging records are managed in the Hotel table; this duplicate destination row was deactivated (data kept for audit)."
1737,Hotel Red Carpet,"Consolidation round 2026-09-21: duplicates Hotel record ""Hotel Red Carpet"" (id 2343) ~0 m away.  Lodging records are managed in the Hotel table; this duplicate destination row was deactivated (data kept for audit)."
1736,Hotel Sunflower,"Consolidation round 2026-09-21: duplicates Hotel record ""Hotel Sunflower"" (id 3873) ~0 m away.  Lodging records are managed in the Hotel table; this duplicate destination row was deactivated (data kept for audit)."
1728,Gracemandu Guest House,"Consolidation round 2026-09-21: duplicates Hotel record ""Gracemandu Guest House"" (id 3872) ~0 m away.  Lodging records are managed in the Hotel table; this duplicate destination row was deactivated (data kept for audit)."
1727,Hotel Super View & Restaurant,"Consolidation round 2026-09-21: duplicates Hotel record ""Hotel Super View & Restaurant"" (id 4038) ~0 m away.  Lodging records are managed in the Hotel table; this duplicate destination row was deactivated (data kept for audit)."
1725,7 Sisters Guesthouse,"Consolidation round 2026-09-21: duplicates Hotel record ""7 Sisters Guesthouse"" (id 4036) ~0 m away.  Lodging records are managed in the Hotel table; this duplicate destination row was deactivated (data kept for audit)."
1724,The Happiness Guesthouse,"Consolidation round 2026-09-21: duplicates Hotel record ""The Happiness Guesthouse"" (id 1853) ~0 m away.  Lodging records are managed in the Hotel table; this duplicate destination row was deactivated (data kept for audit)."
1722,Namasté Guesthouse,"Consolidation round 2026-09-21: duplicates Hotel record ""Namasté Guesthouse"" (id 1851) ~0 m away.  Lodging records are managed in the Hotel table; this duplicate destination row was deactivated (data kept for audit)."
1721,Yaru Guesthouse,"Consolidation round 2026-09-21: duplicates Hotel record ""Yaru Guesthouse"" (id 1850) ~0 m away.  Lodging records are managed in the Hotel table; this duplicate destination row was deactivated (data kept for audit)."
1719,ABC Guesthouse,"Consolidation round 2026-09-21: duplicates Hotel record ""ABC Guesthouse"" (id 1848) ~0 m away.  Lodging records are managed in the Hotel table; this duplicate destination row was deactivated (data kept for audit)."
1718,Third Step Hotel,"Consolidation round 2026-09-21: duplicates Hotel record ""Third Step Hotel"" (id 1847) ~0 m away.  Lodging records are managed in the Hotel table; this duplicate destination row was deactivated (data kept for audit)."
1717,Tsum Jhambala Hotel & Restaurant,"Consolidation round 2026-09-21: duplicates Hotel record ""Tsum Jhambala Hotel & Restaurant"" (id 1846) ~0 m away.  Lodging records are managed in the Hotel table; this duplicate destination row was deactivated (data kept for audit)."
1714,Gorgeous Village Guest House,"Consolidation round 2026-09-21: duplicates Hotel record ""Gorgeous Village Guest House"" (id 2340) ~0 m away.  Lodging records are managed in the Hotel table; this duplicate destination row was deactivated (data kept for audit)."
1708,Sangri La Hotel,"Consolidation round 2026-09-21: duplicates Hotel record ""Sangri La Hotel"" (id 1845) ~0 m away.  Lodging records are managed in the Hotel table; this duplicate destination row was deactivated (data kept for audit)."
1707,Lapu Guesthouse,"Consolidation round 2026-09-21: duplicates Hotel record ""Lapu Guesthouse"" (id 1844) ~0 m away.  Lodging records are managed in the Hotel table; this duplicate destination row was deactivated (data kept for audit)."
1706,Kyimulung Hotel & Lodge,"Consolidation round 2026-09-21: duplicates Hotel record ""Kyimulung Hotel & Lodge"" (id 1843) ~0 m away.  Lodging records are managed in the Hotel table; this duplicate destination row was deactivated (data kept for audit)."
1704,Hotel Dream Home,"Consolidation round 2026-09-21: duplicates Hotel record ""Hotel Dream Home"" (id 4035) ~0 m away.  Lodging records are managed in the Hotel table; this duplicate destination row was deactivated (data kept for audit)."
1702,Rupa View Guest House,"Consolidation round 2026-09-21: duplicates Hotel record ""Rupa View Guest House"" (id 2339) ~0 m away.  Lodging records are managed in the Hotel table; this duplicate destination row was deactivated (data kept for audit)."
1699,Heaven View Top lodge & restaurant,"Consolidation round 2026-09-21: duplicates Hotel record ""Heaven View Top lodge & restaurant"" (id 2338) ~0 m away.  Lodging records are managed in the Hotel table; this duplicate destination row was deactivated (data kept for audit)."
1698,Unique Mountain Guest House,"Consolidation round 2026-09-21: duplicates Hotel record ""Unique Mountain Guest House"" (id 2337) ~0 m away.  Lodging records are managed in the Hotel table; this duplicate destination row was deactivated (data kept for audit)."
1695,Shangrila Lodge,"Consolidation round 2026-09-21: duplicates Hotel record ""Shangrila Lodge"" (id 3330) ~0 m away.  Lodging records are managed in the Hotel table; this duplicate destination row was deactivated (data kept for audit)."
1691,Santosh Hotel,"Consolidation round 2026-09-21: duplicates Hotel record ""Santosh Hotel"" (id 4971) ~0 m away.  Lodging records are managed in the Hotel table; this duplicate destination row was deactivated (data kept for audit)."
1690,Chautari Hotel and Lodge,"Consolidation round 2026-09-21: duplicates Hotel record ""Chautari Hotel and Lodge"" (id 4970) ~0 m away.  Lodging records are managed in the Hotel table; this duplicate destination row was deactivated (data kept for audit)."
1689,Rooftop Hotel,"Consolidation round 2026-09-21: duplicates Hotel record ""Rooftop Hotel"" (id 4969) ~0 m away.  Lodging records are managed in the Hotel table; this duplicate destination row was deactivated (data kept for audit)."
1688,New Tanahu Lodge,"Consolidation round 2026-09-21: duplicates Hotel record ""New Tanahu Lodge"" (id 4968) ~0 m away.  Lodging records are managed in the Hotel table; this duplicate destination row was deactivated (data kept for audit)."
1687,Hotel Gandaki,"Consolidation round 2026-09-21: duplicates Hotel record ""Hotel Gandaki"" (id 4967) ~0 m away.  Lodging records are managed in the Hotel table; this duplicate destination row was deactivated (data kept for audit)."
1685,Borlang Dhawa kotwali Hotel and Lodge,"Consolidation round 2026-09-21: duplicates Hotel record ""Borlang Dhawa kotwali Hotel and Lodge"" (id 1842) ~0 m away.  Lodging records are managed in the Hotel table; this duplicate destination row was deactivated (data kept for audit)."
1684,Hotel Blue Lake,"Consolidation round 2026-09-21: duplicates Hotel record ""Hotel Blue Lake"" (id 2335) ~0 m away.  Lodging records are managed in the Hotel table; this duplicate destination row was deactivated (data kept for audit)."
1683,Memory Guest House,"Consolidation round 2026-09-21: duplicates Hotel record ""Memory Guest House"" (id 2334) ~0 m away.  Lodging records are managed in the Hotel table; this duplicate destination row was deactivated (data kept for audit)."
1682,Hotel Temple Villa,"Consolidation round 2026-09-21: duplicates Hotel record ""Hotel Temple Villa"" (id 2333) ~0 m away.  Lodging records are managed in the Hotel table; this duplicate destination row was deactivated (data kept for audit)."
1681,Hotel Monila,"Consolidation round 2026-09-21: duplicates Hotel record ""Hotel Monila"" (id 2332) ~0 m away.  Lodging records are managed in the Hotel table; this duplicate destination row was deactivated (data kept for audit)."
1680,Hotel Karuna,"Consolidation round 2026-09-21: duplicates Hotel record ""Hotel Karuna"" (id 2331) ~0 m away.  Lodging records are managed in the Hotel table; this duplicate destination row was deactivated (data kept for audit)."
1679,Pokhara Village Resort,"Consolidation round 2026-09-21: duplicates Hotel record ""Pokhara Village Resort"" (id 2330) ~0 m away.  Lodging records are managed in the Hotel table; this duplicate destination row was deactivated (data kept for audit)."
1677,Hotel Blue Heaven,"Consolidation round 2026-09-21: duplicates Hotel record ""Hotel Blue Heaven"" (id 2328) ~0 m away.  Lodging records are managed in the Hotel table; this duplicate destination row was deactivated (data kept for audit)."
1675,Hotel Kasturi,"Consolidation round 2026-09-21: duplicates Hotel record ""Hotel Kasturi"" (id 2327) ~0 m away.  Lodging records are managed in the Hotel table; this duplicate destination row was deactivated (data kept for audit)."
1674,Popular Guest House and Restaurant,"Consolidation round 2026-09-21: duplicates Hotel record ""Popular Guest House and Restaurant"" (id 2326) ~0 m away.  Lodging records are managed in the Hotel table; this duplicate destination row was deactivated (data kept for audit)."
1673,Binishka Guest House and Restaurant,"Consolidation round 2026-09-21: duplicates Hotel record ""Binishka Guest House and Restaurant"" (id 2325) ~0 m away.  Lodging records are managed in the Hotel table; this duplicate destination row was deactivated (data kept for audit)."
1668,Hotel Middle Path,"Consolidation round 2026-09-21: duplicates Hotel record ""Hotel Middle Path"" (id 2320) ~0 m away.  Lodging records are managed in the Hotel table; this duplicate destination row was deactivated (data kept for audit)."
1667,Hotel Lake Palace,"Consolidation round 2026-09-21: duplicates Hotel record ""Hotel Lake Palace"" (id 2319) ~0 m away.  Lodging records are managed in the Hotel table; this duplicate destination row was deactivated (data kept for audit)."
1666,New Tourist Guest House,"Consolidation round 2026-09-21: duplicates Hotel record ""New Tourist Guest House"" (id 2318) ~0 m away.  Lodging records are managed in the Hotel table; this duplicate destination row was deactivated (data kept for audit)."
1665,Penguin Guest House and Restaurant,"Consolidation round 2026-09-21: duplicates Hotel record ""Penguin Guest House and Restaurant"" (id 2317) ~0 m away.  Lodging records are managed in the Hotel table; this duplicate destination row was deactivated (data kept for audit)."
1664,Sampada Inn,"Consolidation round 2026-09-21: duplicates Hotel record ""Sampada Inn"" (id 2316) ~0 m away.  Lodging records are managed in the Hotel table; this duplicate destination row was deactivated (data kept for audit)."
1663,Hotel River Park,"Consolidation round 2026-09-21: duplicates Hotel record ""Hotel River Park"" (id 2315) ~0 m away.  Lodging records are managed in the Hotel table; this duplicate destination row was deactivated (data kept for audit)."
1662,Noor Hotel,"Consolidation round 2026-09-21: duplicates Hotel record ""Noor Hotel"" (id 2314) ~0 m away.  Lodging records are managed in the Hotel table; this duplicate destination row was deactivated (data kept for audit)."
1661,Kumari Inn,"Consolidation round 2026-09-21: duplicates Hotel record ""Kumari Inn"" (id 2313) ~0 m away.  Lodging records are managed in the Hotel table; this duplicate destination row was deactivated (data kept for audit)."
1659,Hotel Centre Inn Lake,"Consolidation round 2026-09-21: duplicates Hotel record ""Hotel Centre Inn Lake"" (id 2311) ~0 m away.  Lodging records are managed in the Hotel table; this duplicate destination row was deactivated (data kept for audit)."
1658,Hotel 7 Continents,"Consolidation round 2026-09-21: duplicates Hotel record ""Hotel 7 Continents"" (id 2310) ~0 m away.  Lodging records are managed in the Hotel table; this duplicate destination row was deactivated (data kept for audit)."
1657,Hotel Buttercup,"Consolidation round 2026-09-21: duplicates Hotel record ""Hotel Buttercup"" (id 2309) ~0 m away.  Lodging records are managed in the Hotel table; this duplicate destination row was deactivated (data kept for audit)."
1656,Gautam Guest House,"Consolidation round 2026-09-21: duplicates Hotel record ""Gautam Guest House"" (id 2308) ~0 m away.  Lodging records are managed in the Hotel table; this duplicate destination row was deactivated (data kept for audit)."
1655,Hotel The Horizon,"Consolidation round 2026-09-21: duplicates Hotel record ""Hotel The Horizon"" (id 2307) ~0 m away.  Lodging records are managed in the Hotel table; this duplicate destination row was deactivated (data kept for audit)."
1654,Peace Guest House,"Consolidation round 2026-09-21: duplicates Hotel record ""Peace Guest House"" (id 2306) ~0 m away.  Lodging records are managed in the Hotel table; this duplicate destination row was deactivated (data kept for audit)."
1653,Hotel The Billabong Garden,"Consolidation round 2026-09-21: duplicates Hotel record ""Hotel The Billabong Garden"" (id 2305) ~0 m away.  Lodging records are managed in the Hotel table; this duplicate destination row was deactivated (data kept for audit)."
1652,Hotel Serenity,"Consolidation round 2026-09-21: duplicates Hotel record ""Hotel Serenity"" (id 2304) ~0 m away.  Lodging records are managed in the Hotel table; this duplicate destination row was deactivated (data kept for audit)."
1651,Hotel Peace Ganga,"Consolidation round 2026-09-21: duplicates Hotel record ""Hotel Peace Ganga"" (id 2303) ~0 m away.  Lodging records are managed in the Hotel table; this duplicate destination row was deactivated (data kept for audit)."
1650,Hotel Deep Oasis,"Consolidation round 2026-09-21: duplicates Hotel record ""Hotel Deep Oasis"" (id 2302) ~0 m away.  Lodging records are managed in the Hotel table; this duplicate destination row was deactivated (data kept for audit)."
1649,Hotel Crystal Palace,"Consolidation round 2026-09-21: duplicates Hotel record ""Hotel Crystal Palace"" (id 2301) ~0 m away.  Lodging records are managed in the Hotel table; this duplicate destination row was deactivated (data kept for audit)."
1648,Batika Classic Hotel,"Consolidation round 2026-09-21: duplicates Hotel record ""Batika Classic Hotel"" (id 2300) ~0 m away.  Lodging records are managed in the Hotel table; this duplicate destination row was deactivated (data kept for audit)."
1646,Century Guest House,"Consolidation round 2026-09-21: duplicates Hotel record ""Century Guest House"" (id 2298) ~0 m away.  Lodging records are managed in the Hotel table; this duplicate destination row was deactivated (data kept for audit)."
1645,Hotel Munal,"Consolidation round 2026-09-21: duplicates Hotel record ""Hotel Munal"" (id 2297) ~0 m away.  Lodging records are managed in the Hotel table; this duplicate destination row was deactivated (data kept for audit)."
1644,Hotel Immortal Inn,"Consolidation round 2026-09-21: duplicates Hotel record ""Hotel Immortal Inn"" (id 2296) ~0 m away.  Lodging records are managed in the Hotel table; this duplicate destination row was deactivated (data kept for audit)."
1642,Hotel Citizen,"Consolidation round 2026-09-21: duplicates Hotel record ""Hotel Citizen"" (id 2295) ~0 m away.  Lodging records are managed in the Hotel table; this duplicate destination row was deactivated (data kept for audit)."
1636,Hotel Singapore,"Consolidation round 2026-09-21: duplicates Hotel record ""Hotel Singapore"" (id 2291) ~0 m away.  Lodging records are managed in the Hotel table; this duplicate destination row was deactivated (data kept for audit)."
1635,Honkong Hotel,"Consolidation round 2026-09-21: duplicates Hotel record ""Honkong Hotel"" (id 2290) ~0 m away.  Lodging records are managed in the Hotel table; this duplicate destination row was deactivated (data kept for audit)."
1634,The New Winds Hotel,"Consolidation round 2026-09-21: duplicates Hotel record ""The New Winds Hotel"" (id 2289) ~0 m away.  Lodging records are managed in the Hotel table; this duplicate destination row was deactivated (data kept for audit)."
1633,Hotel Cordial,"Consolidation round 2026-09-21: duplicates Hotel record ""Hotel Cordial"" (id 2288) ~0 m away.  Lodging records are managed in the Hotel table; this duplicate destination row was deactivated (data kept for audit)."
1632,Danfe Hotel,"Consolidation round 2026-09-21: duplicates Hotel record ""Danfe Hotel"" (id 2287) ~0 m away.  Lodging records are managed in the Hotel table; this duplicate destination row was deactivated (data kept for audit)."
1631,Hotel Didi,"Consolidation round 2026-09-21: duplicates Hotel record ""Hotel Didi"" (id 2286) ~0 m away.  Lodging records are managed in the Hotel table; this duplicate destination row was deactivated (data kept for audit)."
1627,Hidden Star Guest House and Handicraft Shop,"Consolidation round 2026-09-21: duplicates Hotel record ""Hidden Star Guest House and Handicraft Shop"" (id 2285) ~0 m away.  Lodging records are managed in the Hotel table; this duplicate destination row was deactivated (data kept for audit)."
1622,Lucky View Guest House,"Consolidation round 2026-09-21: duplicates Hotel record ""Lucky View Guest House"" (id 2284) ~0 m away.  Lodging records are managed in the Hotel table; this duplicate destination row was deactivated (data kept for audit)."
1618,Hotel Dhansar,"Consolidation round 2026-09-21: duplicates Hotel record ""Hotel Dhansar"" (id 2283) ~0 m away.  Lodging records are managed in the Hotel table; this duplicate destination row was deactivated (data kept for audit)."
1617,Hotel Kusum and Lodge,"Consolidation round 2026-09-21: duplicates Hotel record ""Hotel Kusum and Lodge"" (id 4966) ~0 m away.  Lodging records are managed in the Hotel table; this duplicate destination row was deactivated (data kept for audit)."
1616,Hotel Annapurna,"Consolidation round 2026-09-21: duplicates Hotel record ""Hotel Annapurna"" (id 4965) ~0 m away.  Lodging records are managed in the Hotel table; this duplicate destination row was deactivated (data kept for audit)."
1615,Sidhane community homestay,"Consolidation round 2026-09-21: duplicates Hotel record ""Sidhane community homestay"" (id 2282) ~0 m away.  Lodging records are managed in the Hotel table; this duplicate destination row was deactivated (data kept for audit)."
1613,Hotel Milan,"Consolidation round 2026-09-21: duplicates Hotel record ""Hotel Milan"" (id 2281) ~0 m away.  Lodging records are managed in the Hotel table; this duplicate destination row was deactivated (data kept for audit)."
1606,Cozy Corner Guesthouse,"Consolidation round 2026-09-21: duplicates Hotel record ""Cozy Corner Guesthouse"" (id 3329) ~0 m away.  Lodging records are managed in the Hotel table; this duplicate destination row was deactivated (data kept for audit)."
1595,Hotel Lake Unique Inn,"Consolidation round 2026-09-21: duplicates Hotel record ""Hotel Lake Unique Inn"" (id 2277) ~0 m away.  Lodging records are managed in the Hotel table; this duplicate destination row was deactivated (data kept for audit)."
1590,Begnas Lake Resort,"Consolidation round 2026-09-21: duplicates Hotel record ""Begnas Lake Resort"" (id 2276) ~0 m away.  Lodging records are managed in the Hotel table; this duplicate destination row was deactivated (data kept for audit)."
1589,Travel Lodge,"Consolidation round 2026-09-21: duplicates Hotel record ""Travel Lodge"" (id 2275) ~0 m away.  Lodging records are managed in the Hotel table; this duplicate destination row was deactivated (data kept for audit)."
1587,Hotel 4,"Consolidation round 2026-09-21: duplicates Hotel record ""Hotel 4"" (id 3328) ~0 m away.  Lodging records are managed in the Hotel table; this duplicate destination row was deactivated (data kept for audit)."
1585,Munji lodge,"Consolidation round 2026-09-21: duplicates Hotel record ""Munji lodge"" (id 4033) ~0 m away.  Lodging records are managed in the Hotel table; this duplicate destination row was deactivated (data kept for audit)."
1583,Hotel Middle Way,"Consolidation round 2026-09-21: duplicates Hotel record ""Hotel Middle Way"" (id 2274) ~0 m away.  Lodging records are managed in the Hotel table; this duplicate destination row was deactivated (data kept for audit)."
1582,Dragon Hotel,"Consolidation round 2026-09-21: duplicates Hotel record ""Dragon Hotel"" (id 4177) ~0 m away.  Lodging records are managed in the Hotel table; this duplicate destination row was deactivated (data kept for audit)."
1577,Hotel Green Peace Guest House and Restaurant,"Consolidation round 2026-09-21: duplicates Hotel record ""Hotel Green Peace Guest House and Restaurant"" (id 2273) ~0 m away.  Lodging records are managed in the Hotel table; this duplicate destination row was deactivated (data kept for audit)."
1575,Hotel The Trans Himalaya,"Consolidation round 2026-09-21: duplicates Hotel record ""Hotel The Trans Himalaya"" (id 2272) ~0 m away.  Lodging records are managed in the Hotel table; this duplicate destination row was deactivated (data kept for audit)."
1574,Hotel People's Plaza,"Consolidation round 2026-09-21: duplicates Hotel record ""Hotel People's Plaza"" (id 2271) ~0 m away.  Lodging records are managed in the Hotel table; this duplicate destination row was deactivated (data kept for audit)."
1570,Hotel Queens Park,"Consolidation round 2026-09-21: duplicates Hotel record ""Hotel Queens Park"" (id 2268) ~0 m away.  Lodging records are managed in the Hotel table; this duplicate destination row was deactivated (data kept for audit)."
1569,Namaste Lodge,"Consolidation round 2026-09-21: duplicates Hotel record ""Namaste Lodge"" (id 2267) ~0 m away.  Lodging records are managed in the Hotel table; this duplicate destination row was deactivated (data kept for audit)."
1561,Bhupu Sainik Sita Lodge,"Consolidation round 2026-09-21: duplicates Hotel record ""Bhupu Sainik Sita Lodge"" (id 2266) ~0 m away.  Lodging records are managed in the Hotel table; this duplicate destination row was deactivated (data kept for audit)."
1553,Hotel The GreatWall,"Consolidation round 2026-09-21: duplicates Hotel record ""Hotel The GreatWall"" (id 3326) ~0 m away.  Lodging records are managed in the Hotel table; this duplicate destination row was deactivated (data kept for audit)."
1552,Hotel NorthPole,"Consolidation round 2026-09-21: duplicates Hotel record ""Hotel NorthPole"" (id 4176) ~0 m away.  Lodging records are managed in the Hotel table; this duplicate destination row was deactivated (data kept for audit)."
1546,Tibetan hotel,"Consolidation round 2026-09-21: duplicates Hotel record ""Tibetan hotel"" (id 3940) ~0 m away.  Lodging records are managed in the Hotel table; this duplicate destination row was deactivated (data kept for audit)."
1541,Nanohana Lodge,"Consolidation round 2026-09-21: duplicates Hotel record ""Nanohana Lodge"" (id 2264) ~0 m away.  Lodging records are managed in the Hotel table; this duplicate destination row was deactivated (data kept for audit)."
1540,Hotel Galaxy,"Consolidation round 2026-09-21: duplicates Hotel record ""Hotel Galaxy"" (id 2263) ~0 m away.  Lodging records are managed in the Hotel table; this duplicate destination row was deactivated (data kept for audit)."
1539,Hotel Mirage,"Consolidation round 2026-09-21: duplicates Hotel record ""Hotel Mirage"" (id 2262) ~0 m away.  Lodging records are managed in the Hotel table; this duplicate destination row was deactivated (data kept for audit)."
1533,Prundu Homestay Aatighar,"Consolidation round 2026-09-21: duplicates Hotel record ""Prundu Homestay Aatighar"" (id 2261) ~0 m away.  Lodging records are managed in the Hotel table; this duplicate destination row was deactivated (data kept for audit)."
1530,Third Eye Inn,"Consolidation round 2026-09-21: duplicates Hotel record ""Third Eye Inn"" (id 2260) ~0 m away.  Lodging records are managed in the Hotel table; this duplicate destination row was deactivated (data kept for audit)."
1523,Hotel Lake Top,"Consolidation round 2026-09-21: duplicates Hotel record ""Hotel Lake Top"" (id 2259) ~0 m away.  Lodging records are managed in the Hotel table; this duplicate destination row was deactivated (data kept for audit)."
1522,Hotel Peace Pokhara,"Consolidation round 2026-09-21: duplicates Hotel record ""Hotel Peace Pokhara"" (id 2258) ~0 m away.  Lodging records are managed in the Hotel table; this duplicate destination row was deactivated (data kept for audit)."
1519,New Namaste Guesthouse,"Consolidation round 2026-09-21: duplicates Hotel record ""New Namaste Guesthouse"" (id 2257) ~0 m away.  Lodging records are managed in the Hotel table; this duplicate destination row was deactivated (data kept for audit)."
1517,Be Happy Guest House,"Consolidation round 2026-09-21: duplicates Hotel record ""Be Happy Guest House"" (id 2255) ~0 m away.  Lodging records are managed in the Hotel table; this duplicate destination row was deactivated (data kept for audit)."
1514,Hotel Love and Light,"Consolidation round 2026-09-21: duplicates Hotel record ""Hotel Love and Light"" (id 2254) ~0 m away.  Lodging records are managed in the Hotel table; this duplicate destination row was deactivated (data kept for audit)."
1513,Bickey's Homestay,"Consolidation round 2026-09-21: duplicates Hotel record ""Bickey's Homestay"" (id 2253) ~0 m away.  Lodging records are managed in the Hotel table; this duplicate destination row was deactivated (data kept for audit)."
1508,Sweet Dreams Guest House,"Consolidation round 2026-09-21: duplicates Hotel record ""Sweet Dreams Guest House"" (id 2252) ~0 m away.  Lodging records are managed in the Hotel table; this duplicate destination row was deactivated (data kept for audit)."
1506,Hill Side Travel Hotel & Lodge,"Consolidation round 2026-09-21: duplicates Hotel record ""Hill Side Travel Hotel & Lodge"" (id 1841) ~0 m away.  Lodging records are managed in the Hotel table; this duplicate destination row was deactivated (data kept for audit)."
1497,Hotel Lake Garden,"Consolidation round 2026-09-21: duplicates Hotel record ""Hotel Lake Garden"" (id 2251) ~0 m away.  Lodging records are managed in the Hotel table; this duplicate destination row was deactivated (data kept for audit)."
1495,Hotel Venus,"Consolidation round 2026-09-21: duplicates Hotel record ""Hotel Venus"" (id 2250) ~0 m away.  Lodging records are managed in the Hotel table; this duplicate destination row was deactivated (data kept for audit)."
1494,Bodhi Inn,"Consolidation round 2026-09-21: duplicates Hotel record ""Bodhi Inn"" (id 3324) ~0 m away.  Lodging records are managed in the Hotel table; this duplicate destination row was deactivated (data kept for audit)."
1492,Kathmandu Resort Hotel,"Consolidation round 2026-09-21: duplicates Hotel record ""Kathmandu Resort Hotel"" (id 3323) ~0 m away.  Lodging records are managed in the Hotel table; this duplicate destination row was deactivated (data kept for audit)."
1484,The Maple Inn,"Consolidation round 2026-09-21: duplicates Hotel record ""The Maple Inn"" (id 2247) ~0 m away.  Lodging records are managed in the Hotel table; this duplicate destination row was deactivated (data kept for audit)."
1473,Muna Guesthouse,"Consolidation round 2026-09-21: duplicates Hotel record ""Muna Guesthouse"" (id 2246) ~0 m away.  Lodging records are managed in the Hotel table; this duplicate destination row was deactivated (data kept for audit)."
1472,Hotel Jal Mahal,"Consolidation round 2026-09-21: duplicates Hotel record ""Hotel Jal Mahal"" (id 2245) ~0 m away.  Lodging records are managed in the Hotel table; this duplicate destination row was deactivated (data kept for audit)."
1470,Hotel Angel Pokhara,"Consolidation round 2026-09-21: duplicates Hotel record ""Hotel Angel Pokhara"" (id 2244) ~0 m away.  Lodging records are managed in the Hotel table; this duplicate destination row was deactivated (data kept for audit)."
1465,Hotel Haven 'O' Ganga,"Consolidation round 2026-09-21: duplicates Hotel record ""Hotel Haven 'O' Ganga"" (id 2243) ~0 m away.  Lodging records are managed in the Hotel table; this duplicate destination row was deactivated (data kept for audit)."
1463,Dhye Shaligram Hotel,"Consolidation round 2026-09-21: duplicates Hotel record ""Dhye Shaligram Hotel"" (id 4174) ~0 m away.  Lodging records are managed in the Hotel table; this duplicate destination row was deactivated (data kept for audit)."
1453,Hotel Dream City,"Consolidation round 2026-09-21: duplicates Hotel record ""Hotel Dream City"" (id 3320) ~0 m away.  Lodging records are managed in the Hotel table; this duplicate destination row was deactivated (data kept for audit)."
1445,Nepali Cottage Guest House,"Consolidation round 2026-09-21: duplicates Hotel record ""Nepali Cottage Guest House"" (id 2241) ~0 m away.  Lodging records are managed in the Hotel table; this duplicate destination row was deactivated (data kept for audit)."
1438,Hotel Choice,"Consolidation round 2026-09-21: duplicates Hotel record ""Hotel Choice"" (id 3319) ~0 m away.  Lodging records are managed in the Hotel table; this duplicate destination row was deactivated (data kept for audit)."
1436,Hotel Pancharatna,"Consolidation round 2026-09-21: duplicates Hotel record ""Hotel Pancharatna"" (id 2238) ~0 m away.  Lodging records are managed in the Hotel table; this duplicate destination row was deactivated (data kept for audit)."
1434,Forest View Guest House,"Consolidation round 2026-09-21: duplicates Hotel record ""Forest View Guest House"" (id 2237) ~0 m away.  Lodging records are managed in the Hotel table; this duplicate destination row was deactivated (data kept for audit)."
1431,Hotel North Pole,"Consolidation round 2026-09-21: duplicates Hotel record ""Hotel North Pole"" (id 4032) ~0 m away.  Lodging records are managed in the Hotel table; this duplicate destination row was deactivated (data kept for audit)."
1430,Florida Guest House,"Consolidation round 2026-09-21: duplicates Hotel record ""Florida Guest House"" (id 4173) ~0 m away.  Lodging records are managed in the Hotel table; this duplicate destination row was deactivated (data kept for audit)."
1423,Golden Inn Guest House,"Consolidation round 2026-09-21: duplicates Hotel record ""Golden Inn Guest House"" (id 4172) ~0 m away.  Lodging records are managed in the Hotel table; this duplicate destination row was deactivated (data kept for audit)."
1416,Second Home Hotel,"Consolidation round 2026-09-21: duplicates Hotel record ""Second Home Hotel"" (id 3318) ~0 m away.  Lodging records are managed in the Hotel table; this duplicate destination row was deactivated (data kept for audit)."
1415,HOTEL MOUNTAIN VIEW GUEST ROOM,"Consolidation round 2026-09-21: duplicates Hotel record ""HOTEL MOUNTAIN VIEW GUEST ROOM"" (id 3937) ~0 m away.  Lodging records are managed in the Hotel table; this duplicate destination row was deactivated (data kept for audit)."
1413,Hotel Ganesh Himal,"Consolidation round 2026-09-21: duplicates Hotel record ""Hotel Ganesh Himal"" (id 3317) ~0 m away.  Lodging records are managed in the Hotel table; this duplicate destination row was deactivated (data kept for audit)."
1412,Roadhouse Cafe / Hotel Roadhouse,"Consolidation round 2026-09-21: duplicates Hotel record ""Roadhouse Cafe / Hotel Roadhouse"" (id 3316) ~0 m away.  Lodging records are managed in the Hotel table; this duplicate destination row was deactivated (data kept for audit)."
1410,Hotel Gautam Garden,"Consolidation round 2026-09-21: duplicates Hotel record ""Hotel Gautam Garden"" (id 2236) ~0 m away.  Lodging records are managed in the Hotel table; this duplicate destination row was deactivated (data kept for audit)."
1409,Hotel View Point,"Consolidation round 2026-09-21: duplicates Hotel record ""Hotel View Point"" (id 4171) ~0 m away.  Lodging records are managed in the Hotel table; this duplicate destination row was deactivated (data kept for audit)."
1408,Show Boat Hotel - Ama chorten cafe,"Consolidation round 2026-09-21: duplicates Hotel record ""Show Boat Hotel - Ama chorten cafe"" (id 4170) ~0 m away.  Lodging records are managed in the Hotel table; this duplicate destination row was deactivated (data kept for audit)."
1402,Hotel Kamal,"Consolidation round 2026-09-21: duplicates Hotel record ""Hotel Kamal"" (id 3314) ~0 m away.  Lodging records are managed in the Hotel table; this duplicate destination row was deactivated (data kept for audit)."
1401,Hotel Elephant Camp & Korean Restaurant,"Consolidation round 2026-09-21: duplicates Hotel record ""Hotel Elephant Camp & Korean Restaurant"" (id 1760) ~0 m away.  Lodging records are managed in the Hotel table; this duplicate destination row was deactivated (data kept for audit)."
1400,Hotel Manang,"Consolidation round 2026-09-21: duplicates Hotel record ""Hotel Manang"" (id 4031) ~0 m away.  Lodging records are managed in the Hotel table; this duplicate destination row was deactivated (data kept for audit)."
1398,Sikles Guest House,"Consolidation round 2026-09-21: duplicates Hotel record ""Sikles Guest House"" (id 2233) ~0 m away.  Lodging records are managed in the Hotel table; this duplicate destination row was deactivated (data kept for audit)."
1397,Hotel Annapurna,"Consolidation round 2026-09-21: duplicates Hotel record ""Hotel Annapurna"" (id 4030) ~0 m away.  Lodging records are managed in the Hotel table; this duplicate destination row was deactivated (data kept for audit)."
1396,Hotel Tukuche,"Consolidation round 2026-09-21: duplicates Hotel record ""Hotel Tukuche"" (id 4029) ~0 m away.  Lodging records are managed in the Hotel table; this duplicate destination row was deactivated (data kept for audit)."
1395,Hotel Himalayan,"Consolidation round 2026-09-21: duplicates Hotel record ""Hotel Himalayan"" (id 4028) ~0 m away.  Lodging records are managed in the Hotel table; this duplicate destination row was deactivated (data kept for audit)."
1394,Bharat Hotel & Lodge,"Consolidation round 2026-09-21: duplicates Hotel record ""Bharat Hotel & Lodge"" (id 3313) ~0 m away.  Lodging records are managed in the Hotel table; this duplicate destination row was deactivated (data kept for audit)."
1392,Oasis Guest House,"Consolidation round 2026-09-21: duplicates Hotel record ""Oasis Guest House"" (id 4027) ~0 m away.  Lodging records are managed in the Hotel table; this duplicate destination row was deactivated (data kept for audit)."
1390,Happy Home Cottage,"Consolidation round 2026-09-21: duplicates Hotel record ""Happy Home Cottage"" (id 4026) ~0 m away.  Lodging records are managed in the Hotel table; this duplicate destination row was deactivated (data kept for audit)."
1389,Tibet Lhasa Guest House,"Consolidation round 2026-09-21: duplicates Hotel record ""Tibet Lhasa Guest House"" (id 4025) ~0 m away.  Lodging records are managed in the Hotel table; this duplicate destination row was deactivated (data kept for audit)."
1385,Hotel Moonlight,"Consolidation round 2026-09-21: duplicates Hotel record ""Hotel Moonlight"" (id 62) ~104 m away.  Lodging records are managed in the Hotel table; this duplicate destination row was deactivated (data kept for audit)."
1384,Thamel Grand Hotel,"Consolidation round 2026-09-21: duplicates Hotel record ""Thamel Grand Hotel"" (id 3311) ~0 m away.  Lodging records are managed in the Hotel table; this duplicate destination row was deactivated (data kept for audit)."
1383,Hotel Pilgrims,"Consolidation round 2026-09-21: duplicates Hotel record ""Hotel Pilgrims"" (id 3310) ~0 m away.  Lodging records are managed in the Hotel table; this duplicate destination row was deactivated (data kept for audit)."
1381,Kathmandu Peace Guest House,"Consolidation round 2026-09-21: duplicates Hotel record ""Kathmandu Peace Guest House"" (id 3308) ~0 m away.  Lodging records are managed in the Hotel table; this duplicate destination row was deactivated (data kept for audit)."
1380,Kathmandu Sunny hotel,"Consolidation round 2026-09-21: duplicates Hotel record ""Kathmandu Sunny hotel"" (id 3307) ~0 m away.  Lodging records are managed in the Hotel table; this duplicate destination row was deactivated (data kept for audit)."
1378,Delight Guest House,"Consolidation round 2026-09-21: duplicates Hotel record ""Delight Guest House"" (id 3305) ~0 m away.  Lodging records are managed in the Hotel table; this duplicate destination row was deactivated (data kept for audit)."
1375,Backpackers Lodge,"Consolidation round 2026-09-21: duplicates Hotel record ""Backpackers Lodge"" (id 3302) ~0 m away.  Lodging records are managed in the Hotel table; this duplicate destination row was deactivated (data kept for audit)."
1374,Nirvana Peace Hotel,"Consolidation round 2026-09-21: duplicates Hotel record ""Nirvana Peace Hotel"" (id 3301) ~0 m away.  Lodging records are managed in the Hotel table; this duplicate destination row was deactivated (data kept for audit)."
1370,Bamboo Cottage,"Consolidation round 2026-09-21: duplicates Hotel record ""Bamboo Cottage"" (id 1840) ~0 m away.  Lodging records are managed in the Hotel table; this duplicate destination row was deactivated (data kept for audit)."
1369,Kaligandaki Guest House,"Consolidation round 2026-09-21: duplicates Hotel record ""Kaligandaki Guest House"" (id 2231) ~0 m away.  Lodging records are managed in the Hotel table; this duplicate destination row was deactivated (data kept for audit)."
1365,Hotel Sunflower,"Consolidation round 2026-09-21: duplicates Hotel record ""Hotel Sunflower"" (id 2230) ~0 m away.  Lodging records are managed in the Hotel table; this duplicate destination row was deactivated (data kept for audit)."
1339,Hotel Sunrise,"Consolidation round 2026-09-21: duplicates Hotel record ""Hotel Sunrise"" (id 1636) ~0 m away.  Lodging records are managed in the Hotel table; this duplicate destination row was deactivated (data kept for audit)."
1338,Hotel Rudrakshya,"Consolidation round 2026-09-21: duplicates Hotel record ""Hotel Rudrakshya"" (id 1635) ~0 m away.  Lodging records are managed in the Hotel table; this duplicate destination row was deactivated (data kept for audit)."
1337,Anushka's homestay,"Consolidation round 2026-09-21: duplicates Hotel record ""Anushka's homestay"" (id 3299) ~0 m away.  Lodging records are managed in the Hotel table; this duplicate destination row was deactivated (data kept for audit)."
1336,Thakali Kalpan Hotel,"Consolidation round 2026-09-21: duplicates Hotel record ""Thakali Kalpan Hotel"" (id 1758) ~0 m away.  Lodging records are managed in the Hotel table; this duplicate destination row was deactivated (data kept for audit)."
1335,Mugling Guest House,"Consolidation round 2026-09-21: duplicates Hotel record ""Mugling Guest House"" (id 1757) ~0 m away.  Lodging records are managed in the Hotel table; this duplicate destination row was deactivated (data kept for audit)."
1334,Madani Hotel,"Consolidation round 2026-09-21: duplicates Hotel record ""Madani Hotel"" (id 1756) ~0 m away.  Lodging records are managed in the Hotel table; this duplicate destination row was deactivated (data kept for audit)."
1333,Machhaouchhre Hotel & Lodge,"Consolidation round 2026-09-21: duplicates Hotel record ""Machhaouchhre Hotel & Lodge"" (id 1755) ~0 m away.  Lodging records are managed in the Hotel table; this duplicate destination row was deactivated (data kept for audit)."
1332,Hotel Mugling,"Consolidation round 2026-09-21: duplicates Hotel record ""Hotel Mugling"" (id 1754) ~0 m away.  Lodging records are managed in the Hotel table; this duplicate destination row was deactivated (data kept for audit)."
1331,Bisauni Hotel & Guesthouse,"Consolidation round 2026-09-21: duplicates Hotel record ""Bisauni Hotel & Guesthouse"" (id 1753) ~0 m away.  Lodging records are managed in the Hotel table; this duplicate destination row was deactivated (data kept for audit)."
1330,Binaya Guest House,"Consolidation round 2026-09-21: duplicates Hotel record ""Binaya Guest House"" (id 1752) ~0 m away.  Lodging records are managed in the Hotel table; this duplicate destination row was deactivated (data kept for audit)."
1329,Abdullah Hotel,"Consolidation round 2026-09-21: duplicates Hotel record ""Abdullah Hotel"" (id 1751) ~0 m away.  Lodging records are managed in the Hotel table; this duplicate destination row was deactivated (data kept for audit)."
1319,Pokhari Bhatta Hotel,"Consolidation round 2026-09-21: duplicates Hotel record ""Pokhari Bhatta Hotel"" (id 1839) ~0 m away.  Lodging records are managed in the Hotel table; this duplicate destination row was deactivated (data kept for audit)."
1303,Hotel Laxmi,"Consolidation round 2026-09-21: duplicates Hotel record ""Hotel Laxmi"" (id 2227) ~0 m away.  Lodging records are managed in the Hotel table; this duplicate destination row was deactivated (data kept for audit)."
1283,Hotel Lion Pvt Ltd.,"Consolidation round 2026-09-21: duplicates Hotel record ""Hotel Lion Pvt Ltd."" (id 3295) ~0 m away.  Lodging records are managed in the Hotel table; this duplicate destination row was deactivated (data kept for audit)."
1282,Holy Lodge,"Consolidation round 2026-09-21: duplicates Hotel record ""Holy Lodge"" (id 1749) ~0 m away.  Lodging records are managed in the Hotel table; this duplicate destination row was deactivated (data kept for audit)."
1281,Divyeshwari guest house,"Consolidation round 2026-09-21: duplicates Hotel record ""Divyeshwari guest house"" (id 1634) ~0 m away.  Lodging records are managed in the Hotel table; this duplicate destination row was deactivated (data kept for audit)."
1274,Namaste Guest House,"Consolidation round 2026-09-21: duplicates Hotel record ""Namaste Guest House"" (id 2226) ~0 m away.  Lodging records are managed in the Hotel table; this duplicate destination row was deactivated (data kept for audit)."
1273,Kushal guest house,"Consolidation round 2026-09-21: duplicates Hotel record ""Kushal guest house"" (id 2225) ~0 m away.  Lodging records are managed in the Hotel table; this duplicate destination row was deactivated (data kept for audit)."
1272,Hotel Buddha,"Consolidation round 2026-09-21: duplicates Hotel record ""Hotel Buddha"" (id 2224) ~0 m away.  Lodging records are managed in the Hotel table; this duplicate destination row was deactivated (data kept for audit)."
1264,Bishwa Guest House,"Consolidation round 2026-09-21: duplicates Hotel record ""Bishwa Guest House"" (id 2223) ~0 m away.  Lodging records are managed in the Hotel table; this duplicate destination row was deactivated (data kept for audit)."
1263,Shangri-La Guest House Restaurant,"Consolidation round 2026-09-21: duplicates Hotel record ""Shangri-La Guest House Restaurant"" (id 2222) ~0 m away.  Lodging records are managed in the Hotel table; this duplicate destination row was deactivated (data kept for audit)."
1261,Muna Guest House,"Consolidation round 2026-09-21: duplicates Hotel record ""Muna Guest House"" (id 2221) ~0 m away.  Lodging records are managed in the Hotel table; this duplicate destination row was deactivated (data kept for audit)."
1260,Hotel Ashish Aama,"Consolidation round 2026-09-21: duplicates Hotel record ""Hotel Ashish Aama"" (id 2220) ~0 m away.  Lodging records are managed in the Hotel table; this duplicate destination row was deactivated (data kept for audit)."
1259,Heaven View Guest House,"Consolidation round 2026-09-21: duplicates Hotel record ""Heaven View Guest House"" (id 2219) ~0 m away.  Lodging records are managed in the Hotel table; this duplicate destination row was deactivated (data kept for audit)."
1258,Meshram Guest House,"Consolidation round 2026-09-21: duplicates Hotel record ""Meshram Guest House"" (id 2218) ~0 m away.  Lodging records are managed in the Hotel table; this duplicate destination row was deactivated (data kept for audit)."
1257,Milan hotel,"Consolidation round 2026-09-21: duplicates Hotel record ""Milan hotel"" (id 2217) ~0 m away.  Lodging records are managed in the Hotel table; this duplicate destination row was deactivated (data kept for audit)."
1256,Hotel Lemon Tree,"Consolidation round 2026-09-21: duplicates Hotel record ""Hotel Lemon Tree"" (id 3291) ~0 m away.  Lodging records are managed in the Hotel table; this duplicate destination row was deactivated (data kept for audit)."
1252,Hotel Motherland,"Consolidation round 2026-09-21: duplicates Hotel record ""Hotel Motherland"" (id 2216) ~0 m away.  Lodging records are managed in the Hotel table; this duplicate destination row was deactivated (data kept for audit)."
1246,Ram Hotel,"Consolidation round 2026-09-21: duplicates Hotel record ""Ram Hotel"" (id 2215) ~0 m away.  Lodging records are managed in the Hotel table; this duplicate destination row was deactivated (data kept for audit)."
1244,Un Dia Blanco Eco Guest House,"Consolidation round 2026-09-21: duplicates Hotel record ""Un Dia Blanco Eco Guest House"" (id 3289) ~0 m away.  Lodging records are managed in the Hotel table; this duplicate destination row was deactivated (data kept for audit)."
1236,Gurung Cottage,"Consolidation round 2026-09-21: duplicates Hotel record ""Gurung Cottage"" (id 2212) ~0 m away.  Lodging records are managed in the Hotel table; this duplicate destination row was deactivated (data kept for audit)."
1232,Hotel Trekkers Home Nepal,"Consolidation round 2026-09-21: duplicates Hotel record ""Hotel Trekkers Home Nepal"" (id 2211) ~0 m away.  Lodging records are managed in the Hotel table; this duplicate destination row was deactivated (data kept for audit)."
1223,New Future Way Guest House,"Consolidation round 2026-09-21: duplicates Hotel record ""New Future Way Guest House"" (id 2209) ~0 m away.  Lodging records are managed in the Hotel table; this duplicate destination row was deactivated (data kept for audit)."
1215,Tourist residency and apartments,"Consolidation round 2026-09-21: duplicates Hotel record ""Tourist residency and apartments"" (id 2208) ~0 m away.  Lodging records are managed in the Hotel table; this duplicate destination row was deactivated (data kept for audit)."
1214,Kaushila Hotel & Lodge,"Consolidation round 2026-09-21: duplicates Hotel record ""Kaushila Hotel & Lodge"" (id 1747) ~0 m away.  Lodging records are managed in the Hotel table; this duplicate destination row was deactivated (data kept for audit)."
1207,Triveni Khaja Ghar and Guest House,"Consolidation round 2026-09-21: duplicates Hotel record ""Triveni Khaja Ghar and Guest House"" (id 1746) ~0 m away.  Lodging records are managed in the Hotel table; this duplicate destination row was deactivated (data kept for audit)."
1206,Royal Gorkhali Restaurant and Guest House,"Consolidation round 2026-09-21: duplicates Hotel record ""Royal Gorkhali Restaurant and Guest House"" (id 1745) ~0 m away.  Lodging records are managed in the Hotel table; this duplicate destination row was deactivated (data kept for audit)."
1205,Prem Hotel and Lodge,"Consolidation round 2026-09-21: duplicates Hotel record ""Prem Hotel and Lodge"" (id 1744) ~0 m away.  Lodging records are managed in the Hotel table; this duplicate destination row was deactivated (data kept for audit)."
1204,Nawadurga Hotel and Lodge,"Consolidation round 2026-09-21: duplicates Hotel record ""Nawadurga Hotel and Lodge"" (id 1743) ~0 m away.  Lodging records are managed in the Hotel table; this duplicate destination row was deactivated (data kept for audit)."
1203,Ikshya Kamana Cold Store and Guest House,"Consolidation round 2026-09-21: duplicates Hotel record ""Ikshya Kamana Cold Store and Guest House"" (id 1742) ~0 m away.  Lodging records are managed in the Hotel table; this duplicate destination row was deactivated (data kept for audit)."
1202,Gorkha Hotel and Guest House,"Consolidation round 2026-09-21: duplicates Hotel record ""Gorkha Hotel and Guest House"" (id 1741) ~0 m away.  Lodging records are managed in the Hotel table; this duplicate destination row was deactivated (data kept for audit)."
1201,Anish Khaja Ghar and Guest House,"Consolidation round 2026-09-21: duplicates Hotel record ""Anish Khaja Ghar and Guest House"" (id 1740) ~0 m away.  Lodging records are managed in the Hotel table; this duplicate destination row was deactivated (data kept for audit)."
1192,Hotel Village Inn,"Consolidation round 2026-09-21: duplicates Hotel record ""Hotel Village Inn"" (id 2206) ~0 m away.  Lodging records are managed in the Hotel table; this duplicate destination row was deactivated (data kept for audit)."
1191,Ambrosia Geula - Guest house & Restaurant,"Consolidation round 2026-09-21: duplicates Hotel record ""Ambrosia Geula - Guest house & Restaurant"" (id 2205) ~0 m away.  Lodging records are managed in the Hotel table; this duplicate destination row was deactivated (data kept for audit)."
1184,Annapurna Sanctuary Lodge & Restaurant,"Consolidation round 2026-09-21: duplicates Hotel record ""Annapurna Sanctuary Lodge & Restaurant"" (id 2203) ~0 m away.  Lodging records are managed in the Hotel table; this duplicate destination row was deactivated (data kept for audit)."
1183,Snowland Lodge And Restaurant,"Consolidation round 2026-09-21: duplicates Hotel record ""Snowland Lodge And Restaurant"" (id 2202) ~0 m away.  Lodging records are managed in the Hotel table; this duplicate destination row was deactivated (data kept for audit)."
1182,Deurali Guest House,"Consolidation round 2026-09-21: duplicates Hotel record ""Deurali Guest House"" (id 2201) ~0 m away.  Lodging records are managed in the Hotel table; this duplicate destination row was deactivated (data kept for audit)."
1181,Shankar Guest House and Restaurant,"Consolidation round 2026-09-21: duplicates Hotel record ""Shankar Guest House and Restaurant"" (id 2200) ~0 m away.  Lodging records are managed in the Hotel table; this duplicate destination row was deactivated (data kept for audit)."
1180,Dream Lodge,"Consolidation round 2026-09-21: duplicates Hotel record ""Dream Lodge"" (id 2199) ~0 m away.  Lodging records are managed in the Hotel table; this duplicate destination row was deactivated (data kept for audit)."
1178,Gurjung Lodge,"Consolidation round 2026-09-21: duplicates Hotel record ""Gurjung Lodge"" (id 2198) ~0 m away.  Lodging records are managed in the Hotel table; this duplicate destination row was deactivated (data kept for audit)."
1177,Machhapuchhare Guest House and Restaurant,"Consolidation round 2026-09-21: duplicates Hotel record ""Machhapuchhare Guest House and Restaurant"" (id 2197) ~0 m away.  Lodging records are managed in the Hotel table; this duplicate destination row was deactivated (data kept for audit)."
1175,Hotel Sanskaar,"Consolidation round 2026-09-21: duplicates Hotel record ""Hotel Sanskaar"" (id 4964) ~0 m away.  Lodging records are managed in the Hotel table; this duplicate destination row was deactivated (data kept for audit)."
1174,River View Lodge,"Consolidation round 2026-09-21: duplicates Hotel record ""River View Lodge"" (id 2196) ~0 m away.  Lodging records are managed in the Hotel table; this duplicate destination row was deactivated (data kept for audit)."
1173,Green Hill Hotel,"Consolidation round 2026-09-21: duplicates Hotel record ""Green Hill Hotel"" (id 2195) ~0 m away.  Lodging records are managed in the Hotel table; this duplicate destination row was deactivated (data kept for audit)."
1172,Kumar Hotel,"Consolidation round 2026-09-21: duplicates Hotel record ""Kumar Hotel"" (id 2194) ~0 m away.  Lodging records are managed in the Hotel table; this duplicate destination row was deactivated (data kept for audit)."
1166,Hotel Mustang,"Consolidation round 2026-09-21: duplicates Hotel record ""Hotel Mustang"" (id 2192) ~0 m away.  Lodging records are managed in the Hotel table; this duplicate destination row was deactivated (data kept for audit)."
1162,Mountain Country Lodge,"Consolidation round 2026-09-21: duplicates Hotel record ""Mountain Country Lodge"" (id 2188) ~0 m away.  Lodging records are managed in the Hotel table; this duplicate destination row was deactivated (data kept for audit)."
1161,The Gyawali Residence,"Consolidation round 2026-09-21: duplicates Hotel record ""The Gyawali Residence"" (id 3284) ~0 m away.  Lodging records are managed in the Hotel table; this duplicate destination row was deactivated (data kept for audit)."
1159,Annapurna Guest House & Restaurant,"Consolidation round 2026-09-21: duplicates Hotel record ""Annapurna Guest House & Restaurant"" (id 2187) ~0 m away.  Lodging records are managed in the Hotel table; this duplicate destination row was deactivated (data kept for audit)."
1158,Fishtail Guesthouse,"Consolidation round 2026-09-21: duplicates Hotel record ""Fishtail Guesthouse"" (id 2186) ~0 m away.  Lodging records are managed in the Hotel table; this duplicate destination row was deactivated (data kept for audit)."
1155,Welcome Guest House & Appartment,"Consolidation round 2026-09-21: duplicates Hotel record ""Welcome Guest House & Appartment"" (id 2185) ~0 m away.  Lodging records are managed in the Hotel table; this duplicate destination row was deactivated (data kept for audit)."
1143,Mirage Inn,"Consolidation round 2026-09-21: duplicates Hotel record ""Mirage Inn"" (id 3283) ~0 m away.  Lodging records are managed in the Hotel table; this duplicate destination row was deactivated (data kept for audit)."
1134,Hotel Yala Peak,"Consolidation round 2026-09-21: duplicates Hotel record ""Hotel Yala Peak"" (id 3281) ~0 m away.  Lodging records are managed in the Hotel table; this duplicate destination row was deactivated (data kept for audit)."
1123,The Life Story Guest House,"Consolidation round 2026-09-21: duplicates Hotel record ""The Life Story Guest House"" (id 3866) ~0 m away.  Lodging records are managed in the Hotel table; this duplicate destination row was deactivated (data kept for audit)."
1112,Hotel Gurkha Summit,"Consolidation round 2026-09-21: duplicates Hotel record ""Hotel Gurkha Summit"" (id 2182) ~0 m away.  Lodging records are managed in the Hotel table; this duplicate destination row was deactivated (data kept for audit)."
1106,Hotel Daju Bhai,"Consolidation round 2026-09-21: duplicates Hotel record ""Hotel Daju Bhai"" (id 2181) ~0 m away.  Lodging records are managed in the Hotel table; this duplicate destination row was deactivated (data kept for audit)."
1105,Hotel Dhaulagiri,"Consolidation round 2026-09-21: duplicates Hotel record ""Hotel Dhaulagiri"" (id 2180) ~0 m away.  Lodging records are managed in the Hotel table; this duplicate destination row was deactivated (data kept for audit)."
1100,Hotel Rabi,"Consolidation round 2026-09-21: duplicates Hotel record ""Hotel Rabi"" (id 2179) ~0 m away.  Lodging records are managed in the Hotel table; this duplicate destination row was deactivated (data kept for audit)."
1099,Hotel Rara,"Consolidation round 2026-09-21: duplicates Hotel record ""Hotel Rara"" (id 2178) ~0 m away.  Lodging records are managed in the Hotel table; this duplicate destination row was deactivated (data kept for audit)."
1097,Hotel Discovery,"Consolidation round 2026-09-21: duplicates Hotel record ""Hotel Discovery"" (id 2176) ~0 m away.  Lodging records are managed in the Hotel table; this duplicate destination row was deactivated (data kept for audit)."
1096,Hotel Miracle,"Consolidation round 2026-09-21: duplicates Hotel record ""Hotel Miracle"" (id 2175) ~0 m away.  Lodging records are managed in the Hotel table; this duplicate destination row was deactivated (data kept for audit)."
1095,Hotel Dahlia,"Consolidation round 2026-09-21: duplicates Hotel record ""Hotel Dahlia"" (id 2174) ~0 m away.  Lodging records are managed in the Hotel table; this duplicate destination row was deactivated (data kept for audit)."
1094,Hotel Asia,"Consolidation round 2026-09-21: duplicates Hotel record ""Hotel Asia"" (id 2173) ~0 m away.  Lodging records are managed in the Hotel table; this duplicate destination row was deactivated (data kept for audit)."
1093,Santosh Guest House and Apartment,"Consolidation round 2026-09-21: duplicates Hotel record ""Santosh Guest House and Apartment"" (id 2172) ~0 m away.  Lodging records are managed in the Hotel table; this duplicate destination row was deactivated (data kept for audit)."
1092,Hotel Nightingale,"Consolidation round 2026-09-21: duplicates Hotel record ""Hotel Nightingale"" (id 2171) ~0 m away.  Lodging records are managed in the Hotel table; this duplicate destination row was deactivated (data kept for audit)."
1091,R & R Guest House,"Consolidation round 2026-09-21: duplicates Hotel record ""R & R Guest House"" (id 2170) ~0 m away.  Lodging records are managed in the Hotel table; this duplicate destination row was deactivated (data kept for audit)."
1090,Hotel Celebration,"Consolidation round 2026-09-21: duplicates Hotel record ""Hotel Celebration"" (id 2169) ~0 m away.  Lodging records are managed in the Hotel table; this duplicate destination row was deactivated (data kept for audit)."
1089,Family Cottage,"Consolidation round 2026-09-21: duplicates Hotel record ""Family Cottage"" (id 2168) ~0 m away.  Lodging records are managed in the Hotel table; this duplicate destination row was deactivated (data kept for audit)."
1086,Sijan Hotel,"Consolidation round 2026-09-21: duplicates Hotel record ""Sijan Hotel"" (id 2165) ~0 m away.  Lodging records are managed in the Hotel table; this duplicate destination row was deactivated (data kept for audit)."
1085,Aamako Aasirbad hotel,"Consolidation round 2026-09-21: duplicates Hotel record ""Aamako Aasirbad hotel"" (id 2164) ~0 m away.  Lodging records are managed in the Hotel table; this duplicate destination row was deactivated (data kept for audit)."
1084,Rasmi Hotel And lodge,"Consolidation round 2026-09-21: duplicates Hotel record ""Rasmi Hotel And lodge"" (id 2163) ~0 m away.  Lodging records are managed in the Hotel table; this duplicate destination row was deactivated (data kept for audit)."
1083,Family Taas House And Guest House,"Consolidation round 2026-09-21: duplicates Hotel record ""Family Taas House And Guest House"" (id 2162) ~0 m away.  Lodging records are managed in the Hotel table; this duplicate destination row was deactivated (data kept for audit)."
1072,Tibet Peace Inn,"Consolidation round 2026-09-21: duplicates Hotel record ""Tibet Peace Inn"" (id 3279) ~0 m away.  Lodging records are managed in the Hotel table; this duplicate destination row was deactivated (data kept for audit)."
1066,Happiness,"Consolidation round 2026-09-21: duplicate of destination ""Happiness"" (id 980) ~129 m away.  Lodging records are managed in the Hotel table; this duplicate destination row was deactivated (data kept for audit)."
1060,LB Guest House,"Consolidation round 2026-09-21: duplicates Hotel record ""LB Guest House"" (id 2158) ~0 m away.  Lodging records are managed in the Hotel table; this duplicate destination row was deactivated (data kept for audit)."
1056,Chaudhary Hotel,"Consolidation round 2026-09-21: duplicates Hotel record ""Chaudhary Hotel"" (id 1739) ~0 m away.  Lodging records are managed in the Hotel table; this duplicate destination row was deactivated (data kept for audit)."
1054,Gaju Suite Hotel Pvt. Ltd.,"Consolidation round 2026-09-21: duplicates Hotel record ""Gaju Suite Hotel Pvt. Ltd."" (id 3270) ~0 m away.  Lodging records are managed in the Hotel table; this duplicate destination row was deactivated (data kept for audit)."
1052,Barahi Jungle Lodge,"Consolidation round 2026-09-21: duplicates Hotel record ""Barahi Jungle Lodge"" (id 1738) ~0 m away.  Lodging records are managed in the Hotel table; this duplicate destination row was deactivated (data kept for audit)."
1049,PunHill Guest House,"Consolidation round 2026-09-21: duplicates Hotel record ""PunHill Guest House"" (id 2156) ~0 m away.  Lodging records are managed in the Hotel table; this duplicate destination row was deactivated (data kept for audit)."
1046,Hotel Park,"Consolidation round 2026-09-21: duplicates Hotel record ""Hotel Park"" (id 2154) ~0 m away.  Lodging records are managed in the Hotel table; this duplicate destination row was deactivated (data kept for audit)."
1045,Hotel Nilkamal,"Consolidation round 2026-09-21: duplicates Hotel record ""Hotel Nilkamal"" (id 2153) ~0 m away.  Lodging records are managed in the Hotel table; this duplicate destination row was deactivated (data kept for audit)."
1031,Yeti Guest House,"Consolidation round 2026-09-21: duplicates Hotel record ""Yeti Guest House"" (id 2151) ~0 m away.  Lodging records are managed in the Hotel table; this duplicate destination row was deactivated (data kept for audit)."
1030,Hotel Vimal and Thakali Kitchen,"Consolidation round 2026-09-21: duplicates Hotel record ""Hotel Vimal and Thakali Kitchen"" (id 2150) ~0 m away.  Lodging records are managed in the Hotel table; this duplicate destination row was deactivated (data kept for audit)."
1028,Hotel Panas,"Consolidation round 2026-09-21: duplicates Hotel record ""Hotel Panas"" (id 2148) ~0 m away.  Lodging records are managed in the Hotel table; this duplicate destination row was deactivated (data kept for audit)."
1027,Hotel New Family & Restaurant,"Consolidation round 2026-09-21: duplicates Hotel record ""Hotel New Family & Restaurant"" (id 2147) ~0 m away.  Lodging records are managed in the Hotel table; this duplicate destination row was deactivated (data kept for audit)."
1018,Sangso Guesthouse,"Consolidation round 2026-09-21: duplicates Hotel record ""Sangso Guesthouse"" (id 4024) ~0 m away.  Lodging records are managed in the Hotel table; this duplicate destination row was deactivated (data kept for audit)."
1014,Trekker's Inn,"Consolidation round 2026-09-21: duplicates Hotel record ""Trekker's Inn"" (id 2145) ~0 m away.  Lodging records are managed in the Hotel table; this duplicate destination row was deactivated (data kept for audit)."
1013,Shanti Guest House,"Consolidation round 2026-09-21: duplicates Hotel record ""Shanti Guest House"" (id 2144) ~0 m away.  Lodging records are managed in the Hotel table; this duplicate destination row was deactivated (data kept for audit)."
1012,Royal Guesthouse,"Consolidation round 2026-09-21: duplicates Hotel record ""Royal Guest House"" (id 2404) ~5 m away.  Lodging records are managed in the Hotel table; this duplicate destination row was deactivated (data kept for audit)."
1011,Pacific Guest House,"Consolidation round 2026-09-21: duplicates Hotel record ""Pacific Guest House"" (id 2142) ~0 m away.  Lodging records are managed in the Hotel table; this duplicate destination row was deactivated (data kept for audit)."
1010,Hotel Holiday,"Consolidation round 2026-09-21: duplicates Hotel record ""Hotel Holiday"" (id 2141) ~0 m away.  Lodging records are managed in the Hotel table; this duplicate destination row was deactivated (data kept for audit)."
1009,Himalayan Inn,"Consolidation round 2026-09-21: duplicates Hotel record ""Himalayan Inn"" (id 2140) ~0 m away.  Lodging records are managed in the Hotel table; this duplicate destination row was deactivated (data kept for audit)."
1008,Glacier Hotel,"Consolidation round 2026-09-21: duplicates Hotel record ""Glacier Hotel"" (id 2139) ~0 m away.  Lodging records are managed in the Hotel table; this duplicate destination row was deactivated (data kept for audit)."
1007,Broadway Inn,"Consolidation round 2026-09-21: duplicates Hotel record ""Broadway Inn"" (id 2138) ~0 m away.  Lodging records are managed in the Hotel table; this duplicate destination row was deactivated (data kept for audit)."
1006,Hillside Paradise Lodge,"Consolidation round 2026-09-21: duplicates Hotel record ""Hillside Paradise Lodge"" (id 2137) ~0 m away.  Lodging records are managed in the Hotel table; this duplicate destination row was deactivated (data kept for audit)."
1005,Nisha Guesthouse,"Consolidation round 2026-09-21: duplicates Hotel record ""Nisha Guesthouse"" (id 2136) ~0 m away.  Lodging records are managed in the Hotel table; this duplicate destination row was deactivated (data kept for audit)."
1004,Lonely Planet Hotel,"Consolidation round 2026-09-21: duplicates Hotel record ""Lonely Planet Hotel"" (id 2135) ~0 m away.  Lodging records are managed in the Hotel table; this duplicate destination row was deactivated (data kept for audit)."
1003,Himal Lodge,"Consolidation round 2026-09-21: duplicates Hotel record ""Himal Lodge"" (id 3265) ~0 m away.  Lodging records are managed in the Hotel table; this duplicate destination row was deactivated (data kept for audit)."
1002,Sacred Valley Inn,"Consolidation round 2026-09-21: duplicates Hotel record ""Sacred Valley Inn"" (id 3264) ~0 m away.  Lodging records are managed in the Hotel table; this duplicate destination row was deactivated (data kept for audit)."
1000,Fuji Hotel,"Consolidation round 2026-09-21: duplicates Hotel record ""Fuji Hotel"" (id 3263) ~0 m away.  Lodging records are managed in the Hotel table; this duplicate destination row was deactivated (data kept for audit)."
991,Spontaneous camp,"Consolidation round 2026-09-21: duplicate of destination ""Spontaneous camp"" (id 990) ~164 m away.  Lodging records are managed in the Hotel table; this duplicate destination row was deactivated (data kept for audit)."
982,Kathmandu Beijing Hotel,"Consolidation round 2026-09-21: duplicates Hotel record ""Kathmandu Beijing Hotel"" (id 3257) ~0 m away.  Lodging records are managed in the Hotel table; this duplicate destination row was deactivated (data kept for audit)."
981,Dragon Guesthouse,"Consolidation round 2026-09-21: duplicates Hotel record ""Dragon Guesthouse"" (id 3256) ~0 m away.  Lodging records are managed in the Hotel table; this duplicate destination row was deactivated (data kept for audit)."
977,Mountain View Lodge & Restaurant,"Consolidation round 2026-09-21: duplicates Hotel record ""Mountain View Lodge & Restaurant"" (id 2134) ~0 m away.  Lodging records are managed in the Hotel table; this duplicate destination row was deactivated (data kept for audit)."
975,Sarangkot View Point Lodge,"Consolidation round 2026-09-21: duplicates Hotel record ""Sarangkot View Point Lodge"" (id 2132) ~0 m away.  Lodging records are managed in the Hotel table; this duplicate destination row was deactivated (data kept for audit)."
969,Lotus Guest house,"Consolidation round 2026-09-21: duplicates Hotel record ""Lotus Guest house"" (id 3249) ~0 m away.  Lodging records are managed in the Hotel table; this duplicate destination row was deactivated (data kept for audit)."
968,Shechen Guesthouse,"Consolidation round 2026-09-21: duplicates Hotel record ""Shechen Guesthouse"" (id 3248) ~0 m away.  Lodging records are managed in the Hotel table; this duplicate destination row was deactivated (data kept for audit)."
966,ROKPA Guest House,"Consolidation round 2026-09-21: duplicates Hotel record ""ROKPA Guest House"" (id 3247) ~0 m away.  Lodging records are managed in the Hotel table; this duplicate destination row was deactivated (data kept for audit)."
962,Hotel Pacific,"Consolidation round 2026-09-21: duplicates Hotel record ""Hotel Pacific"" (id 3244) ~0 m away.  Lodging records are managed in the Hotel table; this duplicate destination row was deactivated (data kept for audit)."
959,Namaste,"Consolidation round 2026-09-21: duplicate of destination ""Namaste"" (id 960) ~144 m away.  Lodging records are managed in the Hotel table; this duplicate destination row was deactivated (data kept for audit)."
953,Koohinoor Inn,"Consolidation round 2026-09-21: duplicates Hotel record ""Koohinoor Inn"" (id 3237) ~0 m away.  Lodging records are managed in the Hotel table; this duplicate destination row was deactivated (data kept for audit)."
950,Hotel Mountain,"Consolidation round 2026-09-21: duplicates Hotel record ""Hotel Mountain"" (id 3234) ~0 m away.  Lodging records are managed in the Hotel table; this duplicate destination row was deactivated (data kept for audit)."
949,View Point Guest House,"Consolidation round 2026-09-21: duplicates Hotel record ""View Point Guest House"" (id 2131) ~0 m away.  Lodging records are managed in the Hotel table; this duplicate destination row was deactivated (data kept for audit)."
947,Harry's Homestay & Korean Restaurant,"Consolidation round 2026-09-21: duplicates Hotel record ""Harry's Homestay & Korean Restaurant"" (id 2130) ~0 m away.  Lodging records are managed in the Hotel table; this duplicate destination row was deactivated (data kept for audit)."
935,The Happy Heart Hotel,"Consolidation round 2026-09-21: duplicates Hotel record ""The Happy Heart Hotel"" (id 2119) ~0 m away.  Lodging records are managed in the Hotel table; this duplicate destination row was deactivated (data kept for audit)."
934,Hotel President,"Consolidation round 2026-09-21: duplicates Hotel record ""Hotel President"" (id 2118) ~0 m away.  Lodging records are managed in the Hotel table; this duplicate destination row was deactivated (data kept for audit)."
933,Sunset Guest House,"Consolidation round 2026-09-21: duplicates Hotel record ""Sunset Guest House"" (id 2117) ~0 m away.  Lodging records are managed in the Hotel table; this duplicate destination row was deactivated (data kept for audit)."
929,Hotel Star Chitwan Pvt. Ltd.,"Consolidation round 2026-09-21: duplicates Hotel record ""Hotel Star Chitwan Pvt. Ltd."" (id 1736) ~0 m away.  Lodging records are managed in the Hotel table; this duplicate destination row was deactivated (data kept for audit)."
924,Haarlem Homestay,"Consolidation round 2026-09-21: duplicates Hotel record ""Haarlem Homestay"" (id 2116) ~0 m away.  Lodging records are managed in the Hotel table; this duplicate destination row was deactivated (data kept for audit)."
919,Secret Garden Guesthouse,"Consolidation round 2026-09-21: duplicates Hotel record ""Secret Garden Guesthouse"" (id 3232) ~0 m away.  Lodging records are managed in the Hotel table; this duplicate destination row was deactivated (data kept for audit)."
910,Laliguras hotel and guest house,"Consolidation round 2026-09-21: duplicates Hotel record ""Laliguras hotel and guest house"" (id 1734) ~0 m away.  Lodging records are managed in the Hotel table; this duplicate destination row was deactivated (data kept for audit)."
909,Hotel Royal Satanchuli,"Consolidation round 2026-09-21: duplicates Hotel record ""Hotel Royal Satanchuli"" (id 1733) ~0 m away.  Lodging records are managed in the Hotel table; this duplicate destination row was deactivated (data kept for audit)."
908,Galaxy Guest House,"Consolidation round 2026-09-21: duplicates Hotel record ""Galaxy Guest House"" (id 1732) ~0 m away.  Lodging records are managed in the Hotel table; this duplicate destination row was deactivated (data kept for audit)."
906,CMT Resort,"Consolidation round 2026-09-21: duplicates Hotel record ""CMT Resort"" (id 1731) ~0 m away.  Lodging records are managed in the Hotel table; this duplicate destination row was deactivated (data kept for audit)."
901,chaar tale hotel,"Consolidation round 2026-09-21: duplicates Hotel record ""chaar tale hotel"" (id 1726) ~0 m away.  Lodging records are managed in the Hotel table; this duplicate destination row was deactivated (data kept for audit)."
899,hotel ashoka,"Consolidation round 2026-09-21: duplicates Hotel record ""hotel ashoka"" (id 1724) ~0 m away.  Lodging records are managed in the Hotel table; this duplicate destination row was deactivated (data kept for audit)."
898,Hotel Sky,"Consolidation round 2026-09-21: duplicates Hotel record ""Hotel Sky"" (id 1723) ~0 m away.  Lodging records are managed in the Hotel table; this duplicate destination row was deactivated (data kept for audit)."
893,lama hotel,"Consolidation round 2026-09-21: duplicates Hotel record ""lama hotel"" (id 1719) ~0 m away.  Lodging records are managed in the Hotel table; this duplicate destination row was deactivated (data kept for audit)."
882,hotel tirupati,"Consolidation round 2026-09-21: duplicates Hotel record ""hotel tirupati"" (id 1717) ~0 m away.  Lodging records are managed in the Hotel table; this duplicate destination row was deactivated (data kept for audit)."
881,hotel satunchali,"Consolidation round 2026-09-21: duplicates Hotel record ""hotel satunchali"" (id 1716) ~0 m away.  Lodging records are managed in the Hotel table; this duplicate destination row was deactivated (data kept for audit)."
879,new gita hotel.com,"Consolidation round 2026-09-21: duplicates Hotel record ""new gita hotel.com"" (id 1714) ~0 m away.  Lodging records are managed in the Hotel table; this duplicate destination row was deactivated (data kept for audit)."
877,Hotel Muktinath,"Consolidation round 2026-09-21: duplicates Hotel record ""Hotel Muktinath"" (id 1712) ~0 m away.  Lodging records are managed in the Hotel table; this duplicate destination row was deactivated (data kept for audit)."
876,anamol hotel,"Consolidation round 2026-09-21: duplicates Hotel record ""anamol hotel"" (id 1711) ~0 m away.  Lodging records are managed in the Hotel table; this duplicate destination row was deactivated (data kept for audit)."
875,Hotel Mirchi,"Consolidation round 2026-09-21: duplicates Hotel record ""Hotel Mirchi"" (id 3226) ~0 m away.  Lodging records are managed in the Hotel table; this duplicate destination row was deactivated (data kept for audit)."
874,Donosti Lakeside Hotel,"Consolidation round 2026-09-21: duplicates Hotel record ""Donosti Lakeside Hotel"" (id 2115) ~0 m away.  Lodging records are managed in the Hotel table; this duplicate destination row was deactivated (data kept for audit)."
862,New Solitary Lodge,"Consolidation round 2026-09-21: duplicates Hotel record ""New Solitary Lodge"" (id 2113) ~0 m away.  Lodging records are managed in the Hotel table; this duplicate destination row was deactivated (data kept for audit)."
853,Mustang Holiday Inn,"Consolidation round 2026-09-21: duplicates Hotel record ""Mustang Holiday Inn"" (id 3224) ~0 m away.  Lodging records are managed in the Hotel table; this duplicate destination row was deactivated (data kept for audit)."
851,Throngla Hotel,"Consolidation round 2026-09-21: duplicates Hotel record ""Throngla Hotel"" (id 4022) ~0 m away.  Lodging records are managed in the Hotel table; this duplicate destination row was deactivated (data kept for audit)."
850,Rainbow Hotel,"Consolidation round 2026-09-21: duplicates Hotel record ""Rainbow Hotel"" (id 3936) ~0 m away.  Lodging records are managed in the Hotel table; this duplicate destination row was deactivated (data kept for audit)."
849,Rising Moon Guest House,"Consolidation round 2026-09-21: duplicates Hotel record ""Rising Moon Guest House"" (id 2111) ~0 m away.  Lodging records are managed in the Hotel table; this duplicate destination row was deactivated (data kept for audit)."
847,OYO 105 Hotel Travel Inn,"Consolidation round 2026-09-21: duplicates Hotel record ""OYO 105 Hotel Travel Inn"" (id 3223) ~0 m away.  Lodging records are managed in the Hotel table; this duplicate destination row was deactivated (data kept for audit)."
845,Thorong Base Camp Lodge,"Consolidation round 2026-09-21: duplicates Hotel record ""Thorong Base Camp Lodge"" (id 4021) ~0 m away.  Lodging records are managed in the Hotel table; this duplicate destination row was deactivated (data kept for audit)."
844,Hotel Marsyangdi,"Consolidation round 2026-09-21: duplicates Hotel record ""Hotel Marsyangdi"" (id 4020) ~0 m away.  Lodging records are managed in the Hotel table; this duplicate destination row was deactivated (data kept for audit)."
842,Dhading Laxmi Hotel,"Consolidation round 2026-09-21: duplicates Hotel record ""Dhading Laxmi Hotel"" (id 4019) ~0 m away.  Lodging records are managed in the Hotel table; this duplicate destination row was deactivated (data kept for audit)."
841,Eco Cottage Lodge,"Consolidation round 2026-09-21: duplicates Hotel record ""Eco Cottage Lodge"" (id 4018) ~0 m away.  Lodging records are managed in the Hotel table; this duplicate destination row was deactivated (data kept for audit)."
840,Airport Hotel,"Consolidation round 2026-09-21: duplicates Hotel record ""Airport Hotel"" (id 4017) ~0 m away.  Lodging records are managed in the Hotel table; this duplicate destination row was deactivated (data kept for audit)."
839,3 Sister Guesthouse,"Consolidation round 2026-09-21: duplicates Hotel record ""3 Sister Guesthouse"" (id 4016) ~0 m away.  Lodging records are managed in the Hotel table; this duplicate destination row was deactivated (data kept for audit)."
837,Peacefull Guest House,"Consolidation round 2026-09-21: duplicates Hotel record ""Peacefull Guest House"" (id 4014) ~0 m away.  Lodging records are managed in the Hotel table; this duplicate destination row was deactivated (data kept for audit)."
835,Hotel Manaslu,"Consolidation round 2026-09-21: duplicates Hotel record ""Hotel Manaslu"" (id 4012) ~0 m away.  Lodging records are managed in the Hotel table; this duplicate destination row was deactivated (data kept for audit)."
834,New Himalayan Guest House,"Consolidation round 2026-09-21: duplicates Hotel record ""New Himalayan Guest House"" (id 4011) ~0 m away.  Lodging records are managed in the Hotel table; this duplicate destination row was deactivated (data kept for audit)."
832,Motherland Hotel,"Consolidation round 2026-09-21: duplicates Hotel record ""Motherland Hotel"" (id 4009) ~0 m away.  Lodging records are managed in the Hotel table; this duplicate destination row was deactivated (data kept for audit)."
831,Marsyangdi Hotel,"Consolidation round 2026-09-21: duplicates Hotel record ""Marsyangdi Hotel"" (id 4008) ~0 m away.  Lodging records are managed in the Hotel table; this duplicate destination row was deactivated (data kept for audit)."
828,Hotel,"Consolidation round 2026-09-21: duplicates Hotel record ""Hotel"" (id 4005) ~0 m away.  Lodging records are managed in the Hotel table; this duplicate destination row was deactivated (data kept for audit)."
827,Hotel Kalka,"Consolidation round 2026-09-21: duplicates Hotel record ""Hotel Kalka"" (id 3935) ~0 m away.  Lodging records are managed in the Hotel table; this duplicate destination row was deactivated (data kept for audit)."
824,Dafne Hotel,"Consolidation round 2026-09-21: duplicates Hotel record ""Dafne Hotel"" (id 4003) ~0 m away.  Lodging records are managed in the Hotel table; this duplicate destination row was deactivated (data kept for audit)."
821,Mina Lodge,"Consolidation round 2026-09-21: duplicates Hotel record ""Mina Lodge"" (id 3931) ~0 m away.  Lodging records are managed in the Hotel table; this duplicate destination row was deactivated (data kept for audit)."
820,Kamal Lodge,"Consolidation round 2026-09-21: duplicates Hotel record ""Kamal Lodge"" (id 3930) ~0 m away.  Lodging records are managed in the Hotel table; this duplicate destination row was deactivated (data kept for audit)."
819,Hikers Lodge,"Consolidation round 2026-09-21: duplicates Hotel record ""Hikers Lodge"" (id 3929) ~0 m away.  Lodging records are managed in the Hotel table; this duplicate destination row was deactivated (data kept for audit)."
816,New United Hotel,"Consolidation round 2026-09-21: duplicates Hotel record ""New United Hotel"" (id 2110) ~0 m away.  Lodging records are managed in the Hotel table; this duplicate destination row was deactivated (data kept for audit)."
813,Hotel Green Park,"Consolidation round 2026-09-21: duplicates Hotel record ""Hotel Green Park"" (id 2108) ~0 m away.  Lodging records are managed in the Hotel table; this duplicate destination row was deactivated (data kept for audit)."
812,Riverside Springs Resort,"Consolidation round 2026-09-21: duplicates Hotel record ""Riverside Springs Resort"" (id 1709) ~0 m away.  Lodging records are managed in the Hotel table; this duplicate destination row was deactivated (data kept for audit)."
809,Hotel Annapurna,"Consolidation round 2026-09-21: duplicates Hotel record ""Hotel Annapurna"" (id 3928) ~0 m away.  Lodging records are managed in the Hotel table; this duplicate destination row was deactivated (data kept for audit)."
804,Hotel The Tukuche,"Consolidation round 2026-09-21: duplicates Hotel record ""Hotel The Tukuche"" (id 3927) ~0 m away.  Lodging records are managed in the Hotel table; this duplicate destination row was deactivated (data kept for audit)."
803,Hotel Jomsom,"Consolidation round 2026-09-21: duplicates Hotel record ""Hotel Jomsom"" (id 3926) ~0 m away.  Lodging records are managed in the Hotel table; this duplicate destination row was deactivated (data kept for audit)."
801,Hotel Unicorn,"Consolidation round 2026-09-21: duplicates Hotel record ""Hotel Unicorn"" (id 2106) ~0 m away.  Lodging records are managed in the Hotel table; this duplicate destination row was deactivated (data kept for audit)."
792,new purbanchal hotel and guest house,"Consolidation round 2026-09-21: duplicates Hotel record ""new purbanchal hotel and guest house"" (id 3217) ~0 m away.  Lodging records are managed in the Hotel table; this duplicate destination row was deactivated (data kept for audit)."
787,Travel Inn,"Consolidation round 2026-09-21: duplicates Hotel record ""Travel Inn"" (id 2104) ~0 m away.  Lodging records are managed in the Hotel table; this duplicate destination row was deactivated (data kept for audit)."
786,Lotus Inn,"Consolidation round 2026-09-21: duplicates Hotel record ""Lotus Inn"" (id 2103) ~0 m away.  Lodging records are managed in the Hotel table; this duplicate destination row was deactivated (data kept for audit)."
784,Baghmara Wildlife Resort,"Consolidation round 2026-09-21: duplicates Hotel record ""Baghmara Wildlife Resort"" (id 1708) ~0 m away.  Lodging records are managed in the Hotel table; this duplicate destination row was deactivated (data kept for audit)."
782,Hotel Double Tree Pokhara,"Consolidation round 2026-09-21: duplicates Hotel record ""Hotel Double Tree Pokhara"" (id 2101) ~0 m away.  Lodging records are managed in the Hotel table; this duplicate destination row was deactivated (data kept for audit)."
781,Hotel Harati,"Consolidation round 2026-09-21: duplicates Hotel record ""Hotel Harati"" (id 3215) ~0 m away.  Lodging records are managed in the Hotel table; this duplicate destination row was deactivated (data kept for audit)."
769,Milan Guest House,"Consolidation round 2026-09-21: duplicates Hotel record ""Milan Guest House"" (id 4963) ~0 m away.  Lodging records are managed in the Hotel table; this duplicate destination row was deactivated (data kept for audit)."
767,High Plains Inn,"Consolidation round 2026-09-21: duplicates Hotel record ""High Plains Inn"" (id 4166) ~0 m away.  Lodging records are managed in the Hotel table; this duplicate destination row was deactivated (data kept for audit)."
763,Eagle Nest Guest House,"Consolidation round 2026-09-21: duplicates Hotel record ""Eagle Nest Guest House"" (id 4165) ~0 m away.  Lodging records are managed in the Hotel table; this duplicate destination row was deactivated (data kept for audit)."
741,Yakawa Thorung Guesthouse,"Consolidation round 2026-09-21: duplicates Hotel record ""Yakawa Thorung Guesthouse"" (id 4002) ~0 m away.  Lodging records are managed in the Hotel table; this duplicate destination row was deactivated (data kept for audit)."
740,Himalyan Hotel,"Consolidation round 2026-09-21: duplicates Hotel record ""Himalyan Hotel"" (id 4001) ~0 m away.  Lodging records are managed in the Hotel table; this duplicate destination row was deactivated (data kept for audit)."
737,Puskar Hotel,"Consolidation round 2026-09-21: duplicates Hotel record ""Puskar Hotel"" (id 3214) ~0 m away.  Lodging records are managed in the Hotel table; this duplicate destination row was deactivated (data kept for audit)."
736,Hotel Churi Lattar,"Consolidation round 2026-09-21: duplicates Hotel record ""Hotel Churi Lattar"" (id 4000) ~0 m away.  Lodging records are managed in the Hotel table; this duplicate destination row was deactivated (data kept for audit)."
735,See You Lodge,"Consolidation round 2026-09-21: duplicates Hotel record ""See You Lodge"" (id 4164) ~0 m away.  Lodging records are managed in the Hotel table; this duplicate destination row was deactivated (data kept for audit)."
734,Hotel Mount Kailash,"Consolidation round 2026-09-21: duplicates Hotel record ""Hotel Mount Kailash"" (id 3999) ~0 m away.  Lodging records are managed in the Hotel table; this duplicate destination row was deactivated (data kept for audit)."
733,Paradise Guest House,"Consolidation round 2026-09-21: duplicates Hotel record ""Paradise Guest House"" (id 4163) ~0 m away.  Lodging records are managed in the Hotel table; this duplicate destination row was deactivated (data kept for audit)."
724,Hotel Tashi Dhelek,"Consolidation round 2026-09-21: duplicates Hotel record ""Hotel Tashi Dhelek"" (id 3213) ~0 m away.  Lodging records are managed in the Hotel table; this duplicate destination row was deactivated (data kept for audit)."
723,Kathmandu View Hotel,"Consolidation round 2026-09-21: duplicates Hotel record ""Kathmandu View Hotel"" (id 3212) ~0 m away.  Lodging records are managed in the Hotel table; this duplicate destination row was deactivated (data kept for audit)."
721,Vagabond Guest House,"Consolidation round 2026-09-21: duplicates Hotel record ""Vagabond Guest House"" (id 2100) ~0 m away.  Lodging records are managed in the Hotel table; this duplicate destination row was deactivated (data kept for audit)."
719,Saligram Apartment Hotel,"Consolidation round 2026-09-21: duplicates Hotel record ""Saligram Apartment Hotel"" (id 3860) ~0 m away.  Lodging records are managed in the Hotel table; this duplicate destination row was deactivated (data kept for audit)."
714,Gangapurna Hotel Lodge,"Consolidation round 2026-09-21: duplicates Hotel record ""Gangapurna Hotel Lodge"" (id 3997) ~0 m away.  Lodging records are managed in the Hotel table; this duplicate destination row was deactivated (data kept for audit)."
713,Yak Hotel,"Consolidation round 2026-09-21: duplicates Hotel record ""Yak Hotel"" (id 3996) ~0 m away.  Lodging records are managed in the Hotel table; this duplicate destination row was deactivated (data kept for audit)."
712,Hotel Red Planet,"Consolidation round 2026-09-21: duplicates Hotel record ""Hotel Red Planet"" (id 3211) ~0 m away.  Lodging records are managed in the Hotel table; this duplicate destination row was deactivated (data kept for audit)."
661,Trinity Guest House,"Consolidation round 2026-09-21: duplicates Hotel record ""Trinity Guest House"" (id 3858) ~0 m away.  Lodging records are managed in the Hotel table; this duplicate destination row was deactivated (data kept for audit)."
653,Nature's Grace Lodge,"Consolidation round 2026-09-21: duplicates Hotel record ""Nature's Grace Lodge"" (id 2099) ~0 m away.  Lodging records are managed in the Hotel table; this duplicate destination row was deactivated (data kept for audit)."
652,Peace Dragon Lodge,"Consolidation round 2026-09-21: duplicates Hotel record ""Peace Dragon Lodge"" (id 2098) ~0 m away.  Lodging records are managed in the Hotel table; this duplicate destination row was deactivated (data kept for audit)."
650,Global Hotel Reception,"Consolidation round 2026-09-21: duplicates Hotel record ""Global Hotel Reception"" (id 1707) ~0 m away.  Lodging records are managed in the Hotel table; this duplicate destination row was deactivated (data kept for audit)."
649,Hotel Friends Home,"Consolidation round 2026-09-21: duplicates Hotel record ""Hotel Friends Home"" (id 3210) ~0 m away.  Lodging records are managed in the Hotel table; this duplicate destination row was deactivated (data kept for audit)."
647,Hotel Holy Himalaya,"Consolidation round 2026-09-21: duplicates Hotel record ""Hotel Holy Himalaya"" (id 3209) ~0 m away.  Lodging records are managed in the Hotel table; this duplicate destination row was deactivated (data kept for audit)."
630,Butterfly Hotel,"Consolidation round 2026-09-21: duplicates Hotel record ""Butterfly Hotel"" (id 1706) ~0 m away.  Lodging records are managed in the Hotel table; this duplicate destination row was deactivated (data kept for audit)."
629,Jungle Resort Hotel,"Consolidation round 2026-09-21: duplicates Hotel record ""Jungle Resort Hotel"" (id 1705) ~0 m away.  Lodging records are managed in the Hotel table; this duplicate destination row was deactivated (data kept for audit)."
622,The Lakshmi Lodge,"Consolidation round 2026-09-21: duplicates Hotel record ""The Lakshmi Lodge"" (id 2095) ~0 m away.  Lodging records are managed in the Hotel table; this duplicate destination row was deactivated (data kept for audit)."
621,Srijana Guest House,"Consolidation round 2026-09-21: duplicates Hotel record ""Srijana Guest House"" (id 2094) ~0 m away.  Lodging records are managed in the Hotel table; this duplicate destination row was deactivated (data kept for audit)."
620,Shining River Guest House and Restaurant,"Consolidation round 2026-09-21: duplicates Hotel record ""Shining River Guest House and Restaurant"" (id 2093) ~0 m away.  Lodging records are managed in the Hotel table; this duplicate destination row was deactivated (data kept for audit)."
619,Riverside Lodge and Restaurant,"Consolidation round 2026-09-21: duplicates Hotel record ""Riverside Lodge and Restaurant"" (id 2092) ~0 m away.  Lodging records are managed in the Hotel table; this duplicate destination row was deactivated (data kept for audit)."
618,New River View Lodge and Restaurant,"Consolidation round 2026-09-21: duplicates Hotel record ""New River View Lodge and Restaurant"" (id 2091) ~0 m away.  Lodging records are managed in the Hotel table; this duplicate destination row was deactivated (data kept for audit)."
617,Namaste Guest House and Restaurant,"Consolidation round 2026-09-21: duplicates Hotel record ""Namaste Guest House and Restaurant"" (id 2090) ~0 m away.  Lodging records are managed in the Hotel table; this duplicate destination row was deactivated (data kept for audit)."
616,Moonlight Hotel,"Consolidation round 2026-09-21: duplicates Hotel record ""Moonlight Hotel"" (id 2089) ~0 m away.  Lodging records are managed in the Hotel table; this duplicate destination row was deactivated (data kept for audit)."
615,Kliu Guest House and Restaurant,"Consolidation round 2026-09-21: duplicates Hotel record ""Kliu Guest House and Restaurant"" (id 2088) ~0 m away.  Lodging records are managed in the Hotel table; this duplicate destination row was deactivated (data kept for audit)."
613,Kimche Guest House and Restaurant,"Consolidation round 2026-09-21: duplicates Hotel record ""Kimche Guest House and Restaurant"" (id 2086) ~0 m away.  Lodging records are managed in the Hotel table; this duplicate destination row was deactivated (data kept for audit)."
612,Hotel Mountain Lodge and Restaurant,"Consolidation round 2026-09-21: duplicates Hotel record ""Hotel Mountain Lodge and Restaurant"" (id 2085) ~0 m away.  Lodging records are managed in the Hotel table; this duplicate destination row was deactivated (data kept for audit)."
611,Hotel Everest Lodge and Restaurant,"Consolidation round 2026-09-21: duplicates Hotel record ""Hotel Everest Lodge and Restaurant"" (id 2084) ~0 m away.  Lodging records are managed in the Hotel table; this duplicate destination row was deactivated (data kept for audit)."
610,Green View Lodge and Restaurant,"Consolidation round 2026-09-21: duplicates Hotel record ""Green View Lodge and Restaurant"" (id 2083) ~0 m away.  Lodging records are managed in the Hotel table; this duplicate destination row was deactivated (data kept for audit)."
609,Fast Food Lodge and Restaurant,"Consolidation round 2026-09-21: duplicates Hotel record ""Fast Food Lodge and Restaurant"" (id 2082) ~0 m away.  Lodging records are managed in the Hotel table; this duplicate destination row was deactivated (data kept for audit)."
569,siraha lodge,"Consolidation round 2026-09-21: duplicates Hotel record ""siraha lodge"" (id 3207) ~0 m away.  Lodging records are managed in the Hotel table; this duplicate destination row was deactivated (data kept for audit)."
552,Monalisa Hotel,"Consolidation round 2026-09-21: duplicates Hotel record ""Monalisa Hotel"" (id 2081) ~0 m away.  Lodging records are managed in the Hotel table; this duplicate destination row was deactivated (data kept for audit)."
551,Jharana Hotel,"Consolidation round 2026-09-21: duplicates Hotel record ""Jharana Hotel"" (id 2080) ~0 m away.  Lodging records are managed in the Hotel table; this duplicate destination row was deactivated (data kept for audit)."
550,Hotel Nature Land,"Consolidation round 2026-09-21: duplicates Hotel record ""Hotel Nature Land"" (id 2079) ~0 m away.  Lodging records are managed in the Hotel table; this duplicate destination row was deactivated (data kept for audit)."
549,Hotel K.C.,"Consolidation round 2026-09-21: duplicates Hotel record ""Hotel K.C."" (id 2078) ~0 m away.  Lodging records are managed in the Hotel table; this duplicate destination row was deactivated (data kept for audit)."
548,Hotel Holiday Pokhara,"Consolidation round 2026-09-21: duplicates Hotel record ""Hotel Holiday Pokhara"" (id 2077) ~0 m away.  Lodging records are managed in the Hotel table; this duplicate destination row was deactivated (data kept for audit)."
546,NRB guest house,"Consolidation round 2026-09-21: duplicates Hotel record ""NRB guest house"" (id 2076) ~0 m away.  Lodging records are managed in the Hotel table; this duplicate destination row was deactivated (data kept for audit)."
545,Sangam Hotel,"Consolidation round 2026-09-21: duplicates Hotel record ""Sangam Hotel"" (id 2075) ~0 m away.  Lodging records are managed in the Hotel table; this duplicate destination row was deactivated (data kept for audit)."
542,Hotel Metropolitant Kantipur,"Consolidation round 2026-09-21: duplicates Hotel record ""Hotel Metropolitant Kantipur"" (id 3203) ~0 m away.  Lodging records are managed in the Hotel table; this duplicate destination row was deactivated (data kept for audit)."
540,International Guest House,"Consolidation round 2026-09-21: duplicates Hotel record ""International Guest House"" (id 3201) ~0 m away.  Lodging records are managed in the Hotel table; this duplicate destination row was deactivated (data kept for audit)."
539,Hotel River Holiday Inn,"Consolidation round 2026-09-21: duplicates Hotel record ""Hotel River Holiday Inn"" (id 3200) ~0 m away.  Lodging records are managed in the Hotel table; this duplicate destination row was deactivated (data kept for audit)."
538,Madhuban Guest House,"Consolidation round 2026-09-21: duplicates Hotel record ""Madhuban Guest House"" (id 3199) ~0 m away.  Lodging records are managed in the Hotel table; this duplicate destination row was deactivated (data kept for audit)."
535,Dream Garden Inn,"Consolidation round 2026-09-21: duplicates Hotel record ""Dream Garden Inn"" (id 3196) ~0 m away.  Lodging records are managed in the Hotel table; this duplicate destination row was deactivated (data kept for audit)."
531,Global Inn,"Consolidation round 2026-09-21: duplicates Hotel record ""Global Inn"" (id 2072) ~0 m away.  Lodging records are managed in the Hotel table; this duplicate destination row was deactivated (data kept for audit)."
524,Nomad Hotel,"Consolidation round 2026-09-21: duplicates Hotel record ""Nomad Hotel"" (id 3195) ~0 m away.  Lodging records are managed in the Hotel table; this duplicate destination row was deactivated (data kept for audit)."
518,Hong Xiang Hotel,"Consolidation round 2026-09-21: duplicates Hotel record ""Hong Xiang Hotel"" (id 3192) ~0 m away.  Lodging records are managed in the Hotel table; this duplicate destination row was deactivated (data kept for audit)."
511,Giant Hotel Pvt. Ltd.,"Consolidation round 2026-09-21: duplicates Hotel record ""Giant Hotel Pvt. Ltd."" (id 3190) ~0 m away.  Lodging records are managed in the Hotel table; this duplicate destination row was deactivated (data kept for audit)."
509,Lodge,"Consolidation round 2026-09-21: duplicates Hotel record ""Lodge"" (id 4161) ~0 m away.  Lodging records are managed in the Hotel table; this duplicate destination row was deactivated (data kept for audit)."
507,View Point Guest House and Sekuwa Corner,"Consolidation round 2026-09-21: duplicates Hotel record ""View Point Guest House and Sekuwa Corner"" (id 3189) ~0 m away.  Lodging records are managed in the Hotel table; this duplicate destination row was deactivated (data kept for audit)."
506,Himalaya Lodge,"Consolidation round 2026-09-21: duplicates Hotel record ""Himalaya Lodge"" (id 2071) ~0 m away.  Lodging records are managed in the Hotel table; this duplicate destination row was deactivated (data kept for audit)."
504,Sunset Manalu Lodge,"Consolidation round 2026-09-21: duplicates Hotel record ""Sunset Manalu Lodge"" (id 2070) ~0 m away.  Lodging records are managed in the Hotel table; this duplicate destination row was deactivated (data kept for audit)."
503,Blue Heaven Guesthouse,"Consolidation round 2026-09-21: duplicates Hotel record ""Blue Heaven Guesthouse"" (id 2069) ~0 m away.  Lodging records are managed in the Hotel table; this duplicate destination row was deactivated (data kept for audit)."
502,Mero Hotel Eco Home,"Consolidation round 2026-09-21: duplicates Hotel record ""Mero Hotel Eco Home"" (id 3188) ~0 m away.  Lodging records are managed in the Hotel table; this duplicate destination row was deactivated (data kept for audit)."
499,Hotel Lapha,"Consolidation round 2026-09-21: duplicates Hotel record ""Hotel Lapha"" (id 3186) ~0 m away.  Lodging records are managed in the Hotel table; this duplicate destination row was deactivated (data kept for audit)."
497,Pacific Guest House,"Consolidation round 2026-09-21: duplicates Hotel record ""Pacific Guest House"" (id 3185) ~0 m away.  Lodging records are managed in the Hotel table; this duplicate destination row was deactivated (data kept for audit)."
496,Hotel The Lord Asia,"Consolidation round 2026-09-21: duplicates Hotel record ""Hotel The Lord Asia"" (id 3184) ~0 m away.  Lodging records are managed in the Hotel table; this duplicate destination row was deactivated (data kept for audit)."
489,Hotel Encounter Nepal,"Consolidation round 2026-09-21: duplicates Hotel record ""Hotel Encounter Nepal"" (id 3182) ~0 m away.  Lodging records are managed in the Hotel table; this duplicate destination row was deactivated (data kept for audit)."
488,Ambassador Hotel,"Consolidation round 2026-09-21: duplicates Hotel record ""Ambassador Hotel"" (id 3181) ~0 m away.  Lodging records are managed in the Hotel table; this duplicate destination row was deactivated (data kept for audit)."
480,Hotel Red Rooster,"Consolidation round 2026-09-21: duplicates Hotel record ""Hotel Red Rooster"" (id 3850) ~0 m away.  Lodging records are managed in the Hotel table; this duplicate destination row was deactivated (data kept for audit)."
476,Lodge,"Consolidation round 2026-09-21: duplicate of destination ""Lodge"" (id 475) ~146 m away.  Lodging records are managed in the Hotel table; this duplicate destination row was deactivated (data kept for audit)."
454,Kailas Hotel,"Consolidation round 2026-09-21: duplicates Hotel record ""Kailas Hotel"" (id 4159) ~0 m away.  Lodging records are managed in the Hotel table; this duplicate destination row was deactivated (data kept for audit)."
449,Lo Ghami Guest House,"Consolidation round 2026-09-21: duplicates Hotel record ""Lo Ghami Guest House"" (id 4158) ~0 m away.  Lodging records are managed in the Hotel table; this duplicate destination row was deactivated (data kept for audit)."
448,Hotel Roayal Mustang,"Consolidation round 2026-09-21: duplicates Hotel record ""Hotel Roayal Mustang"" (id 4157) ~0 m away.  Lodging records are managed in the Hotel table; this duplicate destination row was deactivated (data kept for audit)."
439,Hotel Karnali,"Consolidation round 2026-09-21: duplicates Hotel record ""Hotel Karnali"" (id 3170) ~0 m away.  Lodging records are managed in the Hotel table; this duplicate destination row was deactivated (data kept for audit)."
437,Third world guest house,"Consolidation round 2026-09-21: duplicates Hotel record ""Third world guest house"" (id 3849) ~0 m away.  Lodging records are managed in the Hotel table; this duplicate destination row was deactivated (data kept for audit)."
436,Hotel Annapurna,"Consolidation round 2026-09-21: duplicates Hotel record ""Hotel Annapurna"" (id 4155) ~0 m away.  Lodging records are managed in the Hotel table; this duplicate destination row was deactivated (data kept for audit)."
435,Hotel Himali,"Consolidation round 2026-09-21: duplicates Hotel record ""Hotel Himali"" (id 4154) ~0 m away.  Lodging records are managed in the Hotel table; this duplicate destination row was deactivated (data kept for audit)."
430,Vibor Hotel,"Consolidation round 2026-09-21: duplicates Hotel record ""Vibor Hotel"" (id 3168) ~0 m away.  Lodging records are managed in the Hotel table; this duplicate destination row was deactivated (data kept for audit)."
418,Kharsang Guest House,"Consolidation round 2026-09-21: duplicates Hotel record ""Kharsang Guest House"" (id 3167) ~0 m away.  Lodging records are managed in the Hotel table; this duplicate destination row was deactivated (data kept for audit)."
417,Hotel Goodwill,"Consolidation round 2026-09-21: duplicates Hotel record ""Hotel Goodwill"" (id 3846) ~0 m away.  Lodging records are managed in the Hotel table; this duplicate destination row was deactivated (data kept for audit)."
415,Mount Manaslu Lodge,"Consolidation round 2026-09-21: duplicates Hotel record ""Mount Manaslu Lodge"" (id 1838) ~0 m away.  Lodging records are managed in the Hotel table; this duplicate destination row was deactivated (data kept for audit)."
409,Parena Guesthouse,"Consolidation round 2026-09-21: duplicates Hotel record ""Parena Guesthouse"" (id 2067) ~0 m away.  Lodging records are managed in the Hotel table; this duplicate destination row was deactivated (data kept for audit)."
408,Gautamas Cottage,"Consolidation round 2026-09-21: duplicates Hotel record ""Gautamas Cottage"" (id 2066) ~0 m away.  Lodging records are managed in the Hotel table; this duplicate destination row was deactivated (data kept for audit)."
407,Hotel 360,"Consolidation round 2026-09-21: duplicates Hotel record ""Hotel 360"" (id 2065) ~0 m away.  Lodging records are managed in the Hotel table; this duplicate destination row was deactivated (data kept for audit)."
406,Jhong View Top Guest House and Restaurant,"Consolidation round 2026-09-21: duplicates Hotel record ""Jhong View Top Guest House and Restaurant"" (id 4152) ~0 m away.  Lodging records are managed in the Hotel table; this duplicate destination row was deactivated (data kept for audit)."
405,Dhakpochhe Tashi-Ling Guesthouse,"Consolidation round 2026-09-21: duplicates Hotel record ""Dhakpochhe Tashi-Ling Guesthouse"" (id 4151) ~0 m away.  Lodging records are managed in the Hotel table; this duplicate destination row was deactivated (data kept for audit)."
404,Annapurna Lodge,"Consolidation round 2026-09-21: duplicates Hotel record ""Annapurna Lodge"" (id 4150) ~0 m away.  Lodging records are managed in the Hotel table; this duplicate destination row was deactivated (data kept for audit)."
402,Hotel Manasulu & Restaurant,"Consolidation round 2026-09-21: duplicates Hotel record ""Hotel Manasulu & Restaurant"" (id 3924) ~0 m away.  Lodging records are managed in the Hotel table; this duplicate destination row was deactivated (data kept for audit)."
400,Annapurna Hotel,"Consolidation round 2026-09-21: duplicates Hotel record ""Annapurna Hotel"" (id 3995) ~0 m away.  Lodging records are managed in the Hotel table; this duplicate destination row was deactivated (data kept for audit)."
398,Sinuwa Guesthouse,"Consolidation round 2026-09-21: duplicates Hotel record ""Sinuwa Guesthouse"" (id 2063) ~0 m away.  Lodging records are managed in the Hotel table; this duplicate destination row was deactivated (data kept for audit)."
397,Hill Top Lodge,"Consolidation round 2026-09-21: duplicates Hotel record ""Hill Top Lodge"" (id 2062) ~0 m away.  Lodging records are managed in the Hotel table; this duplicate destination row was deactivated (data kept for audit)."
396,Hotel Namaste and Restaurant,"Consolidation round 2026-09-21: duplicates Hotel record ""Hotel Namaste and Restaurant"" (id 2061) ~0 m away.  Lodging records are managed in the Hotel table; this duplicate destination row was deactivated (data kept for audit)."
395,Himalaya Guesthouse,"Consolidation round 2026-09-21: duplicates Hotel record ""Himalaya Guesthouse"" (id 2060) ~0 m away.  Lodging records are managed in the Hotel table; this duplicate destination row was deactivated (data kept for audit)."
393,New peaceful guest house,"Consolidation round 2026-09-21: duplicates Hotel record ""New peaceful guest house"" (id 2058) ~0 m away.  Lodging records are managed in the Hotel table; this duplicate destination row was deactivated (data kept for audit)."
368,Hotel Parkland,"Consolidation round 2026-09-21: duplicates Hotel record ""Hotel Parkland"" (id 1) ~45 m away.  Lodging records are managed in the Hotel table; this duplicate destination row was deactivated (data kept for audit)."
367,Eden Jungle Resort,"Consolidation round 2026-09-21: duplicates Hotel record ""Eden Jungle Resort"" (id 1702) ~0 m away.  Lodging records are managed in the Hotel table; this duplicate destination row was deactivated (data kept for audit)."
364,Kathmandu Peace Guest House;Tea & Souvenirs,"Consolidation round 2026-09-21: duplicates Hotel record ""Kathmandu Peace Guest House;Tea & Souvenirs"" (id 3166) ~0 m away.  Lodging records are managed in the Hotel table; this duplicate destination row was deactivated (data kept for audit)."
362,Dharma Hotel,"Consolidation round 2026-09-21: duplicates Hotel record ""Dharma Hotel"" (id 2052) ~0 m away.  Lodging records are managed in the Hotel table; this duplicate destination row was deactivated (data kept for audit)."
361,Lake City Hotel,"Consolidation round 2026-09-21: duplicates Hotel record ""Lake City Hotel"" (id 2051) ~0 m away.  Lodging records are managed in the Hotel table; this duplicate destination row was deactivated (data kept for audit)."
360,Chhetri Sisters Guesthouse,"Consolidation round 2026-09-21: duplicates Hotel record ""Chhetri Sisters Guesthouse"" (id 2050) ~0 m away.  Lodging records are managed in the Hotel table; this duplicate destination row was deactivated (data kept for audit)."
358,Prasanna Hotel,"Consolidation round 2026-09-21: duplicates Hotel record ""Prasanna Hotel"" (id 3994) ~0 m away.  Lodging records are managed in the Hotel table; this duplicate destination row was deactivated (data kept for audit)."
357,Hotel Royal Garden,"Consolidation round 2026-09-21: duplicates Hotel record ""Hotel Royal Garden"" (id 3993) ~0 m away.  Lodging records are managed in the Hotel table; this duplicate destination row was deactivated (data kept for audit)."
356,Namala Hotel,"Consolidation round 2026-09-21: duplicates Hotel record ""Namala Hotel"" (id 3992) ~0 m away.  Lodging records are managed in the Hotel table; this duplicate destination row was deactivated (data kept for audit)."
354,Tilicho Hotel,"Consolidation round 2026-09-21: duplicates Hotel record ""Tilicho Hotel"" (id 3991) ~0 m away.  Lodging records are managed in the Hotel table; this duplicate destination row was deactivated (data kept for audit)."
353,Mongolian Guesthouse,"Consolidation round 2026-09-21: duplicates Hotel record ""Mongolian Guesthouse"" (id 3923) ~0 m away.  Lodging records are managed in the Hotel table; this duplicate destination row was deactivated (data kept for audit)."
352,Sabina Guesthouse,"Consolidation round 2026-09-21: duplicates Hotel record ""Sabina Guesthouse"" (id 3922) ~0 m away.  Lodging records are managed in the Hotel table; this duplicate destination row was deactivated (data kept for audit)."
351,Boomerang Hotel,"Consolidation round 2026-09-21: duplicates Hotel record ""Boomerang Hotel"" (id 3921) ~0 m away.  Lodging records are managed in the Hotel table; this duplicate destination row was deactivated (data kept for audit)."
350,Hikers Guesthouse,"Consolidation round 2026-09-21: duplicates Hotel record ""Hikers Guesthouse"" (id 3920) ~0 m away.  Lodging records are managed in the Hotel table; this duplicate destination row was deactivated (data kept for audit)."
349,Manaslu Hotel,"Consolidation round 2026-09-21: duplicates Hotel record ""Manaslu Hotel"" (id 3990) ~0 m away.  Lodging records are managed in the Hotel table; this duplicate destination row was deactivated (data kept for audit)."
348,Tibet Hotel,"Consolidation round 2026-09-21: duplicates Hotel record ""Tibet Hotel"" (id 3989) ~0 m away.  Lodging records are managed in the Hotel table; this duplicate destination row was deactivated (data kept for audit)."
347,Hotel Manasulu View,"Consolidation round 2026-09-21: duplicates Hotel record ""Hotel Manasulu View"" (id 3988) ~0 m away.  Lodging records are managed in the Hotel table; this duplicate destination row was deactivated (data kept for audit)."
346,Munji Lodge & Bakery,"Consolidation round 2026-09-21: duplicates Hotel record ""Munji Lodge & Bakery"" (id 3987) ~0 m away.  Lodging records are managed in the Hotel table; this duplicate destination row was deactivated (data kept for audit)."
345,Yak & Yeti Hotel,"Consolidation round 2026-09-21: duplicates Hotel record ""Yak & Yeti Hotel"" (id 3986) ~0 m away.  Lodging records are managed in the Hotel table; this duplicate destination row was deactivated (data kept for audit)."
344,Yak Ru Hotel,"Consolidation round 2026-09-21: duplicates Hotel record ""Yak Ru Hotel"" (id 3985) ~0 m away.  Lodging records are managed in the Hotel table; this duplicate destination row was deactivated (data kept for audit)."
343,Gorkhali Hotel,"Consolidation round 2026-09-21: duplicates Hotel record ""Gorkhali Hotel"" (id 3984) ~0 m away.  Lodging records are managed in the Hotel table; this duplicate destination row was deactivated (data kept for audit)."
342,Himalaya Hotel,"Consolidation round 2026-09-21: duplicates Hotel record ""Himalaya Hotel"" (id 3983) ~0 m away.  Lodging records are managed in the Hotel table; this duplicate destination row was deactivated (data kept for audit)."
341,Hotel Windy Valley,"Consolidation round 2026-09-21: duplicates Hotel record ""Hotel Windy Valley"" (id 4148) ~0 m away.  Lodging records are managed in the Hotel table; this duplicate destination row was deactivated (data kept for audit)."
337,Hotel Jomsom View,"Consolidation round 2026-09-21: duplicates Hotel record ""Hotel Jomsom View"" (id 4147) ~0 m away.  Lodging records are managed in the Hotel table; this duplicate destination row was deactivated (data kept for audit)."
336,Hotel Mountain Breeze,"Consolidation round 2026-09-21: duplicates Hotel record ""Hotel Mountain Breeze"" (id 4146) ~0 m away.  Lodging records are managed in the Hotel table; this duplicate destination row was deactivated (data kept for audit)."
335,Hotel Mountain View,"Consolidation round 2026-09-21: duplicates Hotel record ""Hotel Mountain View"" (id 4145) ~0 m away.  Lodging records are managed in the Hotel table; this duplicate destination row was deactivated (data kept for audit)."
334,Hotel Sakura,"Consolidation round 2026-09-21: duplicates Hotel record ""Hotel Sakura"" (id 4144) ~0 m away.  Lodging records are managed in the Hotel table; this duplicate destination row was deactivated (data kept for audit)."
333,Hotel Dreamland,"Consolidation round 2026-09-21: duplicates Hotel record ""Hotel Dreamland"" (id 4143) ~0 m away.  Lodging records are managed in the Hotel table; this duplicate destination row was deactivated (data kept for audit)."
332,Hotel Tilicho,"Consolidation round 2026-09-21: duplicates Hotel record ""Hotel Tilicho"" (id 4142) ~0 m away.  Lodging records are managed in the Hotel table; this duplicate destination row was deactivated (data kept for audit)."
331,Hotel Airport Inn,"Consolidation round 2026-09-21: duplicates Hotel record ""Hotel Airport Inn"" (id 4141) ~0 m away.  Lodging records are managed in the Hotel table; this duplicate destination row was deactivated (data kept for audit)."
330,Hotel Snowland,"Consolidation round 2026-09-21: duplicates Hotel record ""Hotel Snowland"" (id 4140) ~0 m away.  Lodging records are managed in the Hotel table; this duplicate destination row was deactivated (data kept for audit)."
329,Kali Gandaki Guesthouse,"Consolidation round 2026-09-21: duplicates Hotel record ""Kali Gandaki Guesthouse"" (id 4139) ~0 m away.  Lodging records are managed in the Hotel table; this duplicate destination row was deactivated (data kept for audit)."
328,Hotel Majesty,"Consolidation round 2026-09-21: duplicates Hotel record ""Hotel Majesty"" (id 4138) ~0 m away.  Lodging records are managed in the Hotel table; this duplicate destination row was deactivated (data kept for audit)."
327,Hotel Lali Gurans,"Consolidation round 2026-09-21: duplicates Hotel record ""Hotel Lali Gurans"" (id 4137) ~0 m away.  Lodging records are managed in the Hotel table; this duplicate destination row was deactivated (data kept for audit)."
326,Hotel Mustang Monalisha,"Consolidation round 2026-09-21: duplicates Hotel record ""Hotel Mustang Monalisha"" (id 4136) ~0 m away.  Lodging records are managed in the Hotel table; this duplicate destination row was deactivated (data kept for audit)."
324,Trekkers Inn,"Consolidation round 2026-09-21: duplicates Hotel record ""Trekkers Inn"" (id 4135) ~0 m away.  Lodging records are managed in the Hotel table; this duplicate destination row was deactivated (data kept for audit)."
322,Jungle Sunset hotel,"Consolidation round 2026-09-21: duplicates Hotel record ""Jungle Sunset hotel"" (id 1701) ~0 m away.  Lodging records are managed in the Hotel table; this duplicate destination row was deactivated (data kept for audit)."
321,Sapana Lodge,"Consolidation round 2026-09-21: duplicates Hotel record ""Sapana Lodge"" (id 1700) ~0 m away.  Lodging records are managed in the Hotel table; this duplicate destination row was deactivated (data kept for audit)."
320,Tiger Tops Jungle Lodge,"Consolidation round 2026-09-21: duplicates Hotel record ""Tiger Tops Jungle Lodge"" (id 1699) ~0 m away.  Lodging records are managed in the Hotel table; this duplicate destination row was deactivated (data kept for audit)."
318,Butterfly Lodge,"Consolidation round 2026-09-21: duplicates Hotel record ""Butterfly Lodge"" (id 2049) ~0 m away.  Lodging records are managed in the Hotel table; this duplicate destination row was deactivated (data kept for audit)."
302,Hotel Yambu Kathmandu,"Consolidation round 2026-09-21: duplicates Hotel record ""Hotel Yambu Kathmandu"" (id 3164) ~0 m away.  Lodging records are managed in the Hotel table; this duplicate destination row was deactivated (data kept for audit)."
301,Hotel Gorkha Bisauni,"Consolidation round 2026-09-21: duplicates Hotel record ""Hotel Gorkha Bisauni"" (id 1837) ~0 m away.  Lodging records are managed in the Hotel table; this duplicate destination row was deactivated (data kept for audit)."
294,Radisson Hotel Kathmandu,"Consolidation round 2026-09-21: duplicates Hotel record ""Radisson Hotel Kathmandu"" (id 3163) ~0 m away.  Lodging records are managed in the Hotel table; this duplicate destination row was deactivated (data kept for audit)."
293,Binti Lodge & Restaurant,"Consolidation round 2026-09-21: duplicates Hotel record ""Binti Lodge & Restaurant"" (id 2048) ~0 m away.  Lodging records are managed in the Hotel table; this duplicate destination row was deactivated (data kept for audit)."
290,Anjuli Hotel & Restaurant,"Consolidation round 2026-09-21: duplicates Hotel record ""Anjuli Hotel & Restaurant"" (id 2047) ~0 m away.  Lodging records are managed in the Hotel table; this duplicate destination row was deactivated (data kept for audit)."
289,Green Valley Lodge and Restaurant,"Consolidation round 2026-09-21: duplicates Hotel record ""Green Valley Lodge and Restaurant"" (id 2046) ~0 m away.  Lodging records are managed in the Hotel table; this duplicate destination row was deactivated (data kept for audit)."
288,Bikash Guest House,"Consolidation round 2026-09-21: duplicates Hotel record ""Bikash Guest House"" (id 2045) ~0 m away.  Lodging records are managed in the Hotel table; this duplicate destination row was deactivated (data kept for audit)."
287,Everest Homestay,"Consolidation round 2026-09-21: duplicates Hotel record ""Everest Homestay"" (id 2044) ~0 m away.  Lodging records are managed in the Hotel table; this duplicate destination row was deactivated (data kept for audit)."
281,Hill Side Lodge,"Consolidation round 2026-09-21: duplicates Hotel record ""Hill Side Lodge"" (id 2043) ~0 m away.  Lodging records are managed in the Hotel table; this duplicate destination row was deactivated (data kept for audit)."
278,Mountain Discovery Lodge,"Consolidation round 2026-09-21: duplicates Hotel record ""Mountain Discovery Lodge"" (id 2040) ~0 m away.  Lodging records are managed in the Hotel table; this duplicate destination row was deactivated (data kept for audit)."
277,Gurung Co-Operative Guest House and Restaurant,"Consolidation round 2026-09-21: duplicates Hotel record ""Gurung Co-Operative Guest House and Restaurant"" (id 2039) ~0 m away.  Lodging records are managed in the Hotel table; this duplicate destination row was deactivated (data kept for audit)."
276,Shangrila Guest House and Restaurant,"Consolidation round 2026-09-21: duplicates Hotel record ""Shangrila Guest House and Restaurant"" (id 2038) ~0 m away.  Lodging records are managed in the Hotel table; this duplicate destination row was deactivated (data kept for audit)."
274,Hotel Himal,"Consolidation round 2026-09-21: duplicates Hotel record ""Hotel Himal"" (id 2037) ~0 m away.  Lodging records are managed in the Hotel table; this duplicate destination row was deactivated (data kept for audit)."
273,Nice View Lodge,"Consolidation round 2026-09-21: duplicates Hotel record ""Nice View Lodge"" (id 2036) ~0 m away.  Lodging records are managed in the Hotel table; this duplicate destination row was deactivated (data kept for audit)."
270,Begnas lodge and restaurant,"Consolidation round 2026-09-21: duplicates Hotel record ""Begnas lodge and restaurant"" (id 2034) ~0 m away.  Lodging records are managed in the Hotel table; this duplicate destination row was deactivated (data kept for audit)."
267,Gurung Hotel,"Consolidation round 2026-09-21: duplicates Hotel record ""Gurung Hotel"" (id 2031) ~0 m away.  Lodging records are managed in the Hotel table; this duplicate destination row was deactivated (data kept for audit)."
266,Hotel Nirvana,"Consolidation round 2026-09-21: duplicates Hotel record ""Hotel Nirvana"" (id 2030) ~0 m away.  Lodging records are managed in the Hotel table; this duplicate destination row was deactivated (data kept for audit)."
265,Manisha Hotel & Restaurant,"Consolidation round 2026-09-21: duplicates Hotel record ""Manisha Hotel & Restaurant"" (id 2029) ~0 m away.  Lodging records are managed in the Hotel table; this duplicate destination row was deactivated (data kept for audit)."
263,Hill Top Guest House,"Consolidation round 2026-09-21: duplicates Hotel record ""Hill Top Guest House"" (id 2028) ~0 m away.  Lodging records are managed in the Hotel table; this duplicate destination row was deactivated (data kept for audit)."
262,Guest House,"Consolidation round 2026-09-21: duplicates Hotel record ""Guest House"" (id 2027) ~0 m away.  Lodging records are managed in the Hotel table; this duplicate destination row was deactivated (data kept for audit)."
261,Shiva Lodge and Restaurant,"Consolidation round 2026-09-21: duplicates Hotel record ""Shiva Lodge and Restaurant"" (id 2026) ~0 m away.  Lodging records are managed in the Hotel table; this duplicate destination row was deactivated (data kept for audit)."
260,Sunita Guest House and Restaurant,"Consolidation round 2026-09-21: duplicates Hotel record ""Sunita Guest House and Restaurant"" (id 2025) ~0 m away.  Lodging records are managed in the Hotel table; this duplicate destination row was deactivated (data kept for audit)."
259,Sunrise Guest House,"Consolidation round 2026-09-21: duplicates Hotel record ""Sunrise Guest House"" (id 2024) ~0 m away.  Lodging records are managed in the Hotel table; this duplicate destination row was deactivated (data kept for audit)."
257,HOTEL ANNAPURNA ASHIRVAD,"Consolidation round 2026-09-21: duplicates Hotel record ""HOTEL ANNAPURNA ASHIRVAD"" (id 2023) ~0 m away.  Lodging records are managed in the Hotel table; this duplicate destination row was deactivated (data kept for audit)."
256,Hotel Machhapuchhre,"Consolidation round 2026-09-21: duplicates Hotel record ""Hotel Machhapuchhre"" (id 2022) ~0 m away.  Lodging records are managed in the Hotel table; this duplicate destination row was deactivated (data kept for audit)."
255,Peace and Love Hotel,"Consolidation round 2026-09-21: duplicates Hotel record ""Peace and Love Hotel"" (id 3919) ~0 m away.  Lodging records are managed in the Hotel table; this duplicate destination row was deactivated (data kept for audit)."
252,Viewpoint Hotel,"Consolidation round 2026-09-21: duplicates Hotel record ""Viewpoint Hotel"" (id 2019) ~0 m away.  Lodging records are managed in the Hotel table; this duplicate destination row was deactivated (data kept for audit)."
251,Sacred Valley Inn,"Consolidation round 2026-09-21: duplicates Hotel record ""Sacred Valley Inn"" (id 2018) ~0 m away.  Lodging records are managed in the Hotel table; this duplicate destination row was deactivated (data kept for audit)."
249,Giri Guesthouse,"Consolidation round 2026-09-21: duplicates Hotel record ""Giri Guesthouse"" (id 2016) ~0 m away.  Lodging records are managed in the Hotel table; this duplicate destination row was deactivated (data kept for audit)."
248,Mums Garden Resort,"Consolidation round 2026-09-21: duplicates Hotel record ""Mums Garden Resort"" (id 2015) ~0 m away.  Lodging records are managed in the Hotel table; this duplicate destination row was deactivated (data kept for audit)."
246,Northfield Hotel,"Consolidation round 2026-09-21: duplicates Hotel record ""Northfield Hotel"" (id 3162) ~0 m away.  Lodging records are managed in the Hotel table; this duplicate destination row was deactivated (data kept for audit)."
244,Acme Guest House,"Consolidation round 2026-09-21: duplicates Hotel record ""Acme Guest House"" (id 3160) ~0 m away.  Lodging records are managed in the Hotel table; this duplicate destination row was deactivated (data kept for audit)."
243,Holy Lodge,"Consolidation round 2026-09-21: duplicates Hotel record ""Holy Lodge"" (id 3159) ~0 m away.  Lodging records are managed in the Hotel table; this duplicate destination row was deactivated (data kept for audit)."
239,Hotel Norbulinka,"Consolidation round 2026-09-21: duplicates Hotel record ""Hotel Norbulinka"" (id 3155) ~0 m away.  Lodging records are managed in the Hotel table; this duplicate destination row was deactivated (data kept for audit)."
238,Kathmandu Aagantuk Hotel,"Consolidation round 2026-09-21: duplicates Hotel record ""Kathmandu Aagantuk Hotel"" (id 3154) ~0 m away.  Lodging records are managed in the Hotel table; this duplicate destination row was deactivated (data kept for audit)."
237,Hotel Dolphin,"Consolidation round 2026-09-21: duplicates Hotel record ""Hotel Dolphin"" (id 3153) ~0 m away.  Lodging records are managed in the Hotel table; this duplicate destination row was deactivated (data kept for audit)."
236,Samsara Resort,"Consolidation round 2026-09-21: duplicates Hotel record ""Samsara Resort"" (id 3152) ~0 m away.  Lodging records are managed in the Hotel table; this duplicate destination row was deactivated (data kept for audit)."
231,Hotel Elite,"Consolidation round 2026-09-21: duplicates Hotel record ""Hotel Elite"" (id 3147) ~0 m away.  Lodging records are managed in the Hotel table; this duplicate destination row was deactivated (data kept for audit)."
229,Norling Guesthouse,"Consolidation round 2026-09-21: duplicates Hotel record ""Norling Guesthouse"" (id 3145) ~0 m away.  Lodging records are managed in the Hotel table; this duplicate destination row was deactivated (data kept for audit)."
224,Hotel Blue Diamond,"Consolidation round 2026-09-21: duplicates Hotel record ""Hotel Blue Diamond"" (id 3140) ~0 m away.  Lodging records are managed in the Hotel table; this duplicate destination row was deactivated (data kept for audit)."
215,Excelsior Hotel,"Consolidation round 2026-09-21: duplicates Hotel record ""Excelsior Hotel"" (id 3131) ~0 m away.  Lodging records are managed in the Hotel table; this duplicate destination row was deactivated (data kept for audit)."
207,Safari Adventure Lodge,"Consolidation round 2026-09-21: duplicates Hotel record ""Safari Adventure Lodge"" (id 1698) ~0 m away.  Lodging records are managed in the Hotel table; this duplicate destination row was deactivated (data kept for audit)."
206,Lodge,"Consolidation round 2026-09-21: duplicates Hotel record ""Lodge"" (id 1697) ~0 m away.  Lodging records are managed in the Hotel table; this duplicate destination row was deactivated (data kept for audit)."
201,Lake View Lodge,"Consolidation round 2026-09-21: duplicates Hotel record ""Lake View Lodge"" (id 2014) ~0 m away.  Lodging records are managed in the Hotel table; this duplicate destination row was deactivated (data kept for audit)."
200,View Top Lodge and Restaurant,"Consolidation round 2026-09-21: duplicates Hotel record ""View Top Lodge and Restaurant"" (id 2013) ~0 m away.  Lodging records are managed in the Hotel table; this duplicate destination row was deactivated (data kept for audit)."
193,Green Park Resort,"Consolidation round 2026-09-21: duplicates Hotel record ""Green Park Resort"" (id 4961) ~0 m away.  Lodging records are managed in the Hotel table; this duplicate destination row was deactivated (data kept for audit)."
190,Khadgami Guest House,"Consolidation round 2026-09-21: duplicates Hotel record ""Khadgami Guest House"" (id 4960) ~0 m away.  Lodging records are managed in the Hotel table; this duplicate destination row was deactivated (data kept for audit)."
189,Hill Top Hotel,"Consolidation round 2026-09-21: duplicates Hotel record ""Hill Top Hotel"" (id 2012) ~0 m away.  Lodging records are managed in the Hotel table; this duplicate destination row was deactivated (data kept for audit)."
187,Hotel Annapurna lake view,"Consolidation round 2026-09-21: duplicates Hotel record ""Hotel Annapurna lake view"" (id 2010) ~0 m away.  Lodging records are managed in the Hotel table; this duplicate destination row was deactivated (data kept for audit)."
186,Prakash Guesthouse,"Consolidation round 2026-09-21: duplicates Hotel record ""Prakash Guesthouse"" (id 2009) ~0 m away.  Lodging records are managed in the Hotel table; this duplicate destination row was deactivated (data kept for audit)."
182,Hotel Tilche,"Consolidation round 2026-09-21: duplicates Hotel record ""Hotel Tilche"" (id 3982) ~0 m away.  Lodging records are managed in the Hotel table; this duplicate destination row was deactivated (data kept for audit)."
180,Jungle Lodge Hotel,"Consolidation round 2026-09-21: duplicates Hotel record ""Jungle Lodge Hotel"" (id 1696) ~0 m away.  Lodging records are managed in the Hotel table; this duplicate destination row was deactivated (data kept for audit)."
179,Paradise Hotel,"Consolidation round 2026-09-21: duplicates Hotel record ""Paradise Hotel"" (id 1695) ~0 m away.  Lodging records are managed in the Hotel table; this duplicate destination row was deactivated (data kept for audit)."
178,Elephant Safari Resort,"Consolidation round 2026-09-21: duplicates Hotel record ""Elephant Safari Resort"" (id 1694) ~0 m away.  Lodging records are managed in the Hotel table; this duplicate destination row was deactivated (data kept for audit)."
176,Chitwan Resort and Camp,"Consolidation round 2026-09-21: duplicates Hotel record ""Chitwan Resort and Camp"" (id 1693) ~0 m away.  Lodging records are managed in the Hotel table; this duplicate destination row was deactivated (data kept for audit)."
174,Jungle Safari Lodge,"Consolidation round 2026-09-21: duplicates Hotel record ""Jungle Safari Lodge"" (id 1691) ~0 m away.  Lodging records are managed in the Hotel table; this duplicate destination row was deactivated (data kept for audit)."
173,Rhino Lodge,"Consolidation round 2026-09-21: duplicates Hotel record ""Rhino Lodge"" (id 1690) ~0 m away.  Lodging records are managed in the Hotel table; this duplicate destination row was deactivated (data kept for audit)."
172,Royal Park Hotel,"Consolidation round 2026-09-21: duplicates Hotel record ""Royal Park Hotel"" (id 1689) ~0 m away.  Lodging records are managed in the Hotel table; this duplicate destination row was deactivated (data kept for audit)."
171,Hotel Riverside,"Consolidation round 2026-09-21: duplicates Hotel record ""Hotel Riverside"" (id 1688) ~0 m away.  Lodging records are managed in the Hotel table; this duplicate destination row was deactivated (data kept for audit)."
170,Hotel Nature Heritage,"Consolidation round 2026-09-21: duplicates Hotel record ""Hotel Nature Heritage"" (id 1687) ~0 m away.  Lodging records are managed in the Hotel table; this duplicate destination row was deactivated (data kept for audit)."
169,Hambro Hotel,"Consolidation round 2026-09-21: duplicates Hotel record ""Hambro Hotel"" (id 1686) ~0 m away.  Lodging records are managed in the Hotel table; this duplicate destination row was deactivated (data kept for audit)."
168,Wendy's Lodge,"Consolidation round 2026-09-21: duplicates Hotel record ""Wendy's Lodge"" (id 1685) ~0 m away.  Lodging records are managed in the Hotel table; this duplicate destination row was deactivated (data kept for audit)."
167,Chitwan Forest Resort,"Consolidation round 2026-09-21: duplicates Hotel record ""Chitwan Forest Resort"" (id 200) ~115 m away.  Lodging records are managed in the Hotel table; this duplicate destination row was deactivated (data kept for audit)."
163,Green View Lodge,"Consolidation round 2026-09-21: duplicates Hotel record ""Green View Lodge"" (id 2008) ~0 m away.  Lodging records are managed in the Hotel table; this duplicate destination row was deactivated (data kept for audit)."
161,National Lodge,"Consolidation round 2026-09-21: duplicates Hotel record ""National Lodge"" (id 4133) ~0 m away.  Lodging records are managed in the Hotel table; this duplicate destination row was deactivated (data kept for audit)."
159,River Side Lodge,"Consolidation round 2026-09-21: duplicates Hotel record ""River Side Lodge"" (id 4132) ~0 m away.  Lodging records are managed in the Hotel table; this duplicate destination row was deactivated (data kept for audit)."
157,Potala Guesthouse,"Consolidation round 2026-09-21: duplicates Hotel record ""Potala Guesthouse"" (id 3130) ~0 m away.  Lodging records are managed in the Hotel table; this duplicate destination row was deactivated (data kept for audit)."
156,Panaroma Point Lodge,"Consolidation round 2026-09-21: duplicates Hotel record ""Panaroma Point Lodge"" (id 2007) ~0 m away.  Lodging records are managed in the Hotel table; this duplicate destination row was deactivated (data kept for audit)."
155,Green Land Hotel,"Consolidation round 2026-09-21: duplicates Hotel record ""Green Land Hotel"" (id 2006) ~0 m away.  Lodging records are managed in the Hotel table; this duplicate destination row was deactivated (data kept for audit)."
154,Yama Sakura Guesthouse,"Consolidation round 2026-09-21: duplicates Hotel record ""Yama Sakura Guesthouse"" (id 2005) ~0 m away.  Lodging records are managed in the Hotel table; this duplicate destination row was deactivated (data kept for audit)."
153,New Excellent View Guesthouse,"Consolidation round 2026-09-21: duplicates Hotel record ""New Excellent View Guesthouse"" (id 2004) ~0 m away.  Lodging records are managed in the Hotel table; this duplicate destination row was deactivated (data kept for audit)."
152,Nice View Guest House,"Consolidation round 2026-09-21: duplicates Hotel record ""Nice View Guest House"" (id 2003) ~0 m away.  Lodging records are managed in the Hotel table; this duplicate destination row was deactivated (data kept for audit)."
151,Dhaulagiri View Hotel,"Consolidation round 2026-09-21: duplicates Hotel record ""Dhaulagiri View Hotel"" (id 2002) ~0 m away.  Lodging records are managed in the Hotel table; this duplicate destination row was deactivated (data kept for audit)."
150,Paradise Hotel,"Consolidation round 2026-09-21: duplicates Hotel record ""Paradise Hotel"" (id 2001) ~0 m away.  Lodging records are managed in the Hotel table; this duplicate destination row was deactivated (data kept for audit)."
149,Archana Guesthouse & Restaurant,"Consolidation round 2026-09-21: duplicates Hotel record ""Archana Guesthouse & Restaurant"" (id 2000) ~0 m away.  Lodging records are managed in the Hotel table; this duplicate destination row was deactivated (data kept for audit)."
148,Sundar Guesthouse,"Consolidation round 2026-09-21: duplicates Hotel record ""Sundar Guesthouse"" (id 1999) ~0 m away.  Lodging records are managed in the Hotel table; this duplicate destination row was deactivated (data kept for audit)."
147,Hita Guesthouse Restaurant,"Consolidation round 2026-09-21: duplicates Hotel record ""Hita Guesthouse Restaurant"" (id 1998) ~0 m away.  Lodging records are managed in the Hotel table; this duplicate destination row was deactivated (data kept for audit)."
146,Sunlight Guesthouse & Restaurant,"Consolidation round 2026-09-21: duplicates Hotel record ""Sunlight Guesthouse & Restaurant"" (id 1997) ~0 m away.  Lodging records are managed in the Hotel table; this duplicate destination row was deactivated (data kept for audit)."
145,Excellent View Guesthouse & Restaurant,"Consolidation round 2026-09-21: duplicates Hotel record ""Excellent View Guesthouse & Restaurant"" (id 1996) ~0 m away.  Lodging records are managed in the Hotel table; this duplicate destination row was deactivated (data kept for audit)."
144,Sapna Lodge,"Consolidation round 2026-09-21: duplicates Hotel record ""Sapna Lodge"" (id 1995) ~0 m away.  Lodging records are managed in the Hotel table; this duplicate destination row was deactivated (data kept for audit)."
143,Ram Lodge,"Consolidation round 2026-09-21: duplicates Hotel record ""Ram Lodge"" (id 1994) ~0 m away.  Lodging records are managed in the Hotel table; this duplicate destination row was deactivated (data kept for audit)."
142,Tolka Guesthouse,"Consolidation round 2026-09-21: duplicates Hotel record ""Tolka Guesthouse"" (id 1993) ~0 m away.  Lodging records are managed in the Hotel table; this duplicate destination row was deactivated (data kept for audit)."
141,Hira Lodge,"Consolidation round 2026-09-21: duplicates Hotel record ""Hira Lodge"" (id 1992) ~0 m away.  Lodging records are managed in the Hotel table; this duplicate destination row was deactivated (data kept for audit)."
140,Sunny Guesthouse,"Consolidation round 2026-09-21: duplicates Hotel record ""Sunny Guesthouse"" (id 1991) ~0 m away.  Lodging records are managed in the Hotel table; this duplicate destination row was deactivated (data kept for audit)."
139,International Guesthouse,"Consolidation round 2026-09-21: duplicates Hotel record ""International Guesthouse"" (id 1990) ~0 m away.  Lodging records are managed in the Hotel table; this duplicate destination row was deactivated (data kept for audit)."
138,Super View Guesthouse,"Consolidation round 2026-09-21: duplicates Hotel record ""Super View Guesthouse"" (id 1989) ~0 m away.  Lodging records are managed in the Hotel table; this duplicate destination row was deactivated (data kept for audit)."
137,Paradise Guesthouse,"Consolidation round 2026-09-21: duplicates Hotel record ""Paradise Guesthouse"" (id 1988) ~0 m away.  Lodging records are managed in the Hotel table; this duplicate destination row was deactivated (data kept for audit)."
136,Bee Hive Guesthouse,"Consolidation round 2026-09-21: duplicates Hotel record ""Bee Hive Guesthouse"" (id 1987) ~0 m away.  Lodging records are managed in the Hotel table; this duplicate destination row was deactivated (data kept for audit)."
135,Bright Guesthouse,"Consolidation round 2026-09-21: duplicates Hotel record ""Bright Guesthouse"" (id 1986) ~0 m away.  Lodging records are managed in the Hotel table; this duplicate destination row was deactivated (data kept for audit)."
134,Manisha Hotel,"Consolidation round 2026-09-21: duplicates Hotel record ""Manisha Hotel"" (id 1985) ~0 m away.  Lodging records are managed in the Hotel table; this duplicate destination row was deactivated (data kept for audit)."
133,Peaceful Lodge,"Consolidation round 2026-09-21: duplicates Hotel record ""Peaceful Lodge"" (id 1984) ~0 m away.  Lodging records are managed in the Hotel table; this duplicate destination row was deactivated (data kept for audit)."
132,Sunrise Guesthouse,"Consolidation round 2026-09-21: duplicates Hotel record ""Sunrise Guesthouse"" (id 1983) ~0 m away.  Lodging records are managed in the Hotel table; this duplicate destination row was deactivated (data kept for audit)."
130,Chandra Guesthouse,"Consolidation round 2026-09-21: duplicates Hotel record ""Chandra Guesthouse"" (id 1982) ~0 m away.  Lodging records are managed in the Hotel table; this duplicate destination row was deactivated (data kept for audit)."
129,Kamala Guesthouse,"Consolidation round 2026-09-21: duplicates Hotel record ""Kamala Guesthouse"" (id 1981) ~0 m away.  Lodging records are managed in the Hotel table; this duplicate destination row was deactivated (data kept for audit)."
128,Dipak Guesthouse,"Consolidation round 2026-09-21: duplicates Hotel record ""Dipak Guesthouse"" (id 1980) ~0 m away.  Lodging records are managed in the Hotel table; this duplicate destination row was deactivated (data kept for audit)."
127,Laxmi Lodge,"Consolidation round 2026-09-21: duplicates Hotel record ""Laxmi Lodge"" (id 1979) ~0 m away.  Lodging records are managed in the Hotel table; this duplicate destination row was deactivated (data kept for audit)."
126,Sushma Guesthouse,"Consolidation round 2026-09-21: duplicates Hotel record ""Sushma Guesthouse"" (id 1978) ~0 m away.  Lodging records are managed in the Hotel table; this duplicate destination row was deactivated (data kept for audit)."
125,See You Lodge,"Consolidation round 2026-09-21: duplicates Hotel record ""See You Lodge"" (id 1977) ~0 m away.  Lodging records are managed in the Hotel table; this duplicate destination row was deactivated (data kept for audit)."
124,Mamta Guesthouse,"Consolidation round 2026-09-21: duplicates Hotel record ""Mamta Guesthouse"" (id 1976) ~0 m away.  Lodging records are managed in the Hotel table; this duplicate destination row was deactivated (data kept for audit)."
123,Anjana Lodge,"Consolidation round 2026-09-21: duplicates Hotel record ""Anjana Lodge"" (id 1975) ~0 m away.  Lodging records are managed in the Hotel table; this duplicate destination row was deactivated (data kept for audit)."
122,Mountain Lodge,"Consolidation round 2026-09-21: duplicates Hotel record ""Mountain Lodge"" (id 1974) ~0 m away.  Lodging records are managed in the Hotel table; this duplicate destination row was deactivated (data kept for audit)."
121,Mira Lodge,"Consolidation round 2026-09-21: duplicates Hotel record ""Mira Lodge"" (id 1973) ~0 m away.  Lodging records are managed in the Hotel table; this duplicate destination row was deactivated (data kept for audit)."
120,Evergreen Lodge,"Consolidation round 2026-09-21: duplicates Hotel record ""Evergreen Lodge"" (id 1972) ~0 m away.  Lodging records are managed in the Hotel table; this duplicate destination row was deactivated (data kept for audit)."
119,Hotel Sunrise,"Consolidation round 2026-09-21: duplicates Hotel record ""Hotel Sunrise"" (id 1971) ~0 m away.  Lodging records are managed in the Hotel table; this duplicate destination row was deactivated (data kept for audit)."
118,K2 Hotel,"Consolidation round 2026-09-21: duplicates Hotel record ""K2 Hotel"" (id 1970) ~0 m away.  Lodging records are managed in the Hotel table; this duplicate destination row was deactivated (data kept for audit)."
117,New Pokhara Lodge,"Consolidation round 2026-09-21: duplicates Hotel record ""New Pokhara Lodge"" (id 1969) ~0 m away.  Lodging records are managed in the Hotel table; this duplicate destination row was deactivated (data kept for audit)."
116,Summit Guesthouse,"Consolidation round 2026-09-21: duplicates Hotel record ""Summit Guesthouse"" (id 1968) ~0 m away.  Lodging records are managed in the Hotel table; this duplicate destination row was deactivated (data kept for audit)."
115,Gurkha Lodge,"Consolidation round 2026-09-21: duplicates Hotel record ""Gurkha Lodge"" (id 1967) ~0 m away.  Lodging records are managed in the Hotel table; this duplicate destination row was deactivated (data kept for audit)."
114,Fujihana Guest House,"Consolidation round 2026-09-21: duplicates Hotel record ""Fujihana Guest House"" (id 1966) ~0 m away.  Lodging records are managed in the Hotel table; this duplicate destination row was deactivated (data kept for audit)."
113,Lonely Guest House,"Consolidation round 2026-09-21: duplicates Hotel record ""Lonely Guest House"" (id 1965) ~0 m away.  Lodging records are managed in the Hotel table; this duplicate destination row was deactivated (data kept for audit)."
112,Buddha Hotel,"Consolidation round 2026-09-21: duplicates Hotel record ""Buddha Hotel"" (id 1964) ~0 m away.  Lodging records are managed in the Hotel table; this duplicate destination row was deactivated (data kept for audit)."
111,Millennium Guesthouse,"Consolidation round 2026-09-21: duplicates Hotel record ""Millennium Guesthouse"" (id 1963) ~0 m away.  Lodging records are managed in the Hotel table; this duplicate destination row was deactivated (data kept for audit)."
110,Nepal Hotel,"Consolidation round 2026-09-21: duplicates Hotel record ""Nepal Hotel"" (id 1962) ~0 m away.  Lodging records are managed in the Hotel table; this duplicate destination row was deactivated (data kept for audit)."
109,Peace Plaza Hotel,"Consolidation round 2026-09-21: duplicates Hotel record ""Peace Plaza Hotel"" (id 1961) ~0 m away.  Lodging records are managed in the Hotel table; this duplicate destination row was deactivated (data kept for audit)."
108,Plaza Annapurna Hotel,"Consolidation round 2026-09-21: duplicates Hotel record ""Plaza Annapurna Hotel"" (id 1960) ~0 m away.  Lodging records are managed in the Hotel table; this duplicate destination row was deactivated (data kept for audit)."
107,Crown Hotel,"Consolidation round 2026-09-21: duplicates Hotel record ""Crown Hotel"" (id 1959) ~0 m away.  Lodging records are managed in the Hotel table; this duplicate destination row was deactivated (data kept for audit)."
106,Laxmi Guesthouse,"Consolidation round 2026-09-21: duplicates Hotel record ""Laxmi Guesthouse"" (id 1958) ~0 m away.  Lodging records are managed in the Hotel table; this duplicate destination row was deactivated (data kept for audit)."
105,Be Happy Guesthouse,"Consolidation round 2026-09-21: duplicates Hotel record ""Be Happy Guesthouse"" (id 1957) ~0 m away.  Lodging records are managed in the Hotel table; this duplicate destination row was deactivated (data kept for audit)."
104,Mandap Hotel,"Consolidation round 2026-09-21: duplicates Hotel record ""Mandap Hotel"" (id 1956) ~0 m away.  Lodging records are managed in the Hotel table; this duplicate destination row was deactivated (data kept for audit)."
103,Hotel Tropicana,"Consolidation round 2026-09-21: duplicates Hotel record ""Hotel Tropicana"" (id 1955) ~0 m away.  Lodging records are managed in the Hotel table; this duplicate destination row was deactivated (data kept for audit)."
102,Shining Star Hotel,"Consolidation round 2026-09-21: duplicates Hotel record ""Shining Star Hotel"" (id 1954) ~0 m away.  Lodging records are managed in the Hotel table; this duplicate destination row was deactivated (data kept for audit)."
101,Lake Vision Guesthouse,"Consolidation round 2026-09-21: duplicates Hotel record ""Lake Vision Guesthouse"" (id 1953) ~0 m away.  Lodging records are managed in the Hotel table; this duplicate destination row was deactivated (data kept for audit)."
100,Snowland Hotel,"Consolidation round 2026-09-21: duplicates Hotel record ""Snowland Hotel"" (id 1952) ~0 m away.  Lodging records are managed in the Hotel table; this duplicate destination row was deactivated (data kept for audit)."
99,Hotel Kunga,"Consolidation round 2026-09-21: duplicates Hotel record ""Hotel Kunga"" (id 4131) ~0 m away.  Lodging records are managed in the Hotel table; this duplicate destination row was deactivated (data kept for audit)."
98,Hotel Dhaulagiri,"Consolidation round 2026-09-21: duplicates Hotel record ""Hotel Dhaulagiri"" (id 4130) ~0 m away.  Lodging records are managed in the Hotel table; this duplicate destination row was deactivated (data kept for audit)."
97,Nilgiri Hotel,"Consolidation round 2026-09-21: duplicates Hotel record ""Nilgiri Hotel"" (id 4129) ~0 m away.  Lodging records are managed in the Hotel table; this duplicate destination row was deactivated (data kept for audit)."
96,Hotel Anita,"Consolidation round 2026-09-21: duplicates Hotel record ""Hotel Anita"" (id 4128) ~0 m away.  Lodging records are managed in the Hotel table; this duplicate destination row was deactivated (data kept for audit)."
95,Green Hotel,"Consolidation round 2026-09-21: duplicates Hotel record ""Green Hotel"" (id 4127) ~0 m away.  Lodging records are managed in the Hotel table; this duplicate destination row was deactivated (data kept for audit)."
92,New Annapurna Guesthouse,"Consolidation round 2026-09-21: duplicates Hotel record ""New Annapurna Guesthouse"" (id 1951) ~0 m away.  Lodging records are managed in the Hotel table; this duplicate destination row was deactivated (data kept for audit)."
90,Peace Eye Guest House,"Consolidation round 2026-09-21: duplicates Hotel record ""Peace Eye Guest House"" (id 1950) ~0 m away.  Lodging records are managed in the Hotel table; this duplicate destination row was deactivated (data kept for audit)."
89,Snow Hill Lodge,"Consolidation round 2026-09-21: duplicates Hotel record ""Snow Hill Lodge"" (id 1949) ~0 m away.  Lodging records are managed in the Hotel table; this duplicate destination row was deactivated (data kept for audit)."
83,Lo Manthang Guesthouse,"Consolidation round 2026-09-21: duplicates Hotel record ""Lo Manthang Guesthouse"" (id 4125) ~0 m away.  Lodging records are managed in the Hotel table; this duplicate destination row was deactivated (data kept for audit)."
80,Ganesh Himal Hotel,"Consolidation round 2026-09-21: duplicates Hotel record ""Ganesh Himal Hotel"" (id 3129) ~0 m away.  Lodging records are managed in the Hotel table; this duplicate destination row was deactivated (data kept for audit)."
79,Lailai Hotel,"Consolidation round 2026-09-21: duplicates Hotel record ""Lailai Hotel"" (id 3128) ~0 m away.  Lodging records are managed in the Hotel table; this duplicate destination row was deactivated (data kept for audit)."
77,Marshyangdi Hotel,"Consolidation round 2026-09-21: duplicates Hotel record ""Marshyangdi Hotel"" (id 3126) ~0 m away.  Lodging records are managed in the Hotel table; this duplicate destination row was deactivated (data kept for audit)."
76,Kathmandu Grand Hotel,"Consolidation round 2026-09-21: duplicates Hotel record ""Kathmandu Grand Hotel"" (id 3125) ~0 m away.  Lodging records are managed in the Hotel table; this duplicate destination row was deactivated (data kept for audit)."
75,Hotel Manang,"Consolidation round 2026-09-21: duplicates Hotel record ""Hotel Manang"" (id 3124) ~0 m away.  Lodging records are managed in the Hotel table; this duplicate destination row was deactivated (data kept for audit)."
74,Kumari Hotel,"Consolidation round 2026-09-21: duplicates Hotel record ""Kumari Hotel"" (id 3123) ~0 m away.  Lodging records are managed in the Hotel table; this duplicate destination row was deactivated (data kept for audit)."
72,Pilgrims Guest House,"Consolidation round 2026-09-21: duplicates Hotel record ""Pilgrims Guest House"" (id 3121) ~0 m away.  Lodging records are managed in the Hotel table; this duplicate destination row was deactivated (data kept for audit)."
70,Thorong High Camp Hotel,"Consolidation round 2026-09-21: duplicates Hotel record ""Thorong High Camp Hotel"" (id 3981) ~0 m away.  Lodging records are managed in the Hotel table; this duplicate destination row was deactivated (data kept for audit)."
69,Marshiangdi Hotel,"Consolidation round 2026-09-21: duplicates Hotel record ""Marshiangdi Hotel"" (id 3980) ~0 m away.  Lodging records are managed in the Hotel table; this duplicate destination row was deactivated (data kept for audit)."
68,Hotel New Phedi,"Consolidation round 2026-09-21: duplicates Hotel record ""Hotel New Phedi"" (id 3979) ~0 m away.  Lodging records are managed in the Hotel table; this duplicate destination row was deactivated (data kept for audit)."
67,New Hotel Moon Lake,"Consolidation round 2026-09-21: duplicates Hotel record ""New Hotel Moon Lake"" (id 3978) ~0 m away.  Lodging records are managed in the Hotel table; this duplicate destination row was deactivated (data kept for audit)."
61,Taishan Hotel,"Consolidation round 2026-09-21: duplicates Hotel record ""Taishan Hotel"" (id 3120) ~0 m away.  Lodging records are managed in the Hotel table; this duplicate destination row was deactivated (data kept for audit)."
57,Eden Hotel,"Consolidation round 2026-09-21: duplicates Hotel record ""Eden Hotel"" (id 1947) ~0 m away.  Lodging records are managed in the Hotel table; this duplicate destination row was deactivated (data kept for audit)."
56,Hotel Lake Diamond,"Consolidation round 2026-09-21: duplicates Hotel record ""Hotel Lake Diamond"" (id 1946) ~0 m away.  Lodging records are managed in the Hotel table; this duplicate destination row was deactivated (data kept for audit)."
53,Phils Inn,"Consolidation round 2026-09-21: duplicates Hotel record ""Phils Inn"" (id 1945) ~0 m away.  Lodging records are managed in the Hotel table; this duplicate destination row was deactivated (data kept for audit)."
52,International Guesthouse,"Consolidation round 2026-09-21: duplicates Hotel record ""International Guest House"" (id 3201) ~27 m away.  Lodging records are managed in the Hotel table; this duplicate destination row was deactivated (data kept for audit)."
41,Hotel Green Land,"Consolidation round 2026-09-21: duplicates Hotel record ""Hotel Green Land"" (id 1944) ~0 m away.  Lodging records are managed in the Hotel table; this duplicate destination row was deactivated (data kept for audit)."
34,Tibet Peace Guest House,"Consolidation round 2026-09-21: duplicates Hotel record ""Tibet Peace Guest House"" (id 3118) ~0 m away.  Lodging records are managed in the Hotel table; this duplicate destination row was deactivated (data kept for audit)."
33,Hotel Landmark,"Consolidation round 2026-09-21: duplicates Hotel record ""Hotel Landmark"" (id 1943) ~0 m away.  Lodging records are managed in the Hotel table; this duplicate destination row was deactivated (data kept for audit)."
28,Tharu Cultural Museum,"Consolidation round 2026-09-21: duplicate of destination ""Tharu Cultural Museum"" (id 27) ~140 m away.  Lodging records are managed in the Hotel table; this duplicate destination row was deactivated (data kept for audit)."
20,Hotel Shanker,"Consolidation round 2026-09-21: duplicates Hotel record ""Hotel Shanker"" (id 3117) ~0 m away.  Lodging records are managed in the Hotel table; this duplicate destination row was deactivated (data kept for audit)."
17,Lonely View Lodge,"Consolidation round 2026-09-21: duplicates Hotel record ""Lonely View Lodge"" (id 1942) ~0 m away.  Lodging records are managed in the Hotel table; this duplicate destination row was deactivated (data kept for audit)."
7,Nirvana Garden Hotel,"Consolidation round 2026-09-21: duplicates Hotel record ""Nirvana Garden Hotel"" (id 3116) ~0 m away.  Lodging records are managed in the Hotel table; this duplicate destination row was deactivated (data kept for audit)."
6,Indra Guest House,"Consolidation round 2026-09-21: duplicates Hotel record ""Indra Guest House"" (id 1941) ~0 m away.  Lodging records are managed in the Hotel table; this duplicate destination row was deactivated (data kept for audit)."
3,Yak Hotel,"Consolidation round 2026-09-21: duplicates Hotel record ""Yak Hotel"" (id 4124) ~0 m away.  Lodging records are managed in the Hotel table; this duplicate destination row was deactivated (data kept for audit)."
1,Rockland Hotel,"Consolidation round 2026-09-21: duplicates Hotel record ""Rockland Hotel"" (id 1939) ~0 m away.  Lodging records are managed in the Hotel table; this duplicate destination row was deactivated (data kept for audit)."
